#### attempt 1 Fri Jun  5 02:27:45 PM EDT 2026 ####
This is [34mMad[31mN[32mL[35mP[0m version v0.9.2, running with cuDSS v0.7.1

Number of nonzeros in constraint Jacobian............:   171149
Number of nonzeros in Lagrangian Hessian.............:   154145

Total number of variables............................:    13463
                     variables with only lower bounds:        0
                variables with lower and upper bounds:       13
                     variables with only upper bounds:        0
Total number of equality constraints.................:    13450
Total number of inequality constraints...............:        0
        inequality constraints with only lower bounds:        0
   inequality constraints with lower and upper bounds:        0
        inequality constraints with only upper bounds:        0

iter    objective    inf_pr   inf_du inf_compl lg(mu) lg(rg) alpha_pr ir ls
   0 -4.6688181e+01 0.00e+00 9.76e+01 5.77e+00  -1.0     -   0.00e+00  0  0 
   1 -4.6688184e+01 1.14e-13 2.93e-01 2.01e-04  -1.0     -   2.28e-05  1  8h
   2 -4.6688187e+01 1.47e-11 2.24e-06 2.01e-04  -1.7     -   1.00e+00  1  1h
   3 -4.6688200e+01 1.79e-11 2.95e-05 1.97e-04  -5.7     -   1.00e+00  1  1h
   4 -4.6690914e+01 4.58e-11 1.76e-02 5.13e-05  -5.7     -   1.00e+00  1  1h
   5 -4.6695222e+01 5.60e-11 1.95e-02 1.48e-05  -5.7     -   1.00e+00  1  1h
   6 -4.6699959e+01 4.44e-11 2.49e-03 4.12e-06  -5.7     -   1.00e+00  1  1h
   7 -4.6702860e+01 8.08e-11 7.92e-07 2.27e-06  -5.7     -   1.00e+00  1  1h
   8 -4.6704834e+01 3.91e-11 1.65e-03 5.86e-07  -7.0     -   1.00e+00  1  1h
   9 -4.6705886e+01 1.02e-10 2.06e-07 1.55e-07  -7.0     -   1.00e+00  1  1h

Number of Iterations....: 9

                                   (scaled)                 (unscaled)
Objective...............:  -4.6705885960144812e+01   -4.6705885960144812e+01
Dual infeasibility......:   2.0584619520036540e-07    2.0584619520036540e-07
Constraint violation....:   1.0160825426077909e-10    1.0160825426077909e-10
Complementarity.........:   1.5473730246720943e-07    1.5473730246720943e-07
Overall NLP error.......:   2.0584619520036540e-07    2.0584619520036540e-07

Number of objective function evaluations              = 18
Number of objective gradient evaluations              = 10
Number of constraint evaluations                      = 18
Number of constraint Jacobian evaluations             = 10
Number of Lagrangian Hessian evaluations              = 9
Number of KKT factorizations                          = 9
Number of KKT backsolves                              = 10

Total wall secs in initialization                     = 59.185 s
Total wall secs in linear solver                      =  unavailable
Total wall secs in NLP function evaluations           =  9.471 s
Total wall secs in solver (w/o init./fun./lin. alg.)  =  unavailable
Total wall secs                                       = 166.246 s

[32mEXIT: Optimal Solution Found (tol = 1.0e-06).[0m

============================================================
[0][1/8] Brannmark_JBC2010
============================================================

============================================================
[0][2/8] Fujita_SciSignal2010
============================================================
This is [34mMad[31mN[32mL[35mP[0m version v0.9.2, running with cuDSS v0.7.1

Number of nonzeros in constraint Jacobian............:  1115394
Number of nonzeros in Lagrangian Hessian.............:   928674

Total number of variables............................:    85807
                     variables with only lower bounds:        0
                variables with lower and upper bounds:       19
                     variables with only upper bounds:        0
Total number of equality constraints.................:    85788
Total number of inequality constraints...............:        0
        inequality constraints with only lower bounds:        0
   inequality constraints with lower and upper bounds:        0
        inequality constraints with only upper bounds:        0

iter    objective    inf_pr   inf_du inf_compl lg(mu) lg(rg) alpha_pr ir ls
   0 -5.3083767e+01 4.32e-02 1.00e+02 1.56e+01  -1.0     -   0.00e+00  0  0 
   1 -5.3083767e+01 4.32e-02 5.82e-01 3.10e-08  -1.0   -4.0  1.22e-12  1  1h
   2 -3.2289311e+02 6.22e-03 2.02e-02 4.78e-09  -1.7   -4.5  1.00e+00  1  1h
   3 -3.2198519e+02 5.46e-01 1.90e-02 4.59e-09  -3.8   -1.3  1.00e+00  1  1h
   4 -2.7189686e+02 3.66e-01 1.12e-02 2.79e-08  -3.8   -0.0  6.13e-01  1  1H
   5 -3.0003450e+02 8.71e-01 8.11e-03 6.56e-09  -3.8   -0.5  1.00e+00  1  1h
   6 -3.0525906e+02 7.86e-01 5.39e-03 6.01e-09  -3.8   -1.0  8.24e-02  1  1h
   7 -3.1090153e+02 6.99e-01 4.41e-03 5.56e-09  -3.8   -1.4  9.85e-02  1  1h
   8 -3.1562777e+02 6.58e-01 3.65e-03 5.31e-09  -3.8   -1.9  5.91e-02  1  1h
   9 -3.1981681e+02 6.01e-01 4.69e-03 4.78e-09  -3.8   -1.5  9.84e-02  1  1h
iter    objective    inf_pr   inf_du inf_compl lg(mu) lg(rg) alpha_pr ir ls
  10 -3.2196960e+02 3.76e-01 7.41e-03 3.76e-09  -3.8   -2.0  3.39e-01  1  1h
  11 -3.2319746e+02 2.13e-01 1.63e-02 3.21e-09  -3.8   -1.5  5.83e-01  1  1h
  12 -3.2331517e+02 1.09e-01 2.82e-02 2.71e-09  -3.8   -2.0  8.52e-01  1  1h
  13 -3.2347207e+02 2.03e-01 2.40e-02 6.38e-09  -3.8   -1.6  6.40e-01  1  1h
  14 -3.2347712e+02 1.98e-01 1.17e-02 4.03e-09  -3.8   -2.1  6.73e-01  1  1h
  15 -3.2347794e+02 4.12e-02 1.59e-02 1.95e-09  -3.8   -1.6  1.00e+00  1  1h
  16 -3.2347824e+02 6.26e-02 8.11e-03 1.90e-09  -3.8   -2.1  1.00e+00  2  1h
  17 -3.2347827e+02 1.76e-01 8.27e-03 1.89e-09  -3.8   -2.6  1.00e+00  2  1h
  18 -3.2347828e+02 1.91e-02 1.61e-03 1.89e-09  -3.8   -2.2  1.00e+00  2  1h
  19 -3.2347828e+02 3.67e-02 4.43e-04 1.89e-09  -3.8   -2.7  1.00e+00  2  1h
iter    objective    inf_pr   inf_du inf_compl lg(mu) lg(rg) alpha_pr ir ls
  20 -3.2347829e+02 4.38e-02 2.66e-04 1.89e-09  -3.8   -3.1  1.00e+00  2  1h
  21 -3.2347830e+02 2.91e-02 6.70e-05 1.89e-09  -3.8   -3.6  1.00e+00  2  1h
  22 -3.2347830e+02 1.05e-03 5.56e-06 1.89e-09  -3.8   -3.2  1.00e+00  2  1h
  23 -3.2348091e+02 2.39e-05 1.26e-04 3.61e-09  -5.7   -3.7  1.00e+00  1  1h
  24 -3.2349283e+02 9.19e-05 1.67e-03 3.05e-09  -5.7   -4.1  1.00e+00  1  1h
  25 -3.2350309e+02 1.15e-04 2.07e-05 2.96e-09  -5.7   -4.6  1.00e+00  1  1h
  26 -3.2350921e+02 8.97e-04 3.75e-06 2.04e-09  -5.7   -5.1  1.00e+00  2  1h
  27 -3.2350859e+02 8.97e-04 1.80e-06 1.89e-09  -5.7   -5.6  1.00e+00  2  1h
  28 -3.2350858e+02 9.59e-04 1.07e-05 1.89e-09  -5.7   -6.0  1.00e+00  2  1h
  29 -3.2350858e+02 1.61e-02 6.39e-05 1.89e-09  -5.7   -6.5  1.00e+00  2  1h
iter    objective    inf_pr   inf_du inf_compl lg(mu) lg(rg) alpha_pr ir ls
  30 -3.2350858e+02 1.57e-02 4.68e-03 1.99e-09  -5.7   -6.1  1.25e-01  2  4h
  31 -3.2350858e+02 1.57e-02 2.73e-02 2.67e-09  -5.7   -6.6  9.77e-04  3 11h
  32 -3.2350858e+02 1.26e-02 2.19e-04 2.04e-09  -5.7   -6.1  1.00e+00  2  1H
  33 -3.2350858e+02 3.80e-04 6.04e-05 1.89e-09  -5.7   -5.7  1.00e+00  2  1h
  34 -3.2350858e+02 1.03e-03 6.47e-06 1.89e-09  -5.7   -5.3  1.00e+00  2  1h
  35 -3.2350858e+02 2.66e-03 1.51e-05 1.89e-09  -5.7   -5.8  1.00e+00  2  1h
  36 -3.2350858e+02 3.90e-03 6.12e-05 1.89e-09  -5.7   -6.2  1.00e+00  3  1h
  37 -3.2350858e+02 3.88e-03 2.48e-03 2.05e-09  -5.7   -6.7  6.25e-02  2  5h
  38 -3.2350858e+02 3.86e-03 8.33e-04 1.95e-09  -5.7   -6.3  2.50e-01  2  3h
  39 -3.2350858e+02 8.90e-03 3.67e-04 1.89e-09  -5.7   -6.8  1.00e+00  2  1h
iter    objective    inf_pr   inf_du inf_compl lg(mu) lg(rg) alpha_pr ir ls
  40 -3.2350858e+02 2.05e-06 1.76e-06 1.89e-09  -5.7   -2.7  1.00e+00  2  1h
  41 -3.2351613e+02 5.68e-07 7.05e-04 3.43e-09  -7.0   -3.2  1.00e+00  1  1h
  42 -3.2352039e+02 7.15e-07 1.97e-06 3.17e-09  -7.0   -3.7  1.00e+00  1  1h
  43 -3.2352048e+02 1.12e-06 1.35e-06 2.11e-09  -7.0   -4.2  1.00e+00  2  1h
  44 -3.2352047e+02 6.80e-06 7.64e-07 1.89e-09  -7.0   -4.6  1.00e+00  2  1h
  45 -3.2352047e+02 4.60e-05 4.32e-06 1.89e-09  -7.0   -5.1  1.00e+00  2  1h
  46 -3.2352047e+02 1.51e-04 1.59e-04 2.10e-09  -7.0   -5.6  1.00e+00  2  1H
  47 -3.2352047e+02 9.54e-07 1.53e-05 1.89e-09  -7.0   -5.2  1.00e+00  2  1h
  48 -3.2352047e+02 6.60e-05 7.10e-06 1.89e-09  -7.0   -5.7  1.00e+00  2  1h
  49 -3.2352047e+02 2.05e-03 9.92e-05 1.95e-09  -7.0   -6.1  1.00e+00  2  1H
iter    objective    inf_pr   inf_du inf_compl lg(mu) lg(rg) alpha_pr ir ls
  50 -3.2352047e+02 1.02e-03 2.73e-02 2.28e-09  -7.0   -6.6  6.25e-02  2  5h
  51 -3.2352047e+02 8.98e-04 3.58e-05 1.90e-09  -7.0   -6.2  1.00e+00  2  1H
  52 -3.2352047e+02 5.91e-04 1.73e-02 2.05e-09  -7.0   -6.7  6.25e-02  2  5h
  53 -3.2352047e+02 2.28e-04 2.57e-03 1.90e-09  -7.0   -6.2  5.00e-01  2  2h
  54 -3.2352047e+02 2.71e-05 5.54e-06 1.89e-09  -7.0   -5.8  1.00e+00  2  1H
  55 -3.2352047e+02 2.78e-06 4.79e-03 1.90e-09  -7.0   -6.3  1.25e-01  2  4h
  56 -3.2352047e+02 2.39e-05 4.82e-06 1.89e-09  -7.0   -5.9  1.00e+00  2  1H
  57 -3.2352047e+02 1.98e-06 4.53e-03 1.90e-09  -7.0   -6.3  1.25e-01  2  4h
  58 -3.2352047e+02 2.06e-05 4.25e-06 1.89e-09  -7.0   -5.9  1.00e+00  2  1H
  59 -3.2352047e+02 7.15e-07 4.14e-03 1.90e-09  -7.0   -6.4  1.25e-01  2  4h
iter    objective    inf_pr   inf_du inf_compl lg(mu) lg(rg) alpha_pr ir ls
  60 -3.2352047e+02 1.71e-05 3.66e-06 1.89e-09  -7.0   -6.0  1.00e+00  2  1H
  61 -3.2352047e+02 9.54e-07 3.66e-03 1.90e-09  -7.0   -6.4  1.25e-01  2  4h
  62 -3.2352047e+02 1.36e-05 3.17e-06 1.89e-09  -7.0   -6.0  1.00e+00  2  1H
  63 -3.2352047e+02 1.35e-06 3.14e-03 1.90e-09  -7.0   -6.5  1.25e-01  2  4h
  64 -3.2352047e+02 1.04e-05 2.67e-06 1.89e-09  -7.0   -6.1  1.00e+00  2  1H
  65 -3.2352047e+02 1.67e-06 2.63e-03 1.90e-09  -7.0   -6.5  1.25e-01  3  4h
  66 -3.2352047e+02 7.56e-06 2.13e-06 1.89e-09  -7.0   -6.1  1.00e+00  2  1H
  67 -3.2352047e+02 6.85e-05 4.59e-06 1.89e-09  -7.0   -6.6  1.00e+00  2  1H
  68 -3.2352047e+02 3.29e-05 7.49e-07 1.89e-09  -7.0   -6.2  1.00e+00  2  1h
  69 -3.2352047e+02 1.19e-05 1.26e-06 1.89e-09  -7.0   -6.6  1.00e+00  2  1H
iter    objective    inf_pr   inf_du inf_compl lg(mu) lg(rg) alpha_pr ir ls
  70 -3.2352047e+02 2.87e-06 6.68e-03 1.93e-09  -7.0   -7.1  1.25e-01  2  4h
  71 -3.2352047e+02 1.50e-05 5.29e-06 1.89e-09  -7.0   -6.7  1.00e+00  2  1H
  72 -3.2352047e+02 2.40e-05 5.88e-05 1.89e-09  -7.0   -7.2  1.00e+00  2  1h
  73 -3.2352047e+02 1.49e-05 2.22e-06 1.89e-09  -7.0   -6.7  1.00e+00  2  1H
  74 -3.2352047e+02 1.49e-05 3.32e-03 1.92e-09  -7.0   -7.2  7.81e-03  2  8h
  75 -3.2352047e+02 1.47e-05 2.67e-03 1.90e-09  -7.0   -6.8  6.25e-02  2  5h
  77 -3.2352047e+02 6.96e-04 4.14e-05 1.89e-09  -7.0     -   1.00e+00  2 22R
  77r-3.2352045e+02 8.47e-22 8.23e+02 8.07e-06  -4.8     -   2.48e-12 10 22f
  78r-3.2352030e+02 3.66e-07 5.84e-03 4.72e-07  -4.8   -7.7  1.00e-03  1  1f
  79r-3.2342988e+02 1.60e-04 2.22e-06 3.76e-09  -4.8   -7.3  1.00e+00  2  1f
iter    objective    inf_pr   inf_du inf_compl lg(mu) lg(rg) alpha_pr ir ls
  80r-3.2347226e+02 7.95e-06 3.62e-08 1.89e-09  -4.8   -6.9  1.00e+00  2  1h
  81r-3.2223190e+02 3.61e-03 2.35e-03 9.61e-09  -7.0   -7.4  1.00e+00  2  1h
  82r-3.2336313e+02 3.56e-03 3.18e-03 2.03e-09  -7.0   -7.9  1.00e+00  1  1h
  83r-3.2347547e+02 3.19e-04 6.65e-05 1.90e-09  -7.0   -8.3  1.00e+00  1  1h
  84 -3.2347548e+02 4.77e-07 5.42e-01 1.89e-09  -7.0   -8.8  1.00e+00  1  1h
  85 -3.2348916e+02 7.15e-07 5.40e-01 1.89e-09  -7.0   -7.5  3.25e-03  2  1h
  86 -3.2349536e+02 4.77e-07 5.38e-01 2.84e-09  -7.0   -7.1  3.75e-03  1  1h
  87 -3.2349673e+02 5.96e-07 5.37e-01 8.80e-09  -7.0   -7.5  2.26e-03  2  4h
  88 -3.2350157e+02 4.77e-07 5.28e-01 1.99e-08  -7.0   -7.1  1.63e-02  1  3h
  89 -3.2350164e+02 4.77e-07 5.28e-01 7.18e-08  -7.0   -7.6  7.72e-04  1  9h
iter    objective    inf_pr   inf_du inf_compl lg(mu) lg(rg) alpha_pr ir ls
  90 -3.2350194e+02 4.77e-07 5.22e-01 9.98e-08  -7.0   -7.2  1.13e-02  1  7h
  91 -3.2352043e+02 2.88e-01 1.29e-03 2.67e-09  -7.0   -7.6  1.00e+00  2  1h
  92 -3.2352047e+02 6.50e-03 1.35e-03 1.91e-09  -7.0   -6.3  1.00e+00  2  1h
  93 -3.2352047e+02 8.82e-05 3.13e-04 1.89e-09  -7.0   -6.8  1.00e+00  2  1h
  94 -3.2352047e+02 9.07e-05 6.76e-03 1.98e-09  -7.0   -7.3  2.50e-01  2  3h
  95 -3.2352047e+02 9.07e-05 1.51e-02 2.17e-09  -7.0   -7.7  9.77e-04  3 11h
  96 -3.2352047e+02 7.07e-05 3.80e-03 1.95e-09  -7.0   -7.3  5.00e-01  2  2h
  97 -3.2352047e+02 7.12e-05 1.02e-02 2.04e-09  -7.0   -7.8  1.56e-02  2  7h
  98 -3.2352047e+02 7.13e-05 1.24e-01 3.53e-09  -7.0   -8.3  8.34e-05  3 14h
  99 -3.2352047e+02 7.12e-05 1.42e-02 2.31e-09  -7.0   -7.8  3.91e-03  2  9h
iter    objective    inf_pr   inf_du inf_compl lg(mu) lg(rg) alpha_pr ir ls
 100 -3.2352047e+02 7.12e-05 1.32e-01 3.87e-09  -7.0   -8.3  2.79e-05  3 15h
 101 -3.2352047e+02 7.13e-05 1.64e-02 2.44e-09  -7.0   -7.9  3.91e-03  2  9h
 102 -3.2352047e+02 7.14e-05 1.52e-01 4.31e-09  -7.0   -8.4  1.05e-05  5 13h
 103 -3.2352047e+02 7.13e-05 1.87e-02 2.60e-09  -7.0   -7.9  9.77e-04  2 11h
 104 -3.2352047e+02 6.07e-05 5.42e-03 1.98e-09  -7.0   -7.5  2.50e-01  2  3h
 105 -3.2352047e+02 7.44e-03 6.23e-03 1.89e-09  -7.0   -8.0  1.00e+00  2  1h
 106 -3.2352047e+02 1.03e-05 1.02e-05 1.89e-09  -7.0   -4.9  1.00e+00  2  1h
 107 -3.2352047e+02 6.75e-06 2.65e-06 1.89e-09  -7.0   -5.3  1.00e+00  2  1h
 108 -3.2352047e+02 5.96e-07 5.18e-06 1.89e-09  -7.0   -5.8  1.00e+00  2  1H
 109 -3.2352047e+02 4.30e-06 3.70e-06 1.89e-09  -7.0   -6.3  1.00e+00  2  1H
iter    objective    inf_pr   inf_du inf_compl lg(mu) lg(rg) alpha_pr ir ls
 110 -3.2352047e+02 6.99e-06 2.71e-05 1.89e-09  -7.0   -6.8  1.00e+00  2  1H
 111 -3.2352047e+02 7.05e-06 3.47e-03 1.93e-09  -7.0   -7.2  1.56e-02  2  7h
 112 -3.2352047e+02 7.08e-06 5.82e-03 1.97e-09  -7.0   -7.7  7.81e-03  2  8h
 113 -3.2352047e+02 7.08e-06 1.01e-02 2.01e-09  -7.0   -8.2  2.44e-04  2 13h
 114 -3.2352047e+02 7.08e-06 3.15e-02 2.13e-09  -7.0   -8.7  1.22e-04  3 14h
 115 -3.2352047e+02 3.23e-03 5.69e-03 1.94e-09  -7.0   -8.2  1.00e+00  2  1h
 116 -3.2352047e+02 1.21e-05 2.13e-04 1.89e-09  -7.0   -6.0  1.00e+00  2  1h
 117 -3.2352047e+02 1.14e-05 3.91e-06 1.89e-09  -7.0   -6.5  1.00e+00  2  1h
 118 -3.2352047e+02 9.65e-07 4.75e-06 1.89e-09  -7.0   -7.0  1.00e+00  2  1H
 119 -3.2352047e+02 4.78e-06 1.86e-05 1.89e-09  -7.0   -7.4  1.00e+00  2  1H
iter    objective    inf_pr   inf_du inf_compl lg(mu) lg(rg) alpha_pr ir ls
 120 -3.2352047e+02 3.27e-06 2.50e-03 1.94e-09  -7.0   -7.9  1.25e-01  2  4h
 121 -3.2352047e+02 3.37e-06 4.41e-03 2.00e-09  -7.0   -8.4  3.12e-02  3  6h
 122 -3.2352047e+02 3.53e-06 6.05e-03 2.07e-09  -7.0   -8.9  1.56e-02  3  7h
 123 -3.2352048e+02 4.18e-04 3.46e-03 2.00e-09  -7.0   -9.4  5.00e-01  4  2h
 124 -3.2352048e+02 1.93e-04 1.85e-04 1.89e-09  -7.0   -8.0  1.00e+00  3  1h
 125 -3.2352048e+02 1.51e-05 4.14e-06 1.89e-09  -7.0   -6.7  1.00e+00  2  1h
 126 -3.2352048e+02 5.92e-06 9.17e-07 1.89e-09  -7.0   -7.2  1.00e+00  3  1h
 127 -3.2352048e+02 5.36e-06 1.50e-03 1.90e-09  -7.0   -7.6  1.25e-01  3  4h
 128 -3.2352048e+02 4.77e-06 1.81e-06 1.89e-09  -7.0   -7.2  1.00e+00  2  1H
 129 -3.2352048e+02 3.27e-06 1.49e-03 1.90e-09  -7.0   -7.7  1.25e-01  3  4h
iter    objective    inf_pr   inf_du inf_compl lg(mu) lg(rg) alpha_pr ir ls
 130 -3.2352048e+02 4.89e-06 2.50e-06 1.89e-09  -7.0   -7.3  1.00e+00  2  1H
 131 -3.2352048e+02 3.15e-06 1.49e-03 1.90e-09  -7.0   -7.8  1.25e-01  2  4h
 132 -3.2352048e+02 1.88e-06 9.70e-04 1.89e-09  -7.0   -7.3  2.50e-01  2  3h
 133 -3.2352048e+02 1.83e-06 1.76e-03 1.90e-09  -7.0   -7.8  1.56e-02  2  7h
 134 -3.2352048e+02 1.46e-06 1.10e-03 1.89e-09  -7.0   -7.4  1.25e-01  2  4h
 135 -3.2352048e+02 1.21e-04 1.92e-05 1.89e-09  -7.0   -7.9  1.00e+00  3  1h
 136 -3.2352048e+02 1.20e-05 4.36e-07 1.89e-09  -7.0   -7.4  1.00e+00  3  1h
 137 -3.2352048e+02 9.70e-06 8.43e-04 1.90e-09  -7.0   -7.9  2.50e-01  2  3h
 138 -3.2352048e+02 6.81e-06 2.75e-07 1.89e-09  -7.0   -7.5  1.00e+00  3  1h
 139 -3.2352048e+02 6.31e-06 1.01e-03 1.90e-09  -7.0   -8.0  1.25e-01  3  4h
iter    objective    inf_pr   inf_du inf_compl lg(mu) lg(rg) alpha_pr ir ls
 140 -3.2352048e+02 5.08e-06 4.56e-07 1.89e-09  -7.0   -7.5  1.00e+00  3  1h
 141 -3.2352048e+02 4.79e-06 1.12e-03 1.89e-09  -7.0   -8.0  1.25e-01  3  4h
 142 -3.2352048e+02 4.80e-06 5.18e-07 1.89e-09  -7.0   -7.6  1.00e+00  3  1h
 143 -3.2352048e+02 4.46e-06 1.31e-03 1.89e-09  -7.0   -8.1  1.25e-01  3  4h
 144 -3.2352048e+02 4.47e-06 4.27e-07 1.89e-09  -7.0   -7.6  1.00e+00  3  1h
 145 -3.2352048e+02 4.09e-06 1.49e-03 1.90e-09  -7.0   -8.1  1.25e-01  3  4h
 146 -3.2352048e+02 4.15e-06 2.80e-07 1.89e-09  -7.0   -7.7  1.00e+00  3  1h
 147 -3.2352048e+02 3.74e-06 1.86e-03 1.90e-09  -7.0   -8.2  1.25e-01  3  4h
 148 -3.2352048e+02 4.11e-06 1.25e-07 1.89e-09  -7.0   -7.7  1.00e+00  3  1h
 149 -3.2352048e+02 1.19e-06 3.24e-08 1.89e-09  -7.0   -7.3  1.00e+00  2  1h
iter    objective    inf_pr   inf_du inf_compl lg(mu) lg(rg) alpha_pr ir ls
 150 -3.2352048e+02 2.34e-06 1.59e-07 1.89e-09  -7.0   -7.8  1.00e+00  3  1h
 151 -3.2352048e+02 4.77e-07 2.88e-08 1.89e-09  -7.0   -7.4  1.00e+00  3  1h

Number of Iterations....: 151

                                   (scaled)                 (unscaled)
Objective...............:  -4.7299572980785580e+00   -3.2352048104894328e+02
Dual infeasibility......:   2.8753561826047709e-08    1.9666913605356164e-06
Constraint violation....:   4.7683724534820671e-07    4.7683724534820671e-07
Complementarity.........:   2.7577361660915065e-11    1.8862414073429860e-09
Overall NLP error.......:   4.7683724534820671e-07    4.7683724534820671e-07

Number of objective function evaluations              = 504
Number of objective gradient evaluations              = 152
Number of constraint evaluations                      = 504
Number of constraint Jacobian evaluations             = 153
Number of Lagrangian Hessian evaluations              = 151
Number of KKT factorizations                          = 377
Number of KKT backsolves                              = 605

Total wall secs in initialization                     = 21.677 s
Total wall secs in linear solver                      =  unavailable
Total wall secs in NLP function evaluations           = 13.712 s
Total wall secs in solver (w/o init./fun./lin. alg.)  =  unavailable
Total wall secs                                       = 114.309 s

[32mEXIT: Optimal Solution Found (tol = 1.0e-06).[0m
This is [34mMad[31mN[32mL[35mP[0m version v0.9.2, running with cuDSS v0.7.1

Number of nonzeros in constraint Jacobian............:  1115394
Number of nonzeros in Lagrangian Hessian.............:   928674

Total number of variables............................:    85807
                     variables with only lower bounds:        0
                variables with lower and upper bounds:       19
                     variables with only upper bounds:        0
Total number of equality constraints.................:    85788
Total number of inequality constraints...............:        0
        inequality constraints with only lower bounds:        0
   inequality constraints with lower and upper bounds:        0
        inequality constraints with only upper bounds:        0

iter    objective    inf_pr   inf_du inf_compl lg(mu) lg(rg) alpha_pr ir ls
   0 -5.3083767e+01 4.32e-02 1.00e+02 1.56e+01  -1.0     -   0.00e+00  0  0 
   1 -5.3083767e+01 4.32e-02 5.82e-01 3.10e-08  -1.0   -4.0  1.22e-12  1  1h
   2 -3.2289311e+02 6.21e-03 2.02e-02 4.78e-09  -1.7   -4.5  1.00e+00  1  1h
   3 -3.2198528e+02 5.43e-01 1.90e-02 4.60e-09  -3.8   -1.3  1.00e+00  1  1h
   4 -2.7364936e+02 3.62e-01 1.11e-02 3.09e-08  -3.8   -0.0  3.27e-01  1  1H
   5 -2.9856194e+02 8.72e-01 8.83e-03 5.71e-09  -3.8   -0.5  1.00e+00  1  1h
   6 -3.0447479e+02 7.95e-01 6.30e-03 5.26e-09  -3.8   -1.0  7.57e-02  1  1h
   7 -3.1033964e+02 7.06e-01 4.63e-03 4.87e-09  -3.8   -1.4  9.99e-02  1  1h
   8 -3.1555099e+02 6.61e-01 3.70e-03 4.66e-09  -3.8   -1.9  6.52e-02  1  1h
   9 -3.1983248e+02 6.07e-01 5.30e-03 4.21e-09  -3.8   -2.4  9.13e-02  1  1h
iter    objective    inf_pr   inf_du inf_compl lg(mu) lg(rg) alpha_pr ir ls
  10 -3.2192562e+02 3.58e-01 7.42e-03 3.53e-09  -3.8   -2.0  3.59e-01  1  1h
  11 -3.2313130e+02 2.07e-01 1.01e-02 2.96e-09  -3.8   -1.5  5.05e-01  1  1h
  12 -3.2315936e+02 3.48e-01 5.78e-02 2.89e-09  -3.8   -1.1  1.00e+00  1  1h
  13 -3.2343820e+02 3.38e-01 3.17e-02 2.34e-09  -3.8   -1.6  2.06e-01  1  1h
  14 -3.2347555e+02 2.75e-02 2.04e-02 2.57e-09  -3.8   -1.2  8.54e-01  1  1h
  15 -3.2347797e+02 9.21e-02 6.81e-03 3.86e-09  -3.8   -1.6  1.00e+00  1  1h
  16 -3.2347817e+02 1.71e-01 7.06e-03 2.13e-09  -3.8   -2.1  1.00e+00  2  1h
  17 -3.2347825e+02 7.70e-02 7.54e-03 1.89e-09  -3.8   -2.6  1.00e+00  2  1h
  18 -3.2347828e+02 6.18e-03 1.85e-03 1.89e-09  -3.8   -2.2  1.00e+00  2  1h
  19 -3.2347828e+02 3.75e-02 6.25e-04 1.89e-09  -3.8   -2.7  1.00e+00  2  1h
iter    objective    inf_pr   inf_du inf_compl lg(mu) lg(rg) alpha_pr ir ls
  20 -3.2347829e+02 6.15e-02 3.07e-04 1.89e-09  -3.8   -3.1  1.00e+00  2  1h
  21 -3.2347829e+02 4.35e-02 2.03e-04 1.89e-09  -3.8   -3.6  1.00e+00  3  1h
  22 -3.2347830e+02 1.15e-01 4.78e-04 1.95e-09  -3.8   -4.1  5.00e-01  3  2h
  23 -3.2347830e+02 2.00e-03 1.22e-04 1.89e-09  -3.8   -1.9  1.00e+00  2  1h
  24 -3.2347830e+02 1.59e-03 5.58e-05 1.89e-09  -3.8   -2.3  1.00e+00  2  1h
  25 -3.2347829e+02 9.90e-04 1.08e-05 1.90e-09  -3.8   -2.8  1.00e+00  2  1H
  26 -3.2348091e+02 3.48e-05 6.84e-04 3.61e-09  -5.7   -3.3  1.00e+00  1  1h
  27 -3.2349283e+02 4.36e-05 5.94e-03 3.05e-09  -5.7   -2.9  1.00e+00  1  1h
  28 -3.2350309e+02 1.01e-04 5.24e-05 3.33e-09  -5.7   -3.3  1.00e+00  1  1h
  29 -3.2350921e+02 7.94e-04 1.68e-02 1.95e-09  -5.7   -3.8  1.00e+00  2  1h
iter    objective    inf_pr   inf_du inf_compl lg(mu) lg(rg) alpha_pr ir ls
  30 -3.2350858e+02 6.53e-04 1.11e-04 3.17e-09  -5.7   -4.3  1.00e+00  2  1h
  31 -3.2350858e+02 4.98e-03 4.77e-05 2.01e-09  -5.7   -4.8  1.00e+00  2  1h
  32 -3.2350858e+02 9.54e-04 4.70e-06 1.89e-09  -5.7   -5.2  1.00e+00  2  1H
  33 -3.2350858e+02 9.14e-03 3.88e-06 1.89e-09  -5.7   -5.7  1.00e+00  3  1h
  34 -3.2350858e+02 1.70e-03 9.56e-07 1.89e-09  -5.7   -6.2  1.00e+00  2  1h
  35 -3.2350858e+02 5.68e-03 1.41e-05 1.92e-09  -5.7   -6.7  1.00e+00  2  1h
  36 -3.2350858e+02 3.85e-03 6.95e-05 1.89e-09  -5.7   -6.2  1.00e+00  2  1h
  37 -3.2350858e+02 1.08e-03 2.36e-06 1.89e-09  -5.7   -4.9  1.00e+00  2  1h
  38 -3.2350858e+02 1.05e-04 1.10e-06 1.89e-09  -5.7   -5.4  1.00e+00  2  1H
  39 -3.2350858e+02 8.55e-04 2.61e-06 1.89e-09  -5.7   -5.9  1.00e+00  2  1h
iter    objective    inf_pr   inf_du inf_compl lg(mu) lg(rg) alpha_pr ir ls
  40 -3.2350858e+02 1.19e-06 1.96e-06 1.89e-09  -5.7   -5.4  1.00e+00  2  1h
  41 -3.2351613e+02 2.60e-03 1.03e-03 3.43e-09  -7.0   -5.9  1.00e+00  1  1h
  42 -3.2352039e+02 1.27e-03 6.08e-04 3.17e-09  -7.0   -5.5  1.00e+00  1  1h
  43 -3.2352048e+02 1.22e-06 1.66e-05 2.11e-09  -7.0   -5.1  1.00e+00  2  1h
  44 -3.2352047e+02 5.51e-05 1.92e-05 1.89e-09  -7.0   -5.6  1.00e+00  1  1h
  45 -3.2352047e+02 4.28e-05 9.28e-05 1.89e-09  -7.0   -6.0  1.00e+00  2  1h
  46 -3.2352047e+02 4.77e-05 2.44e-02 2.04e-09  -7.0   -6.5  6.25e-02  2  5h
  47 -3.2352047e+02 7.18e-05 1.37e-02 1.92e-09  -7.0   -6.1  2.50e-01  2  3h
  48 -3.2352047e+02 7.31e-05 2.91e-02 2.07e-09  -7.0   -6.6  6.25e-02  2  5h
  49 -3.2352047e+02 9.03e-05 1.38e-02 1.92e-09  -7.0   -6.1  2.50e-01  2  3h
iter    objective    inf_pr   inf_du inf_compl lg(mu) lg(rg) alpha_pr ir ls
  50 -3.2352047e+02 2.73e-03 3.44e-04 2.09e-09  -7.0   -6.6  1.00e+00  2  1H
  51 -3.2352047e+02 1.58e-04 1.43e-05 1.89e-09  -7.0   -6.2  1.00e+00  2  1h
  52 -3.2352047e+02 3.35e-05 4.78e-06 1.89e-09  -7.0   -6.7  1.00e+00  2  1H
  53 -3.2352047e+02 3.07e-05 5.89e-03 1.91e-09  -7.0   -7.1  2.50e-01  2  3h
  54 -3.2352047e+02 1.22e-04 5.30e-02 2.33e-09  -7.0   -7.6  3.12e-02  2  6h
  55 -3.2352047e+02 1.22e-04 1.79e-02 2.15e-09  -7.0   -8.1  7.63e-06  2 18h
  56 -3.2352047e+02 1.22e-04 1.61e-02 2.18e-09  -7.0   -8.6  9.54e-07  2 21h
  57 -3.2352047e+02 2.82e-02 1.28e-04 1.99e-09  -7.0   -8.1  1.00e+00  2  1h
  58 -3.2352047e+02 9.22e-05 1.11e-04 1.89e-09  -7.0   -5.9  1.00e+00  2  1h
  59 -3.2352047e+02 6.74e-05 4.02e-06 1.89e-09  -7.0   -6.4  1.00e+00  2  1H
iter    objective    inf_pr   inf_du inf_compl lg(mu) lg(rg) alpha_pr ir ls
  60 -3.2352047e+02 6.05e-05 1.09e-06 1.89e-09  -7.0   -6.9  1.00e+00  2  1H
  61 -3.2352047e+02 1.30e-05 1.95e-06 1.89e-09  -7.0   -7.3  1.00e+00  2  1H
  62 -3.2352047e+02 1.30e-05 5.94e-03 1.97e-09  -7.0   -7.8  4.88e-04  2 12h
  63 -3.2352047e+02 1.30e-05 9.69e-03 2.16e-09  -7.0   -8.3  9.54e-07  3 21h
  64 -3.2352047e+02 1.30e-05 6.19e-03 1.99e-09  -7.0   -7.9  6.10e-05  2 15h
  65 -3.2352047e+02 1.30e-05 1.04e-02 2.21e-09  -7.0   -8.3  1.53e-05  3 17h
  66 -3.2352047e+02 3.91e-02 1.62e-05 1.90e-09  -7.0   -7.9  1.00e+00  2  1h
  67 -3.2352047e+02 4.05e-03 7.28e-06 1.89e-09  -7.0   -7.5  1.00e+00  2  1h
  68 -3.2352047e+02 1.07e-03 7.63e-07 1.89e-09  -7.0   -7.1  1.00e+00  2  1h
  69 -3.2352047e+02 1.07e-03 3.17e-03 2.03e-09  -7.0   -7.5  1.56e-02  2  7h
iter    objective    inf_pr   inf_du inf_compl lg(mu) lg(rg) alpha_pr ir ls
  70 -3.2352047e+02 8.76e-04 1.83e-06 1.89e-09  -7.0   -7.1  1.00e+00  2  1H
  71 -3.2352047e+02 2.95e-04 4.17e-03 2.02e-09  -7.0   -7.6  1.25e-01  2  4h
  72 -3.2352047e+02 2.87e-04 1.99e-03 1.92e-09  -7.0   -7.2  1.25e-01  2  4h
  73 -3.2352047e+02 2.87e-04 7.05e-03 2.05e-09  -7.0   -7.6  3.91e-03  2  9h
  74 -3.2352047e+02 2.85e-04 2.03e-03 1.93e-09  -7.0   -7.2  1.25e-01  2  4h
  75 -3.2352047e+02 2.85e-04 1.04e-02 2.08e-09  -7.0   -7.7  3.91e-03  2  9h
  76 -3.2352047e+02 2.77e-04 2.24e-03 1.94e-09  -7.0   -7.3  6.25e-02  2  5h
  77 -3.2352047e+02 2.77e-04 1.61e-02 2.13e-09  -7.0   -7.7  1.95e-03  2 10h
  78 -3.2352047e+02 2.72e-04 2.42e-03 1.95e-09  -7.0   -7.3  6.25e-02  2  5h
  79 -3.2352047e+02 2.71e-04 2.62e-02 2.20e-09  -7.0   -7.8  1.95e-03  2 10h
iter    objective    inf_pr   inf_du inf_compl lg(mu) lg(rg) alpha_pr ir ls
  80 -3.2352047e+02 2.69e-04 2.74e-03 1.96e-09  -7.0   -7.4  6.25e-02  2  5h
  81 -3.2352047e+02 2.69e-04 4.88e-02 2.38e-09  -7.0   -7.9  4.88e-04  2 12h
  82 -3.2352047e+02 2.64e-04 3.23e-03 1.97e-09  -7.0   -7.4  3.12e-02  2  6h
  83 -3.2352047e+02 2.65e-04 1.36e-01 3.30e-09  -7.0   -7.9  4.88e-04  2 12h
  84 -3.2352047e+02 2.61e-04 3.73e-03 2.01e-09  -7.0   -7.5  3.12e-02  2  6h
  85 -3.2352047e+02 1.67e-04 4.50e-06 1.89e-09  -7.0   -7.1  1.00e+00  2  1H
  86 -3.2352047e+02 5.07e-05 3.28e-03 1.95e-09  -7.0   -7.5  2.50e-01  2  3h
  87 -3.2352047e+02 4.35e-05 9.73e-06 1.89e-09  -7.0   -7.1  1.00e+00  2  1H
  88 -3.2352047e+02 1.71e-05 7.46e-03 1.97e-09  -7.0   -7.6  1.25e-01  2  4h
  89 -3.2352047e+02 8.67e-06 2.59e-03 1.91e-09  -7.0   -7.2  2.50e-01  2  3h
iter    objective    inf_pr   inf_du inf_compl lg(mu) lg(rg) alpha_pr ir ls
  90 -3.2352047e+02 8.80e-06 1.60e-02 1.99e-09  -7.0   -7.6  6.25e-02  2  5h
  91 -3.2352047e+02 1.10e-04 4.87e-06 1.89e-09  -7.0   -7.2  1.00e+00  2  1h
  92 -3.2352047e+02 1.11e-04 4.98e-02 2.19e-09  -7.0   -7.7  1.56e-02  2  7h
  93 -3.2352047e+02 7.03e-05 6.66e-05 1.90e-09  -7.0   -7.3  1.00e+00  2  1H
  94 -3.2352047e+02 7.97e-06 9.06e-06 1.89e-09  -7.0   -6.8  1.00e+00  2  1h
  95 -3.2352047e+02 7.73e-06 3.73e-03 1.92e-09  -7.0   -7.3  1.25e-01  2  4h
  96 -3.2352047e+02 7.73e-06 4.89e-02 2.24e-09  -7.0   -7.8  9.54e-07  2 21h
  97 -3.2352047e+02 3.10e-05 4.66e-05 1.90e-09  -7.0   -7.4  1.00e+00  2  1H
  98 -3.2352047e+02 8.58e-06 8.34e-06 1.89e-09  -7.0   -6.9  1.00e+00  2  1h
  99 -3.2352047e+02 8.33e-06 3.63e-03 1.92e-09  -7.0   -7.4  1.25e-01  2  4h
iter    objective    inf_pr   inf_du inf_compl lg(mu) lg(rg) alpha_pr ir ls
 100 -3.2352047e+02 8.94e-06 3.79e-06 1.89e-09  -7.0   -7.0  1.00e+00  2  1h
 101 -3.2352047e+02 8.74e-06 3.66e-03 1.92e-09  -7.0   -7.5  1.25e-01  2  4h
 102 -3.2352047e+02 1.78e-06 9.33e-06 1.89e-09  -7.0   -7.0  1.00e+00  2  1H
 103 -3.2352047e+02 2.28e-06 2.87e-03 1.93e-09  -7.0   -7.5  1.25e-01  3  4h
 104 -3.2352047e+02 2.43e-06 2.02e-03 1.90e-09  -7.0   -7.1  2.50e-01  2  3h
 105 -3.2352047e+02 2.58e-06 3.29e-03 1.93e-09  -7.0   -7.6  6.25e-02  2  5h
 106 -3.2352047e+02 2.48e-06 2.40e-03 1.90e-09  -7.0   -7.1  1.25e-01  2  4h
 107 -3.2352047e+02 2.49e-06 3.78e-03 1.94e-09  -7.0   -7.6  3.12e-02  3  6h
 108 -3.2352047e+02 2.66e-06 4.81e-06 1.89e-09  -7.0   -7.2  1.00e+00  2  1H
 109 -3.2352047e+02 3.84e-06 2.89e-03 1.93e-09  -7.0   -7.7  1.25e-01  2  4h
iter    objective    inf_pr   inf_du inf_compl lg(mu) lg(rg) alpha_pr ir ls
 110 -3.2352047e+02 4.03e-06 1.97e-03 1.90e-09  -7.0   -7.2  2.50e-01  2  3h
 111 -3.2352047e+02 4.01e-06 3.40e-03 1.94e-09  -7.0   -7.7  3.12e-02  2  6h
 112 -3.2352047e+02 3.86e-06 2.32e-03 1.91e-09  -7.0   -7.3  1.25e-01  2  4h
 113 -3.2352047e+02 3.83e-06 4.00e-03 1.95e-09  -7.0   -7.8  1.56e-02  2  7h
 114 -3.2352047e+02 3.76e-06 2.34e-03 1.91e-09  -7.0   -7.3  1.25e-01  2  4h
 115 -3.2352047e+02 3.74e-06 4.85e-03 1.96e-09  -7.0   -7.8  1.56e-02  2  7h
 116 -3.2352047e+02 3.63e-06 2.54e-03 1.91e-09  -7.0   -7.4  6.25e-02  2  5h
 117 -3.2352047e+02 3.61e-06 6.48e-03 1.97e-09  -7.0   -7.9  1.56e-02  3  7h
 118 -3.2352047e+02 3.54e-06 2.59e-03 1.92e-09  -7.0   -7.4  6.25e-02  2  5h
 119 -3.2352047e+02 3.51e-06 1.03e-02 1.98e-09  -7.0   -7.9  1.56e-02  3  7h
iter    objective    inf_pr   inf_du inf_compl lg(mu) lg(rg) alpha_pr ir ls
 120 -3.2352047e+02 3.45e-06 2.75e-03 1.92e-09  -7.0   -7.5  3.12e-02  2  6h
 121 -3.2352047e+02 3.42e-06 2.84e-02 2.03e-09  -7.0   -8.0  7.81e-03  2  8h
 122 -3.2352047e+02 3.37e-06 2.86e-03 1.93e-09  -7.0   -7.5  3.12e-02  2  6h
 123 -3.2352047e+02 1.80e-06 3.00e-06 1.89e-09  -7.0   -7.1  1.00e+00  2  1H
 124 -3.2352047e+02 1.97e-06 2.27e-03 1.92e-09  -7.0   -7.6  1.25e-01  2  4h
 125 -3.2352047e+02 1.68e-06 6.05e-06 1.89e-09  -7.0   -7.2  1.00e+00  2  1H
 126 -3.2352047e+02 1.47e-06 2.11e-03 1.92e-09  -7.0   -7.6  6.25e-02  3  5h
 127 -3.2352047e+02 1.38e-06 1.91e-03 1.90e-09  -7.0   -7.2  1.25e-01  2  4h
 128 -3.2352047e+02 1.42e-06 2.13e-03 1.93e-09  -7.0   -7.7  3.12e-02  2  6h
 129 -3.2352047e+02 2.07e-06 9.22e-06 1.89e-09  -7.0   -7.3  1.00e+00  2  1H
iter    objective    inf_pr   inf_du inf_compl lg(mu) lg(rg) alpha_pr ir ls
 130 -3.2352047e+02 1.98e-06 1.81e-03 1.93e-09  -7.0   -7.8  6.25e-02  2  5h
 131 -3.2352047e+02 2.00e-06 1.68e-03 1.90e-09  -7.0   -7.3  1.25e-01  2  4h
 132 -3.2352047e+02 2.05e-06 1.84e-03 1.93e-09  -7.0   -7.8  3.12e-02  2  6h
 133 -3.2352047e+02 2.10e-06 1.64e-03 1.90e-09  -7.0   -7.4  1.25e-01  2  4h
 134 -3.2352047e+02 2.10e-06 2.17e-03 1.93e-09  -7.0   -7.9  1.56e-02  3  7h
 135 -3.2352047e+02 5.32e-06 1.74e-05 1.89e-09  -7.0   -7.4  1.00e+00  2  1H
 136 -3.2352047e+02 4.91e-06 2.41e-03 1.93e-09  -7.0   -7.9  1.25e-01  3  4h
 137 -3.2352047e+02 4.68e-06 1.42e-03 1.91e-09  -7.0   -7.5  1.25e-01  2  4h
 138 -3.2352047e+02 4.65e-06 4.19e-03 1.93e-09  -7.0   -8.0  1.56e-02  2  7h
 139 -3.2352047e+02 4.48e-06 1.50e-03 1.91e-09  -7.0   -7.5  6.25e-02  2  5h
iter    objective    inf_pr   inf_du inf_compl lg(mu) lg(rg) alpha_pr ir ls
 140 -3.2352047e+02 4.46e-06 9.22e-03 1.94e-09  -7.0   -8.0  7.81e-03  2  8h
 141 -3.2352047e+02 4.33e-06 1.49e-03 1.91e-09  -7.0   -7.6  6.25e-02  2  5h
 142 -3.2352047e+02 4.33e-06 2.60e-01 3.13e-09  -7.0   -8.1  2.44e-04  5 13h
 143 -3.2352047e+02 4.24e-06 1.64e-03 1.91e-09  -7.0   -7.6  3.12e-02  2  6h
 144 -3.2352047e+02 3.21e-06 2.80e-06 1.89e-09  -7.0   -7.2  1.00e+00  2  1H
 145 -3.2352047e+02 1.70e-06 1.50e-03 1.91e-09  -7.0   -7.7  1.25e-01  3  4h
 146 -3.2352047e+02 1.34e-06 1.24e-03 1.90e-09  -7.0   -7.3  1.25e-01  2  4h
 147 -3.2352047e+02 1.33e-06 1.90e-03 1.92e-09  -7.0   -7.7  3.91e-03  2  9h
 148 -3.2352047e+02 1.20e-06 1.32e-03 1.90e-09  -7.0   -7.3  6.25e-02  2  5h
 149 -3.2352047e+02 1.18e-06 2.17e-03 1.92e-09  -7.0   -7.8  7.81e-03  3  8h
iter    objective    inf_pr   inf_du inf_compl lg(mu) lg(rg) alpha_pr ir ls
 150 -3.2352047e+02 1.05e-06 1.32e-03 1.90e-09  -7.0   -7.4  6.25e-02  2  5h
 151 -3.2352047e+02 1.03e-06 2.62e-03 1.92e-09  -7.0   -7.8  7.81e-03  2  8h
 152 -3.2352047e+02 9.97e-07 1.35e-03 1.90e-09  -7.0   -7.4  3.12e-02  2  6h
 153 -3.2352047e+02 9.97e-07 3.67e-03 1.92e-09  -7.0   -7.9  9.77e-04  3 11h
 154 -3.2352047e+02 9.83e-07 1.35e-03 1.90e-09  -7.0   -7.5  3.12e-02  2  6h
 155 -3.2352047e+02 1.05e-06 6.59e-03 1.93e-09  -7.0   -7.9  3.91e-03  2  9h
 156 -3.2352047e+02 9.74e-07 1.41e-03 1.91e-09  -7.0   -7.5  3.12e-02  2  6h
 157 -3.2352047e+02 9.76e-07 1.71e-02 1.97e-09  -7.0   -8.0  3.91e-03  3  9h
 158 -3.2352047e+02 9.72e-07 1.52e-03 1.91e-09  -7.0   -7.6  3.91e-03  2  9h
 159 -3.2352047e+02 2.41e-06 1.89e-06 1.89e-09  -7.0   -7.1  1.00e+00  2  1H
iter    objective    inf_pr   inf_du inf_compl lg(mu) lg(rg) alpha_pr ir ls
 160 -3.2352047e+02 2.04e-06 1.51e-03 1.91e-09  -7.0   -7.6  6.25e-02  3  5h
 161 -3.2352047e+02 1.07e-06 9.54e-04 1.89e-09  -7.0   -7.2  2.50e-01  2  3h
 162 -3.2352047e+02 1.04e-06 1.74e-03 1.91e-09  -7.0   -7.7  1.56e-02  2  7h
 163 -3.2352047e+02 9.37e-07 1.18e-03 1.90e-09  -7.0   -7.2  6.25e-02  2  5h
 164 -3.2352047e+02 9.24e-07 1.95e-03 1.91e-09  -7.0   -7.7  7.81e-03  3  8h
 165 -3.2352047e+02 4.91e-06 4.92e-06 1.89e-09  -7.0   -7.3  1.00e+00  2  1H
 166 -3.2352047e+02 2.26e-06 1.96e-03 1.91e-09  -7.0   -7.8  1.25e-01  3  4h
 167 -3.2352047e+02 1.75e-06 1.11e-03 1.90e-09  -7.0   -7.3  1.25e-01  2  4h
 168 -3.2352047e+02 1.69e-06 2.72e-03 1.91e-09  -7.0   -7.8  1.56e-02  3  7h
 169 -3.2352047e+02 1.51e-06 1.23e-03 1.90e-09  -7.0   -7.4  6.25e-02  2  5h
iter    objective    inf_pr   inf_du inf_compl lg(mu) lg(rg) alpha_pr ir ls
 170 -3.2352047e+02 1.48e-06 4.03e-03 1.91e-09  -7.0   -7.9  7.81e-03  2  8h
 171 -3.2352047e+02 1.30e-06 1.29e-03 1.90e-09  -7.0   -7.4  6.25e-02  2  5h
 172 -3.2352047e+02 1.29e-06 6.47e-03 1.92e-09  -7.0   -7.9  3.91e-03  3  9h
 173 -3.2352047e+02 1.24e-06 1.35e-03 1.90e-09  -7.0   -7.5  6.25e-02  2  5h
 174 -3.2352047e+02 1.24e-06 1.27e-02 1.95e-09  -7.0   -8.0  1.95e-03  3 10h
 175 -3.2352047e+02 1.22e-06 1.47e-03 1.90e-09  -7.0   -7.5  3.12e-02  2  6h
 176 -3.2352047e+02 1.23e-06 6.54e-02 2.22e-09  -7.0   -8.0  9.77e-04  4 11h
 177 -3.2352047e+02 1.21e-06 1.57e-03 1.90e-09  -7.0   -7.6  3.12e-02  2  6h
 178 -3.2352047e+02 1.13e-06 1.06e-03 1.89e-09  -7.0   -7.2  1.25e-01  2  4h
 179 -3.2352047e+02 1.12e-06 1.71e-03 1.91e-09  -7.0   -7.6  7.81e-03  3  8h
iter    objective    inf_pr   inf_du inf_compl lg(mu) lg(rg) alpha_pr ir ls
 180 -3.2352047e+02 1.07e-06 1.07e-03 1.89e-09  -7.0   -7.2  1.25e-01  2  4h
 181 -3.2352047e+02 1.06e-06 1.86e-03 1.91e-09  -7.0   -7.7  1.56e-02  3  7h
 182 -3.2352047e+02 1.03e-06 1.09e-03 1.89e-09  -7.0   -7.3  1.25e-01  3  4h
 183 -3.2352047e+02 1.02e-06 2.09e-03 1.91e-09  -7.0   -7.8  7.81e-03  3  8h
 184 -3.2352047e+02 9.92e-07 1.19e-03 1.90e-09  -7.0   -7.3  6.25e-02  2  5h
 185 -3.2352047e+02 9.90e-07 2.46e-03 1.91e-09  -7.0   -7.8  1.95e-03  3 10h
 186 -3.2352047e+02 9.66e-07 1.23e-03 1.90e-09  -7.0   -7.4  6.25e-02  3  5h
 187 -3.2352047e+02 9.66e-07 3.52e-03 1.91e-09  -7.0   -7.9  2.44e-04  3 13h
 188 -3.2352047e+02 9.48e-07 1.31e-03 1.90e-09  -7.0   -7.4  3.12e-02  2  6h
 189 -3.2352047e+02 9.48e-07 5.41e-03 1.92e-09  -7.0   -7.9  3.05e-05  2 16h
iter    objective    inf_pr   inf_du inf_compl lg(mu) lg(rg) alpha_pr ir ls
 190 -3.2352047e+02 9.32e-07 1.36e-03 1.90e-09  -7.0   -7.5  3.12e-02  2  6h
 191 -3.2352047e+02 9.32e-07 9.72e-03 1.94e-09  -7.0   -8.0  2.44e-04  3 13h
 192 -3.2352047e+02 9.21e-07 1.43e-03 1.90e-09  -7.0   -7.5  3.12e-02  2  6h
 194 -3.2352047e+02 4.38e-03 7.42e-04 1.89e-09  -7.0     -   1.00e+00  3 22R
 194r-3.2352047e+02 5.29e-23 8.23e+02 5.06e-07  -6.0     -   9.15e-06 10 22f
 195 -3.2352046e+02 4.77e-07 5.34e-02 2.27e-09  -7.0   -8.5  1.00e-03  1  1f
 196 -3.2352047e+02 7.94e-06 5.19e-01 3.12e-09  -7.0   -6.3  4.13e-02  1  5h
 197 -3.2352047e+02 8.09e-06 4.54e-01 1.95e-09  -7.0   -4.9  1.25e-01  2  4h
 198 -3.2352047e+02 8.48e-06 4.26e-01 1.95e-09  -7.0   -5.4  6.25e-02  2  5h
 199 -3.2352047e+02 8.18e-06 3.19e-01 1.92e-09  -7.0   -5.0  2.50e-01  2  3h
iter    objective    inf_pr   inf_du inf_compl lg(mu) lg(rg) alpha_pr ir ls
 200 -3.2352048e+02 1.08e-05 1.60e-01 1.90e-09  -7.0   -5.5  5.00e-01  2  2h
 201 -3.2352048e+02 4.71e-06 7.98e-02 1.89e-09  -7.0   -5.9  5.00e-01  2  2h
 202 -3.2352048e+02 4.75e-06 6.98e-02 1.89e-09  -7.0   -6.4  1.25e-01  2  4h
 203 -3.2352048e+02 4.62e-06 6.77e-02 1.91e-09  -7.0   -6.9  3.12e-02  2  6h
 204 -3.2352048e+02 4.68e-06 5.92e-02 1.89e-09  -7.0   -6.5  1.25e-01  2  4h
 205 -3.2352048e+02 4.58e-06 5.74e-02 1.91e-09  -7.0   -6.9  3.12e-02  2  6h
 206 -3.2352048e+02 4.64e-06 5.02e-02 1.89e-09  -7.0   -6.5  1.25e-01  2  4h
 207 -3.2352048e+02 4.66e-06 4.86e-02 1.91e-09  -7.0   -7.0  3.12e-02  2  6h
 208 -3.2352048e+02 4.99e-06 4.25e-02 1.90e-09  -7.0   -6.6  1.25e-01  2  4h
 209 -3.2352048e+02 5.04e-06 4.12e-02 1.91e-09  -7.0   -7.0  3.12e-02  2  6h
iter    objective    inf_pr   inf_du inf_compl lg(mu) lg(rg) alpha_pr ir ls
 210 -3.2352048e+02 5.24e-06 3.61e-02 1.90e-09  -7.0   -6.6  1.25e-01  2  4h
 211 -3.2352048e+02 5.26e-06 3.49e-02 1.91e-09  -7.0   -7.1  3.12e-02  2  6h
 212 -3.2352048e+02 5.36e-06 3.06e-02 1.90e-09  -7.0   -6.7  1.25e-01  2  4h
 213 -3.2352048e+02 5.35e-06 2.96e-02 1.91e-09  -7.0   -7.1  3.12e-02  2  6h
 214 -3.2352047e+02 5.36e-06 2.59e-02 1.90e-09  -7.0   -6.7  1.25e-01  2  4h
 215 -3.2352047e+02 5.34e-06 2.51e-02 1.92e-09  -7.0   -7.2  3.12e-02  2  6h
 216 -3.2352047e+02 5.35e-06 5.03e-01 3.60e-09  -7.0   -7.7  1.22e-04  3 14h
 217 -3.2352047e+02 5.35e-06 2.51e-02 1.95e-09  -7.0   -7.2  3.81e-06  2 19h
 218 -3.2352047e+02 5.36e-06 2.20e-02 1.90e-09  -7.0   -6.8  1.25e-01  2  4h
 219 -3.2352047e+02 5.32e-06 2.16e-02 1.92e-09  -7.0   -7.3  1.56e-02  2  7h
iter    objective    inf_pr   inf_du inf_compl lg(mu) lg(rg) alpha_pr ir ls
 220 -3.2352047e+02 5.28e-06 1.89e-02 1.90e-09  -7.0   -6.9  1.25e-01  3  4h
 221 -3.2352047e+02 5.24e-06 1.86e-02 1.93e-09  -7.0   -7.3  1.56e-02  2  7h
 222 -3.2352047e+02 5.16e-06 1.63e-02 1.90e-09  -7.0   -6.9  1.25e-01  2  4h
 223 -3.2352047e+02 5.15e-06 1.58e-02 1.93e-09  -7.0   -7.4  3.12e-02  2  6h
 224 -3.2352047e+02 5.15e-06 4.07e-01 3.78e-09  -7.0   -7.9  4.78e-06  2 17h
 225 -3.2352047e+02 5.11e-06 1.55e-02 1.99e-09  -7.0   -7.4  1.56e-02  2  7h
 226 -3.2352047e+02 5.03e-06 1.36e-02 1.90e-09  -7.0   -7.0  1.25e-01  2  4h
 227 -3.2352047e+02 4.99e-06 1.35e-02 1.94e-09  -7.0   -7.5  1.56e-02  2  7h
 228 -3.2352047e+02 4.87e-06 1.17e-02 1.90e-09  -7.0   -7.1  1.25e-01  2  4h
 229 -3.2352047e+02 4.83e-06 1.32e-02 1.95e-09  -7.0   -7.5  1.56e-02  2  7h
iter    objective    inf_pr   inf_du inf_compl lg(mu) lg(rg) alpha_pr ir ls
 230 -3.2352047e+02 4.68e-06 1.01e-02 1.90e-09  -7.0   -7.1  1.25e-01  2  4h
 231 -3.2352047e+02 4.64e-06 1.29e-02 1.95e-09  -7.0   -7.6  1.56e-02  2  7h
 232 -3.2352047e+02 4.47e-06 8.69e-03 1.90e-09  -7.0   -7.2  1.25e-01  3  4h
 233 -3.2352047e+02 4.48e-06 1.25e-02 1.95e-09  -7.0   -7.7  3.12e-02  3  6h
 234 -3.2352047e+02 4.48e-06 3.12e-01 3.89e-09  -7.0   -8.1  7.36e-05  3 14h
 235 -3.2352047e+02 4.48e-06 1.43e-02 2.05e-09  -7.0   -7.7  3.81e-06  2 19h
 236 -3.2352047e+02 4.29e-06 7.89e-03 1.91e-09  -7.0   -7.3  6.25e-02  2  5h
 237 -3.2352047e+02 4.28e-06 1.46e-02 1.97e-09  -7.0   -7.8  1.56e-02  2  7h
 238 -3.2352047e+02 4.10e-06 7.28e-03 1.91e-09  -7.0   -7.3  6.25e-02  2  5h
 239 -3.2352047e+02 4.09e-06 1.50e-02 1.98e-09  -7.0   -7.8  1.56e-02  2  7h
iter    objective    inf_pr   inf_du inf_compl lg(mu) lg(rg) alpha_pr ir ls
 240 -3.2352047e+02 3.94e-06 6.72e-03 1.91e-09  -7.0   -7.4  6.25e-02  2  5h
 241 -3.2352047e+02 3.92e-06 1.55e-02 1.99e-09  -7.0   -7.9  7.81e-03  3  8h
 242 -3.2352047e+02 3.80e-06 6.25e-03 1.91e-09  -7.0   -7.4  6.25e-02  2  5h
 243 -3.2352047e+02 3.80e-06 1.63e-02 2.00e-09  -7.0   -7.9  3.81e-06  3 19h
 244 -3.2352047e+02 3.71e-06 6.31e-03 1.92e-09  -7.0   -7.5  3.12e-02  2  6h
 245 -3.2352047e+02 3.71e-06 1.82e-02 2.02e-09  -7.0   -8.0  1.95e-03  2 10h
 246 -3.2352047e+02 3.63e-06 6.60e-03 1.92e-09  -7.0   -7.5  3.12e-02  2  6h
 247 -3.2352047e+02 3.62e-06 2.02e-02 2.04e-09  -7.0   -8.0  3.91e-03  3  9h
 248 -3.2352047e+02 3.54e-06 6.89e-03 1.93e-09  -7.0   -7.6  3.12e-02  2  6h
 249 -3.2352047e+02 3.54e-06 2.22e-02 2.06e-09  -7.0   -8.1  6.10e-05  3 15h
iter    objective    inf_pr   inf_du inf_compl lg(mu) lg(rg) alpha_pr ir ls
 250 -3.2352047e+02 3.50e-06 7.40e-03 1.93e-09  -7.0   -7.6  1.56e-02  2  7h
 251 -3.2352047e+02 3.49e-06 2.60e-02 2.09e-09  -7.0   -8.1  1.95e-03  2 10h
 252 -3.2352047e+02 3.45e-06 7.91e-03 1.94e-09  -7.0   -7.7  1.56e-02  2  7h
 253 -3.2352047e+02 3.45e-06 3.01e-02 2.13e-09  -7.0   -8.2  1.91e-06  3 20h
 254 -3.2352047e+02 3.41e-06 8.57e-03 1.95e-09  -7.0   -7.7  1.56e-02  3  7h
 255 -3.2352047e+02 3.41e-06 3.58e-02 2.18e-09  -7.0   -8.2  9.77e-04  3 11h
 256 -3.2352047e+02 3.40e-06 9.36e-03 1.96e-09  -7.0   -7.8  1.95e-03  2 10h
 257 -3.2352047e+02 3.40e-06 4.60e-02 2.26e-09  -7.0   -8.3  9.77e-04  3 11h
 259 -3.2352047e+02 9.61e-05 1.71e-05 1.90e-09  -7.0     -   1.00e+00  2 22R
 259r-3.2352064e+02 2.12e-22 8.23e+02 1.87e-06  -5.5     -   1.00e+00 10 22f
iter    objective    inf_pr   inf_du inf_compl lg(mu) lg(rg) alpha_pr ir ls
 260 -3.2352043e+02 8.49e-07 1.45e-02 2.26e-09  -7.0   -8.3  1.00e-03  1  1f
 261 -3.2352043e+02 8.49e-07 3.61e-01 5.64e-09  -7.0   -5.2  8.40e-05  1 14h
 262 -3.2352044e+02 1.39e-06 4.74e-01 2.52e-09  -7.0   -3.9  1.25e-01  1  4h
 263 -3.2352044e+02 1.77e-06 4.59e-01 2.31e-09  -7.0   -4.3  3.12e-02  2  6h
 264 -3.2352045e+02 1.85e-06 4.30e-01 2.17e-09  -7.0   -3.9  6.25e-02  2  5h
 265 -3.2352045e+02 1.86e-06 4.27e-01 2.20e-09  -7.0   -4.4  7.81e-03  2  8h
 266 -3.2352045e+02 2.26e-06 3.73e-01 2.10e-09  -7.0   -4.0  1.25e-01  2  4h
 267 -3.2352045e+02 2.25e-06 3.68e-01 2.10e-09  -7.0   -4.4  1.56e-02  2  7h
 268 -3.2352046e+02 2.29e-06 3.22e-01 2.03e-09  -7.0   -4.0  1.25e-01  2  4h
 269 -3.2352046e+02 2.27e-06 3.12e-01 2.02e-09  -7.0   -4.5  3.12e-02  2  6h
iter    objective    inf_pr   inf_du inf_compl lg(mu) lg(rg) alpha_pr ir ls
 270 -3.2352046e+02 2.24e-06 2.34e-01 1.96e-09  -7.0   -4.1  2.50e-01  2  3h
 271 -3.2352047e+02 2.18e-06 1.75e-01 1.92e-09  -7.0   -4.5  2.50e-01  2  3h
 272 -3.2352047e+02 1.73e-06 1.31e-01 1.90e-09  -7.0   -5.0  2.50e-01  3  3h
 273 -3.2352047e+02 1.45e-06 1.27e-01 1.93e-09  -7.0   -5.5  3.12e-02  3  6h
 274 -3.2352047e+02 1.53e-06 6.37e-02 1.90e-09  -7.0   -5.1  5.00e-01  2  2h
 275 -3.2352047e+02 1.71e-06 4.78e-02 1.92e-09  -7.0   -5.5  2.50e-01  2  3h
 276 -3.2352047e+02 2.03e-06 4.18e-02 1.93e-09  -7.0   -6.0  1.25e-01  3  4h
 277 -3.2352047e+02 1.98e-06 3.13e-02 1.92e-09  -7.0   -5.6  2.50e-01  2  3h
 278 -3.2352047e+02 1.93e-06 2.94e-02 1.93e-09  -7.0   -6.1  6.25e-02  3  5h
 279 -3.2352047e+02 1.93e-06 4.90e-02 1.94e-09  -7.0   -6.5  9.77e-04  3 11h
iter    objective    inf_pr   inf_du inf_compl lg(mu) lg(rg) alpha_pr ir ls
 280 -3.2352047e+02 1.89e-06 2.84e-02 1.93e-09  -7.0   -6.1  3.12e-02  2  6h
 281 -3.2352047e+02 1.89e-06 1.05e-01 2.03e-09  -7.0   -6.6  9.54e-07  3 21h
 282 -3.2352047e+02 1.85e-06 2.67e-02 1.93e-09  -7.0   -6.2  6.25e-02  3  5h
 284 -3.2352047e+02 1.71e-02 4.35e-03 1.89e-09  -7.0     -   1.00e+00  3 22R
 284r-3.2352034e+02 1.06e-22 8.23e+02 1.02e-06  -5.7     -   3.65e-03 10 22f
 285 -3.2352045e+02 5.96e-07 2.65e-02 2.27e-09  -7.0   -7.1  1.00e-03  1  1f
 286 -3.2352045e+02 2.16e-06 6.19e-01 3.00e-09  -7.0   -4.0  1.92e-02  1  6h
 287r-3.2352046e+02 1.06e-22 8.23e+02 1.19e-06  -5.7     -   2.02e-02  2 17R
 288 -3.2352043e+02 5.41e-07 2.27e-02 2.26e-09  -7.0   -4.9  1.00e-03  1  1f
 289 -3.2352043e+02 6.35e-07 6.79e-01 3.71e-09  -7.0   -4.5  9.55e-04  1 11h
iter    objective    inf_pr   inf_du inf_compl lg(mu) lg(rg) alpha_pr ir ls
 290 -3.2352043e+02 1.17e-06 8.74e-01 5.91e-09  -7.0   -4.1  7.81e-03  1  8h
 291 -3.2352043e+02 2.71e-06 5.68e-01 3.48e-09  -7.0   -3.7  3.12e-02  2  6h
 292 -3.2352043e+02 2.71e-06 1.09e+00 4.46e-09  -7.0   -4.1  1.22e-04  2 14h
 293 -3.2352043e+02 2.71e-06 6.05e-01 3.42e-09  -7.0   -3.7  1.95e-03  2 10h
 294 -3.2352043e+02 2.71e-06 1.26e+00 4.84e-09  -7.0   -4.2  3.05e-05  2 16h
 295 -3.2352043e+02 2.72e-06 6.34e-01 3.61e-09  -7.0   -3.8  1.95e-03  2 10h
 296 -3.2352043e+02 2.72e-06 1.54e+00 5.60e-09  -7.0   -4.2  5.93e-05  2 15h
 297 -3.2352043e+02 2.72e-06 6.65e-01 3.90e-09  -7.0   -3.8  9.77e-04  2 11h
 298 -3.2352043e+02 2.72e-06 1.99e+00 6.93e-09  -7.0   -4.3  2.30e-05  2 16h
 299 -3.2352043e+02 2.72e-06 6.96e-01 4.29e-09  -7.0   -3.9  4.88e-04  2 12h
 301 -3.2352046e+02 1.17e-01 3.64e-01 2.14e-09  -7.0     -   4.78e-01  2 21R
 302 -3.2352047e+02 1.06e-01 3.30e-01 2.12e-09  -7.0     -   9.35e-02 10 21f
 303 -3.2352061e+02 9.56e-02 5.09e-01 2.09e-09  -7.0     -   1.03e-01 10 21f
 303r-3.2352061e+02 2.12e-22 8.23e+02 1.49e-06  -5.6     -   3.41e-08 10 21f
 304r-3.2352040e+02 2.30e-07 1.22e-01 4.71e-07  -5.6   -4.8  1.00e-03  1  1f
 305r-3.2343212e+02 1.43e-05 7.20e-07 3.76e-09  -5.6   -5.3  1.00e+00  2  1f
 306r-3.2343213e+02 3.63e-05 6.11e-03 2.94e-08  -7.0   -5.8  5.00e-01  2  2h
 307r-3.2347549e+02 2.58e-06 3.89e-06 1.91e-09  -7.0   -6.3  1.00e+00  3  1h
 308 -3.2347549e+02 4.77e-07 5.42e-01 1.89e-09  -7.0   -6.7  1.00e+00  1  1h
 309 -3.2348917e+02 5.96e-07 5.40e-01 1.89e-09  -7.0   -7.2  3.25e-03  2  1h
iter    objective    inf_pr   inf_du inf_compl lg(mu) lg(rg) alpha_pr ir ls
 310 -3.2349538e+02 4.77e-07 5.38e-01 2.84e-09  -7.0   -7.7  3.75e-03  1  1h
 311 -3.2350629e+02 4.77e-07 5.28e-01 2.87e-09  -7.0   -8.2  1.80e-02  2  1h
 312 -3.2350909e+02 4.77e-07 5.19e-01 8.19e-09  -7.0   -8.6  1.68e-02  2  3h
 313 -3.2350983e+02 5.70e-07 5.11e-01 3.06e-08  -7.0   -8.2  1.65e-02  2  5h
 314 -3.2350999e+02 7.56e-07 5.03e-01 3.01e-08  -7.0   -8.7  1.56e-02  2  7h
 315 -3.2351003e+02 7.69e-07 5.01e-01 3.00e-08  -7.0   -9.2  3.91e-03  2  9h
 316 -3.2351004e+02 7.69e-07 5.00e-01 3.00e-08  -7.0   -8.7  9.77e-04  2 11h
 317 -3.2351005e+02 7.69e-07 5.00e-01 3.00e-08  -7.0   -9.2  4.88e-04  2 12h
 318 -3.2351007e+02 7.70e-07 4.99e-01 2.99e-08  -7.0   -8.8  1.95e-03  2 10h
iter    objective    inf_pr   inf_du inf_compl lg(mu) lg(rg) alpha_pr ir ls
 320 -3.2352050e+02 1.25e-03 4.59e-05 1.92e-09  -7.0     -   1.00e+00  2 22R
iter    objective    inf_pr   inf_du inf_compl lg(mu) lg(rg) alpha_pr ir ls
 320r-3.2352052e+02 5.29e-23 8.23e+02 7.92e-07  -6.1     -   7.26e-01 10 22f
 321 -3.2351006e+02 5.96e-07 6.39e-02 1.94e-09  -7.0   -9.7  1.00e-03  1  1f
 322 -3.2351106e+02 5.96e-07 9.98e-02 2.09e-09  -7.0   -3.9  1.87e-02  1  2h
 323 -3.2351113e+02 7.77e-07 3.13e-01 1.01e-08  -7.0   -4.4  3.52e-03  1  8h
 324 -3.2351129e+02 1.17e-06 5.22e-01 2.57e-08  -7.0   -4.0  1.40e-02  1  7h
 325 -3.2351130e+02 1.33e-06 1.04e+00 2.56e-08  -7.0   -4.4  1.95e-03  2 10h
 326 -3.2351134e+02 1.37e-06 5.19e-01 2.55e-08  -7.0   -4.0  3.91e-03  2  9h
 327 -3.2351135e+02 1.44e-06 1.25e+00 2.55e-08  -7.0   -4.5  9.77e-04  2 11h
 328 -3.2351139e+02 1.49e-06 5.16e-01 2.54e-08  -7.0   -4.1  3.91e-03  2  9h
 329 -3.2351139e+02 1.49e-06 1.60e+00 2.54e-08  -7.0   -4.5  2.44e-04  2 13h
iter    objective    inf_pr   inf_du inf_compl lg(mu) lg(rg) alpha_pr ir ls
 330 -3.2351139e+02 1.49e-06 5.33e-01 2.54e-08  -7.0   -4.1  4.88e-04  2 12h
 331 -3.2351139e+02 1.49e-06 2.12e+00 2.54e-08  -7.0   -4.6  4.84e-05  2 15h
 332 -3.2351139e+02 1.49e-06 5.68e-01 2.54e-08  -7.0   -4.2  2.44e-04  2 13h
 333 -3.2351139e+02 1.49e-06 2.36e+00 2.54e-08  -7.0   -4.6  1.21e-05  2 16h
 334 -3.2351140e+02 1.49e-06 6.12e-01 2.54e-08  -7.0   -4.2  2.44e-04  2 13h
 335 -3.2351141e+02 1.50e-06 5.15e-01 2.53e-08  -7.0   -3.8  1.95e-03  2 10h
 336 -3.2351142e+02 1.50e-06 6.68e-01 2.53e-08  -7.0   -4.3  4.88e-04  2 12h
 337 -3.2351144e+02 1.50e-06 5.13e-01 2.53e-08  -7.0   -3.8  1.95e-03  2 10h
 338 -3.2351144e+02 1.50e-06 7.33e-01 2.53e-08  -7.0   -4.3  1.22e-04  2 14h
 339 -3.2351145e+02 1.50e-06 5.13e-01 2.53e-08  -7.0   -3.9  9.77e-04  2 11h
iter    objective    inf_pr   inf_du inf_compl lg(mu) lg(rg) alpha_pr ir ls
 340 -3.2351145e+02 1.50e-06 8.21e-01 2.53e-08  -7.0   -4.4  2.44e-04  2 13h
 341 -3.2351146e+02 1.50e-06 5.12e-01 2.52e-08  -7.0   -3.9  9.77e-04  2 11h
 342 -3.2351146e+02 1.50e-06 9.42e-01 2.52e-08  -7.0   -4.4  1.22e-04  2 14h
 343 -3.2351147e+02 1.50e-06 5.12e-01 2.52e-08  -7.0   -4.0  9.77e-04  2 11h
 344 -3.2351147e+02 1.50e-06 1.12e+00 2.52e-08  -7.0   -4.5  1.22e-04  2 14h
 345 -3.2351148e+02 1.50e-06 5.11e-01 2.52e-08  -7.0   -4.0  9.77e-04  2 11h
 346 -3.2351148e+02 1.50e-06 1.40e+00 2.52e-08  -7.0   -4.5  6.10e-05  2 15h
 347 -3.2351148e+02 1.50e-06 5.19e-01 2.52e-08  -7.0   -4.1  4.88e-04  2 12h
 348 -3.2351148e+02 1.50e-06 1.93e+00 2.52e-08  -7.0   -4.6  5.81e-05  2 15h
 349 -3.2351149e+02 1.50e-06 5.51e-01 2.52e-08  -7.0   -4.1  4.88e-04  1 12h
iter    objective    inf_pr   inf_du inf_compl lg(mu) lg(rg) alpha_pr ir ls
 350 -3.2351149e+02 1.50e-06 2.23e+00 2.52e-08  -7.0   -4.6  1.78e-05  2 16h
 351 -3.2351149e+02 1.50e-06 5.90e-01 2.52e-08  -7.0   -4.2  2.44e-04  2 13h
 353 -3.2351277e+02 1.77e-01 5.06e-01 2.18e-08  -7.0     -   1.42e-01  2 20R
 354 -3.2352051e+02 3.19e-02 1.39e-01 1.89e-09  -7.0     -   1.00e+00 10 20f
 355 -3.2352053e+02 2.77e-02 1.75e-01 1.89e-09  -7.0     -   1.10e-01 10 20f
 356 -3.2352060e+02 2.14e-02 8.87e-02 1.89e-09  -7.0     -   1.94e-01 10 20f
 357 -3.2352069e+02 8.50e-02 2.37e-01 2.23e-09  -7.0     -   9.11e-01 10 20f
 358 -3.2352070e+02 7.04e-02 2.24e-01 2.17e-09  -7.0     -   1.70e-01 10 20f
 358r-3.2352070e+02 1.06e-22 8.23e+02 8.27e-07  -5.8     -   3.23e-03 10 20f
 359 -3.2351148e+02 4.77e-07 3.27e-02 1.95e-09  -7.0   -5.1  1.00e-03  1  1f
iter    objective    inf_pr   inf_du inf_compl lg(mu) lg(rg) alpha_pr ir ls
 360 -3.2351161e+02 1.27e-06 1.94e-01 2.36e-09  -7.0   -3.8  5.60e-03  1  5h
 361 -3.2351187e+02 2.81e-06 5.69e-01 1.15e-08  -7.0   -3.4  2.13e-02  1  6h
 362 -3.2351191e+02 3.65e-06 2.24e+00 2.39e-08  -7.0   -3.9  3.91e-03  1  9h
 363 -3.2351197e+02 3.87e-06 1.15e+00 2.37e-08  -7.0   -3.4  7.81e-03  2  8h
 364 -3.2351198e+02 3.95e-06 2.59e+00 2.37e-08  -7.0   -3.9  9.77e-04  2 11h
 365 -3.2351202e+02 4.02e-06 1.21e+00 2.36e-08  -7.0   -3.5  3.91e-03  2  9h
 366 -3.2351202e+02 4.05e-06 3.10e+00 2.36e-08  -7.0   -4.0  4.88e-04  2 12h
 367 -3.2351204e+02 4.07e-06 1.28e+00 2.36e-08  -7.0   -3.5  1.95e-03  2 10h
 368 -3.2351204e+02 4.08e-06 4.02e+00 2.36e-08  -7.0   -4.0  2.44e-04  2 13h
 369 -3.2351205e+02 4.11e-06 1.36e+00 2.35e-08  -7.0   -3.6  1.95e-03  2 10h
iter    objective    inf_pr   inf_du inf_compl lg(mu) lg(rg) alpha_pr ir ls
 370 -3.2351206e+02 4.11e-06 4.94e+00 2.35e-08  -7.0   -4.1  9.72e-05  2 14h
 371 -3.2351206e+02 4.12e-06 1.45e+00 2.35e-08  -7.0   -3.6  9.77e-04  2 11h
 372 -3.2351206e+02 4.13e-06 5.41e+00 2.35e-08  -7.0   -4.1  4.10e-05  2 14h
 373 -3.2351207e+02 4.13e-06 1.56e+00 2.35e-08  -7.0   -3.7  4.88e-04  1 12h
 374 -3.2351210e+02 4.14e-06 9.61e-01 2.34e-08  -7.0   -3.3  3.91e-03  2  9h
 375 -3.2351210e+02 4.14e-06 1.68e+00 2.34e-08  -7.0   -3.8  2.44e-04  2 13h
 376 -3.2351212e+02 4.14e-06 1.01e+00 2.34e-08  -7.0   -3.3  1.95e-03  1 10h
 377 -3.2351212e+02 4.14e-06 1.84e+00 2.34e-08  -7.0   -3.8  4.88e-04  2 12h
 378 -3.2351214e+02 4.15e-06 1.06e+00 2.33e-08  -7.0   -3.4  1.95e-03  2 10h
 379 -3.2351214e+02 4.15e-06 2.05e+00 2.33e-08  -7.0   -3.9  2.44e-04  2 13h
iter    objective    inf_pr   inf_du inf_compl lg(mu) lg(rg) alpha_pr ir ls
 380 -3.2351216e+02 4.15e-06 1.11e+00 2.33e-08  -7.0   -3.4  1.95e-03  1 10h
 381 -3.2351216e+02 4.15e-06 2.33e+00 2.33e-08  -7.0   -3.9  2.44e-04  2 13h
 382 -3.2351217e+02 4.15e-06 1.17e+00 2.32e-08  -7.0   -3.5  9.77e-04  2 11h
 383 -3.2351217e+02 4.16e-06 2.75e+00 2.32e-08  -7.0   -4.0  1.22e-04  2 14h
 384 -3.2351218e+02 4.16e-06 1.24e+00 2.32e-08  -7.0   -3.5  9.77e-04  2 11h
 385 -3.2351218e+02 4.16e-06 3.42e+00 2.32e-08  -7.0   -4.0  1.22e-04  2 14h
 386 -3.2351219e+02 4.16e-06 1.31e+00 2.32e-08  -7.0   -3.6  9.77e-04  2 11h
 387 -3.2351219e+02 4.16e-06 4.65e+00 2.32e-08  -7.0   -4.1  3.05e-05  2 16h
 388 -3.2351219e+02 4.16e-06 1.40e+00 2.32e-08  -7.0   -3.6  4.88e-04  2 12h
 389 -3.2351219e+02 4.16e-06 5.02e+00 2.32e-08  -7.0   -4.1  3.44e-05  2 15h
iter    objective    inf_pr   inf_du inf_compl lg(mu) lg(rg) alpha_pr ir ls
 390 -3.2351219e+02 4.16e-06 1.50e+00 2.32e-08  -7.0   -3.7  2.44e-04  2 13h
 392 -3.2351301e+02 2.96e-01 1.35e+00 2.11e-08  -7.0     -   9.79e-02  2 19R
 393 -3.2351329e+02 2.85e-01 1.30e+00 2.04e-08  -7.0     -   3.71e-02 10 19f
 393r-3.2351329e+02 4.24e-22 8.23e+02 2.29e-06  -5.4     -   1.77e-19 10 19f
 394 -3.2351216e+02 1.03e-06 1.18e-02 1.97e-09  -7.0   -4.6  1.00e-03  1  1f
 395 -3.2351219e+02 4.30e-06 7.97e-01 2.38e-09  -7.0   -3.3  4.04e-03  1  7h
 396 -3.2351232e+02 5.92e-06 1.56e+00 1.24e-08  -7.0   -2.9  1.41e-02  1  7h
 397 -3.2351232e+02 5.93e-06 1.12e+01 2.28e-08  -7.0   -3.4  1.22e-04  1 14h
 398 -3.2351233e+02 5.93e-06 2.62e+00 2.28e-08  -7.0   -2.9  9.77e-04  2 11h
iter    objective    inf_pr   inf_du inf_compl lg(mu) lg(rg) alpha_pr ir ls
 400 -3.2351511e+02 2.78e-01 1.73e+00 1.57e-08  -7.0     -   3.40e-01  2 21R
 401 -3.2351614e+02 2.28e-01 1.40e+00 1.31e-08  -7.0     -   1.89e-01 10 21f
 402 -3.2351636e+02 2.16e-01 1.33e+00 1.25e-08  -7.0     -   5.32e-02 10 21f
 402r-3.2351636e+02 4.24e-22 8.23e+02 3.26e-06  -5.2     -   1.05e-18 10 21f
 403 -3.2351228e+02 1.48e-06 8.30e-03 1.96e-09  -7.0   -3.9  1.00e-03  1  1f
 404 -3.2351241e+02 3.16e-06 2.79e-01 2.55e-09  -7.0   -2.6  2.31e-02  1  5h
 405 -3.2351242e+02 4.16e-06 2.93e+00 8.34e-09  -7.0   -3.0  1.86e-03  1 10h
 406 -3.2351249e+02 4.63e-06 2.93e+00 2.23e-08  -7.0   -2.6  7.81e-03  1  8h
 407 -3.2351249e+02 5.10e-06 1.25e+01 2.23e-08  -7.0   -3.1  7.62e-04  2 11h
 408 -3.2351255e+02 5.75e-06 3.19e+00 2.21e-08  -7.0   -2.7  7.81e-03  2  8h
 409 -3.2351256e+02 5.91e-06 1.32e+01 2.21e-08  -7.0   -3.1  2.10e-04  2 12h
iter    objective    inf_pr   inf_du inf_compl lg(mu) lg(rg) alpha_pr ir ls
 410 -3.2351258e+02 6.02e-06 3.58e+00 2.20e-08  -7.0   -2.7  2.83e-03  2  9h
 411 -3.2351267e+02 6.13e-06 1.95e+00 2.18e-08  -7.0   -2.3  1.21e-02  2  7h
 412 -3.2351268e+02 6.14e-06 3.80e+00 2.18e-08  -7.0   -2.8  4.88e-04  2 12h
 413 -3.2351271e+02 6.14e-06 2.07e+00 2.17e-08  -7.0   -2.3  3.91e-03  2  9h
 414 -3.2351271e+02 6.14e-06 4.21e+00 2.17e-08  -7.0   -2.8  4.88e-04  2 12h
 415 -3.2351274e+02 6.15e-06 2.20e+00 2.16e-08  -7.0   -2.4  3.91e-03  2  9h
 416 -3.2351275e+02 6.16e-06 4.73e+00 2.16e-08  -7.0   -2.9  4.88e-04  2 12h
 417 -3.2351276e+02 6.16e-06 2.35e+00 2.16e-08  -7.0   -2.4  1.95e-03  2 10h
 418 -3.2351276e+02 6.16e-06 5.43e+00 2.16e-08  -7.0   -2.9  2.44e-04  2 13h
 419 -3.2351278e+02 6.16e-06 2.51e+00 2.15e-08  -7.0   -2.5  1.95e-03  2 10h
iter    objective    inf_pr   inf_du inf_compl lg(mu) lg(rg) alpha_pr ir ls
 420 -3.2351278e+02 6.17e-06 6.50e+00 2.15e-08  -7.0   -3.0  2.44e-04  2 13h
 421 -3.2351279e+02 6.17e-06 2.68e+00 2.15e-08  -7.0   -2.5  9.77e-04  2 11h
 422 -3.2351279e+02 6.17e-06 8.29e+00 2.15e-08  -7.0   -3.0  1.22e-04  2 14h
 423 -3.2351280e+02 6.17e-06 2.88e+00 2.15e-08  -7.0   -2.6  9.77e-04  2 11h
 424 -3.2351280e+02 6.17e-06 1.15e+01 2.15e-08  -7.0   -3.1  5.36e-05  2 15h
 425 -3.2351280e+02 6.17e-06 3.10e+00 2.15e-08  -7.0   -2.6  9.77e-04  2 11h
 426 -3.2351281e+02 6.18e-06 1.47e+01 2.15e-08  -7.0   -3.1  3.87e-05  2 15h
 427 -3.2351281e+02 6.18e-06 3.36e+00 2.15e-08  -7.0   -2.7  4.88e-04  1 12h
 429 -3.2351356e+02 1.62e-01 3.03e+00 1.95e-08  -7.0     -   9.73e-02  2 19R
 429r-3.2351356e+02 4.24e-22 8.23e+02 3.39e-06  -5.2     -   2.95e-08 10 19f
iter    objective    inf_pr   inf_du inf_compl lg(mu) lg(rg) alpha_pr ir ls
 430 -3.2351276e+02 1.46e-06 7.97e-03 2.71e-09  -7.0   -3.6  1.00e-03  1  1f
 431 -3.2351288e+02 2.20e-06 4.70e-01 2.76e-09  -7.0   -2.3  2.49e-02  1  5h
 432 -3.2351294e+02 4.76e-06 4.83e+00 1.30e-08  -7.0   -2.8  7.58e-03  1  8h
 433 -3.2351297e+02 4.81e-06 4.54e+00 2.09e-08  -7.0   -2.4  3.91e-03  1  9h
 434 -3.2351298e+02 4.88e-06 9.17e+00 2.09e-08  -7.0   -2.8  9.77e-04  1 11h
 435 -3.2351301e+02 4.95e-06 4.80e+00 2.08e-08  -7.0   -2.4  3.91e-03  2  9h
 436 -3.2351301e+02 4.98e-06 1.04e+01 2.08e-08  -7.0   -2.9  4.88e-04  2 12h
 437 -3.2351302e+02 4.98e-06 5.10e+00 2.08e-08  -7.0   -2.5  9.77e-04  2 11h
 438 -3.2351302e+02 4.98e-06 1.23e+01 2.08e-08  -7.0   -3.0  1.22e-04  2 14h
 439 -3.2351303e+02 4.99e-06 5.41e+00 2.08e-08  -7.0   -2.5  9.77e-04  1 11h
iter    objective    inf_pr   inf_du inf_compl lg(mu) lg(rg) alpha_pr ir ls
 440 -3.2351303e+02 4.99e-06 1.23e+01 2.08e-08  -7.0   -3.0  7.29e-05  2 14h
 441 -3.2351304e+02 5.00e-06 5.76e+00 2.08e-08  -7.0   -2.6  9.77e-04  2 11h
 443 -3.2351543e+02 7.01e-02 3.91e+00 1.47e-08  -7.0     -   3.21e-01  2 21R
 444 -3.2351857e+02 1.96e-01 1.55e+00 6.97e-09  -7.0     -   6.04e-01 10 21f
 445 -3.2351868e+02 1.89e-01 1.47e+00 6.72e-09  -7.0     -   4.96e-02 10 21f
 446 -3.2352069e+02 1.31e-01 1.82e-02 3.85e-09  -7.0     -   1.00e+00 10 21f
 446r-3.2352069e+02 2.12e-22 8.23e+02 2.75e-06  -5.3     -   6.70e-14 10 21f
 447r-3.2351302e+02 1.00e-08 1.01e-01 1.15e-06  -5.3   -3.5  3.92e-04  1  1f
 448r-3.2344247e+02 7.55e-06 4.77e-07 3.76e-09  -5.3   -4.0  1.00e+00  2  1f
 449r-3.2343992e+02 5.38e-06 8.27e-03 5.32e-08  -7.0   -4.5  5.00e-01  2  2h
iter    objective    inf_pr   inf_du inf_compl lg(mu) lg(rg) alpha_pr ir ls
 450r-3.2347548e+02 7.88e-06 2.30e-06 1.96e-09  -7.0   -5.0  1.00e+00  2  1h
 451r-3.2347545e+02 1.60e-06 6.87e-08 1.89e-09  -7.0   -5.4  1.00e+00  3  1h
 452 -3.2347545e+02 5.96e-07 5.42e-01 1.89e-09  -7.0   -5.9  1.00e+00  1  1h
 453 -3.2348913e+02 5.96e-07 5.40e-01 1.89e-09  -7.0   -6.4  3.25e-03  2  1h
 454 -3.2349534e+02 4.77e-07 5.38e-01 2.84e-09  -7.0   -6.9  3.75e-03  1  1h
 455 -3.2350625e+02 3.58e-07 5.28e-01 2.87e-09  -7.0   -7.3  1.80e-02  2  1h
 456 -3.2350765e+02 5.96e-07 5.24e-01 9.46e-09  -7.0   -7.8  8.41e-03  2  4h
 457 -3.2350930e+02 4.77e-07 5.07e-01 3.29e-08  -7.0   -7.4  3.26e-02  2  4h
 458 -3.2350934e+02 4.37e-07 5.05e-01 3.29e-08  -7.0   -7.9  3.91e-03  2  9h
 459 -3.2350969e+02 6.49e-07 4.89e-01 3.19e-08  -7.0   -7.4  3.12e-02  2  6h
iter    objective    inf_pr   inf_du inf_compl lg(mu) lg(rg) alpha_pr ir ls
 460 -3.2350970e+02 6.53e-07 4.89e-01 3.19e-08  -7.0   -7.9  4.88e-04  3 12h
 461 -3.2350974e+02 6.54e-07 4.87e-01 3.18e-08  -7.0   -7.5  3.91e-03  2  9h
 462 -3.2350983e+02 6.54e-07 4.83e-01 3.15e-08  -7.0   -7.1  7.81e-03  2  8h
 463 -3.2350987e+02 6.56e-07 4.81e-01 3.14e-08  -7.0   -7.6  3.91e-03  2  9h
 464 -3.2350995e+02 6.57e-07 4.77e-01 3.12e-08  -7.0   -7.1  7.81e-03  2  8h
 465 -3.2350999e+02 6.60e-07 4.75e-01 3.11e-08  -7.0   -7.6  3.91e-03  2  9h
 466 -3.2351003e+02 6.59e-07 4.74e-01 3.10e-08  -7.0   -7.2  3.91e-03  2  9h
 467 -3.2351004e+02 6.59e-07 4.73e-01 3.09e-08  -7.0   -7.7  9.77e-04  2 11h
 468 -3.2351004e+02 6.59e-07 4.73e-01 3.09e-08  -7.0   -7.2  6.10e-05  2 15h
iter    objective    inf_pr   inf_du inf_compl lg(mu) lg(rg) alpha_pr ir ls
 470 -3.2352049e+02 5.17e-04 9.63e-05 1.89e-09  -7.0     -   1.00e+00  2 23R
iter    objective    inf_pr   inf_du inf_compl lg(mu) lg(rg) alpha_pr ir ls
 470r-3.2352067e+02 5.29e-23 8.23e+02 8.19e-07  -6.2     -   2.04e-01 10 23f
 471 -3.2351004e+02 4.77e-07 7.47e-02 1.95e-09  -7.0   -8.2  1.00e-03  1  1f
 472 -3.2351005e+02 4.77e-07 1.43e+00 3.82e-09  -7.0   -5.0  1.23e-04  1  9h
 473 -3.2351019e+02 7.15e-07 1.18e+00 1.05e-08  -7.0   -4.6  5.68e-03  1  7h
 474 -3.2351053e+02 1.31e-06 5.24e-01 2.95e-08  -7.0   -4.2  2.62e-02  1  6h
 475 -3.2351054e+02 1.32e-06 6.58e-01 2.95e-08  -7.0   -4.7  4.88e-04  2 12h
 476 -3.2351056e+02 1.32e-06 5.23e-01 2.94e-08  -7.0   -4.2  1.95e-03  2 10h
 477 -3.2351056e+02 1.32e-06 7.33e-01 2.94e-08  -7.0   -4.7  1.22e-04  2 14h
 478 -3.2351056e+02 1.32e-06 5.22e-01 2.94e-08  -7.0   -4.3  4.88e-04  2 12h
 479 -3.2351057e+02 1.32e-06 8.36e-01 2.94e-08  -7.0   -4.8  2.44e-04  2 13h
iter    objective    inf_pr   inf_du inf_compl lg(mu) lg(rg) alpha_pr ir ls
 480 -3.2351057e+02 1.32e-06 5.22e-01 2.94e-08  -7.0   -4.3  4.88e-04  2 12h
 481 -3.2351057e+02 1.32e-06 9.86e-01 2.94e-08  -7.0   -4.8  1.22e-04  2 14h
 482 -3.2351058e+02 1.32e-06 5.22e-01 2.94e-08  -7.0   -4.4  4.88e-04  1 12h
 483 -3.2351058e+02 1.32e-06 1.23e+00 2.94e-08  -7.0   -4.9  1.22e-04  2 14h
 484 -3.2351058e+02 1.32e-06 5.21e-01 2.94e-08  -7.0   -4.5  4.88e-04  1 12h
 485 -3.2351058e+02 1.32e-06 1.69e+00 2.94e-08  -7.0   -4.9  6.10e-05  2 15h
 486 -3.2351059e+02 1.32e-06 5.21e-01 2.93e-08  -7.0   -4.5  4.88e-04  1 12h
 487 -3.2351059e+02 1.32e-06 2.88e+00 2.93e-08  -7.0   -5.0  1.31e-05  2 17h
 488 -3.2351059e+02 1.32e-06 5.37e-01 2.93e-08  -7.0   -4.6  2.44e-04  1 13h
iter    objective    inf_pr   inf_du inf_compl lg(mu) lg(rg) alpha_pr ir ls
 490 -3.2351243e+02 2.43e-01 4.37e-01 2.43e-08  -7.0     -   1.85e-01  2 20R
 491 -3.2352056e+02 3.95e-02 1.56e-01 1.89e-09  -7.0     -   1.00e+00 10 20f
 491r-3.2352056e+02 1.06e-22 8.23e+02 7.77e-07  -5.9     -   2.25e-04 10 20f
 492 -3.2351058e+02 3.58e-07 3.73e-02 1.96e-09  -7.0   -5.5  1.00e-03  1  1f
 493 -3.2351157e+02 1.23e-06 7.51e-02 2.06e-09  -7.0   -3.3  3.22e-02  1  2h
 494 -3.2351163e+02 1.62e-06 6.27e-01 1.11e-08  -7.0   -3.8  4.68e-03  1  8h
 495 -3.2351179e+02 2.02e-06 7.61e-01 2.49e-08  -7.0   -3.3  1.55e-02  1  7h
 496 -3.2351180e+02 2.13e-06 1.80e+00 2.48e-08  -7.0   -3.8  1.95e-03  2 10h
 497 -3.2351187e+02 2.25e-06 8.25e-01 2.46e-08  -7.0   -3.4  7.81e-03  2  8h
 498 -3.2351188e+02 2.29e-06 2.08e+00 2.46e-08  -7.0   -3.9  9.77e-04  2 11h
 499 -3.2351191e+02 2.33e-06 8.89e-01 2.45e-08  -7.0   -3.4  3.91e-03  2  9h
iter    objective    inf_pr   inf_du inf_compl lg(mu) lg(rg) alpha_pr ir ls
 500 -3.2351192e+02 2.34e-06 2.49e+00 2.45e-08  -7.0   -3.9  4.83e-04  2 12h
 501 -3.2351193e+02 2.35e-06 9.56e-01 2.45e-08  -7.0   -3.5  1.95e-03  2 10h
 502 -3.2351194e+02 2.36e-06 2.78e+00 2.45e-08  -7.0   -4.0  2.00e-04  2 13h
 503 -3.2351194e+02 2.36e-06 1.03e+00 2.45e-08  -7.0   -3.5  9.77e-04  2 11h
 504 -3.2351194e+02 2.36e-06 3.12e+00 2.45e-08  -7.0   -4.0  7.35e-05  2 14h
 505 -3.2351195e+02 2.37e-06 1.11e+00 2.44e-08  -7.0   -3.6  9.77e-04  1 11h
 506 -3.2351195e+02 2.37e-06 3.59e+00 2.44e-08  -7.0   -4.1  2.08e-05  2 15h
 507 -3.2351196e+02 2.37e-06 1.20e+00 2.44e-08  -7.0   -3.6  4.88e-04  1 12h
 509 -3.2351214e+02 1.22e-01 1.18e+00 2.39e-08  -7.0     -   2.08e-02  2 17R
iter    objective    inf_pr   inf_du inf_compl lg(mu) lg(rg) alpha_pr ir ls
 510 -3.2352055e+02 2.30e-02 1.23e-01 1.89e-09  -7.0     -   1.00e+00 10 17f
 511 -3.2352044e+02 1.95e-02 2.48e-01 1.89e-09  -7.0     -   2.92e-01 10 17f
 512 -3.2352064e+02 1.59e-01 3.21e-01 1.89e-09  -7.0     -   8.20e-01 10 17f
 513 -3.2352064e+02 1.53e-01 6.74e-02 1.89e-09  -7.0     -   3.82e-02 10 17f
 513r-3.2352060e+02 2.12e-22 8.23e+02 1.30e-06  -5.6     -   1.02e-03 10 17f
 514 -3.2351194e+02 5.91e-07 2.08e-02 1.97e-09  -7.0   -4.6  1.00e-03  1  1f
 515 -3.2351206e+02 1.58e-06 2.08e-01 2.34e-09  -7.0   -3.3  8.84e-03  1  5h
 516 -3.2351232e+02 2.48e-06 6.25e-01 1.28e-08  -7.0   -2.8  2.47e-02  1  6h
 517 -3.2351235e+02 2.93e-06 2.39e+00 2.32e-08  -7.0   -3.3  3.91e-03  1  9h
 518 -3.2351238e+02 2.95e-06 1.15e+00 2.31e-08  -7.0   -2.9  3.91e-03  2  9h
 519 -3.2351239e+02 2.96e-06 2.76e+00 2.31e-08  -7.0   -3.4  4.73e-04  2 12h
iter    objective    inf_pr   inf_du inf_compl lg(mu) lg(rg) alpha_pr ir ls
 520 -3.2351240e+02 2.97e-06 1.24e+00 2.31e-08  -7.0   -2.9  1.95e-03  2 10h
 521 -3.2351240e+02 2.97e-06 2.92e+00 2.31e-08  -7.0   -3.4  9.81e-05  2 14h
 522 -3.2351241e+02 2.97e-06 1.33e+00 2.31e-08  -7.0   -3.0  9.77e-04  2 11h
 523 -3.2351241e+02 2.97e-06 3.14e+00 2.31e-08  -7.0   -3.5  1.58e-04  2 13h
 524 -3.2351242e+02 2.97e-06 1.44e+00 2.31e-08  -7.0   -3.0  9.77e-04  2 11h
 525 -3.2351242e+02 2.97e-06 3.46e+00 2.30e-08  -7.0   -3.5  5.94e-05  2 14h
 526 -3.2351243e+02 2.97e-06 1.56e+00 2.30e-08  -7.0   -3.1  4.88e-04  2 12h
 527 -3.2351243e+02 2.98e-06 3.88e+00 2.30e-08  -7.0   -3.6  3.87e-05  2 14h
 528 -3.2351243e+02 2.98e-06 1.70e+00 2.30e-08  -7.0   -3.1  4.88e-04  2 12h
iter    objective    inf_pr   inf_du inf_compl lg(mu) lg(rg) alpha_pr ir ls
 530 -3.2351346e+02 8.11e-02 1.48e+00 2.03e-08  -7.0     -   1.27e-01  2 20R
 531 -3.2352056e+02 1.99e-02 2.16e-01 4.06e-09  -7.0     -   1.00e+00 10 20f
 532 -3.2352055e+02 8.71e-01 1.66e-01 1.89e-09  -7.0     -   4.07e-02 10 20f
 532r-3.2352067e+02 2.12e-22 8.23e+02 1.63e-06  -5.5     -   5.74e-01 10 20f
 533 -3.2351241e+02 7.43e-07 1.65e-02 1.97e-09  -7.0   -4.1  1.00e-03  1  1f
 534 -3.2351242e+02 2.24e-06 9.97e-01 3.71e-09  -7.0   -3.7  1.44e-03  1  8h
 535 -3.2351248e+02 2.85e-06 1.65e+00 1.16e-08  -7.0   -3.2  6.53e-03  1  8h
 536 -3.2351248e+02 3.07e-06 4.13e+00 1.19e-08  -7.0   -3.7  4.07e-05  1 11h
 537 -3.2351250e+02 3.14e-06 2.63e+00 2.28e-08  -7.0   -3.3  1.95e-03  1 10h
 538 -3.2351253e+02 3.16e-06 1.50e+00 2.27e-08  -7.0   -2.9  3.91e-03  2  9h
 539 -3.2351254e+02 3.18e-06 2.92e+00 2.27e-08  -7.0   -3.3  9.77e-04  2 11h
iter    objective    inf_pr   inf_du inf_compl lg(mu) lg(rg) alpha_pr ir ls
 540 -3.2351255e+02 3.19e-06 1.59e+00 2.27e-08  -7.0   -2.9  1.95e-03  2 10h
 541 -3.2351256e+02 3.19e-06 3.27e+00 2.27e-08  -7.0   -3.4  4.88e-04  2 12h
 542 -3.2351257e+02 3.20e-06 1.68e+00 2.26e-08  -7.0   -3.0  1.95e-03  2 10h
 543 -3.2351257e+02 3.20e-06 3.65e+00 2.26e-08  -7.0   -3.4  2.31e-04  2 13h
 544 -3.2351259e+02 3.21e-06 1.78e+00 2.26e-08  -7.0   -3.0  1.95e-03  2 10h
 545 -3.2351259e+02 3.21e-06 3.82e+00 2.26e-08  -7.0   -3.5  9.55e-05  2 14h
 546 -3.2351260e+02 3.21e-06 1.90e+00 2.25e-08  -7.0   -3.1  9.77e-04  2 11h
 547 -3.2351260e+02 3.22e-06 4.10e+00 2.25e-08  -7.0   -3.5  7.55e-05  2 14h
 548 -3.2351260e+02 3.22e-06 2.03e+00 2.25e-08  -7.0   -3.1  4.88e-04  2 12h
 549 -3.2351260e+02 3.22e-06 4.48e+00 2.25e-08  -7.0   -3.6  5.53e-05  2 14h
iter    objective    inf_pr   inf_du inf_compl lg(mu) lg(rg) alpha_pr ir ls
 550 -3.2351261e+02 3.22e-06 2.17e+00 2.25e-08  -7.0   -3.2  4.88e-04  2 12h
 551 -3.2351261e+02 3.22e-06 4.99e+00 2.25e-08  -7.0   -3.7  1.69e-05  2 15h
 552 -3.2351261e+02 3.22e-06 2.34e+00 2.25e-08  -7.0   -3.2  4.88e-04  1 12h
 554 -3.2351323e+02 9.91e-02 2.16e+00 2.09e-08  -7.0     -   7.87e-02  2 19R
 555 -3.2352054e+02 1.83e-02 1.97e-01 7.02e-09  -7.0     -   1.00e+00 10 19f
 555r-3.2352060e+02 2.12e-22 8.23e+02 1.77e-06  -5.5     -   2.58e-01 10 19f
 556r-3.2351258e+02 3.18e-07 9.19e-02 4.25e-07  -5.5   -4.2  1.00e-03  1  1f
 557r-3.2347804e+02 2.88e-06 3.83e-04 2.13e-07  -5.5   -4.7  5.00e-01  2  2f
 558 -3.2347637e+02 2.86e-06 1.53e-02 2.01e-09  -7.0   -5.1  5.00e-01  1  2f
 559 -3.2348262e+02 2.73e-06 1.59e-02 2.12e-09  -7.0   -5.6  4.65e-02  1  2h
iter    objective    inf_pr   inf_du inf_compl lg(mu) lg(rg) alpha_pr ir ls
 560 -3.2348374e+02 2.70e-06 1.94e-02 6.27e-09  -7.0   -6.1  1.07e-02  1  4h
 561 -3.2348793e+02 2.53e-06 7.25e-02 1.32e-08  -7.0     -   6.57e-02 10  3h
 562 -3.2348928e+02 2.47e-06 2.52e-01 3.58e-08  -7.0     -   3.16e-02  1  5h
 563 -3.2348939e+02 2.46e-06 2.07e-01 1.08e-07  -7.0   -5.7  2.97e-03  1  9h
 564 -3.2348964e+02 2.44e-06 4.18e-01 4.00e-07  -7.0   -5.2  7.22e-03  1  8h
 565 -3.2352054e+02 7.69e-07 4.66e-06 3.47e-09  -7.0   -3.9  1.00e+00  1  1h
 566 -3.2352048e+02 7.45e-07 5.13e-07 1.99e-09  -7.0   -4.4  1.00e+00  2  1H

Number of Iterations....: 566

                                   (scaled)                 (unscaled)
Objective...............:  -4.7299573109019537e+00   -3.2352048192604025e+02
Dual infeasibility......:   5.1255654268285158e-07    3.5057935791703906e-05
Constraint violation....:   7.4478890761250873e-07    7.4478890761250873e-07
Complementarity.........:   2.9048258216126117e-11    1.9868480579164326e-09
Overall NLP error.......:   7.4478890761250873e-07    7.4478890761250873e-07

Number of objective function evaluations              = 4492
Number of objective gradient evaluations              = 567
Number of constraint evaluations                      = 4496
Number of constraint Jacobian evaluations             = 583
Number of Lagrangian Hessian evaluations              = 566
Number of KKT factorizations                          = 1388
Number of KKT backsolves                              = 2472

Total wall secs in initialization                     =  1.487 s
Total wall secs in linear solver                      =  unavailable
Total wall secs in NLP function evaluations           = 27.445 s
Total wall secs in solver (w/o init./fun./lin. alg.)  =  unavailable
Total wall secs                                       = 77.388 s

[32mEXIT: Optimal Solution Found (tol = 1.0e-06).[0m
This is [34mMad[31mN[32mL[35mP[0m version v0.9.2, running with cuDSS v0.7.1

Number of nonzeros in constraint Jacobian............:  1115394
Number of nonzeros in Lagrangian Hessian.............:   928674

Total number of variables............................:    85807
                     variables with only lower bounds:        0
                variables with lower and upper bounds:       19
                     variables with only upper bounds:        0
Total number of equality constraints.................:    85788
Total number of inequality constraints...............:        0
        inequality constraints with only lower bounds:        0
   inequality constraints with lower and upper bounds:        0
        inequality constraints with only upper bounds:        0

iter    objective    inf_pr   inf_du inf_compl lg(mu) lg(rg) alpha_pr ir ls
   0 -5.3083767e+01 4.32e-02 1.00e+02 1.56e+01  -1.0     -   0.00e+00  0  0 
   1 -5.3083767e+01 4.32e-02 5.82e-01 3.10e-08  -1.0   -4.0  1.22e-12  1  1h
   2 -3.2289311e+02 6.22e-03 2.02e-02 4.78e-09  -1.7   -4.5  1.00e+00  1  1h
   3 -3.2198508e+02 5.16e-01 1.90e-02 4.59e-09  -3.8   -1.3  1.00e+00  1  1h
   4 -3.2225896e+02 2.39e+00 2.21e-02 4.47e-09  -3.8   -0.0  1.00e+00  1  1h
   5 -3.2201237e+02 4.31e-01 8.87e-03 2.66e-09  -3.8    1.3  1.00e+00  1  1h
   6 -3.2140629e+02 4.79e-03 3.61e-04 1.94e-09  -3.8    0.8  1.00e+00  2  1h
   7 -3.1984978e+02 7.05e-03 1.20e-02 1.89e-09  -3.8    0.4  1.00e+00  2  1h
   8 -3.1984258e+02 1.07e-02 3.19e-03 1.89e-09  -3.8   -0.1  1.00e+00  2  1h
   9 -3.1984511e+02 1.07e-02 8.17e-03 4.54e-09  -3.8   -0.6  2.69e-03  2  9h
iter    objective    inf_pr   inf_du inf_compl lg(mu) lg(rg) alpha_pr ir ls
  10 -3.1975120e+02 7.17e-03 2.42e-03 2.13e-09  -3.8   -0.2  1.00e+00  2  1H
  11 -3.2001857e+02 4.77e-03 1.22e-03 1.89e-09  -3.8    0.3  1.00e+00  2  1h
  12 -3.2090150e+02 1.03e-01 4.66e-02 2.17e-09  -3.8   -0.2  1.00e+00  2  1H
  13 -3.2101228e+02 2.22e-02 3.32e-03 1.89e-09  -3.8    0.2  1.00e+00  2  1h
  14 -3.2101275e+02 2.22e-02 2.85e-02 7.77e-09  -3.8   -0.3  2.30e-04  2 10h
  15 -3.2127938e+02 1.83e-02 5.58e-03 2.03e-09  -3.8    0.2  1.00e+00  2  1h
  16 -3.2141118e+02 1.66e-03 7.72e-04 1.89e-09  -3.8    0.6  1.00e+00  2  1h
  17 -3.2185524e+02 3.03e-02 3.94e-02 2.13e-09  -3.8    0.1  1.00e+00  2  1H
  18 -3.2193558e+02 7.23e-03 2.00e-03 1.89e-09  -3.8    0.5  1.00e+00  1  1h
  19 -3.2235052e+02 6.74e-02 1.22e-02 1.89e-09  -3.8    0.1  1.00e+00  2  1h
iter    objective    inf_pr   inf_du inf_compl lg(mu) lg(rg) alpha_pr ir ls
  20 -3.2252878e+02 1.55e-03 8.30e-04 1.89e-09  -3.8    0.5  1.00e+00  2  1h
  21 -3.2287425e+02 6.83e-02 7.31e-03 1.89e-09  -3.8    0.0  1.00e+00  2  1h
  22 -3.2287613e+02 6.82e-02 1.41e-02 4.26e-09  -3.8   -0.5  6.87e-04  2  8h
  23 -3.2313263e+02 4.57e-02 1.18e-02 3.21e-09  -3.8   -0.0  1.00e+00  2  1h
  24 -3.2319199e+02 2.03e-03 8.44e-03 1.99e-09  -3.8    0.4  1.00e+00  2  1h
  25 -3.2319654e+02 2.08e-03 8.32e-03 2.59e-09  -3.8   -0.1  3.12e-02  2  6h
  26 -3.2324754e+02 3.13e-03 1.45e-02 2.25e-09  -3.8    0.3  1.00e+00  1  1H
  27 -3.2324735e+02 1.95e-03 1.72e-02 2.88e-09  -3.8   -0.1  3.80e-02  2  5h
  28 -3.2324920e+02 9.35e-05 1.45e-02 2.57e-09  -3.8    0.3  2.50e-01  2  3h
  29 -3.2326036e+02 3.69e-04 8.64e-03 1.95e-09  -3.8    0.7  1.00e+00  1  1H
iter    objective    inf_pr   inf_du inf_compl lg(mu) lg(rg) alpha_pr ir ls
  30 -3.2325751e+02 1.60e-04 8.79e-03 2.58e-09  -3.8    0.2  6.25e-02  2  5h
  31 -3.2325712e+02 8.55e-05 7.75e-03 2.36e-09  -3.8    0.7  1.25e-01  2  4h
  32 -3.2325628e+02 7.95e-05 7.72e-03 3.32e-09  -3.8    0.2  7.26e-03  2  8h
  33 -3.2325545e+02 2.33e-05 6.87e-03 2.58e-09  -3.8    0.6  1.25e-01  2  4h
  34 -3.2325539e+02 2.33e-05 6.87e-03 3.88e-09  -3.8    0.1  2.37e-04  2 12h
  35 -3.2325504e+02 2.80e-05 6.67e-03 2.92e-09  -3.8    0.5  3.12e-02  2  6h
  36 -3.2325497e+02 2.80e-05 6.67e-03 4.53e-09  -3.8    0.1  1.12e-04  2 12h
  37 -3.2325472e+02 2.94e-05 6.57e-03 3.31e-09  -3.8    0.5  1.56e-02  2  7h
  38r-3.2313747e+02 1.69e-21 2.98e+02 8.46e-05  -3.8     -   1.08e-02  2 17R
  39r-3.2325349e+02 4.17e-07 3.92e-02 9.34e-08  -3.8   -0.5  5.13e-03  1  1f
iter    objective    inf_pr   inf_du inf_compl lg(mu) lg(rg) alpha_pr ir ls
  40r-3.1953859e+02 1.68e-03 4.04e-03 3.00e-07  -3.8   -0.9  5.63e-01  1  1f
  41r-2.7317783e+02 1.88e-02 7.20e-05 6.55e-08  -3.8   -1.4  1.00e+00  2  1h
  42r-2.2698517e+02 6.59e-04 1.38e-04 4.52e-09  -3.8   -1.9  1.00e+00  2  1h
  43r-2.0626714e+02 1.42e-04 3.74e-03 1.10e-08  -5.7   -1.5  9.17e-01  1  1h
  44r-2.0153973e+02 2.76e-04 7.04e-02 7.48e-09  -5.7   -1.0  9.40e-01  1  1h
  45r-1.9290573e+02 1.39e-02 2.23e-02 5.09e-09  -5.7   -1.5  6.03e-01  1  1h
  46r-2.1364465e+02 9.81e-02 1.91e-02 2.56e-09  -5.7   -2.0  1.00e+00  1  1h
  47r-2.0343126e+02 2.25e-03 4.65e-02 1.96e-09  -5.7   -2.5  1.00e+00  1  1h
  48r-2.1192789e+02 1.88e-03 2.20e-01 2.59e-09  -5.7   -2.9  6.25e-02  2  5h
  49r-2.2278635e+02 6.53e-03 7.02e-03 2.10e-09  -5.7   -2.5  1.00e+00  2  1h
iter    objective    inf_pr   inf_du inf_compl lg(mu) lg(rg) alpha_pr ir ls
  50r-2.5222082e+02 2.05e-02 4.83e-03 1.90e-09  -5.7   -3.0  1.00e+00  2  1h
  51r-2.6865869e+02 2.36e-02 4.34e-02 1.99e-09  -5.7   -3.5  5.00e-01  2  2h
  52r-2.7791777e+02 2.22e-02 5.81e-02 2.05e-09  -5.7   -3.9  2.50e-01  2  3h
  53r-2.8639745e+02 2.13e-02 5.43e-02 2.12e-09  -5.7   -4.4  2.50e-01  2  3h
  54r-2.9282824e+02 1.92e-02 5.07e-02 2.15e-09  -5.7   -4.9  2.50e-01  2  3h
  55r-3.0147376e+02 1.79e-02 3.16e-02 2.05e-09  -5.7   -5.4  5.00e-01  2  2h
  56r-3.0853023e+02 8.02e-03 1.21e-03 1.89e-09  -5.7   -5.9  1.00e+00  2  1h
  57 -3.0862038e+02 6.19e-06 2.67e-02 1.89e-09  -3.8   -6.3  1.00e+00  1  1h
  58 -3.0864540e+02 3.97e-04 8.85e-03 2.28e-09  -3.8   -4.1  8.36e-04  1  7h
  59 -3.2347850e+02 1.79e+00 3.61e-02 1.91e-09  -3.8   -3.7  1.00e+00  2  1h
iter    objective    inf_pr   inf_du inf_compl lg(mu) lg(rg) alpha_pr ir ls
  60 -3.2347827e+02 5.93e-01 1.35e-02 1.89e-09  -3.8   -4.2  1.00e+00  2  1h
  61 -3.2347828e+02 6.01e-01 5.33e-03 1.89e-09  -3.8   -4.6  1.00e+00  2  1h
  62 -3.2347829e+02 1.02e-01 1.99e-03 1.89e-09  -3.8   -4.2  1.00e+00  2  1h
  63 -3.2347829e+02 2.76e-01 4.39e-04 1.89e-09  -3.8   -2.9  1.00e+00  2  1h
  64 -3.2347829e+02 6.38e-02 3.19e-04 1.89e-09  -3.8   -3.4  1.00e+00  2  1h
  65 -3.2347829e+02 1.43e-01 1.63e-04 1.89e-09  -3.8   -3.8  1.00e+00  2  1h
  66 -3.2347829e+02 3.24e-02 4.36e-04 1.89e-09  -3.8   -4.3  1.00e+00  3  1h
  67 -3.2347829e+02 2.44e-02 3.19e-04 2.01e-09  -3.8   -4.8  2.50e-01  3  3h
  68 -3.2347829e+02 2.40e-02 3.13e-04 2.59e-09  -3.8   -5.3  1.56e-02  4  7h
  69 -3.2347829e+02 8.87e-03 5.37e-04 1.97e-09  -3.8   -4.8  1.00e+00  4  1h
iter    objective    inf_pr   inf_du inf_compl lg(mu) lg(rg) alpha_pr ir ls
  70 -3.2347829e+02 4.00e-04 1.14e-05 1.89e-09  -3.8   -3.5  1.00e+00  3  1h
  71 -3.2348091e+02 1.04e-04 1.62e-04 3.61e-09  -5.7   -4.0  1.00e+00  1  1h
  72 -3.2349283e+02 1.60e-05 1.37e-04 3.05e-09  -5.7   -4.5  1.00e+00  1  1h
  73 -3.2350309e+02 4.07e-05 1.41e-06 2.96e-09  -5.7   -4.9  1.00e+00  1  1h
  74 -3.2350921e+02 8.77e-05 1.77e-06 2.04e-09  -5.7   -5.4  1.00e+00 10  1h
  75 -3.2350859e+02 1.04e-05 2.87e-07 1.89e-09  -5.7   -5.0  1.00e+00 10  1h
  76 -3.2351613e+02 4.77e-07 2.77e-04 3.43e-09  -7.0   -3.7  1.00e+00  2  1h
  77 -3.2352039e+02 5.96e-07 2.48e-08 3.17e-09  -7.0   -4.1  1.00e+00  1  1h

Number of Iterations....: 77

                                   (scaled)                 (unscaled)
Objective...............:  -4.7299560349053884e+00   -3.2352039465019465e+02
Dual infeasibility......:   2.4814843895204734e-08    1.6972902138867751e-06
Constraint violation....:   5.9604656789636026e-07    5.9604656789636026e-07
Complementarity.........:   4.6301642479426195e-11    3.1669481782394224e-09
Overall NLP error.......:   5.9604656789636026e-07    5.9604656789636026e-07

Number of objective function evaluations              = 216
Number of objective gradient evaluations              = 78
Number of constraint evaluations                      = 228
Number of constraint Jacobian evaluations             = 79
Number of Lagrangian Hessian evaluations              = 77
Number of KKT factorizations                          = 195
Number of KKT backsolves                              = 224

Total wall secs in initialization                     =  1.298 s
Total wall secs in linear solver                      =  unavailable
Total wall secs in NLP function evaluations           =  1.619 s
Total wall secs in solver (w/o init./fun./lin. alg.)  =  unavailable
Total wall secs                                       =  9.282 s

[32mEXIT: Optimal Solution Found (tol = 1.0e-06).[0m
This is [34mMad[31mN[32mL[35mP[0m version v0.9.2, running with cuDSS v0.7.1

Number of nonzeros in constraint Jacobian............:  1115394
Number of nonzeros in Lagrangian Hessian.............:   928674

Total number of variables............................:    85807
                     variables with only lower bounds:        0
                variables with lower and upper bounds:       19
                     variables with only upper bounds:        0
Total number of equality constraints.................:    85788
Total number of inequality constraints...............:        0
        inequality constraints with only lower bounds:        0
   inequality constraints with lower and upper bounds:        0
        inequality constraints with only upper bounds:        0

iter    objective    inf_pr   inf_du inf_compl lg(mu) lg(rg) alpha_pr ir ls
   0 -5.3083767e+01 4.32e-02 1.00e+02 1.56e+01  -1.0     -   0.00e+00  0  0 
   1 -5.3083767e+01 4.32e-02 5.82e-01 3.10e-08  -1.0   -4.0  1.22e-12  1  1h
   2 -3.2289311e+02 6.22e-03 2.02e-02 4.78e-09  -1.7   -4.5  1.00e+00  1  1h
   3 -3.2198471e+02 5.73e-01 1.91e-02 4.58e-09  -3.8   -1.3  1.00e+00  1  1h
   4 -2.7548508e+02 3.34e-01 1.09e-02 4.77e-08  -3.8   -0.0  2.57e-02  1  1H
   5 -2.9573917e+02 8.75e-01 9.71e-03 6.22e-09  -3.8   -0.5  1.00e+00  1  1h
   6 -3.0263624e+02 8.11e-01 7.52e-03 5.72e-09  -3.8   -1.0  6.40e-02  1  1h
   7 -3.0966007e+02 7.06e-01 5.40e-03 5.21e-09  -3.8   -1.4  1.14e-01  1  1h
   8 -3.1640332e+02 6.55e-01 4.76e-03 4.99e-09  -3.8   -1.9  7.75e-02  1  1h
   9 -3.1944422e+02 5.95e-01 5.10e-03 4.41e-09  -3.8   -2.4  8.93e-02  1  1h
iter    objective    inf_pr   inf_du inf_compl lg(mu) lg(rg) alpha_pr ir ls
  10 -3.2178508e+02 3.89e-01 6.92e-03 4.11e-09  -3.8   -2.0  3.08e-01  1  1h
  11 -3.2293928e+02 2.00e-01 9.67e-03 2.89e-09  -3.8   -2.4  5.48e-01  1  1h
  12 -3.2319164e+02 1.58e-01 8.52e-03 2.60e-09  -3.8   -2.0  2.10e-01  1  1h
  13 -3.2344913e+02 1.41e-01 1.23e-02 1.12e-08  -3.8   -1.6  3.95e-01  1  1h
  14 -3.2346898e+02 1.97e-01 8.62e-03 7.61e-09  -3.8   -2.1  5.08e-01  1  1h
  15 -3.2347523e+02 3.46e-01 1.89e-02 5.95e-09  -3.8   -2.6  6.51e-01  1  1h
  16 -3.2347621e+02 6.02e-01 5.81e-02 3.81e-09  -3.8   -2.1  6.31e-01  1  1h
  17 -3.2347702e+02 5.10e-01 9.65e-02 4.06e-09  -3.8   -1.7  1.00e+00  1  1h
  18 -3.2347819e+02 2.24e-01 3.41e-02 2.21e-09  -3.8   -1.3  1.00e+00  2  1h
  19 -3.2347829e+02 1.59e-02 2.92e-03 1.90e-09  -3.8   -1.8  1.00e+00  2  1h
iter    objective    inf_pr   inf_du inf_compl lg(mu) lg(rg) alpha_pr ir ls
  20 -3.2347829e+02 1.53e-03 1.22e-04 1.89e-09  -3.8   -2.2  1.00e+00  2  1h
  21 -3.2347829e+02 4.08e-03 2.47e-05 1.89e-09  -3.8   -2.7  1.00e+00  2  1h
  22 -3.2347830e+02 1.28e-02 4.75e-05 1.89e-09  -3.8   -3.2  1.00e+00  2  1h
  23 -3.2347830e+02 1.14e-02 7.66e-04 2.00e-09  -3.8   -3.7  5.00e-01  3  2h
  24 -3.2347830e+02 4.84e-02 4.41e-04 1.89e-09  -3.8   -4.1  1.00e+00  3  1h
  25 -3.2347830e+02 5.57e-04 8.60e-05 1.89e-09  -3.8   -2.8  1.00e+00  2  1h
  26 -3.2348091e+02 2.84e-05 2.92e-04 3.61e-09  -5.7   -3.3  1.00e+00  1  1h
  27 -3.2349283e+02 2.00e-05 5.17e-03 3.05e-09  -5.7   -3.8  1.00e+00  1  1h
  28 -3.2350309e+02 4.63e-06 5.74e-05 2.96e-09  -5.7   -4.2  1.00e+00  1  1h
  29 -3.2350921e+02 5.26e-05 1.20e-06 2.04e-09  -5.7   -4.7  1.00e+00  2  1h
iter    objective    inf_pr   inf_du inf_compl lg(mu) lg(rg) alpha_pr ir ls
  30 -3.2350859e+02 1.49e-04 2.67e-07 1.89e-09  -5.7   -5.2  1.00e+00  2  1h
  31 -3.2350858e+02 1.05e-05 2.11e-06 1.89e-09  -5.7   -5.7  1.00e+00  2  1h
  32 -3.2351613e+02 2.14e-05 1.21e-04 3.43e-09  -7.0   -6.1  1.00e+00  1  1h
  33 -3.2352040e+02 1.11e-04 1.77e-05 3.17e-09  -7.0   -6.6  1.00e+00  1  1h
  34 -3.2352048e+02 1.67e-04 9.67e-06 2.11e-09  -7.0   -7.1  1.00e+00  2  1h
  35 -3.2352047e+02 4.52e-03 4.76e-04 1.89e-09  -7.0   -7.6  1.00e+00  2  1h
  36 -3.2352047e+02 4.09e-04 3.50e-05 1.89e-09  -7.0   -6.2  1.00e+00  2  1H
  37 -3.2352047e+02 7.90e-05 9.33e-06 1.89e-09  -7.0   -6.7  1.00e+00  2  1H
  38 -3.2352047e+02 8.60e-05 7.15e-05 1.89e-09  -7.0   -7.2  1.00e+00  2  1H
  39 -3.2352047e+02 7.25e-04 1.16e-04 1.96e-09  -7.0   -7.7  5.00e-01  2  2h
iter    objective    inf_pr   inf_du inf_compl lg(mu) lg(rg) alpha_pr ir ls
  40 -3.2352047e+02 7.15e-04 1.44e-04 2.21e-09  -7.0   -8.2  3.12e-02  3  6h
  41 -3.2352047e+02 7.13e-04 3.77e-04 2.73e-09  -7.0   -8.6  3.91e-03  2  9h
  42 -3.2352051e+02 6.55e+02 6.62e+00 2.31e-09  -7.0   -9.1  4.04e-01  2  2h
  43 -3.2352051e+02 3.97e+02 6.47e-01 2.03e-09  -7.0   -2.4  5.00e-01  2  2h
  44 -3.2352051e+02 3.51e+02 5.66e-01 1.97e-09  -7.0   -2.8  1.25e-01  2  4h
  45 -3.2352051e+02 3.40e+02 5.48e-01 1.98e-09  -7.0   -3.3  3.12e-02  2  6h
  46 -3.2352051e+02 3.39e+02 5.47e-01 1.99e-09  -7.0   -3.8  1.95e-03  2 10h
  47 -3.2352051e+02 3.39e+02 1.03e+00 2.05e-09  -7.0   -4.3  2.44e-04  2 13h
  48 -3.2352051e+02 3.39e+02 5.47e-01 1.99e-09  -7.0   -3.8  4.88e-04  2 12h
  49 -3.2352051e+02 3.39e+02 1.22e+00 2.07e-09  -7.0   -4.3  1.53e-05  2 17h
  51 -3.2352051e+02 1.25e+02 4.42e-02 1.89e-09  -7.0     -   1.00e+00  2 22R
  51r-3.2352047e+02 5.55e-17 8.23e+02 1.86e+02   2.5     -   2.73e-05 10 22f
  52r-3.2351560e+02 3.58e-07 9.39e-06 1.16e-05   1.8   -4.4  6.42e-09  1  1f
  53r-3.2252986e+02 1.25e+02 9.97e-06 4.51e-06  -7.0   -4.9  5.42e-03  1  1f
  54r-3.2133777e+02 1.16e+02 1.26e-05 5.72e-06  -7.0    0.1  6.83e-02  1  1h
  55r-3.1801850e+02 8.53e+01 1.39e-04 6.30e-05  -7.0    1.4  3.11e-01  1  1h
  56r-3.2083826e+02 3.54e+01 2.23e-04 7.69e-05  -7.0    2.7  8.77e-01  1  1h
  57r-3.2125954e+02 2.82e+01 5.07e-04 1.02e-04  -7.0    2.3  2.28e-01  1  1h
  58r-3.2154634e+02 2.30e+01 1.74e-03 1.61e-04  -7.0    1.8  2.04e-01  1  1h
  59r-3.2244663e+02 1.00e+01 9.49e-03 5.97e-05  -7.0    1.3  8.26e-01  1  1h
iter    objective    inf_pr   inf_du inf_compl lg(mu) lg(rg) alpha_pr ir ls
  60r-3.2257396e+02 4.45e+00 1.34e-02 5.21e-05  -7.0    0.8  7.96e-01  1  1h
  61r-3.2258244e+02 3.30e+00 1.21e-02 4.80e-05  -7.0    1.3  2.96e-01  1  1h
  62r-3.2258451e+02 2.52e+00 1.30e-02 4.97e-05  -7.0    0.8  2.68e-01  1  1h
  63r-3.2257981e+02 2.24e+00 1.35e-02 5.14e-05  -7.0    0.3  1.15e-01  1  1h
  64r-3.2257914e+02 1.80e+00 1.51e-02 5.63e-05  -7.0    0.7  2.18e-01  1  1h
  65r-3.2256113e+02 1.16e+00 1.36e-02 4.35e-05  -7.0    0.3  4.25e-01  1  1h
  66r-3.2254916e+02 1.07e+00 1.52e-02 4.85e-05  -7.0   -0.2  8.15e-02  1  1h
  67r-3.2253893e+02 8.76e-01 1.83e-02 5.78e-05  -7.0    0.2  1.94e-01  1  1h
  68r-3.2249305e+02 6.55e-01 1.75e-02 5.46e-05  -7.0   -0.3  2.80e-01  1  1h
  69r-3.2247006e+02 4.32e-01 1.44e-02 4.29e-05  -7.0    0.2  3.88e-01  1  1h
iter    objective    inf_pr   inf_du inf_compl lg(mu) lg(rg) alpha_pr ir ls
  70r-3.2244891e+02 3.79e-01 1.48e-02 4.43e-05  -7.0   -0.3  1.28e-01  1  1h
  71r-3.2242406e+02 3.59e-01 2.02e-02 6.06e-05  -7.0   -0.8  5.44e-02  1  1h
  72r-3.2241081e+02 3.30e-01 1.95e-02 5.84e-05  -7.0   -0.4  8.16e-02  1  1h
  73r-3.2234218e+02 2.83e-01 1.95e-02 5.96e-05  -7.0   -0.8  1.49e-01  1  1h
  74r-3.2233203e+02 2.66e-01 2.85e-02 6.48e-05  -7.0   -0.4  6.20e-02  1  1h
  75r-3.2221967e+02 2.03e-01 1.72e-02 5.43e-05  -7.0   -0.9  2.50e-01  1  1h
  76r-3.2221334e+02 1.94e-01 1.72e-02 5.42e-05  -7.0   -0.5  4.33e-02  1  1h
  77r-3.2219096e+02 1.83e-01 1.80e-02 5.67e-05  -7.0   -1.0  5.67e-02  1  1h
  78r-3.2218095e+02 1.71e-01 1.71e-02 5.39e-05  -7.0   -0.5  7.12e-02  1  1h
  79r-3.2216133e+02 1.62e-01 5.00e-02 6.15e-05  -7.0   -1.0  5.31e-02  1  1h
iter    objective    inf_pr   inf_du inf_compl lg(mu) lg(rg) alpha_pr ir ls
  80r-3.2215619e+02 1.55e-01 3.77e-02 5.98e-05  -7.0   -0.6  4.16e-02  1  1h
  81r-3.2215117e+02 1.53e-01 7.13e-02 6.37e-05  -7.0   -1.1  1.48e-02  1  1h
  82r-3.2214200e+02 1.42e-01 9.14e-02 6.54e-05  -7.0   -0.6  7.38e-02  1  1h
  83r-3.2210590e+02 1.26e-01 4.71e-02 6.01e-05  -7.0   -1.1  1.13e-01  1  1h
  84r-3.2209928e+02 1.18e-01 4.01e-02 5.86e-05  -7.0   -0.7  5.92e-02  1  1h
  85r-3.2209503e+02 1.17e-01 4.99e-02 6.01e-05  -7.0   -1.2  1.50e-02  1  1h
  86r-3.2208726e+02 1.09e-01 4.30e-02 5.85e-05  -7.0   -0.7  7.00e-02  1  1h
  87r-3.2206478e+02 1.00e-01 3.70e-02 5.63e-05  -7.0   -1.2  7.86e-02  1  1h
  88r-3.2206148e+02 9.64e-02 3.95e-02 5.69e-05  -7.0   -0.8  3.72e-02  1  1h
  89r-3.2204841e+02 9.18e-02 7.66e-02 5.89e-05  -7.0   -1.3  4.88e-02  1  1h
iter    objective    inf_pr   inf_du inf_compl lg(mu) lg(rg) alpha_pr ir ls
  90r-3.2203810e+02 7.88e-02 1.19e-01 5.08e-05  -7.0   -0.8  1.44e-01  1  1h
  91r-3.2202747e+02 7.40e-02 3.54e-02 5.34e-05  -7.0   -1.3  6.13e-02  1  1h
  92r-3.2202670e+02 6.79e-02 5.19e-02 5.40e-05  -7.0   -0.9  8.29e-02  1  1h
  93r-3.2204102e+02 3.22e-02 1.06e+00 2.76e-05  -7.0   -1.4  5.55e-01  1  1h
  94r-3.2209284e+02 3.15e-02 7.19e-01 2.81e-05  -7.0   -1.8  2.17e-02  1  1h
  95r-3.2223097e+02 2.82e-02 1.09e+00 2.73e-05  -7.0   -1.4  1.06e-01  1  1h
  96r-3.2226469e+02 2.78e-02 1.07e+00 2.72e-05  -7.0   -1.9  1.58e-02  1  1h
  97r-3.2239671e+02 2.52e-02 1.35e+00 2.65e-05  -7.0   -1.5  9.19e-02  1  1h
  98r-3.2247959e+02 2.40e-02 1.41e+00 2.59e-05  -7.0   -1.9  4.96e-02  1  1h
  99r-3.2258636e+02 2.21e-02 1.55e+00 2.53e-05  -7.0   -1.5  7.78e-02  1  1h
iter    objective    inf_pr   inf_du inf_compl lg(mu) lg(rg) alpha_pr ir ls
 100r-3.2257381e+02 2.07e-02 1.51e+00 2.44e-05  -7.0   -2.0  6.27e-02  1  1h
 101r-3.2270632e+02 1.83e-02 1.88e+00 2.33e-05  -7.0   -1.6  1.17e-01  1  1h
 102r-3.2265938e+02 1.78e-02 1.97e+00 2.38e-05  -7.0   -2.0  2.75e-02  1  1h
 103r-3.2276473e+02 1.64e-02 1.87e+00 2.33e-05  -7.0   -1.6  7.90e-02  1  1h
 104r-3.2282831e+02 1.46e-02 1.79e+00 2.29e-05  -7.0   -2.1  1.10e-01  1  1h
 105r-3.2301780e+02 1.20e-02 2.22e+00 2.15e-05  -7.0   -1.7  1.82e-01  1  1h
 106r-3.2304929e+02 1.03e-02 2.00e+00 2.11e-05  -7.0   -2.1  1.41e-01  1  1h
 107r-3.2305510e+02 8.98e-03 2.16e+00 1.99e-05  -7.0   -1.7  1.28e-01  1  1h
 108r-3.2304622e+02 8.92e-03 2.24e+00 2.06e-05  -7.0   -2.2  6.75e-03  1  1h
 109r-3.2304559e+02 8.84e-03 2.24e+00 2.05e-05  -7.0   -1.8  8.93e-03  1  1h
iter    objective    inf_pr   inf_du inf_compl lg(mu) lg(rg) alpha_pr ir ls
 110r-3.2304533e+02 8.61e-03 2.53e+00 2.20e-05  -7.0   -1.3  2.61e-02  1  1h
 111r-3.2304319e+02 8.22e-03 2.44e+00 2.16e-05  -7.0   -1.8  4.47e-02  1  1h
 112r-3.2304230e+02 7.20e-03 2.18e+00 1.94e-05  -7.0   -1.4  1.25e-01  1  1h
 113r-3.2304166e+02 6.42e-03 2.24e+00 1.99e-05  -7.0   -1.9  1.08e-01  1  1h
 114r-3.2304099e+02 5.20e-03 1.85e+00 1.64e-05  -7.0   -1.4  1.90e-01  1  1h
 115r-3.2304162e+02 4.61e-03 1.80e+00 1.60e-05  -7.0   -1.9  1.15e-01  1  1h
 116r-3.2290111e+02 1.08e-03 4.83e-01 3.96e-06  -7.0   -2.4  7.72e-01  1  1h
 117r-3.2292684e+02 1.60e-05 2.79e-01 1.08e-07  -7.0   -2.0  9.88e-01  1  1h
 118r-3.2300907e+02 8.56e-07 3.38e-02 4.61e-09  -7.0   -2.5  1.00e+00  1  1h
 119r-3.2308947e+02 7.15e-07 2.28e-02 9.99e-09  -7.0   -2.9  4.54e-01  1  1h
iter    objective    inf_pr   inf_du inf_compl lg(mu) lg(rg) alpha_pr ir ls
 120r-3.2335080e+02 6.41e-06 1.75e-04 3.57e-09  -7.0   -3.4  1.00e+00  1  1h
 121r-3.2338568e+02 5.54e-06 9.36e-04 6.10e-09  -7.0   -3.9  2.03e-01  2  1h
 122r-3.2347428e+02 2.46e-05 1.54e-04 2.58e-09  -7.0   -4.4  1.00e+00  2  1h
 123r-3.2347553e+02 3.93e-05 3.12e-04 1.96e-09  -7.0   -4.8  1.00e+00  2  1h
 124r-3.2347554e+02 4.11e-05 4.61e-05 1.89e-09  -7.0   -5.3  1.00e+00  2  1h
 125 -3.2347554e+02 4.35e-06 5.42e-01 1.89e-09  -7.0   -5.8  1.00e+00  1  1h
 126 -3.2348922e+02 4.34e-06 5.40e-01 1.89e-09  -7.0   -4.5  3.25e-03  1  1h
 127 -3.2349543e+02 4.32e-06 5.38e-01 2.84e-09  -7.0   -4.0  3.75e-03  1  1h
 128 -3.2350634e+02 4.25e-06 5.28e-01 2.87e-09  -7.0   -4.5  1.80e-02  1  1h
 129 -3.2351754e+02 3.96e-06 4.93e-01 3.00e-09  -7.0   -4.1  6.73e-02  1  1h
iter    objective    inf_pr   inf_du inf_compl lg(mu) lg(rg) alpha_pr ir ls
 130 -3.2352082e+02 2.81e-06 3.49e-01 3.04e-09  -7.0   -4.6  2.92e-01  1  1h
 131 -3.2352054e+02 5.96e-07 8.07e-08 2.14e-09  -7.0   -4.1  1.00e+00  1  1h

Number of Iterations....: 131

                                   (scaled)                 (unscaled)
Objective...............:  -4.7299582005073066e+00   -3.2352054277342921e+02
Dual infeasibility......:   8.0726296744717130e-08    5.5215319526795587e-06
Constraint violation....:   5.9604654550589483e-07    5.9604654550589483e-07
Complementarity.........:   3.1233780813122093e-11    2.1363338306972360e-09
Overall NLP error.......:   5.9604654550589483e-07    5.9604654550589483e-07

Number of objective function evaluations              = 235
Number of objective gradient evaluations              = 132
Number of constraint evaluations                      = 235
Number of constraint Jacobian evaluations             = 133
Number of Lagrangian Hessian evaluations              = 131
Number of KKT factorizations                          = 330
Number of KKT backsolves                              = 198

Total wall secs in initialization                     =  1.292 s
Total wall secs in linear solver                      =  unavailable
Total wall secs in NLP function evaluations           =  1.986 s
Total wall secs in solver (w/o init./fun./lin. alg.)  =  unavailable
Total wall secs                                       = 13.723 s

[32mEXIT: Optimal Solution Found (tol = 1.0e-06).[0m

============================================================
[0][3/8] Giordano_Nature2020
============================================================
This is [34mMad[31mN[32mL[35mP[0m version v0.9.2, running with cuDSS v0.7.1

Number of nonzeros in constraint Jacobian............:   246572
Number of nonzeros in Lagrangian Hessian.............:   445384

Total number of variables............................:    16076
                     variables with only lower bounds:        0
                variables with lower and upper bounds:       50
                     variables with only upper bounds:        0
Total number of equality constraints.................:    16026
Total number of inequality constraints...............:        0
        inequality constraints with only lower bounds:        0
   inequality constraints with lower and upper bounds:        0
        inequality constraints with only upper bounds:        0

iter    objective    inf_pr   inf_du inf_compl lg(mu) lg(rg) alpha_pr ir ls
   0  2.8917121e+02 0.00e+00 1.00e+00 8.00e+00  -1.0     -   0.00e+00  0  0 
   1  2.8063069e+02 1.30e-03 6.02e-01 9.04e-01  -1.0    0.0  4.48e-04  1  1f
   2  2.3975666e+02 9.66e-03 2.17e-01 2.48e-02  -1.7    0.4  1.94e-01  1  1h
   3  1.5714871e+02 2.81e-02 2.48e-02 4.97e-04  -1.7    0.9  1.00e+00  1  1h
   4  1.1146645e+02 1.23e-02 4.10e-01 5.35e-04  -3.8    1.3  1.00e+00  1  1h
   5 -1.3307652e+02 1.32e-01 9.82e+00 4.71e-04  -3.8    0.8  5.00e-01  1  2h
   6 -2.4917391e+02 1.08e-01 8.38e+01 1.80e-04  -3.8    2.1  5.00e-01  1  2h
   7 -2.2518188e+02 8.04e-02 1.53e+03 1.72e-04  -3.8    4.4  2.71e-01  1  1h
   8 -1.7625930e+02 9.59e-03 1.43e+03 2.50e-04  -3.8    3.9  1.00e+00  1  1h
   9 -1.7326739e+02 1.78e-04 1.81e+02 1.50e-04  -3.8    3.4  1.00e+00  1  1h
iter    objective    inf_pr   inf_du inf_compl lg(mu) lg(rg) alpha_pr ir ls
  10 -1.8547158e+02 5.67e-04 6.86e+01 1.51e-04  -3.8    2.9  1.00e+00  1  1h
  11 -2.5538746e+02 9.15e-03 6.60e+01 1.50e-04  -3.8    2.5  1.00e+00  1  1h
  12 -2.7291037e+02 2.53e-03 1.18e+02 1.50e-04  -3.8    2.9  1.00e+00  1  1h
  13 -2.8754778e+02 7.36e-03 1.99e+02 3.14e-04  -3.8    2.4  1.00e+00  1  1H
  14 -3.2166305e+02 6.64e-03 1.82e+02 3.06e-04  -3.8    1.9  9.69e-02  1  4h
  15 -4.1016860e+02 3.75e-03 7.16e+01 2.13e-04  -3.8    2.4  1.00e+00  1  1H
  16 -4.6302279e+02 3.74e-03 2.44e+02 2.17e-04  -3.8    1.9  3.12e-03  1  1h
  17 -4.5868561e+02 1.41e-04 9.41e+01 1.62e-04  -3.8    3.2  1.00e+00  1  1h
  18 -4.8102706e+02 2.76e-04 2.25e+02 1.64e-04  -3.8    2.7  5.57e-01  1  1h
  19 -5.8444450e+02 7.99e-04 2.47e+04 1.95e-04  -3.8    2.2  5.14e-01  1  1h
iter    objective    inf_pr   inf_du inf_compl lg(mu) lg(rg) alpha_pr ir ls
  20 -5.8356476e+02 7.95e-04 2.45e+04 2.06e-04  -3.8    3.6  4.93e-03  1  1h
  21 -5.8145695e+02 7.81e-04 2.42e+04 1.68e-04  -3.8    4.0  1.77e-02  1  1h
  22 -5.7994907e+02 7.73e-04 2.40e+04 1.62e-04  -3.8    3.5  9.20e-03  1  1h
  23 -5.7909844e+02 7.68e-04 2.38e+04 1.59e-04  -3.8    4.0  6.77e-03  1  1h
  24 -5.7806379e+02 7.66e-04 2.38e+04 1.81e-04  -3.8    3.5  2.84e-03  1  1h
  25 -5.7726148e+02 7.61e-04 2.36e+04 1.58e-04  -3.8    3.9  6.47e-03  1  1h
  26 -5.7628110e+02 7.59e-04 2.36e+04 1.60e-04  -3.8    3.4  2.05e-03  1  1h
  27 -5.7556868e+02 7.55e-04 2.34e+04 1.60e-04  -3.8    3.9  6.42e-03  1  1h
  28 -5.7399104e+02 7.52e-04 2.33e+04 1.72e-04  -3.8    3.4  3.08e-03  1  1h
  29 -5.7318845e+02 7.46e-04 2.32e+04 1.66e-04  -3.8    3.8  7.83e-03  1  1h
iter    objective    inf_pr   inf_du inf_compl lg(mu) lg(rg) alpha_pr ir ls
  30 -5.7166283e+02 7.43e-04 2.31e+04 1.80e-04  -3.8    3.3  4.69e-03  1  1h
  31 -5.7056116e+02 7.34e-04 2.28e+04 1.58e-04  -3.8    3.7  1.25e-02  1  1h
  32 -5.6921795e+02 7.25e-04 2.26e+04 1.65e-04  -3.8    3.3  1.16e-02  1  1h
  33 -5.6808197e+02 7.14e-04 2.22e+04 1.60e-04  -3.8    3.7  1.60e-02  1  1h
  34 -5.6715385e+02 7.05e-04 2.20e+04 1.58e-04  -3.8    3.2  1.25e-02  1  1h
  35 -5.6544645e+02 6.84e-04 2.14e+04 1.58e-04  -3.8    3.6  2.97e-02  1  1h
  36 -5.6283454e+02 6.19e-04 1.99e+04 1.62e-04  -3.8    3.2  9.48e-02  1  1h
  37 -5.6200341e+02 6.05e-04 1.94e+04 1.59e-04  -3.8    3.6  2.30e-02  1  1h
  38 -5.6167074e+02 5.65e-04 1.83e+04 1.61e-04  -3.8    3.1  6.58e-02  1  1h
  39 -5.6103891e+02 5.52e-04 1.79e+04 1.75e-04  -3.8    3.5  2.32e-02  1  1h
iter    objective    inf_pr   inf_du inf_compl lg(mu) lg(rg) alpha_pr ir ls
  40 -5.6117115e+02 5.30e-04 1.72e+04 1.58e-04  -3.8    3.1  4.04e-02  1  1h
  41 -5.5669000e+02 4.26e-04 1.48e+04 1.64e-04  -3.8    3.5  1.96e-01  1  1h
  42 -5.5675069e+02 4.24e-04 1.47e+04 1.65e-04  -3.8    3.0  4.68e-03  1  1h
  43 -5.5640177e+02 4.12e-04 1.43e+04 3.05e-04  -3.8    3.4  2.87e-02  1  1h
  44 -5.5695434e+02 3.98e-04 1.38e+04 2.67e-04  -3.8    3.0  3.51e-02  1  1h
  45 -5.5786534e+02 3.98e-04 1.38e+04 1.58e-04  -3.8    2.5  4.47e-04  1  1h
  46 -5.6072447e+02 3.42e-04 1.18e+04 1.65e-04  -3.8    2.9  1.44e-01  1  1h
  47 -5.5976731e+02 2.98e-04 1.04e+04 2.20e-04  -3.8    3.3  1.30e-01  1  1h
  48 -5.6075067e+02 2.89e-04 1.01e+04 2.18e-04  -3.8    2.9  3.14e-02  1  1h
  49 -5.6054692e+02 2.66e-04 9.28e+03 2.13e-04  -3.8    3.3  7.92e-02  1  1h
iter    objective    inf_pr   inf_du inf_compl lg(mu) lg(rg) alpha_pr ir ls
  50 -5.6153432e+02 2.59e-04 9.05e+03 2.12e-04  -3.8    2.8  2.54e-02  1  1h
  51 -5.6159896e+02 2.40e-04 8.37e+03 2.08e-04  -3.8    3.2  7.70e-02  1  1h
  52 -5.6249335e+02 2.35e-04 8.20e+03 2.07e-04  -3.8    2.8  2.00e-02  1  1h
  53 -5.6263099e+02 2.21e-04 7.74e+03 2.00e-04  -3.8    3.2  5.77e-02  1  1h
  54 -5.6430411e+02 2.13e-04 7.43e+03 1.91e-04  -3.8    2.7  3.97e-02  1  1h
  55 -5.6939146e+02 2.12e-04 7.42e+03 1.91e-04  -3.8    2.2  5.97e-03  1  1h
  56 -5.7215569e+02 2.00e-04 6.97e+03 1.87e-04  -3.8    2.7  6.02e-02  1  1h
  57 -5.7275338e+02 1.58e-04 5.48e+03 2.54e-04  -3.8    3.1  2.18e-01  1  1h
  58 -5.8100102e+02 1.38e-04 4.45e+03 2.49e-04  -3.8    2.6  1.64e-01  1  1h
  59 -5.8212005e+02 1.37e-04 4.29e+03 2.35e-04  -3.8    2.1  1.81e-03  1  1h
iter    objective    inf_pr   inf_du inf_compl lg(mu) lg(rg) alpha_pr ir ls
  60 -6.0433576e+02 1.16e-04 2.64e+03 1.94e-04  -3.8    2.6  3.46e-01  1  1h
  61 -6.1081720e+02 4.29e-05 7.70e+01 2.26e-04  -3.8    3.0  1.00e+00  1  1h
  62 -6.3877796e+02 1.03e-04 4.22e+02 1.59e-04  -3.8    2.5  4.43e-01  1  1h
  63 -6.6198322e+02 1.06e-04 1.31e+03 1.54e-04  -3.8    2.0  3.85e-02  1  1h
  64 -6.6340962e+02 1.05e-04 1.57e+03 1.43e-04  -3.8    2.5  1.07e-02  1  1h
  65 -6.7554645e+02 6.94e-05 6.08e+02 6.90e-04  -3.8    2.9  6.28e-01  1  1h
  66 -6.9507094e+02 7.58e-05 1.11e+03 5.54e-04  -3.8    2.4  1.48e-01  1  1h
  67 -7.2741377e+02 1.03e-04 1.45e+03 2.67e-04  -3.8    2.8  1.00e+00  1  1h
  68 -7.2676226e+02 3.37e-05 4.71e+02 1.57e-04  -3.8    3.3  7.62e-01  1  1h
  69 -7.6909797e+02 6.72e-05 7.41e+03 1.39e-04  -3.8    2.8  6.21e-01  1  1h
iter    objective    inf_pr   inf_du inf_compl lg(mu) lg(rg) alpha_pr ir ls
  70 -7.6882158e+02 6.15e-05 1.56e+04 1.34e-04  -3.8    9.5  1.17e-01  1  1h
  71 -7.6855384e+02 6.02e-05 1.62e+04 1.30e-04  -3.8    9.0  2.23e-02  1  1h
  72 -7.6843114e+02 5.87e-05 1.87e+04 1.15e-04  -3.8    9.5  3.30e-02  1  1h
  73 -7.6741387e+02 5.49e-05 1.99e+04 1.08e-04  -3.8    9.0  6.83e-02  1  1h
  74 -7.6688768e+02 4.98e-05 2.63e+04 9.60e-05  -3.8    9.4  1.14e-01  1  1h
  75 -7.6566267e+02 4.67e-05 2.56e+04 1.92e-04  -3.8    8.9  6.36e-02  1  1h
  76 -7.6515365e+02 4.33e-05 2.71e+04 2.82e-04  -3.8    9.4  8.61e-02  1  1h
  77 -7.6183054e+02 3.63e-05 2.66e+04 3.46e-04  -3.8    8.9  1.60e-01  1  1h
  78 -7.4379760e+02 1.83e-05 2.03e+04 2.34e-04  -3.8    8.4  4.53e-01  1  1h
  79 -7.4676431e+02 1.06e-05 1.34e+04 2.88e-04  -3.8    7.9  3.61e-01  1  1h
iter    objective    inf_pr   inf_du inf_compl lg(mu) lg(rg) alpha_pr ir ls
  80 -7.4843768e+02 6.23e-06 8.83e+03 1.04e-04  -3.8    7.5  3.46e-01  1  1h
  81 -7.4853913e+02 5.33e-06 7.34e+03 1.08e-04  -3.8    7.0  1.69e-01  1  1h
  82 -7.4883098e+02 5.24e-06 2.84e+03 6.86e-04  -3.8    8.3  6.99e-01  1  1h
  83 -7.4851019e+02 5.12e-06 1.90e+03 4.90e-04  -3.8    7.8  3.34e-01  1  1h
  84 -7.4834358e+02 4.96e-06 1.61e+03 3.57e-04  -3.8    7.4  1.49e-01  1  1h
  85 -7.4815771e+02 5.43e-06 2.16e+03 3.01e-04  -3.8    6.9  1.19e-01  1  1h
  86 -7.4795855e+02 7.57e-06 5.06e+03 3.51e-04  -3.8    6.4  9.59e-02  1  1h
  87 -7.4772515e+02 9.85e-06 8.57e+03 6.42e-04  -3.8    5.9  1.02e-01  1  1h
  88 -7.4741121e+02 1.24e-05 7.65e+03 6.29e-04  -3.8    5.5  1.47e-01  1  1h
  89 -7.4837670e+02 1.69e-05 5.27e+03 1.10e-04  -3.8    5.0  1.00e+00  1  1H
iter    objective    inf_pr   inf_du inf_compl lg(mu) lg(rg) alpha_pr ir ls
  90 -7.4971295e+02 3.10e-05 1.34e+04 8.24e-05  -3.8    8.1  5.64e-01  1  1h
  91 -7.4972979e+02 3.14e-05 4.11e+03 2.89e-03  -3.8   10.3  1.00e+00  1  1h
  92 -7.4915487e+02 2.40e-05 1.31e+04 1.56e-03  -3.8    9.9  1.00e+00  1  1h
  93 -7.4845029e+02 1.26e-05 1.70e+04 2.32e-04  -3.8    9.4  2.94e-01  1  1h
  94 -7.4763081e+02 6.55e-06 4.98e+03 1.93e-03  -3.8    8.9  1.00e+00  1  1H
  95 -7.4743812e+02 6.90e-06 3.38e+03 8.59e-05  -3.8    8.4  4.35e-01  1  1H
  96 -7.4736421e+02 7.87e-06 3.25e+03 8.41e-05  -3.8    8.0  6.55e-02  1  1h
  97 -7.4734566e+02 7.89e-06 8.85e+03 7.57e-05  -3.8    7.5  1.32e-02  1  1h
  98 -7.4753453e+02 2.20e-05 1.53e+04 1.02e-04  -3.8    7.0  1.00e+00  1  1H
  99 -7.4874443e+02 3.26e-05 4.42e+03 7.95e-05  -3.8    8.3  1.00e+00  1  1h
iter    objective    inf_pr   inf_du inf_compl lg(mu) lg(rg) alpha_pr ir ls
 100 -7.4815300e+02 2.00e-05 8.10e+03 9.19e-05  -3.8    8.8  1.88e-01  1  1h
 101 -7.4636811e+02 1.85e-05 4.65e+03 3.38e-04  -3.8    8.3  1.00e+00  1  1h
 102 -7.4637077e+02 5.26e-06 2.18e+03 1.13e-04  -3.8    7.8  1.00e+00  1  1h
 103 -7.4610685e+02 5.95e-06 1.67e+03 7.15e-05  -3.8    7.3  1.00e+00  1  1H
 104 -7.4672454e+02 1.28e-05 3.20e+03 6.89e-05  -3.8    6.8  1.00e+00  1  1H
 105 -7.4681818e+02 1.41e-05 2.40e+03 5.81e-05  -3.8    8.2  3.99e-01  1  1h
 106 -7.4638016e+02 9.82e-06 2.67e+03 5.69e-05  -3.8    7.7  1.25e-01  1  4h
 107 -7.4618173e+02 1.60e-05 1.06e+03 1.46e-02  -3.8    7.2  1.00e+00  1  1h
 108 -7.4563307e+02 4.68e-06 8.54e+02 3.39e-03  -3.8    8.6  1.00e+00  1  1h
 109 -7.4553350e+02 2.75e-06 1.69e+02 4.95e-04  -3.8    8.1  1.00e+00  1  1h
iter    objective    inf_pr   inf_du inf_compl lg(mu) lg(rg) alpha_pr ir ls
 110 -7.4533343e+02 2.94e-06 9.23e+01 8.45e-05  -3.8    7.6  1.00e+00  1  1h
 111 -7.4480745e+02 6.64e-06 2.21e+02 5.27e-05  -3.8    7.1  1.00e+00  1  1h
 112 -7.4470192e+02 6.29e-06 2.68e+02 5.30e-05  -3.8    6.6  3.34e-01  1  1H
 113 -7.4463704e+02 6.46e-06 2.66e+02 5.36e-05  -3.8    7.1  6.76e-03  1  2h
 114 -7.4460057e+02 6.10e-06 9.81e+02 1.02e-04  -3.8    7.5  2.04e-01  1  1h
 115 -7.4446043e+02 5.08e-06 7.39e+01 4.08e-04  -3.8    7.0  1.00e+00  1  1h
 116 -7.4439692e+02 4.50e-06 5.05e+02 5.61e-05  -3.8    6.5  5.08e-01  1  1h
 117 -7.4484862e+02 2.86e-06 4.00e+02 5.69e-05  -3.8    6.1  2.50e-01  1  3h
 118 -7.4484574e+02 2.85e-06 4.01e+02 5.70e-05  -3.8    6.5  2.37e-04  1  1H
 119 -7.4506272e+02 3.17e-06 4.18e+02 5.59e-05  -3.8    6.9  8.45e-04  1  1h
iter    objective    inf_pr   inf_du inf_compl lg(mu) lg(rg) alpha_pr ir ls
 120 -7.4471558e+02 2.13e-06 5.91e+02 6.98e-05  -3.8    7.3  7.36e-01  1  1h
 121 -7.4477207e+02 2.20e-06 4.03e+03 1.56e-02  -3.8    7.8  9.29e-02  1  1h
 122 -7.4473033e+02 1.95e-06 2.62e+01 4.27e-03  -3.8    7.3  1.00e+00  1  1h
 123 -7.4446277e+02 3.28e-06 1.37e+02 1.13e-03  -3.8    6.8  1.00e+00  1  1h
 125 -7.4437547e+02 3.38e-06 4.07e+01 5.10e-05  -3.8     -   7.03e-01  1 22R
 125r-7.3869788e+02 2.12e-22 9.64e+02 9.23e-04  -3.8     -   5.83e-03  1 22f
 126r-7.4359120e+02 3.18e-08 1.68e+01 8.59e-04  -3.8     -   4.70e-02  1  1f
 127r-5.3640742e+02 1.29e-05 5.08e-02 2.89e-04  -3.8     -   1.00e+00  1  1f
 128r-6.6040353e+02 6.50e-06 4.60e-02 1.57e-04  -3.8     -   1.00e+00  1  1h
 129r-6.6027092e+02 1.13e-06 8.52e-04 1.50e-04  -3.8     -   1.00e+00  1  1h
iter    objective    inf_pr   inf_du inf_compl lg(mu) lg(rg) alpha_pr ir ls
 130r-5.8781884e+02 1.42e-04 2.18e-01 4.02e-05  -5.7     -   1.00e+00  1  1h
 131r-7.1234479e+02 1.17e-04 2.65e-01 4.64e-06  -5.7     -   1.00e+00  1  1h
 132r-6.8867321e+02 2.92e-07 1.19e-05 2.10e-06  -5.7     -   1.00e+00  1  1h
 133r-6.9817938e+02 4.06e-07 1.12e-05 1.91e-07  -7.0     -   1.00e+00  1  1h
 134r-6.8939949e+02 2.72e-07 2.76e-07 9.09e-08  -7.0     -   1.00e+00  1  1h

Number of Iterations....: 134

                                   (scaled)                 (unscaled)
Objective...............:  -6.8939949174675996e+02   -6.8939949174675996e+02
Dual infeasibility......:   9.1908999256481708e+05    9.1908999256481708e+05
Constraint violation....:   2.7216815414796772e-07    2.7216815414796772e-07
Complementarity.........:   9.0910273305843436e-08    9.0910273305843436e-08
Overall NLP error.......:   9.1908999256481708e+05    9.1908999256481708e+05

Number of objective function evaluations              = 183
Number of objective gradient evaluations              = 135
Number of constraint evaluations                      = 183
Number of constraint Jacobian evaluations             = 136
Number of Lagrangian Hessian evaluations              = 134
Number of KKT factorizations                          = 332
Number of KKT backsolves                              = 150

Total wall secs in initialization                     = 28.932 s
Total wall secs in linear solver                      =  unavailable
Total wall secs in NLP function evaluations           = 22.437 s
Total wall secs in solver (w/o init./fun./lin. alg.)  =  unavailable
Total wall secs                                       = 85.351 s

[31mEXIT: Converged to a point of local infeasibility. Problem may be infeasible.[0m

============================================================
[0][4/8] Isensee_JCB2018
============================================================

============================================================
[0][5/8] Lucarelli_CellSystems2018
============================================================
This is [34mMad[31mN[32mL[35mP[0m version v0.9.2, running with cuDSS v0.7.1

Number of nonzeros in constraint Jacobian............: 10636031
Number of nonzeros in Lagrangian Hessian.............: 15303475

Total number of variables............................:   835588
                     variables with only lower bounds:     1413
                variables with lower and upper bounds:       84
                     variables with only upper bounds:        0
Total number of equality constraints.................:   835504
Total number of inequality constraints...............:        0
        inequality constraints with only lower bounds:        0
   inequality constraints with lower and upper bounds:        0
        inequality constraints with only upper bounds:        0

iter    objective    inf_pr   inf_du inf_compl lg(mu) lg(rg) alpha_pr ir ls
   0  1.6816060e+03 2.76e+00 1.00e+02 1.41e+01  -1.0     -   0.00e+00  0  0 
   1  1.6816059e+03 2.76e+00 7.29e-01 5.79e-02  -1.0   -2.0  1.71e-07 10  1h
   2  1.6761220e+03 1.95e+00 2.48e+00 9.10e-04  -1.0    0.2  3.11e-01  3  1h
   3  1.6747740e+03 8.19e-03 4.68e-02 8.14e-05  -1.0    1.6  1.00e+00  7  1h
   4  1.6727472e+03 4.38e-04 3.14e+00 2.75e-04  -2.5    1.1  1.00e+00  1  1h
   5  1.6708015e+03 1.11e-03 5.50e+01 1.99e-04  -2.5    0.6  2.95e-01  9  1f
   6  1.6707190e+03 1.55e-05 2.05e-01 1.08e-04  -2.5    2.8  1.00e+00  2  1h
   7  1.6705859e+03 6.89e-06 8.32e-02 1.01e-04  -2.5    2.4  1.00e+00  5  1h
   8  1.6703039e+03 4.07e-05 8.56e-02 7.56e-05  -2.5    1.9  1.00e+00  8  1h
   9  1.6695398e+03 2.77e-04 1.31e-01 7.56e-05  -2.5    1.4  1.00e+00 10  1h
iter    objective    inf_pr   inf_du inf_compl lg(mu) lg(rg) alpha_pr ir ls
  10  1.6695010e+03 5.68e-06 1.72e-02 7.63e-05  -2.5    2.7  1.00e+00 10  1h
  11  1.6694785e+03 4.53e-06 6.90e+01 1.49e-04  -3.8    3.2  6.94e-01  1  1H
  12  1.6694568e+03 3.34e-06 2.11e+02 2.77e-04  -3.8    3.6  8.24e-01  1  1H
  13  1.6693883e+03 2.24e-06 1.90e+02 1.93e-04  -3.8    3.1  8.71e-01  2  1H
  14  1.6692613e+03 3.61e-06 1.71e+01 1.10e-04  -3.8    2.6  8.09e-01 10  1h
  15  1.6690091e+03 1.14e-05 8.65e+01 1.77e-04  -3.8    2.2  7.78e-01  7  1h
  16  1.6689055e+03 1.79e-06 3.70e-01 2.03e-04  -3.8    2.6  1.00e+00  3  1h
  17  1.6688712e+03 1.50e-06 3.93e-01 1.54e-04  -3.8    3.0  1.00e+00  3  1h
  18  1.6688592e+03 1.45e-06 4.04e-01 7.71e-05  -3.8    3.4  1.00e+00  2  1h
  19  1.6688229e+03 1.31e-06 4.07e-01 7.55e-05  -3.8    3.0  1.00e+00  3  1h
iter    objective    inf_pr   inf_du inf_compl lg(mu) lg(rg) alpha_pr ir ls
  20  1.6687096e+03 2.79e-06 3.83e-01 7.54e-05  -3.8    2.5  1.00e+00  4  1h
  21  1.6686661e+03 1.32e-06 3.59e-01 7.69e-05  -3.8    2.9  1.00e+00  3  1h
  22  1.6685390e+03 3.34e-06 3.41e-01 7.54e-05  -3.8    2.4  1.00e+00 10  1h
  23  1.6684926e+03 1.21e-06 3.19e-01 7.66e-05  -3.8    2.9  1.00e+00  3  1h
  24  1.6683588e+03 3.92e-06 3.07e-01 7.54e-05  -3.8    2.4  1.00e+00  6  1h
  25  1.6680637e+03 2.17e-05 1.69e+02 7.65e-05  -3.8    1.9  7.84e-01  4  1h
  26  1.6679261e+03 3.94e-06 2.81e-01 1.11e-04  -3.8    2.3  1.00e+00  6  1h
  27  1.6678762e+03 1.05e-06 2.67e-01 1.21e-04  -3.8    2.8  1.00e+00  3  1h
  28  1.6677298e+03 4.66e-06 2.56e-01 8.51e-05  -3.8    2.3  1.00e+00  5  1h
  29  1.6676757e+03 1.00e-06 2.49e-01 7.99e-05  -3.8    2.7  1.00e+00  4  1h
iter    objective    inf_pr   inf_du inf_compl lg(mu) lg(rg) alpha_pr ir ls
  30  1.6675159e+03 5.08e-06 2.40e-01 7.54e-05  -3.8    2.2  1.00e+00 10  1h
  31  1.6671629e+03 2.79e-05 8.77e+01 7.60e-05  -3.8    1.7  7.47e-01 10  1h
  32  1.6671406e+03 1.10e-06 2.62e-01 2.53e-04  -3.8    3.1  1.00e+00  2  1h
  33  1.6670809e+03 8.93e-07 5.51e+01 7.55e-05  -3.8    2.6  9.07e-01  2  1h
  34  1.6668851e+03 7.38e-06 2.23e-01 9.90e-05  -3.8    2.1  1.00e+00 10  1h
  35  1.6668118e+03 1.41e-06 2.13e+02 8.07e-05  -3.8    2.5  1.00e+00  9  1h
  36  1.6667843e+03 5.98e-07 2.40e-01 1.61e-04  -3.8    3.0  1.00e+00  3  1h
  37  1.6667021e+03 3.02e-06 2.33e-01 7.54e-05  -3.8    2.5  1.00e+00  4  1h
  38  1.6664583e+03 1.74e-05 2.20e+00 7.54e-05  -3.8    2.0  9.91e-01  4  1h
  39  1.6657281e+03 1.23e-04 4.54e-01 3.05e-04  -3.8    1.5  1.00e+00 10  1h
iter    objective    inf_pr   inf_du inf_compl lg(mu) lg(rg) alpha_pr ir ls
  40  1.6646666e+03 4.23e-04 5.35e+02 8.29e-05  -3.8    1.1  4.84e-01 10  1h
  41  1.6646510e+03 2.41e-06 3.82e-01 1.20e-04  -3.8    3.3  1.00e+00  1  1h
  42  1.6646218e+03 1.14e-06 2.19e+02 7.92e-05  -3.8    2.8  7.13e-01  4  1h
  43  1.6646067e+03 1.18e-06 2.54e-01 1.59e-04  -3.8    3.2  1.00e+00  2  1h
  44  1.6645630e+03 1.28e-06 2.22e-01 7.53e-05  -3.8    2.8  1.00e+00 10  1h
  45  1.6644340e+03 5.43e-06 1.88e-01 9.59e-05  -3.8    2.3  1.00e+00  4  1h
  46  1.6643970e+03 1.55e-06 1.40e+02 8.01e-05  -3.8    2.7  7.68e-01  5  1h
  47  1.6643791e+03 1.03e-06 1.81e-01 2.05e-04  -3.8    3.1  1.00e+00  2  1h
  48  1.6643265e+03 8.98e-07 1.58e+01 7.53e-05  -3.8    2.7  9.74e-01 10  1h
  49  1.6643062e+03 8.66e-07 1.77e-01 1.01e-04  -3.8    3.1  1.00e+00  3  1h
iter    objective    inf_pr   inf_du inf_compl lg(mu) lg(rg) alpha_pr ir ls
  50  1.6642452e+03 9.94e-07 1.77e-01 7.53e-05  -3.8    2.6  1.00e+00 10  1h
  51  1.6640710e+03 7.93e-06 2.13e+01 7.55e-05  -3.8    2.1  9.46e-01  4  1h
  52  1.6640016e+03 1.21e-06 1.79e-01 1.74e-04  -3.8    2.6  1.00e+00  8  1h
  53  1.6637932e+03 1.15e-05 1.81e-01 7.53e-05  -3.8    2.1  1.00e+00 10  1h
  54  1.6631680e+03 1.10e-04 1.85e-01 8.16e-05  -3.8    1.6  1.00e+00 10  1h
  55  1.6629321e+03 1.35e-05 1.88e-01 1.12e-04  -3.8    2.0  1.00e+00 10  1h
  56  1.6628436e+03 2.29e-06 1.89e-01 7.53e-05  -3.8    2.5  1.00e+00 10  1h
  57  1.6628105e+03 3.70e-07 1.89e-01 7.61e-05  -3.8    2.9  1.00e+00  3  1h
  58  1.6627112e+03 3.08e-06 1.89e-01 7.53e-05  -3.8    2.4  1.00e+00  4  1h
  59  1.6626741e+03 4.32e-07 1.89e-01 7.53e-05  -3.8    2.8  1.00e+00  2  1h
iter    objective    inf_pr   inf_du inf_compl lg(mu) lg(rg) alpha_pr ir ls
  60  1.6626602e+03 2.80e-07 1.89e-01 7.53e-05  -3.8    3.3  1.00e+00  3  1h
  61  1.6626186e+03 5.77e-07 1.88e-01 7.53e-05  -3.8    2.8  1.00e+00  3  1h
  62  1.6626030e+03 2.65e-07 1.87e-01 7.53e-05  -3.8    3.2  1.00e+00  3  1h
  63  1.6625564e+03 6.80e-07 1.87e-01 7.53e-05  -3.8    2.7  1.00e+00  4  1h
  64  1.6625390e+03 2.47e-07 1.86e-01 7.53e-05  -3.8    3.2  1.00e+00  3  1h
  65  1.6624868e+03 8.14e-07 1.86e-01 7.53e-05  -3.8    2.7  1.00e+00 10  1h
  66  1.6623304e+03 7.20e-06 1.87e-01 7.53e-05  -3.8    2.2  1.00e+00  7  1h
  67  1.6618627e+03 7.18e-05 1.89e-01 7.53e-05  -3.8    1.7  1.00e+00  8  1h
  68  1.6618406e+03 4.09e-07 1.89e-01 7.56e-05  -3.8    3.1  1.00e+00  3  1h
  69  1.6617750e+03 1.71e-06 1.89e-01 7.53e-05  -3.8    2.6  1.00e+00  8  1h
iter    objective    inf_pr   inf_du inf_compl lg(mu) lg(rg) alpha_pr ir ls
  70  1.6617505e+03 3.82e-07 1.89e-01 7.53e-05  -3.8    3.0  1.00e+00  3  1h
  71  1.6616774e+03 2.17e-06 1.89e-01 7.53e-05  -3.8    2.5  1.00e+00  5  1h
  72  1.6616501e+03 3.43e-07 1.89e-01 7.53e-05  -3.8    3.0  1.00e+00  4  1h
  73  1.6616399e+03 3.31e-07 1.89e-01 7.53e-05  -3.8    3.4  1.00e+00  3  1h
  74  1.6616094e+03 4.42e-07 1.89e-01 7.53e-05  -3.8    2.9  1.00e+00  8  1h
  75  1.6615980e+03 2.97e-07 1.89e-01 7.53e-05  -3.8    3.3  1.00e+00  2  1h
  76  1.6615640e+03 5.49e-07 1.89e-01 7.53e-05  -3.8    2.9  1.00e+00  4  1h
  77  1.6614618e+03 4.58e-06 1.89e-01 7.53e-05  -3.8    2.4  1.00e+00  4  1h
  78  1.6614235e+03 6.05e-07 1.90e-01 7.53e-05  -3.8    2.8  1.00e+00  2  1h
  79  1.6613088e+03 5.46e-06 1.90e-01 7.53e-05  -3.8    2.3  1.00e+00  6  1h
iter    objective    inf_pr   inf_du inf_compl lg(mu) lg(rg) alpha_pr ir ls
  80  1.6612659e+03 7.11e-07 1.90e-01 7.53e-05  -3.8    2.8  1.00e+00  4  1h
  81  1.6612498e+03 2.12e-07 1.90e-01 7.53e-05  -3.8    3.2  1.00e+00  3  1h
  82  1.6612017e+03 9.15e-07 1.91e-01 7.53e-05  -3.8    2.7  1.00e+00  3  1h
  83  1.6611837e+03 2.03e-07 1.91e-01 7.53e-05  -3.8    3.1  1.00e+00  3  1h
  84  1.6611298e+03 1.17e-06 1.91e-01 7.53e-05  -3.8    2.7  1.00e+00  3  1h
  85  1.6609683e+03 1.07e-05 1.91e-01 7.53e-05  -3.8    2.2  1.00e+00  6  1h
  86  1.6609607e+03 2.20e-07 1.91e-01 7.53e-05  -3.8    3.5  1.00e+00  2  1h
  87  1.6609381e+03 2.25e-07 1.91e-01 7.53e-05  -3.8    3.0  1.00e+00  3  1h
  88  1.6608704e+03 2.00e-06 1.92e-01 7.53e-05  -3.8    2.5  1.00e+00  4  1h
  89  1.6606673e+03 1.84e-05 1.92e-01 7.53e-05  -3.8    2.1  1.00e+00 10  1h
iter    objective    inf_pr   inf_du inf_compl lg(mu) lg(rg) alpha_pr ir ls
  90  1.6600586e+03 1.85e-04 1.94e-01 7.52e-05  -3.8    1.6  1.00e+00 10  1h
  91  1.6598299e+03 2.16e-05 1.96e-01 7.52e-05  -3.8    2.0  1.00e+00  6  1h
  92  1.6591477e+03 2.70e-04 1.97e-01 7.52e-05  -3.8    1.5  1.00e+00 10  1h
  93  1.6588920e+03 2.75e-05 1.98e-01 7.53e-05  -3.8    2.0  1.00e+00  4  1h
  94  1.6587966e+03 4.96e-06 1.99e-01 7.52e-05  -3.8    2.4  1.00e+00 10  1h
  95  1.6585116e+03 5.12e-05 1.99e-01 7.52e-05  -3.8    1.9  1.00e+00  8  1h
  96  1.6576640e+03 5.29e-04 2.41e-01 7.52e-05  -3.8    1.4  1.00e+00 10  1h
  97  1.6576239e+03 5.68e-07 2.00e-01 7.69e-05  -3.8    2.8  1.00e+00  3  1h
  98  1.6576090e+03 5.66e-07 1.99e-01 7.52e-05  -3.8    3.2  1.00e+00  3  1h
  99  1.6575648e+03 1.96e-06 1.99e-01 7.52e-05  -3.8    2.7  1.00e+00  9  1h
iter    objective    inf_pr   inf_du inf_compl lg(mu) lg(rg) alpha_pr ir ls
 100  1.6574327e+03 1.53e-05 2.00e-01 7.52e-05  -3.8    2.2  1.00e+00  6  1h
 101  1.6574265e+03 5.22e-07 1.99e-01 7.52e-05  -3.8    3.6  1.00e+00  2  1h
 102  1.6574081e+03 5.20e-07 1.99e-01 7.52e-05  -3.8    3.1  1.00e+00  3  1h
 103  1.6574012e+03 5.17e-07 1.99e-01 7.52e-05  -3.8    3.5  1.00e+00  2  1h
 104  1.6573808e+03 4.99e-07 1.98e-01 7.52e-05  -3.8    3.0  1.00e+00  4  1h
 105  1.6573195e+03 3.61e-06 1.98e-01 7.52e-05  -3.8    2.6  1.00e+00  3  1h
 106  1.6572966e+03 5.03e-07 1.98e-01 7.52e-05  -3.8    3.0  1.00e+00  2  1h
 107  1.6572880e+03 4.45e-07 1.98e-01 7.52e-05  -3.8    3.4  1.00e+00  3  1h
 108  1.6572624e+03 6.67e-07 1.97e-01 7.52e-05  -3.8    2.9  1.00e+00  4  1h
 109  1.6572529e+03 4.40e-07 1.97e-01 7.52e-05  -3.8    3.4  1.00e+00  3  1h
iter    objective    inf_pr   inf_du inf_compl lg(mu) lg(rg) alpha_pr ir ls
 110  1.6572243e+03 8.34e-07 1.97e-01 7.52e-05  -3.8    2.9  1.00e+00  5  1h
 111  1.6571387e+03 7.33e-06 1.97e-01 7.52e-05  -3.8    2.4  1.00e+00  5  1h
 112  1.6568822e+03 6.58e-05 1.97e-01 7.52e-05  -3.8    1.9  1.00e+00  7  1h
 113  1.6568701e+03 4.26e-07 1.97e-01 7.52e-05  -3.8    3.3  1.00e+00  3  1h
 114  1.6568342e+03 1.26e-06 1.97e-01 7.52e-05  -3.8    2.8  1.00e+00  4  1h
 115  1.6567267e+03 1.08e-05 1.97e-01 7.52e-05  -3.8    2.3  1.00e+00 10  1h
 116  1.6567217e+03 3.76e-07 1.97e-01 7.52e-05  -3.8    3.6  1.00e+00  2  1h
 117  1.6567066e+03 3.69e-07 1.96e-01 7.52e-05  -3.8    3.2  1.00e+00  3  1h
 118  1.6566617e+03 1.74e-06 1.96e-01 7.52e-05  -3.8    2.7  1.00e+00  3  1h
 119  1.6565273e+03 1.58e-05 1.96e-01 7.52e-05  -3.8    2.2  1.00e+00 10  1h
iter    objective    inf_pr   inf_du inf_compl lg(mu) lg(rg) alpha_pr ir ls
 120  1.6564771e+03 2.08e-06 1.96e-01 7.52e-05  -3.8    2.6  1.00e+00  5  1h
 121  1.6564583e+03 3.20e-07 1.96e-01 7.52e-05  -3.8    3.1  1.00e+00  2  1h
 122  1.6564021e+03 2.82e-06 1.96e-01 7.52e-05  -3.8    2.6  1.00e+00  3  1h
 123  1.6563811e+03 3.89e-07 1.96e-01 7.52e-05  -3.8    3.0  1.00e+00  3  1h
 124  1.6563182e+03 3.61e-06 1.96e-01 7.52e-05  -3.8    2.5  1.00e+00  4  1h
 125  1.6562947e+03 5.00e-07 1.95e-01 7.52e-05  -3.8    3.0  1.00e+00  4  1h
 126  1.6562242e+03 4.69e-06 1.95e-01 7.52e-05  -3.8    2.5  1.00e+00 10  1h
 127  1.6561978e+03 6.52e-07 1.95e-01 7.52e-05  -3.8    2.9  1.00e+00  5  1h
 128  1.6561187e+03 6.17e-06 1.95e-01 7.52e-05  -3.8    2.4  1.00e+00  5  1h
 129  1.6558818e+03 5.87e-05 1.95e-01 7.52e-05  -3.8    2.0  1.00e+00  9  1h
iter    objective    inf_pr   inf_du inf_compl lg(mu) lg(rg) alpha_pr ir ls
 130  1.6551743e+03 6.18e-04 2.80e-01 7.52e-05  -3.8    1.5  1.00e+00 10  1h
 131  1.6549096e+03 6.33e-05 1.95e-01 7.52e-05  -3.8    1.9  1.00e+00 10  1h
 132  1.6548106e+03 1.21e-05 1.95e-01 7.52e-05  -3.8    2.3  1.00e+00 10  1h
 133  1.6545145e+03 1.22e-04 1.95e-01 7.52e-05  -3.8    1.8  1.00e+00 10  1h
 134  1.6544037e+03 1.51e-05 1.95e-01 7.52e-05  -3.8    2.3  1.00e+00  4  1h
 135  1.6540724e+03 1.61e-04 1.95e-01 7.52e-05  -3.8    1.8  1.00e+00  9  1h
 136  1.6540568e+03 3.96e-07 1.94e-01 7.52e-05  -3.8    3.1  1.00e+00  4  1h
 137  1.6540102e+03 3.31e-06 1.94e-01 7.52e-05  -3.8    2.6  1.00e+00  2  1h
 138  1.6539928e+03 4.47e-07 1.94e-01 7.52e-05  -3.8    3.1  1.00e+00  3  1h
 139  1.6539404e+03 3.98e-06 1.94e-01 7.52e-05  -3.8    2.6  1.00e+00  3  1h
iter    objective    inf_pr   inf_du inf_compl lg(mu) lg(rg) alpha_pr ir ls
 140  1.6539207e+03 5.43e-07 1.94e-01 7.52e-05  -3.8    3.0  1.00e+00  6  1h
 141  1.6538617e+03 4.95e-06 1.94e-01 7.52e-05  -3.8    2.5  1.00e+00  4  1h
 142  1.6538396e+03 6.68e-07 1.94e-01 7.52e-05  -3.8    3.0  1.00e+00  4  1h
 143  1.6537731e+03 6.15e-06 1.94e-01 7.52e-05  -3.8    2.5  1.00e+00  8  1h
 144  1.6535738e+03 5.49e-05 1.94e-01 7.52e-05  -3.8    2.0  1.00e+00  7  1h
 145  1.6529799e+03 4.88e-04 1.93e-01 7.52e-05  -3.8    1.5  1.00e+00 10  1h
 146  1.6529519e+03 3.67e-07 1.93e-01 7.52e-05  -3.8    2.9  1.00e+00  4  1h
 147  1.6529414e+03 3.65e-07 1.93e-01 7.52e-05  -3.8    3.3  1.00e+00  3  1h
 148  1.6529100e+03 9.69e-07 1.93e-01 7.52e-05  -3.8    2.8  1.00e+00  4  1h
 149  1.6528982e+03 3.58e-07 1.92e-01 7.52e-05  -3.8    3.2  1.00e+00  4  1h
iter    objective    inf_pr   inf_du inf_compl lg(mu) lg(rg) alpha_pr ir ls
 150  1.6528628e+03 1.03e-06 1.92e-01 7.52e-05  -3.8    2.8  1.00e+00  6  1h
 151  1.6528495e+03 3.38e-07 1.92e-01 7.52e-05  -3.8    3.2  1.00e+00  2  1h
 152  1.6528097e+03 1.21e-06 1.92e-01 7.52e-05  -3.8    2.7  1.00e+00 10  1h
 153  1.6527947e+03 3.03e-07 1.92e-01 7.52e-05  -3.8    3.1  1.00e+00  4  1h
 154  1.6527498e+03 1.50e-06 1.92e-01 7.52e-05  -3.8    2.7  1.00e+00 10  1h
 155  1.6527330e+03 2.43e-07 1.92e-01 7.52e-05  -3.8    3.1  1.00e+00  3  1h
 156  1.6526825e+03 1.93e-06 1.92e-01 7.52e-05  -3.8    2.6  1.00e+00  7  1h
 157  1.6526636e+03 2.64e-07 1.92e-01 7.52e-05  -3.8    3.0  1.00e+00  3  1h
 158  1.6526068e+03 2.54e-06 1.92e-01 7.52e-05  -3.8    2.6  1.00e+00 10  1h
 159  1.6525855e+03 3.50e-07 1.92e-01 7.52e-05  -3.8    3.0  1.00e+00  4  1h
iter    objective    inf_pr   inf_du inf_compl lg(mu) lg(rg) alpha_pr ir ls
 160  1.6525215e+03 3.36e-06 1.92e-01 7.52e-05  -3.8    2.5  1.00e+00 10  1h
 161  1.6523303e+03 3.23e-05 1.91e-01 7.52e-05  -3.8    2.0  1.00e+00 10  1h
 162  1.6522586e+03 4.17e-06 1.91e-01 7.52e-05  -3.8    2.5  1.00e+00 10  1h
 163  1.6522317e+03 6.13e-07 1.91e-01 7.52e-05  -3.8    2.9  1.00e+00  3  1h
 164  1.6522217e+03 1.62e-07 1.91e-01 7.52e-05  -3.8    3.3  1.00e+00  2  1h
 165  1.6521914e+03 7.87e-07 1.91e-01 7.52e-05  -3.8    2.8  1.00e+00  4  1h
 166  1.6521009e+03 7.36e-06 1.91e-01 7.52e-05  -3.8    2.4  1.00e+00  5  1h
 167  1.6520670e+03 9.87e-07 1.91e-01 7.52e-05  -3.8    2.8  1.00e+00  4  1h
 168  1.6520543e+03 1.40e-07 1.91e-01 7.52e-05  -3.8    3.2  1.00e+00  3  1h
 169  1.6520162e+03 1.30e-06 1.91e-01 7.52e-05  -3.8    2.7  1.00e+00  7  1h
iter    objective    inf_pr   inf_du inf_compl lg(mu) lg(rg) alpha_pr ir ls
 170  1.6520019e+03 1.75e-07 1.90e-01 7.52e-05  -3.8    3.2  1.00e+00  3  1h
 171  1.6519590e+03 1.66e-06 1.90e-01 7.52e-05  -3.8    2.7  1.00e+00  8  1h
 172  1.6519429e+03 2.24e-07 1.90e-01 7.52e-05  -3.8    3.1  1.00e+00  4  1h
 173  1.6519369e+03 1.14e-07 1.90e-01 7.52e-05  -3.8    3.5  1.00e+00  2  1h
 174  1.6519188e+03 2.92e-07 1.90e-01 7.52e-05  -3.8    3.1  1.00e+00  3  1h
 175  1.6518647e+03 2.69e-06 1.90e-01 7.52e-05  -3.8    2.6  1.00e+00  4  1h
 176  1.6518443e+03 3.64e-07 1.90e-01 7.52e-05  -3.8    3.0  1.00e+00  4  1h
 177  1.6518367e+03 1.05e-07 1.90e-01 7.52e-05  -3.8    3.4  1.00e+00  2  1h
 178  1.6518139e+03 4.73e-07 1.90e-01 7.52e-05  -3.8    3.0  1.00e+00  3  1h
 179  1.6518053e+03 1.01e-07 1.90e-01 7.52e-05  -3.8    3.4  1.00e+00  3  1h
iter    objective    inf_pr   inf_du inf_compl lg(mu) lg(rg) alpha_pr ir ls
 180  1.6517796e+03 5.94e-07 1.90e-01 7.52e-05  -3.8    2.9  1.00e+00  3  1h
 181  1.6517025e+03 5.47e-06 1.90e-01 7.52e-05  -3.8    2.4  1.00e+00 10  1h
 182  1.6516736e+03 7.24e-07 1.90e-01 7.52e-05  -3.8    2.9  1.00e+00  4  1h
 183  1.6516628e+03 9.98e-08 1.90e-01 7.52e-05  -3.8    3.3  1.00e+00  3  1h
 184  1.6516303e+03 9.20e-07 1.90e-01 7.52e-05  -3.8    2.8  1.00e+00  5  1h
 185  1.6515330e+03 8.35e-06 1.90e-01 7.52e-05  -3.8    2.3  1.00e+00  5  1h
 186  1.6514966e+03 1.08e-06 1.90e-01 7.52e-05  -3.8    2.8  1.00e+00  5  1h
 187  1.6514829e+03 1.48e-07 1.90e-01 7.52e-05  -3.8    3.2  1.00e+00  2  1h
 188  1.6514419e+03 1.36e-06 1.90e-01 7.52e-05  -3.8    2.7  1.00e+00 10  1h
 189  1.6514266e+03 1.80e-07 1.89e-01 7.51e-05  -3.8    3.1  1.00e+00  4  1h
iter    objective    inf_pr   inf_du inf_compl lg(mu) lg(rg) alpha_pr ir ls
 190  1.6513805e+03 1.67e-06 1.89e-01 7.51e-05  -3.8    2.6  1.00e+00  6  1h
 191  1.6513633e+03 2.22e-07 1.89e-01 7.51e-05  -3.8    3.1  1.00e+00  7  1h
 192  1.6513116e+03 2.07e-06 1.89e-01 7.51e-05  -3.8    2.6  1.00e+00  6  1h
 193  1.6512922e+03 2.76e-07 1.89e-01 7.51e-05  -3.8    3.0  1.00e+00  3  1h
 194  1.6512342e+03 2.56e-06 1.89e-01 7.51e-05  -3.8    2.5  1.00e+00 10  1h
 195  1.6510607e+03 2.31e-05 1.89e-01 7.51e-05  -3.8    2.1  1.00e+00 10  1h
 196  1.6509958e+03 2.97e-06 1.89e-01 7.51e-05  -3.8    2.5  1.00e+00 10  1h
 197  1.6509714e+03 4.33e-07 1.89e-01 7.51e-05  -3.8    2.9  1.00e+00  3  1h
 198  1.6509623e+03 7.00e-08 1.89e-01 7.51e-05  -3.8    3.3  1.00e+00  2  1h
 199  1.6509350e+03 5.64e-07 1.89e-01 7.51e-05  -3.8    2.9  1.00e+00  4  1h
iter    objective    inf_pr   inf_du inf_compl lg(mu) lg(rg) alpha_pr ir ls
 200  1.6509248e+03 7.88e-08 1.89e-01 7.51e-05  -3.8    3.3  1.00e+00  3  1h
 201  1.6508941e+03 7.17e-07 1.89e-01 7.51e-05  -3.8    2.8  1.00e+00  5  1h
 202  1.6508023e+03 6.42e-06 1.88e-01 7.51e-05  -3.8    2.3  1.00e+00  5  1h
 203  1.6507679e+03 8.64e-07 1.88e-01 7.51e-05  -3.8    2.8  1.00e+00  4  1h
 204  1.6506651e+03 8.08e-06 1.88e-01 7.51e-05  -3.8    2.3  1.00e+00  8  1h
 205  1.6506265e+03 1.09e-06 1.88e-01 7.51e-05  -3.8    2.7  1.00e+00  4  1h
 206  1.6505113e+03 1.03e-05 1.88e-01 7.51e-05  -3.8    2.2  1.00e+00  4  1h
 207  1.6501683e+03 9.18e-05 1.88e-01 7.51e-05  -3.8    1.8  1.00e+00 10  1h
 208  1.6501522e+03 9.70e-08 1.87e-01 7.51e-05  -3.8    3.1  1.00e+00  4  1h
 209  1.6501041e+03 1.88e-06 1.87e-01 7.51e-05  -3.8    2.6  1.00e+00  3  1h
iter    objective    inf_pr   inf_du inf_compl lg(mu) lg(rg) alpha_pr ir ls
 210  1.6499605e+03 1.68e-05 1.87e-01 7.51e-05  -3.8    2.1  1.00e+00  9  1h
 211  1.6499067e+03 2.25e-06 1.87e-01 7.51e-05  -3.8    2.6  1.00e+00  4  1h
 212  1.6498866e+03 3.37e-07 1.86e-01 7.51e-05  -3.8    3.0  1.00e+00  4  1h
 213  1.6498264e+03 3.11e-06 1.86e-01 7.51e-05  -3.8    2.5  1.00e+00  4  1h
 214  1.6498039e+03 4.36e-07 1.86e-01 7.51e-05  -3.8    2.9  1.00e+00  5  1h
 215  1.6497365e+03 4.02e-06 1.86e-01 7.51e-05  -3.8    2.5  1.00e+00 10  1h
 216  1.6495351e+03 3.57e-05 1.86e-01 7.51e-05  -3.8    2.0  1.00e+00 10  1h
 217  1.6495256e+03 1.24e-07 1.86e-01 7.51e-05  -3.8    3.3  1.00e+00  2  1h
 218  1.6494974e+03 7.05e-07 1.85e-01 7.51e-05  -3.8    2.8  1.00e+00  6  1h
 219  1.6494129e+03 6.32e-06 1.85e-01 7.51e-05  -3.8    2.4  1.00e+00 10  1h
iter    objective    inf_pr   inf_du inf_compl lg(mu) lg(rg) alpha_pr ir ls
 220  1.6493813e+03 8.58e-07 1.85e-01 7.51e-05  -3.8    2.8  1.00e+00  5  1h
 221  1.6492867e+03 7.99e-06 1.85e-01 7.51e-05  -3.8    2.3  1.00e+00  6  1h
 222  1.6492513e+03 1.07e-06 1.85e-01 7.51e-05  -3.8    2.7  1.00e+00 10  1h
 223  1.6491453e+03 1.00e-05 1.85e-01 7.51e-05  -3.8    2.3  1.00e+00  5  1h
 224  1.6488298e+03 8.81e-05 1.84e-01 7.51e-05  -3.8    1.8  1.00e+00 10  1h
 225  1.6488150e+03 1.54e-07 1.84e-01 7.55e-05  -3.8    3.1  1.00e+00  4  1h
 226  1.6487708e+03 1.70e-06 1.84e-01 7.51e-05  -3.8    2.6  1.00e+00  5  1h
 227  1.6487542e+03 2.32e-07 1.83e-01 7.51e-05  -3.8    3.1  1.00e+00  3  1h
 228  1.6487046e+03 2.15e-06 1.83e-01 7.51e-05  -3.8    2.6  1.00e+00 10  1h
 229  1.6485566e+03 1.94e-05 1.83e-01 7.51e-05  -3.8    2.1  1.00e+00 10  1h
iter    objective    inf_pr   inf_du inf_compl lg(mu) lg(rg) alpha_pr ir ls
 230  1.6485497e+03 1.57e-07 1.83e-01 7.51e-05  -3.8    3.4  1.00e+00  3  1h
 231  1.6485289e+03 3.87e-07 1.83e-01 7.51e-05  -3.8    3.0  1.00e+00  5  1h
 232  1.6485211e+03 1.53e-07 1.83e-01 7.51e-05  -3.8    3.4  1.00e+00  3  1h
 233  1.6484979e+03 4.99e-07 1.82e-01 7.51e-05  -3.8    2.9  1.00e+00  4  1h
 234  1.6484283e+03 4.49e-06 1.82e-01 7.51e-05  -3.8    2.4  1.00e+00  8  1h
 235  1.6484022e+03 6.15e-07 1.82e-01 7.51e-05  -3.8    2.9  1.00e+00  3  1h
 236  1.6483242e+03 5.68e-06 1.82e-01 7.51e-05  -3.8    2.4  1.00e+00  5  1h
 237  1.6482950e+03 7.72e-07 1.82e-01 7.51e-05  -3.8    2.8  1.00e+00  4  1h
 238  1.6482076e+03 7.16e-06 1.82e-01 7.51e-05  -3.8    2.3  1.00e+00  8  1h
 239  1.6481748e+03 9.68e-07 1.82e-01 7.51e-05  -3.8    2.7  1.00e+00 10  1h
iter    objective    inf_pr   inf_du inf_compl lg(mu) lg(rg) alpha_pr ir ls
 240  1.6481626e+03 1.53e-07 1.82e-01 7.51e-05  -3.8    3.2  1.00e+00  4  1h
 241  1.6481259e+03 1.28e-06 1.81e-01 7.51e-05  -3.8    2.7  1.00e+00 10  1h
 242  1.6480162e+03 1.15e-05 1.81e-01 7.51e-05  -3.8    2.2  1.00e+00  7  1h
 243  1.6479751e+03 1.54e-06 1.81e-01 7.51e-05  -3.8    2.6  1.00e+00 10  1h
 244  1.6478523e+03 1.44e-05 1.81e-01 7.51e-05  -3.8    2.2  1.00e+00  9  1h
 245  1.6478063e+03 1.92e-06 1.81e-01 7.51e-05  -3.8    2.6  1.00e+00 10  1h
 246  1.6476690e+03 1.81e-05 1.80e-01 7.51e-05  -3.8    2.1  1.00e+00  7  1h
 247  1.6476176e+03 2.38e-06 1.80e-01 7.51e-05  -3.8    2.5  1.00e+00  4  1h
 248  1.6475984e+03 3.47e-07 1.80e-01 7.51e-05  -3.8    3.0  1.00e+00  3  1h
 249  1.6475912e+03 1.74e-07 1.80e-01 7.51e-05  -3.8    3.4  1.00e+00  2  1h
iter    objective    inf_pr   inf_du inf_compl lg(mu) lg(rg) alpha_pr ir ls
 250  1.6475696e+03 4.57e-07 1.80e-01 7.51e-05  -3.8    2.9  1.00e+00  5  1h
 251  1.6475049e+03 4.14e-06 1.80e-01 7.51e-05  -3.8    2.4  1.00e+00 10  1h
 252  1.6474807e+03 5.70e-07 1.79e-01 7.51e-05  -3.8    2.9  1.00e+00 10  1h
 253  1.6474083e+03 5.30e-06 1.79e-01 7.51e-05  -3.8    2.4  1.00e+00  5  1h
 254  1.6473812e+03 7.25e-07 1.79e-01 7.51e-05  -3.8    2.8  1.00e+00  6  1h
 255  1.6473001e+03 6.74e-06 1.79e-01 7.51e-05  -3.8    2.3  1.00e+00 10  1h
 256  1.6472698e+03 9.15e-07 1.79e-01 7.51e-05  -3.8    2.8  1.00e+00  6  1h
 257  1.6471789e+03 8.53e-06 1.79e-01 7.51e-05  -3.8    2.3  1.00e+00  3  1h
 258  1.6471449e+03 1.15e-06 1.78e-01 7.51e-05  -3.8    2.7  1.00e+00  8  1h
 259  1.6471322e+03 1.65e-07 1.78e-01 7.51e-05  -3.8    3.1  1.00e+00  3  1h
iter    objective    inf_pr   inf_du inf_compl lg(mu) lg(rg) alpha_pr ir ls
 260  1.6470941e+03 1.52e-06 1.78e-01 7.51e-05  -3.8    2.7  1.00e+00 10  1h
 261  1.6470798e+03 2.10e-07 1.78e-01 7.51e-05  -3.8    3.1  1.00e+00  3  1h
 262  1.6470370e+03 1.94e-06 1.78e-01 7.51e-05  -3.8    2.6  1.00e+00  4  1h
 263  1.6469091e+03 1.75e-05 1.78e-01 7.51e-05  -3.8    2.1  1.00e+00  5  1h
 264  1.6468613e+03 2.31e-06 1.77e-01 7.51e-05  -3.8    2.6  1.00e+00  3  1h
 265  1.6468434e+03 3.33e-07 1.77e-01 7.51e-05  -3.8    3.0  1.00e+00  2  1h
 266  1.6467897e+03 3.07e-06 1.77e-01 7.51e-05  -3.8    2.5  1.00e+00 10  1h
 267  1.6467696e+03 4.19e-07 1.77e-01 7.51e-05  -3.8    2.9  1.00e+00 10  1h
 268  1.6467095e+03 3.89e-06 1.77e-01 7.51e-05  -3.8    2.5  1.00e+00  7  1h
 269  1.6465299e+03 3.51e-05 1.76e-01 7.51e-05  -3.8    2.0  1.00e+00  5  1h
iter    objective    inf_pr   inf_du inf_compl lg(mu) lg(rg) alpha_pr ir ls
 270  1.6464628e+03 4.50e-06 1.76e-01 7.51e-05  -3.8    2.4  1.00e+00  4  1h
 271  1.6462623e+03 4.34e-05 1.76e-01 7.51e-05  -3.8    1.9  1.00e+00 10  1h
 272  1.6461874e+03 5.49e-06 1.75e-01 7.51e-05  -3.8    2.4  1.00e+00 10  1h
 273  1.6461593e+03 7.91e-07 1.75e-01 7.51e-05  -3.8    2.8  1.00e+00  6  1h
 274  1.6460754e+03 7.39e-06 1.75e-01 7.51e-05  -3.8    2.3  1.00e+00  8  1h
 275  1.6460439e+03 9.92e-07 1.75e-01 7.51e-05  -3.8    2.7  1.00e+00  7  1h
 276  1.6460322e+03 1.40e-07 1.74e-01 7.51e-05  -3.8    3.2  1.00e+00  3  1h
 277  1.6459969e+03 1.30e-06 1.74e-01 7.51e-05  -3.8    2.7  1.00e+00  3  1h
 278  1.6458915e+03 1.20e-05 1.74e-01 7.51e-05  -3.8    2.2  1.00e+00 10  1h
 279  1.6458521e+03 1.61e-06 1.74e-01 7.51e-05  -3.8    2.6  1.00e+00  5  1h
iter    objective    inf_pr   inf_du inf_compl lg(mu) lg(rg) alpha_pr ir ls
 280  1.6458373e+03 2.31e-07 1.74e-01 7.51e-05  -3.8    3.1  1.00e+00  3  1h
 281  1.6457931e+03 2.14e-06 1.74e-01 7.51e-05  -3.8    2.6  1.00e+00 10  1h
 282  1.6456608e+03 1.96e-05 1.73e-01 7.51e-05  -3.8    2.1  1.00e+00  5  1h
 283  1.6456112e+03 2.58e-06 1.73e-01 7.51e-05  -3.8    2.5  1.00e+00  8  1h
 284  1.6455927e+03 3.70e-07 1.73e-01 7.51e-05  -3.8    3.0  1.00e+00  3  1h
 285  1.6455371e+03 3.42e-06 1.73e-01 7.51e-05  -3.8    2.5  1.00e+00  9  1h
 286  1.6453712e+03 3.13e-05 1.72e-01 7.51e-05  -3.8    2.0  1.00e+00 10  1h
 287  1.6453091e+03 4.04e-06 1.72e-01 7.51e-05  -3.8    2.4  1.00e+00  5  1h
 288  1.6452859e+03 5.77e-07 1.72e-01 7.51e-05  -3.8    2.9  1.00e+00  4  1h
 289  1.6452163e+03 5.34e-06 1.72e-01 7.51e-05  -3.8    2.4  1.00e+00  7  1h
iter    objective    inf_pr   inf_du inf_compl lg(mu) lg(rg) alpha_pr ir ls
 290  1.6451902e+03 7.16e-07 1.71e-01 7.51e-05  -3.8    2.8  1.00e+00  4  1h
 291  1.6451804e+03 1.04e-07 1.71e-01 7.51e-05  -3.8    3.2  1.00e+00  2  1h
 292  1.6451511e+03 9.23e-07 1.71e-01 7.51e-05  -3.8    2.7  1.00e+00  5  1h
 293  1.6451402e+03 1.26e-07 1.71e-01 7.51e-05  -3.8    3.2  1.00e+00  4  1h
 294  1.6451361e+03 9.80e-08 1.71e-01 7.51e-05  -3.8    3.6  1.00e+00  2  1h
 295  1.6451238e+03 1.62e-07 1.71e-01 7.51e-05  -3.8    3.1  1.00e+00  4  1h
 296  1.6450868e+03 1.48e-06 1.71e-01 7.51e-05  -3.8    2.6  1.00e+00  4  1h
 297  1.6449764e+03 1.37e-05 1.70e-01 7.51e-05  -3.8    2.2  1.00e+00  6  1h
 298  1.6449350e+03 1.84e-06 1.70e-01 7.51e-05  -3.8    2.6  1.00e+00  5  1h
 299  1.6449195e+03 2.62e-07 1.70e-01 7.51e-05  -3.8    3.0  1.00e+00  3  1h
iter    objective    inf_pr   inf_du inf_compl lg(mu) lg(rg) alpha_pr ir ls
 300  1.6448731e+03 2.41e-06 1.70e-01 7.51e-05  -3.8    2.5  1.00e+00  3  1h
 301  1.6448557e+03 3.26e-07 1.70e-01 7.51e-05  -3.8    3.0  1.00e+00  4  1h
 302  1.6448492e+03 9.46e-08 1.70e-01 7.51e-05  -3.8    3.4  1.00e+00  3  1h
 303  1.6448296e+03 4.16e-07 1.70e-01 7.51e-05  -3.8    2.9  1.00e+00  4  1h
 304  1.6447711e+03 3.79e-06 1.70e-01 7.51e-05  -3.8    2.4  1.00e+00  3  1h
 305  1.6447491e+03 5.16e-07 1.70e-01 7.51e-05  -3.8    2.9  1.00e+00  5  1h
 306  1.6446834e+03 4.81e-06 1.69e-01 7.51e-05  -3.8    2.4  1.00e+00 10  1h
 307  1.6446588e+03 6.50e-07 1.69e-01 7.51e-05  -3.8    2.8  1.00e+00  3  1h
 308  1.6445851e+03 6.04e-06 1.69e-01 7.51e-05  -3.8    2.3  1.00e+00 10  1h
 309  1.6445575e+03 8.10e-07 1.69e-01 7.51e-05  -3.8    2.8  1.00e+00  5  1h
iter    objective    inf_pr   inf_du inf_compl lg(mu) lg(rg) alpha_pr ir ls
 310  1.6444748e+03 7.54e-06 1.69e-01 7.51e-05  -3.8    2.3  1.00e+00  9  1h
 311  1.6444438e+03 1.00e-06 1.68e-01 7.51e-05  -3.8    2.7  1.00e+00  7  1h
 312  1.6444322e+03 1.39e-07 1.68e-01 7.51e-05  -3.8    3.1  1.00e+00  4  1h
 313  1.6443974e+03 1.27e-06 1.68e-01 7.51e-05  -3.8    2.7  1.00e+00  4  1h
 314  1.6443844e+03 1.72e-07 1.68e-01 7.51e-05  -3.8    3.1  1.00e+00  5  1h
 315  1.6443453e+03 1.59e-06 1.68e-01 7.51e-05  -3.8    2.6  1.00e+00 10  1h
 316  1.6442284e+03 1.46e-05 1.68e-01 7.51e-05  -3.8    2.1  1.00e+00 10  1h
 317  1.6441846e+03 1.94e-06 1.67e-01 7.51e-05  -3.8    2.6  1.00e+00  7  1h
 318  1.6440536e+03 1.84e-05 1.67e-01 7.51e-05  -3.8    2.1  1.00e+00  9  1h
 319  1.6436644e+03 1.69e-04 1.66e-01 7.51e-05  -3.8    1.6  1.00e+00 10  1h
iter    objective    inf_pr   inf_du inf_compl lg(mu) lg(rg) alpha_pr ir ls
 320  1.6425271e+03 1.57e-03 3.91e-01 7.50e-05  -3.8    1.1  1.00e+00 10  1h
 321  1.6425201e+03 7.70e-06 1.62e-01 7.54e-05  -3.8    3.4  1.00e+00  2  1h
 322  1.6424997e+03 9.09e-07 1.60e-01 7.50e-05  -3.8    2.9  1.00e+00  3  1h
 323  1.6424394e+03 3.73e-06 1.59e-01 7.50e-05  -3.8    2.4  1.00e+00 10  1h
 324  1.6424170e+03 3.77e-07 1.59e-01 7.50e-05  -3.8    2.8  1.00e+00  5  1h
 325  1.6423498e+03 3.29e-06 1.59e-01 7.50e-05  -3.8    2.4  1.00e+00 10  1h
 326  1.6423246e+03 4.54e-07 1.59e-01 7.50e-05  -3.8    2.8  1.00e+00 10  1h
 327  1.6423152e+03 1.12e-07 1.58e-01 7.50e-05  -3.8    3.2  1.00e+00  2  1h
 328  1.6422870e+03 5.66e-07 1.58e-01 7.50e-05  -3.8    2.7  1.00e+00  4  1h
 329  1.6422024e+03 5.02e-06 1.58e-01 7.50e-05  -3.8    2.3  1.00e+00  4  1h
iter    objective    inf_pr   inf_du inf_compl lg(mu) lg(rg) alpha_pr ir ls
 330  1.6421707e+03 7.05e-07 1.58e-01 7.50e-05  -3.8    2.7  1.00e+00  5  1h
 331  1.6420759e+03 6.58e-06 1.57e-01 7.50e-05  -3.8    2.2  1.00e+00  8  1h
 332  1.6417936e+03 6.59e-05 1.57e-01 7.50e-05  -3.8    1.7  1.00e+00 10  1h
 333  1.6409660e+03 6.75e-04 1.54e-01 7.50e-05  -3.8    1.2  1.00e+00 10  1h
 334  1.6409270e+03 1.36e-07 1.54e-01 7.50e-05  -3.8    2.6  1.00e+00  4  1h
 335  1.6409124e+03 2.28e-07 1.54e-01 7.50e-05  -3.8    3.0  1.00e+00  3  1h
 336  1.6409070e+03 1.25e-07 1.54e-01 7.50e-05  -3.8    3.4  1.00e+00  3  1h
 337  1.6408906e+03 2.28e-07 1.54e-01 7.50e-05  -3.8    3.0  1.00e+00  3  1h
 338  1.6408417e+03 1.76e-06 1.53e-01 7.50e-05  -3.8    2.5  1.00e+00 10  1h
 339  1.6408234e+03 2.30e-07 1.53e-01 7.50e-05  -3.8    2.9  1.00e+00  5  1h
iter    objective    inf_pr   inf_du inf_compl lg(mu) lg(rg) alpha_pr ir ls
 340  1.6407689e+03 2.28e-06 1.53e-01 7.50e-05  -3.8    2.4  1.00e+00  8  1h
 341  1.6406061e+03 2.23e-05 1.52e-01 7.50e-05  -3.8    1.9  1.00e+00  7  1h
 342  1.6405453e+03 2.94e-06 1.52e-01 7.50e-05  -3.8    2.4  1.00e+00  4  1h
 343  1.6403637e+03 2.78e-05 1.51e-01 7.50e-05  -3.8    1.9  1.00e+00 10  1h
 344  1.6402958e+03 3.53e-06 1.51e-01 7.50e-05  -3.8    2.3  1.00e+00  5  1h
 345  1.6402704e+03 4.78e-07 1.50e-01 7.50e-05  -3.8    2.7  1.00e+00  4  1h
 346  1.6402609e+03 8.11e-08 1.50e-01 7.50e-05  -3.8    3.2  1.00e+00  8  1h
 347  1.6402323e+03 5.57e-07 1.50e-01 7.50e-05  -3.8    2.7  1.00e+00  7  1h
 348  1.6401468e+03 5.30e-06 1.50e-01 7.50e-05  -3.8    2.2  1.00e+00  6  1h
 349  1.6398921e+03 5.18e-05 1.49e-01 7.50e-05  -3.8    1.7  1.00e+00 10  1h
iter    objective    inf_pr   inf_du inf_compl lg(mu) lg(rg) alpha_pr ir ls
 350  1.6397968e+03 6.79e-06 1.48e-01 7.50e-05  -3.8    2.2  1.00e+00 10  1h
 351  1.6397611e+03 9.79e-07 1.48e-01 7.50e-05  -3.8    2.6  1.00e+00  8  1h
 352  1.6397477e+03 1.33e-07 1.48e-01 7.50e-05  -3.8    3.0  1.00e+00  3  1h
 353  1.6397427e+03 7.00e-08 1.48e-01 7.50e-05  -3.8    3.4  1.00e+00  2  1h
 354  1.6397277e+03 1.64e-07 1.48e-01 7.50e-05  -3.8    3.0  1.00e+00  7  1h
 355  1.6396826e+03 1.57e-06 1.48e-01 7.50e-05  -3.8    2.5  1.00e+00 10  1h
 356  1.6396657e+03 2.17e-07 1.48e-01 7.50e-05  -3.8    2.9  1.00e+00  6  1h
 357  1.6396151e+03 2.07e-06 1.47e-01 7.50e-05  -3.8    2.4  1.00e+00 10  1h
 358  1.6394640e+03 1.99e-05 1.47e-01 7.50e-05  -3.8    2.0  1.00e+00 10  1h
 359  1.6394075e+03 2.68e-06 1.47e-01 7.50e-05  -3.8    2.4  1.00e+00 10  1h
iter    objective    inf_pr   inf_du inf_compl lg(mu) lg(rg) alpha_pr ir ls
 360  1.6392387e+03 2.56e-05 1.46e-01 7.50e-05  -3.8    1.9  1.00e+00 10  1h
 361  1.6387395e+03 2.33e-04 1.44e-01 7.50e-05  -3.8    1.4  1.00e+00 10  1h
 362  1.6373015e+03 2.10e-03 4.23e-01 7.50e-05  -3.8    1.0  1.00e+00 10  1h
 363  1.6372335e+03 1.71e-06 1.38e-01 7.61e-05  -3.8    2.3  1.00e+00  6  1h
 364  1.6372081e+03 5.93e-07 1.37e-01 7.50e-05  -3.8    2.7  1.00e+00  4  1h
 365  1.6371986e+03 1.69e-07 1.36e-01 7.50e-05  -3.8    3.1  1.00e+00  4  1h
 366  1.6371701e+03 5.64e-07 1.36e-01 7.50e-05  -3.8    2.7  1.00e+00  6  1h
 367  1.6370849e+03 4.45e-06 1.36e-01 7.50e-05  -3.8    2.2  1.00e+00 10  1h
 368  1.6370531e+03 5.81e-07 1.36e-01 7.50e-05  -3.8    2.6  1.00e+00  4  1h
 369  1.6369581e+03 5.31e-06 1.36e-01 7.50e-05  -3.8    2.1  1.00e+00  6  1h
iter    objective    inf_pr   inf_du inf_compl lg(mu) lg(rg) alpha_pr ir ls
 370  1.6366763e+03 5.27e-05 1.35e-01 7.50e-05  -3.8    1.7  1.00e+00 10  1h
 371  1.6365711e+03 7.12e-06 1.34e-01 7.50e-05  -3.8    2.1  1.00e+00  6  1h
 372  1.6365318e+03 1.06e-06 1.34e-01 7.50e-05  -3.8    2.5  1.00e+00 10  1h
 373  1.6364143e+03 1.02e-05 1.33e-01 7.50e-05  -3.8    2.0  1.00e+00 10  1h
 374  1.6363704e+03 1.41e-06 1.33e-01 7.50e-05  -3.8    2.5  1.00e+00  8  1h
 375  1.6362391e+03 1.39e-05 1.33e-01 7.50e-05  -3.8    2.0  1.00e+00 10  1h
 376  1.6362330e+03 5.04e-08 1.33e-01 7.50e-05  -3.8    3.3  1.00e+00  3  1h
 377  1.6362145e+03 2.74e-07 1.33e-01 7.50e-05  -3.8    2.8  1.00e+00  4  1h
 378  1.6362076e+03 4.79e-08 1.33e-01 7.50e-05  -3.8    3.3  1.00e+00  4  1h
 379  1.6361869e+03 3.52e-07 1.33e-01 7.50e-05  -3.8    2.8  1.00e+00  8  1h
iter    objective    inf_pr   inf_du inf_compl lg(mu) lg(rg) alpha_pr ir ls
 380  1.6361792e+03 4.90e-08 1.33e-01 7.50e-05  -3.8    3.2  1.00e+00  5  1h
 381  1.6361559e+03 4.58e-07 1.33e-01 7.50e-05  -3.8    2.7  1.00e+00 10  1h
 382  1.6361472e+03 6.40e-08 1.33e-01 7.50e-05  -3.8    3.2  1.00e+00  4  1h
 383  1.6361211e+03 5.96e-07 1.32e-01 7.50e-05  -3.8    2.7  1.00e+00  8  1h
 384  1.6360431e+03 5.57e-06 1.32e-01 7.50e-05  -3.8    2.2  1.00e+00  7  1h
 385  1.6358110e+03 5.14e-05 1.31e-01 7.50e-05  -3.8    1.7  1.00e+00 10  1h
 386  1.6358002e+03 5.67e-08 1.31e-01 7.50e-05  -3.8    3.1  1.00e+00  9  1h
 387  1.6357676e+03 9.27e-07 1.31e-01 7.50e-05  -3.8    2.6  1.00e+00 10  1h
 388  1.6357554e+03 1.20e-07 1.31e-01 7.50e-05  -3.8    3.0  1.00e+00  5  1h
 389  1.6357189e+03 1.08e-06 1.31e-01 7.50e-05  -3.8    2.5  1.00e+00 10  1h
iter    objective    inf_pr   inf_du inf_compl lg(mu) lg(rg) alpha_pr ir ls
 390  1.6356099e+03 9.87e-06 1.30e-01 7.50e-05  -3.8    2.0  1.00e+00  8  1h
 391  1.6355691e+03 1.31e-06 1.30e-01 7.50e-05  -3.8    2.5  1.00e+00 10  1h
 392  1.6354474e+03 1.22e-05 1.29e-01 7.50e-05  -3.8    2.0  1.00e+00 10  1h
 393  1.6350866e+03 1.12e-04 1.28e-01 7.50e-05  -3.8    1.5  1.00e+00 10  1h
 394  1.6340401e+03 1.08e-03 2.02e-01 7.50e-05  -3.8    1.0  1.00e+00 10  1h
 395  1.6340338e+03 2.24e-06 1.24e-01 7.50e-05  -3.8    3.3  1.00e+00  3  1h
 396  1.6340151e+03 4.92e-07 1.23e-01 7.50e-05  -3.8    2.8  1.00e+00 10  1h
 397  1.6340081e+03 1.03e-07 1.22e-01 7.50e-05  -3.8    3.2  1.00e+00  4  1h
 398  1.6339872e+03 3.84e-07 1.22e-01 7.50e-05  -3.8    2.7  1.00e+00  5  1h
 399  1.6339793e+03 9.10e-08 1.22e-01 7.50e-05  -3.8    3.2  1.00e+00  3  1h
iter    objective    inf_pr   inf_du inf_compl lg(mu) lg(rg) alpha_pr ir ls
 400  1.6339559e+03 3.64e-07 1.22e-01 7.50e-05  -3.8    2.7  1.00e+00  5  1h
 401  1.6338861e+03 3.28e-06 1.22e-01 7.50e-05  -3.8    2.2  1.00e+00  6  1h
 402  1.6336791e+03 3.09e-05 1.21e-01 7.50e-05  -3.8    1.7  1.00e+00  7  1h
 403  1.6336695e+03 7.89e-08 1.21e-01 7.50e-05  -3.8    3.1  1.00e+00  4  1h
 404  1.6336659e+03 7.71e-08 1.22e-01 7.50e-05  -3.8    3.5  1.00e+00  3  1h
 405  1.6336550e+03 9.88e-08 1.22e-01 7.50e-05  -3.8    3.0  1.00e+00  6  1h
 406  1.6336510e+03 7.00e-08 1.22e-01 7.50e-05  -3.8    3.4  1.00e+00  2  1h
 407  1.6336389e+03 1.12e-07 1.21e-01 7.50e-05  -3.8    3.0  1.00e+00  3  1h
 408  1.6336343e+03 6.30e-08 1.21e-01 7.50e-05  -3.8    3.4  1.00e+00  3  1h
 409  1.6336207e+03 1.29e-07 1.21e-01 7.50e-05  -3.8    2.9  1.00e+00  6  1h
iter    objective    inf_pr   inf_du inf_compl lg(mu) lg(rg) alpha_pr ir ls
 410  1.6335798e+03 1.10e-06 1.21e-01 7.50e-05  -3.8    2.4  1.00e+00 10  1h
 411  1.6334576e+03 1.01e-05 1.20e-01 7.50e-05  -3.8    2.0  1.00e+00 10  1h
 412  1.6334118e+03 1.42e-06 1.20e-01 7.50e-05  -3.8    2.4  1.00e+00 10  1h
 413  1.6333946e+03 2.08e-07 1.20e-01 7.50e-05  -3.8    2.8  1.00e+00 10  1h
 414  1.6333433e+03 1.84e-06 1.19e-01 7.50e-05  -3.8    2.3  1.00e+00  7  1h
 415  1.6333240e+03 2.56e-07 1.19e-01 7.50e-05  -3.8    2.8  1.00e+00 10  1h
 416  1.6332665e+03 2.31e-06 1.19e-01 7.50e-05  -3.8    2.3  1.00e+00  6  1h
 417  1.6330952e+03 2.12e-05 1.18e-01 7.50e-05  -3.8    1.8  1.00e+00 10  1h
 418  1.6330872e+03 4.30e-08 1.18e-01 7.50e-05  -3.8    3.1  1.00e+00  4  1h
 419  1.6330631e+03 4.30e-07 1.18e-01 7.50e-05  -3.8    2.7  1.00e+00 10  1h
iter    objective    inf_pr   inf_du inf_compl lg(mu) lg(rg) alpha_pr ir ls
 420  1.6330541e+03 5.99e-08 1.18e-01 7.50e-05  -3.8    3.1  1.00e+00 10  1h
 421  1.6330272e+03 5.26e-07 1.18e-01 7.50e-05  -3.8    2.6  1.00e+00 10  1h
 422  1.6330171e+03 7.33e-08 1.18e-01 7.50e-05  -3.8    3.0  1.00e+00  5  1h
 423  1.6329868e+03 6.57e-07 1.18e-01 7.50e-05  -3.8    2.6  1.00e+00  9  1h
 424  1.6328965e+03 5.96e-06 1.18e-01 7.50e-05  -3.8    2.1  1.00e+00  7  1h
 425  1.6328627e+03 8.21e-07 1.17e-01 7.50e-05  -3.8    2.5  1.00e+00 10  1h
 426  1.6327618e+03 7.59e-06 1.17e-01 7.50e-05  -3.8    2.0  1.00e+00 10  1h
 427  1.6327240e+03 1.04e-06 1.17e-01 7.50e-05  -3.8    2.5  1.00e+00 10  1h
 428  1.6326112e+03 9.67e-06 1.16e-01 7.50e-05  -3.8    2.0  1.00e+00 10  1h
 429  1.6322769e+03 9.06e-05 1.15e-01 7.50e-05  -3.8    1.5  1.00e+00 10  1h
iter    objective    inf_pr   inf_du inf_compl lg(mu) lg(rg) alpha_pr ir ls
 430  1.6322750e+03 4.96e-08 1.15e-01 7.50e-05  -3.8    3.7  1.00e+00  3  1h
 431  1.6322690e+03 4.78e-08 1.14e-01 7.50e-05  -3.8    3.3  1.00e+00  4  1h
 432  1.6322514e+03 2.60e-07 1.14e-01 7.50e-05  -3.8    2.8  1.00e+00  7  1h
 433  1.6321986e+03 2.22e-06 1.14e-01 7.50e-05  -3.8    2.3  1.00e+00  6  1h
 434  1.6320416e+03 2.00e-05 1.14e-01 7.50e-05  -3.8    1.8  1.00e+00  5  1h
 435  1.6320342e+03 4.90e-08 1.14e-01 7.50e-05  -3.8    3.2  1.00e+00  5  1h
 436  1.6320314e+03 4.86e-08 1.13e-01 7.50e-05  -3.8    3.6  1.00e+00  3  1h
 437  1.6320232e+03 5.82e-08 1.13e-01 7.50e-05  -3.8    3.1  1.00e+00  3  1h
 438  1.6319984e+03 5.04e-07 1.13e-01 7.50e-05  -3.8    2.6  1.00e+00  5  1h
 439  1.6319244e+03 4.48e-06 1.13e-01 7.50e-05  -3.8    2.2  1.00e+00 10  1h
iter    objective    inf_pr   inf_du inf_compl lg(mu) lg(rg) alpha_pr ir ls
 440  1.6317043e+03 4.10e-05 1.12e-01 7.50e-05  -3.8    1.7  1.00e+00  9  1h
 441  1.6310595e+03 3.90e-04 1.09e-01 7.50e-05  -3.8    1.2  1.00e+00 10  1h
 442  1.6292496e+03 4.07e-03 1.42e+00 7.50e-05  -3.8    0.7  1.00e+00 10  1h
 443  1.6292383e+03 2.59e-05 2.41e-01 7.56e-05  -3.8    3.0  1.00e+00  2  1h
 444  1.6292055e+03 3.36e-06 1.00e-01 7.50e-05  -3.8    2.5  1.00e+00  5  1h
 445  1.6291095e+03 8.48e-06 9.98e-02 7.50e-05  -3.8    2.0  1.00e+00  6  1h
 446  1.6288276e+03 5.42e-05 9.87e-02 7.50e-05  -3.8    1.5  1.00e+00 10  1h
 447  1.6288144e+03 1.42e-07 9.91e-02 7.50e-05  -3.8    2.8  1.00e+00  3  1h
 448  1.6288095e+03 1.37e-07 9.95e-02 7.50e-05  -3.8    3.3  1.00e+00  3  1h
 449  1.6288076e+03 1.34e-07 1.00e-01 7.50e-05  -3.8    3.7  1.00e+00  2  1h
iter    objective    inf_pr   inf_du inf_compl lg(mu) lg(rg) alpha_pr ir ls
 450  1.6288021e+03 1.29e-07 1.01e-01 7.50e-05  -3.8    3.2  1.00e+00  2  1h
 451  1.6287855e+03 3.99e-07 1.00e-01 7.50e-05  -3.8    2.7  1.00e+00  9  1h
 452  1.6287793e+03 1.12e-07 9.99e-02 7.50e-05  -3.8    3.2  1.00e+00  4  1h
 453  1.6287605e+03 5.66e-07 9.96e-02 7.50e-05  -3.8    2.7  1.00e+00  4  1h
 454  1.6287535e+03 9.43e-08 9.94e-02 7.50e-05  -3.8    3.1  1.00e+00  7  1h
 455  1.6287508e+03 9.19e-08 9.92e-02 7.50e-05  -3.8    3.5  1.00e+00  3  1h
 456  1.6287429e+03 1.22e-07 9.91e-02 7.50e-05  -3.8    3.1  1.00e+00 10  1h
 457  1.6287190e+03 1.02e-06 9.90e-02 7.50e-05  -3.8    2.6  1.00e+00 10  1h
 458  1.6287100e+03 1.45e-07 9.87e-02 7.50e-05  -3.8    3.0  1.00e+00  5  1h
 459  1.6287066e+03 7.12e-08 9.83e-02 7.50e-05  -3.8    3.4  1.00e+00  4  1h
iter    objective    inf_pr   inf_du inf_compl lg(mu) lg(rg) alpha_pr ir ls
 460  1.6286965e+03 1.78e-07 9.82e-02 7.50e-05  -3.8    3.0  1.00e+00  4  1h
 461  1.6286928e+03 6.33e-08 9.79e-02 7.50e-05  -3.8    3.4  1.00e+00  3  1h
 462  1.6286814e+03 2.21e-07 9.78e-02 7.50e-05  -3.8    2.9  1.00e+00 10  1h
 463  1.6286772e+03 5.44e-08 9.78e-02 7.50e-05  -3.8    3.3  1.00e+00  5  1h
 464  1.6286644e+03 2.66e-07 9.78e-02 7.50e-05  -3.8    2.9  1.00e+00  6  1h
 465  1.6286597e+03 4.50e-08 9.80e-02 7.50e-05  -3.8    3.3  1.00e+00  3  1h
 466  1.6286454e+03 3.08e-07 9.79e-02 7.50e-05  -3.8    2.8  1.00e+00  7  1h
 467  1.6286400e+03 4.14e-08 9.80e-02 7.50e-05  -3.8    3.2  1.00e+00  4  1h
 468  1.6286239e+03 3.45e-07 9.80e-02 7.50e-05  -3.8    2.8  1.00e+00 10  1h
 469  1.6285760e+03 2.63e-06 9.80e-02 7.50e-05  -3.8    2.3  1.00e+00 10  1h
iter    objective    inf_pr   inf_du inf_compl lg(mu) lg(rg) alpha_pr ir ls
 470  1.6285580e+03 3.15e-07 9.81e-02 7.50e-05  -3.8    2.7  1.00e+00  4  1h
 471  1.6285044e+03 2.44e-06 9.82e-02 7.50e-05  -3.8    2.2  1.00e+00 10  1h
 472  1.6284844e+03 2.93e-07 9.81e-02 7.50e-05  -3.8    2.7  1.00e+00  5  1h
 473  1.6284246e+03 2.36e-06 9.80e-02 7.50e-05  -3.8    2.2  1.00e+00 10  1h
 474  1.6284022e+03 2.91e-07 9.77e-02 7.50e-05  -3.8    2.6  1.00e+00 10  1h
 475  1.6283356e+03 2.42e-06 9.77e-02 7.50e-05  -3.8    2.1  1.00e+00  9  1h
 476  1.6283324e+03 8.34e-08 9.71e-02 7.50e-05  -3.8    3.5  1.00e+00  3  1h
 477  1.6283231e+03 8.37e-08 9.72e-02 7.50e-05  -3.8    3.0  1.00e+00  5  1h
 478  1.6282952e+03 4.10e-07 9.76e-02 7.50e-05  -3.8    2.5  1.00e+00 10  1h
 479  1.6282120e+03 3.45e-06 9.76e-02 7.50e-05  -3.8    2.0  1.00e+00  8  1h
iter    objective    inf_pr   inf_du inf_compl lg(mu) lg(rg) alpha_pr ir ls
 480  1.6279657e+03 3.25e-05 9.68e-02 7.50e-05  -3.8    1.6  1.00e+00 10  1h
 481  1.6279541e+03 1.02e-07 9.66e-02 7.50e-05  -3.8    2.9  1.00e+00  3  1h
 482  1.6279498e+03 1.02e-07 9.83e-02 7.50e-05  -3.8    3.3  1.00e+00  4  1h
 483  1.6279368e+03 1.08e-07 9.88e-02 7.50e-05  -3.8    2.8  1.00e+00  6  1h
 484  1.6278982e+03 9.06e-07 9.82e-02 7.50e-05  -3.8    2.4  1.00e+00  7  1h
 485  1.6278837e+03 1.41e-07 9.87e-02 7.50e-05  -3.8    2.8  1.00e+00  5  1h
 486  1.6278405e+03 1.52e-06 9.89e-02 7.50e-05  -3.8    2.3  1.00e+00  5  1h
 487  1.6278244e+03 2.00e-07 9.92e-02 7.50e-05  -3.8    2.7  1.00e+00  4  1h
 488  1.6278184e+03 8.74e-08 9.99e-02 7.50e-05  -3.8    3.2  1.00e+00  4  1h
 489  1.6278003e+03 3.10e-07 1.00e-01 7.50e-05  -3.8    2.7  1.00e+00 10  1h
iter    objective    inf_pr   inf_du inf_compl lg(mu) lg(rg) alpha_pr ir ls
 490  1.6277462e+03 2.95e-06 9.95e-02 7.50e-05  -3.8    2.2  1.00e+00 10  1h
 491  1.6277437e+03 7.22e-08 9.94e-02 7.50e-05  -3.8    3.5  1.00e+00  3  1h
 492  1.6277361e+03 7.02e-08 9.96e-02 7.50e-05  -3.8    3.1  1.00e+00  3  1h
 493  1.6277134e+03 6.32e-07 9.94e-02 7.50e-05  -3.8    2.6  1.00e+00  5  1h
 494  1.6276454e+03 5.63e-06 9.88e-02 7.50e-05  -3.8    2.1  1.00e+00 10  1h
 495  1.6276200e+03 7.64e-07 9.85e-02 7.50e-05  -3.8    2.5  1.00e+00  5  1h
 496  1.6276105e+03 1.10e-07 9.83e-02 7.50e-05  -3.8    3.0  1.00e+00  9  1h
 497  1.6275819e+03 1.03e-06 9.81e-02 7.50e-05  -3.8    2.5  1.00e+00  8  1h
 498  1.6275712e+03 1.49e-07 9.80e-02 7.50e-05  -3.8    2.9  1.00e+00  5  1h
 499  1.6275391e+03 1.38e-06 9.79e-02 7.50e-05  -3.8    2.4  1.00e+00  4  1h
iter    objective    inf_pr   inf_du inf_compl lg(mu) lg(rg) alpha_pr ir ls
 500  1.6275270e+03 1.94e-07 9.78e-02 7.50e-05  -3.8    2.8  1.00e+00  4  1h
 501  1.6274910e+03 1.77e-06 9.78e-02 7.50e-05  -3.8    2.4  1.00e+00  7  1h
 502  1.6274775e+03 2.44e-07 9.77e-02 7.50e-05  -3.8    2.8  1.00e+00  4  1h
 503  1.6274370e+03 2.28e-06 9.76e-02 7.50e-05  -3.8    2.3  1.00e+00  9  1h
 504  1.6273162e+03 2.03e-05 9.76e-02 7.50e-05  -3.8    1.8  1.00e+00 10  1h
 505  1.6269592e+03 1.77e-04 9.79e-02 7.50e-05  -3.8    1.4  1.00e+00 10  1h
 506  1.6269424e+03 1.66e-07 9.54e-02 7.50e-05  -3.8    2.7  1.00e+00  6  1h
 507  1.6269361e+03 7.47e-08 9.38e-02 7.50e-05  -3.8    3.1  1.00e+00  3  1h
 508  1.6269171e+03 4.85e-07 9.30e-02 7.50e-05  -3.8    2.6  1.00e+00  5  1h
 509  1.6268605e+03 3.72e-06 9.33e-02 7.50e-05  -3.8    2.2  1.00e+00 10  1h
iter    objective    inf_pr   inf_du inf_compl lg(mu) lg(rg) alpha_pr ir ls
 510  1.6266922e+03 3.28e-05 9.45e-02 7.50e-05  -3.8    1.7  1.00e+00 10  1h
 511  1.6261992e+03 3.16e-04 9.63e-02 7.50e-05  -3.8    1.2  1.00e+00 10  1h
 512  1.6261761e+03 2.52e-07 9.33e-02 7.50e-05  -3.8    2.5  1.00e+00  4  1h
 513  1.6261673e+03 1.37e-07 9.19e-02 7.50e-05  -3.8    3.0  1.00e+00  4  1h
 514  1.6261412e+03 8.51e-07 9.13e-02 7.50e-05  -3.8    2.5  1.00e+00 10  1h
 515  1.6261314e+03 1.14e-07 9.04e-02 7.50e-05  -3.8    2.9  1.00e+00  4  1h
 516  1.6261021e+03 8.57e-07 9.02e-02 7.50e-05  -3.8    2.4  1.00e+00  7  1h
 517  1.6260911e+03 1.27e-07 9.00e-02 7.50e-05  -3.8    2.9  1.00e+00 10  1h
 518  1.6260581e+03 1.10e-06 9.00e-02 7.50e-05  -3.8    2.4  1.00e+00  5  1h
 519  1.6260457e+03 1.63e-07 9.01e-02 7.50e-05  -3.8    2.8  1.00e+00  5  1h
iter    objective    inf_pr   inf_du inf_compl lg(mu) lg(rg) alpha_pr ir ls
 520  1.6260087e+03 1.38e-06 9.03e-02 7.50e-05  -3.8    2.3  1.00e+00 10  1h
 521  1.6260070e+03 5.55e-08 9.07e-02 7.50e-05  -3.8    3.7  1.00e+00  3  1h
 522  1.6260018e+03 5.39e-08 9.08e-02 7.50e-05  -3.8    3.2  1.00e+00  4  1h
 523  1.6259861e+03 2.67e-07 9.06e-02 7.50e-05  -3.8    2.7  1.00e+00 10  1h
 524  1.6259394e+03 2.21e-06 9.06e-02 7.50e-05  -3.8    2.2  1.00e+00  4  1h
 525  1.6259218e+03 2.97e-07 9.08e-02 7.50e-05  -3.8    2.7  1.00e+00  8  1h
 526  1.6259152e+03 4.12e-08 9.09e-02 7.50e-05  -3.8    3.1  1.00e+00  4  1h
 527  1.6258955e+03 3.53e-07 9.10e-02 7.50e-05  -3.8    2.6  1.00e+00  3  1h
 528  1.6258882e+03 4.90e-08 9.11e-02 7.50e-05  -3.8    3.0  1.00e+00  3  1h
 529  1.6258660e+03 4.22e-07 9.11e-02 7.50e-05  -3.8    2.6  1.00e+00  7  1h
iter    objective    inf_pr   inf_du inf_compl lg(mu) lg(rg) alpha_pr ir ls
 530  1.6257999e+03 3.37e-06 9.13e-02 7.50e-05  -3.8    2.1  1.00e+00  7  1h
 531  1.6257751e+03 4.31e-07 9.14e-02 7.50e-05  -3.8    2.5  1.00e+00  7  1h
 532  1.6257012e+03 3.82e-06 9.16e-02 7.50e-05  -3.8    2.0  1.00e+00 10  1h
 533  1.6256735e+03 5.23e-07 9.16e-02 7.50e-05  -3.8    2.5  1.00e+00  7  1h
 534  1.6256632e+03 7.69e-08 9.15e-02 7.50e-05  -3.8    2.9  1.00e+00  5  1h
 535  1.6256593e+03 2.81e-08 9.13e-02 7.50e-05  -3.8    3.3  1.00e+00  4  1h
 536  1.6256476e+03 9.90e-08 9.14e-02 7.50e-05  -3.8    2.8  1.00e+00  4  1h
 537  1.6256432e+03 2.71e-08 9.13e-02 7.50e-05  -3.8    3.3  1.00e+00  5  1h
 538  1.6256302e+03 1.20e-07 9.14e-02 7.50e-05  -3.8    2.8  1.00e+00  4  1h
 539  1.6256253e+03 2.58e-08 9.14e-02 7.50e-05  -3.8    3.2  1.00e+00  4  1h
iter    objective    inf_pr   inf_du inf_compl lg(mu) lg(rg) alpha_pr ir ls
 540  1.6256106e+03 1.47e-07 9.15e-02 7.50e-05  -3.8    2.7  1.00e+00  5  1h
 541  1.6255666e+03 1.36e-06 9.16e-02 7.50e-05  -3.8    2.3  1.00e+00 10  1h
 542  1.6255502e+03 1.91e-07 9.14e-02 7.50e-05  -3.8    2.7  1.00e+00 10  1h
 543  1.6255440e+03 2.68e-08 9.13e-02 7.50e-05  -3.8    3.1  1.00e+00  5  1h
 544  1.6255255e+03 2.49e-07 9.13e-02 7.50e-05  -3.8    2.6  1.00e+00  6  1h
 545  1.6255186e+03 3.43e-08 9.12e-02 7.50e-05  -3.8    3.1  1.00e+00  6  1h
 546  1.6254979e+03 3.29e-07 9.13e-02 7.50e-05  -3.8    2.6  1.00e+00  6  1h
 547  1.6254901e+03 4.55e-08 9.13e-02 7.50e-05  -3.8    3.0  1.00e+00  4  1h
 548  1.6254872e+03 2.16e-08 9.13e-02 7.50e-05  -3.8    3.4  1.00e+00  3  1h
 549  1.6254784e+03 5.76e-08 9.13e-02 7.50e-05  -3.8    2.9  1.00e+00  5  1h
iter    objective    inf_pr   inf_du inf_compl lg(mu) lg(rg) alpha_pr ir ls
 550  1.6254523e+03 5.62e-07 9.14e-02 7.50e-05  -3.8    2.5  1.00e+00  6  1h
 551  1.6253741e+03 5.24e-06 9.13e-02 7.50e-05  -3.8    2.0  1.00e+00 10  1h
 552  1.6253449e+03 7.05e-07 9.11e-02 7.50e-05  -3.8    2.4  1.00e+00 10  1h
 553  1.6253339e+03 9.63e-08 9.08e-02 7.50e-05  -3.8    2.8  1.00e+00  6  1h
 554  1.6253011e+03 9.02e-07 9.09e-02 7.50e-05  -3.8    2.4  1.00e+00  4  1h
 555  1.6252031e+03 8.44e-06 9.09e-02 7.50e-05  -3.8    1.9  1.00e+00 10  1h
 556  1.6251665e+03 1.15e-06 9.07e-02 7.50e-05  -3.8    2.3  1.00e+00  4  1h
 557  1.6251527e+03 1.59e-07 9.06e-02 7.50e-05  -3.8    2.7  1.00e+00 10  1h
 558  1.6251476e+03 2.18e-08 9.04e-02 7.50e-05  -3.8    3.2  1.00e+00  5  1h
 559  1.6251321e+03 2.03e-07 9.05e-02 7.50e-05  -3.8    2.7  1.00e+00 10  1h
iter    objective    inf_pr   inf_du inf_compl lg(mu) lg(rg) alpha_pr ir ls
 560  1.6250859e+03 1.94e-06 9.07e-02 7.50e-05  -3.8    2.2  1.00e+00 10  1h
 561  1.6250686e+03 2.73e-07 9.07e-02 7.50e-05  -3.8    2.6  1.00e+00  4  1h
 562  1.6250621e+03 3.80e-08 9.07e-02 7.50e-05  -3.8    3.1  1.00e+00  3  1h
 563  1.6250597e+03 1.61e-08 9.07e-02 7.50e-05  -3.8    3.5  1.00e+00  3  1h
 564  1.6250523e+03 4.79e-08 9.07e-02 7.50e-05  -3.8    3.0  1.00e+00 10  1h
 565  1.6250305e+03 4.57e-07 9.07e-02 7.50e-05  -3.8    2.5  1.00e+00 10  1h
 566  1.6250223e+03 6.45e-08 9.07e-02 7.50e-05  -3.8    3.0  1.00e+00  8  1h
 567  1.6249977e+03 6.01e-07 9.07e-02 7.50e-05  -3.8    2.5  1.00e+00 10  1h
 568  1.6249885e+03 8.36e-08 9.07e-02 7.50e-05  -3.8    2.9  1.00e+00  5  1h
 569  1.6249851e+03 1.32e-08 9.06e-02 7.50e-05  -3.8    3.3  1.00e+00  3  1h
iter    objective    inf_pr   inf_du inf_compl lg(mu) lg(rg) alpha_pr ir ls
 570  1.6249747e+03 1.06e-07 9.06e-02 7.50e-05  -3.8    2.9  1.00e+00  4  1h
 571  1.6249437e+03 1.00e-06 9.07e-02 7.50e-05  -3.8    2.4  1.00e+00 10  1h
 572  1.6248513e+03 9.15e-06 9.08e-02 7.50e-05  -3.8    1.9  1.00e+00 10  1h
 573  1.6248470e+03 1.64e-08 9.04e-02 7.50e-05  -3.8    3.2  1.00e+00  3  1h
 574  1.6248340e+03 1.72e-07 9.03e-02 7.50e-05  -3.8    2.8  1.00e+00  6  1h
 575  1.6248291e+03 2.39e-08 9.01e-02 7.50e-05  -3.8    3.2  1.00e+00  4  1h
 576  1.6248145e+03 2.24e-07 9.00e-02 7.50e-05  -3.8    2.7  1.00e+00 10  1h
 577  1.6248090e+03 3.18e-08 9.00e-02 7.50e-05  -3.8    3.1  1.00e+00  3  1h
 578  1.6247926e+03 2.95e-07 9.00e-02 7.50e-05  -3.8    2.7  1.00e+00  4  1h
 579  1.6247864e+03 4.17e-08 8.99e-02 7.50e-05  -3.8    3.1  1.00e+00  6  1h
iter    objective    inf_pr   inf_du inf_compl lg(mu) lg(rg) alpha_pr ir ls
 580  1.6247680e+03 3.80e-07 9.00e-02 7.50e-05  -3.8    2.6  1.00e+00  6  1h
 581  1.6247129e+03 3.44e-06 9.01e-02 7.50e-05  -3.8    2.1  1.00e+00 10  1h
 582  1.6245490e+03 3.12e-05 9.03e-02 7.50e-05  -3.8    1.7  1.00e+00 10  1h
 583  1.6245413e+03 5.13e-08 8.96e-02 7.50e-05  -3.8    3.0  1.00e+00  5  1h
 584  1.6245384e+03 1.47e-08 8.91e-02 7.50e-05  -3.8    3.4  1.00e+00  5  1h
 585  1.6245298e+03 8.57e-08 8.89e-02 7.50e-05  -3.8    2.9  1.00e+00  5  1h
 586  1.6245038e+03 7.38e-07 8.90e-02 7.50e-05  -3.8    2.5  1.00e+00 10  1h
 587  1.6244265e+03 6.64e-06 8.94e-02 7.50e-05  -3.8    2.0  1.00e+00  8  1h
 588  1.6243976e+03 9.23e-07 8.94e-02 7.50e-05  -3.8    2.4  1.00e+00  8  1h
 589  1.6243112e+03 8.35e-06 8.95e-02 7.50e-05  -3.8    1.9  1.00e+00 10  1h
iter    objective    inf_pr   inf_du inf_compl lg(mu) lg(rg) alpha_pr ir ls
 590  1.6242789e+03 1.15e-06 8.93e-02 7.50e-05  -3.8    2.4  1.00e+00 10  1h
 591  1.6242668e+03 1.65e-07 8.91e-02 7.50e-05  -3.8    2.8  1.00e+00  4  1h
 592  1.6242305e+03 1.43e-06 8.90e-02 7.50e-05  -3.8    2.3  1.00e+00 10  1h
 593  1.6242169e+03 2.00e-07 8.88e-02 7.50e-05  -3.8    2.7  1.00e+00  9  1h
 594  1.6242118e+03 2.94e-08 8.86e-02 7.50e-05  -3.8    3.2  1.00e+00  4  1h
 595  1.6241965e+03 2.47e-07 8.85e-02 7.50e-05  -3.8    2.7  1.00e+00  8  1h
 596  1.6241507e+03 2.13e-06 8.86e-02 7.50e-05  -3.8    2.2  1.00e+00 10  1h
 597  1.6240146e+03 1.95e-05 8.89e-02 7.50e-05  -3.8    1.7  1.00e+00 10  1h
 598  1.6236152e+03 1.89e-04 8.90e-02 7.50e-05  -3.8    1.2  1.00e+00 10  1h
 599  1.6235964e+03 1.97e-07 8.71e-02 7.50e-05  -3.8    2.6  1.00e+00 10  1h
iter    objective    inf_pr   inf_du inf_compl lg(mu) lg(rg) alpha_pr ir ls
 600  1.6235894e+03 6.73e-08 8.55e-02 7.50e-05  -3.8    3.0  1.00e+00  8  1h
 601  1.6235867e+03 4.64e-08 8.40e-02 7.50e-05  -3.8    3.4  1.00e+00  3  1h
 602  1.6235787e+03 7.83e-08 8.34e-02 7.50e-05  -3.8    2.9  1.00e+00  5  1h
 603  1.6235549e+03 5.79e-07 8.40e-02 7.50e-05  -3.8    2.5  1.00e+00 10  1h
 604  1.6235459e+03 7.89e-08 8.45e-02 7.50e-05  -3.8    2.9  1.00e+00  5  1h
 605  1.6235426e+03 2.92e-08 8.47e-02 7.50e-05  -3.8    3.3  1.00e+00  3  1h
 606  1.6235325e+03 1.01e-07 8.47e-02 7.50e-05  -3.8    2.8  1.00e+00  5  1h
 607  1.6235025e+03 9.39e-07 8.51e-02 7.50e-05  -3.8    2.4  1.00e+00  8  1h
 608  1.6234913e+03 1.24e-07 8.55e-02 7.50e-05  -3.8    2.8  1.00e+00  8  1h
 609  1.6234870e+03 2.04e-08 8.58e-02 7.50e-05  -3.8    3.2  1.00e+00  8  1h
iter    objective    inf_pr   inf_du inf_compl lg(mu) lg(rg) alpha_pr ir ls
 610  1.6234744e+03 1.57e-07 8.60e-02 7.50e-05  -3.8    2.7  1.00e+00  7  1h
 611  1.6234697e+03 2.05e-08 8.61e-02 7.50e-05  -3.8    3.2  1.00e+00  5  1h
 612  1.6234679e+03 1.86e-08 8.63e-02 7.50e-05  -3.8    3.6  1.00e+00  3  1h
 613  1.6234626e+03 2.54e-08 8.63e-02 7.50e-05  -3.8    3.1  1.00e+00  5  1h
 614  1.6234606e+03 1.74e-08 8.64e-02 7.50e-05  -3.8    3.5  1.00e+00  3  1h
 615  1.6234546e+03 3.21e-08 8.63e-02 7.50e-05  -3.8    3.1  1.00e+00  4  1h
 616  1.6234523e+03 1.60e-08 8.63e-02 7.50e-05  -3.8    3.5  1.00e+00  3  1h
 617  1.6234456e+03 4.11e-08 8.62e-02 7.50e-05  -3.8    3.0  1.00e+00  6  1h
 618  1.6234254e+03 3.77e-07 8.62e-02 7.50e-05  -3.8    2.5  1.00e+00 10  1h
 619  1.6234178e+03 5.07e-08 8.62e-02 7.50e-05  -3.8    3.0  1.00e+00  8  1h
iter    objective    inf_pr   inf_du inf_compl lg(mu) lg(rg) alpha_pr ir ls
 620  1.6233951e+03 4.56e-07 8.64e-02 7.50e-05  -3.8    2.5  1.00e+00 10  1h
 621  1.6233274e+03 3.83e-06 8.68e-02 7.50e-05  -3.8    2.0  1.00e+00  7  1h
 622  1.6233021e+03 5.12e-07 8.71e-02 7.50e-05  -3.8    2.4  1.00e+00  6  1h
 623  1.6232266e+03 4.50e-06 8.74e-02 7.50e-05  -3.8    2.0  1.00e+00 10  1h
 624  1.6231983e+03 6.20e-07 8.74e-02 7.50e-05  -3.8    2.4  1.00e+00 10  1h
 625  1.6231877e+03 8.91e-08 8.74e-02 7.50e-05  -3.8    2.8  1.00e+00  5  1h
 626  1.6231837e+03 1.32e-08 8.73e-02 7.50e-05  -3.8    3.2  1.00e+00  5  1h
 627  1.6231718e+03 1.17e-07 8.72e-02 7.50e-05  -3.8    2.8  1.00e+00  5  1h
 628  1.6231674e+03 1.65e-08 8.72e-02 7.50e-05  -3.8    3.2  1.00e+00  4  1h
 629  1.6231540e+03 1.54e-07 8.72e-02 7.50e-05  -3.8    2.7  1.00e+00 10  1h
iter    objective    inf_pr   inf_du inf_compl lg(mu) lg(rg) alpha_pr ir ls
 630  1.6231490e+03 2.15e-08 8.71e-02 7.50e-05  -3.8    3.1  1.00e+00  4  1h
 631  1.6231471e+03 1.06e-08 8.70e-02 7.50e-05  -3.8    3.6  1.00e+00  4  1h
 632  1.6231415e+03 2.77e-08 8.70e-02 7.50e-05  -3.8    3.1  1.00e+00  4  1h
 633  1.6231246e+03 2.63e-07 8.71e-02 7.50e-05  -3.8    2.6  1.00e+00  4  1h
 634  1.6231183e+03 3.70e-08 8.71e-02 7.50e-05  -3.8    3.0  1.00e+00  4  1h
 635  1.6230994e+03 3.43e-07 8.71e-02 7.50e-05  -3.8    2.6  1.00e+00 10  1h
 636  1.6230923e+03 4.80e-08 8.71e-02 7.50e-05  -3.8    3.0  1.00e+00 10  1h
 637  1.6230711e+03 4.42e-07 8.71e-02 7.50e-05  -3.8    2.5  1.00e+00 10  1h
 638  1.6230631e+03 6.19e-08 8.70e-02 7.50e-05  -3.8    2.9  1.00e+00  8  1h
 639  1.6230393e+03 5.67e-07 8.71e-02 7.50e-05  -3.8    2.5  1.00e+00 10  1h
iter    objective    inf_pr   inf_du inf_compl lg(mu) lg(rg) alpha_pr ir ls
 640  1.6229681e+03 5.19e-06 8.71e-02 7.50e-05  -3.8    2.0  1.00e+00 10  1h
 641  1.6227572e+03 4.75e-05 8.72e-02 7.50e-05  -3.8    1.5  1.00e+00 10  1h
 642  1.6226785e+03 6.21e-06 8.66e-02 7.50e-05  -3.8    1.9  1.00e+00 10  1h
 643  1.6224456e+03 5.93e-05 8.68e-02 7.50e-05  -3.8    1.4  1.00e+00 10  1h
 644  1.6224347e+03 8.95e-08 8.53e-02 7.50e-05  -3.8    2.8  1.00e+00  4  1h
 645  1.6224019e+03 1.08e-06 8.51e-02 7.50e-05  -3.8    2.3  1.00e+00  6  1h
 646  1.6224003e+03 3.62e-08 8.44e-02 7.50e-05  -3.8    3.6  1.00e+00  3  1h
 647  1.6223957e+03 3.46e-08 8.38e-02 7.50e-05  -3.8    3.2  1.00e+00  3  1h
 648  1.6223819e+03 1.96e-07 8.38e-02 7.50e-05  -3.8    2.7  1.00e+00  4  1h
 649  1.6223405e+03 1.72e-06 8.44e-02 7.50e-05  -3.8    2.2  1.00e+00  8  1h
iter    objective    inf_pr   inf_du inf_compl lg(mu) lg(rg) alpha_pr ir ls
 650  1.6222174e+03 1.39e-05 8.55e-02 7.50e-05  -3.8    1.7  1.00e+00 10  1h
 651  1.6222117e+03 2.66e-08 8.59e-02 7.50e-05  -3.8    3.0  1.00e+00  9  1h
 652  1.6221944e+03 2.74e-07 8.60e-02 7.50e-05  -3.8    2.6  1.00e+00 10  1h
 653  1.6221879e+03 3.92e-08 8.61e-02 7.50e-05  -3.8    3.0  1.00e+00  5  1h
 654  1.6221855e+03 1.96e-08 8.61e-02 7.50e-05  -3.8    3.4  1.00e+00  5  1h
 655  1.6221782e+03 5.03e-08 8.60e-02 7.50e-05  -3.8    2.9  1.00e+00  6  1h
 656  1.6221755e+03 1.80e-08 8.58e-02 7.50e-05  -3.8    3.4  1.00e+00  4  1h
 657  1.6221673e+03 6.31e-08 8.56e-02 7.50e-05  -3.8    2.9  1.00e+00  4  1h
 658  1.6221643e+03 1.75e-08 8.54e-02 7.50e-05  -3.8    3.3  1.00e+00  3  1h
 659  1.6221551e+03 8.15e-08 8.53e-02 7.50e-05  -3.8    2.8  1.00e+00  6  1h
iter    objective    inf_pr   inf_du inf_compl lg(mu) lg(rg) alpha_pr ir ls
 660  1.6221275e+03 7.23e-07 8.53e-02 7.50e-05  -3.8    2.4  1.00e+00 10  1h
 661  1.6220453e+03 6.08e-06 8.57e-02 7.50e-05  -3.8    1.9  1.00e+00 10  1h
 662  1.6220414e+03 1.36e-08 8.55e-02 7.50e-05  -3.8    3.2  1.00e+00  4  1h
 663  1.6220298e+03 1.25e-07 8.54e-02 7.50e-05  -3.8    2.7  1.00e+00  5  1h
 664  1.6220255e+03 1.80e-08 8.53e-02 7.50e-05  -3.8    3.2  1.00e+00  4  1h
 665  1.6220125e+03 1.58e-07 8.53e-02 7.50e-05  -3.8    2.7  1.00e+00 10  1h
 666  1.6220076e+03 2.23e-08 8.52e-02 7.50e-05  -3.8    3.1  1.00e+00  6  1h
 667  1.6220058e+03 1.16e-08 8.51e-02 7.50e-05  -3.8    3.5  1.00e+00  3  1h
 668  1.6220003e+03 2.86e-08 8.51e-02 7.50e-05  -3.8    3.1  1.00e+00  6  1h
 669  1.6219839e+03 2.50e-07 8.50e-02 7.50e-05  -3.8    2.6  1.00e+00  5  1h
iter    objective    inf_pr   inf_du inf_compl lg(mu) lg(rg) alpha_pr ir ls
 670  1.6219349e+03 2.26e-06 8.52e-02 7.50e-05  -3.8    2.1  1.00e+00  8  1h
 671  1.6219166e+03 3.19e-07 8.52e-02 7.50e-05  -3.8    2.5  1.00e+00  6  1h
 672  1.6219097e+03 4.60e-08 8.51e-02 7.50e-05  -3.8    3.0  1.00e+00  5  1h
 673  1.6219071e+03 9.70e-09 8.50e-02 7.50e-05  -3.8    3.4  1.00e+00  4  1h
 674  1.6218994e+03 5.85e-08 8.50e-02 7.50e-05  -3.8    2.9  1.00e+00  5  1h
 675  1.6218762e+03 5.10e-07 8.51e-02 7.50e-05  -3.8    2.4  1.00e+00  7  1h
 676  1.6218675e+03 7.15e-08 8.51e-02 7.50e-05  -3.8    2.9  1.00e+00  5  1h
 677  1.6218643e+03 1.03e-08 8.50e-02 7.50e-05  -3.8    3.3  1.00e+00  3  1h
 678  1.6218545e+03 9.01e-08 8.50e-02 7.50e-05  -3.8    2.8  1.00e+00  6  1h
 679  1.6218509e+03 1.28e-08 8.50e-02 7.50e-05  -3.8    3.2  1.00e+00  3  1h
iter    objective    inf_pr   inf_du inf_compl lg(mu) lg(rg) alpha_pr ir ls
 680  1.6218399e+03 1.12e-07 8.50e-02 7.50e-05  -3.8    2.8  1.00e+00  7  1h
 681  1.6218071e+03 1.00e-06 8.52e-02 7.50e-05  -3.8    2.3  1.00e+00  7  1h
 682  1.6218056e+03 8.70e-09 8.50e-02 7.50e-05  -3.8    3.6  1.00e+00  3  1h
 683  1.6218010e+03 2.04e-08 8.50e-02 7.50e-05  -3.8    3.1  1.00e+00  3  1h
 684  1.6217872e+03 1.76e-07 8.50e-02 7.50e-05  -3.8    2.7  1.00e+00 10  1h
 685  1.6217458e+03 1.58e-06 8.52e-02 7.50e-05  -3.8    2.2  1.00e+00 10  1h
 686  1.6216229e+03 1.46e-05 8.54e-02 7.50e-05  -3.8    1.7  1.00e+00 10  1h
 687  1.6212624e+03 1.41e-04 8.56e-02 7.50e-05  -3.8    1.2  1.00e+00 10  1h
 688  1.6202457e+03 1.48e-03 5.66e-01 7.50e-05  -3.8    0.7  1.00e+00 10  1h
 689  1.6202395e+03 2.89e-06 8.93e-02 7.50e-05  -3.8    3.0  1.00e+00  4  1h
iter    objective    inf_pr   inf_du inf_compl lg(mu) lg(rg) alpha_pr ir ls
 690  1.6202371e+03 2.44e-07 9.14e-02 7.50e-05  -3.8    3.4  1.00e+00  2  1h
 691  1.6202300e+03 2.25e-07 9.49e-02 7.50e-05  -3.8    2.9  1.00e+00 10  1h
 692  1.6202273e+03 1.90e-07 9.85e-02 7.50e-05  -3.8    3.4  1.00e+00  4  1h
 693  1.6202193e+03 2.54e-07 9.98e-02 7.50e-05  -3.8    2.9  1.00e+00 10  1h
 694  1.6202163e+03 1.38e-07 1.01e-01 7.50e-05  -3.8    3.3  1.00e+00  3  1h
 695  1.6202073e+03 3.10e-07 1.01e-01 7.50e-05  -3.8    2.8  1.00e+00 10  1h
 696  1.6202040e+03 1.15e-07 1.00e-01 7.50e-05  -3.8    3.3  1.00e+00  4  1h
 697  1.6201939e+03 3.55e-07 9.92e-02 7.50e-05  -3.8    2.8  1.00e+00  9  1h
 698  1.6201641e+03 2.64e-06 9.60e-02 7.50e-05  -3.8    2.3  1.00e+00  8  1h
 699  1.6201529e+03 3.05e-07 9.28e-02 7.50e-05  -3.8    2.7  1.00e+00  6  1h
iter    objective    inf_pr   inf_du inf_compl lg(mu) lg(rg) alpha_pr ir ls
 700  1.6201197e+03 2.22e-06 9.02e-02 7.50e-05  -3.8    2.2  1.00e+00  4  1h
 701  1.6201073e+03 2.51e-07 8.77e-02 7.50e-05  -3.8    2.7  1.00e+00  8  1h
 702  1.6200703e+03 1.88e-06 8.60e-02 7.50e-05  -3.8    2.2  1.00e+00 10  1h
 703  1.6200564e+03 2.16e-07 8.56e-02 7.50e-05  -3.8    2.6  1.00e+00 10  1h
 704  1.6200513e+03 7.83e-08 8.62e-02 7.50e-05  -3.8    3.0  1.00e+00  5  1h
 705  1.6200358e+03 1.85e-07 8.74e-02 7.50e-05  -3.8    2.6  1.00e+00 10  1h
 706  1.6200300e+03 6.34e-08 8.85e-02 7.50e-05  -3.8    3.0  1.00e+00  4  1h
 707  1.6200279e+03 6.03e-08 8.98e-02 7.50e-05  -3.8    3.4  1.00e+00  4  1h
 708  1.6200214e+03 5.17e-08 9.07e-02 7.50e-05  -3.8    2.9  1.00e+00  5  1h
 709  1.6200019e+03 2.61e-07 8.99e-02 7.50e-05  -3.8    2.5  1.00e+00  6  1h
iter    objective    inf_pr   inf_du inf_compl lg(mu) lg(rg) alpha_pr ir ls
 710  1.6199946e+03 4.20e-08 8.91e-02 7.50e-05  -3.8    2.9  1.00e+00  4  1h
 711  1.6199728e+03 3.10e-07 8.81e-02 7.50e-05  -3.8    2.4  1.00e+00  6  1h
 712  1.6199647e+03 4.31e-08 8.71e-02 7.50e-05  -3.8    2.8  1.00e+00  4  1h
 713  1.6199403e+03 4.17e-07 8.63e-02 7.50e-05  -3.8    2.4  1.00e+00 10  1h
 714  1.6198676e+03 4.21e-06 8.54e-02 7.50e-05  -3.8    1.9  1.00e+00 10  1h
 715  1.6198642e+03 5.78e-08 8.32e-02 7.50e-05  -3.8    3.2  1.00e+00  3  1h
 716  1.6198540e+03 1.05e-07 8.26e-02 7.50e-05  -3.8    2.7  1.00e+00  7  1h
 717  1.6198235e+03 9.47e-07 8.26e-02 7.50e-05  -3.8    2.3  1.00e+00 10  1h
 718  1.6197331e+03 8.13e-06 8.27e-02 7.50e-05  -3.8    1.8  1.00e+00 10  1h
 719  1.6196993e+03 1.13e-06 8.23e-02 7.50e-05  -3.8    2.2  1.00e+00  8  1h
iter    objective    inf_pr   inf_du inf_compl lg(mu) lg(rg) alpha_pr ir ls
 720  1.6196866e+03 1.67e-07 8.18e-02 7.50e-05  -3.8    2.6  1.00e+00 10  1h
 721  1.6196488e+03 1.45e-06 8.16e-02 7.50e-05  -3.8    2.2  1.00e+00  6  1h
 722  1.6196346e+03 1.98e-07 8.12e-02 7.50e-05  -3.8    2.6  1.00e+00 10  1h
 723  1.6196293e+03 4.20e-08 8.08e-02 7.50e-05  -3.8    3.0  1.00e+00 10  1h
 724  1.6196135e+03 2.37e-07 8.07e-02 7.50e-05  -3.8    2.5  1.00e+00  6  1h
 725  1.6196075e+03 3.99e-08 8.08e-02 7.50e-05  -3.8    3.0  1.00e+00  5  1h
 726  1.6195898e+03 2.73e-07 8.12e-02 7.50e-05  -3.8    2.5  1.00e+00 10  1h
 727  1.6195368e+03 2.37e-06 8.16e-02 7.50e-05  -3.8    2.0  1.00e+00 10  1h
 728  1.6195170e+03 3.23e-07 8.16e-02 7.50e-05  -3.8    2.4  1.00e+00 10  1h
 729  1.6194579e+03 2.93e-06 8.17e-02 7.50e-05  -3.8    2.0  1.00e+00 10  1h
iter    objective    inf_pr   inf_du inf_compl lg(mu) lg(rg) alpha_pr ir ls
 730  1.6194357e+03 4.04e-07 8.16e-02 7.50e-05  -3.8    2.4  1.00e+00  4  1h
 731  1.6194274e+03 5.75e-08 8.16e-02 7.50e-05  -3.8    2.8  1.00e+00 10  1h
 732  1.6194243e+03 2.94e-08 8.17e-02 7.50e-05  -3.8    3.2  1.00e+00  5  1h
 733  1.6194150e+03 7.32e-08 8.23e-02 7.50e-05  -3.8    2.8  1.00e+00 10  1h
 734  1.6194115e+03 2.89e-08 8.27e-02 7.50e-05  -3.8    3.2  1.00e+00  4  1h
 735  1.6194010e+03 9.22e-08 8.32e-02 7.50e-05  -3.8    2.7  1.00e+00  5  1h
 736  1.6193697e+03 8.47e-07 8.33e-02 7.50e-05  -3.8    2.2  1.00e+00  6  1h
 737  1.6193580e+03 1.21e-07 8.32e-02 7.50e-05  -3.8    2.7  1.00e+00  7  1h
 738  1.6193230e+03 1.12e-06 8.31e-02 7.50e-05  -3.8    2.2  1.00e+00 10  1h
 739  1.6193213e+03 2.22e-08 8.26e-02 7.50e-05  -3.8    3.5  1.00e+00  3  1h
iter    objective    inf_pr   inf_du inf_compl lg(mu) lg(rg) alpha_pr ir ls
 740  1.6193164e+03 2.29e-08 8.24e-02 7.50e-05  -3.8    3.0  1.00e+00 10  1h
 741  1.6193016e+03 2.12e-07 8.26e-02 7.50e-05  -3.8    2.6  1.00e+00  4  1h
 742  1.6192575e+03 1.90e-06 8.27e-02 7.50e-05  -3.8    2.1  1.00e+00  8  1h
 743  1.6192410e+03 2.67e-07 8.25e-02 7.50e-05  -3.8    2.5  1.00e+00  7  1h
 744  1.6192348e+03 3.89e-08 8.22e-02 7.50e-05  -3.8    2.9  1.00e+00 10  1h
 745  1.6192325e+03 1.53e-08 8.18e-02 7.50e-05  -3.8    3.4  1.00e+00  4  1h
 746  1.6192255e+03 5.31e-08 8.17e-02 7.50e-05  -3.8    2.9  1.00e+00  6  1h
 747  1.6192047e+03 4.78e-07 8.19e-02 7.50e-05  -3.8    2.4  1.00e+00  5  1h
 748  1.6191968e+03 6.67e-08 8.19e-02 7.50e-05  -3.8    2.8  1.00e+00  5  1h
 749  1.6191939e+03 1.41e-08 8.19e-02 7.50e-05  -3.8    3.3  1.00e+00  5  1h
iter    objective    inf_pr   inf_du inf_compl lg(mu) lg(rg) alpha_pr ir ls
 750  1.6191851e+03 8.75e-08 8.19e-02 7.50e-05  -3.8    2.8  1.00e+00 10  1h
 751  1.6191588e+03 7.79e-07 8.21e-02 7.50e-05  -3.8    2.3  1.00e+00  6  1h
 752  1.6190803e+03 6.75e-06 8.25e-02 7.50e-05  -3.8    1.8  1.00e+00 10  1h
 753  1.6190766e+03 1.58e-08 8.21e-02 7.50e-05  -3.8    3.2  1.00e+00  6  1h
 754  1.6190656e+03 1.35e-07 8.21e-02 7.50e-05  -3.8    2.7  1.00e+00 10  1h
 755  1.6190614e+03 1.92e-08 8.19e-02 7.50e-05  -3.8    3.1  1.00e+00  4  1h
 756  1.6190490e+03 1.75e-07 8.19e-02 7.50e-05  -3.8    2.6  1.00e+00  5  1h
 757  1.6190444e+03 2.47e-08 8.19e-02 7.50e-05  -3.8    3.0  1.00e+00  4  1h
 758  1.6190426e+03 1.52e-08 8.18e-02 7.50e-05  -3.8    3.5  1.00e+00  3  1h
 759  1.6190374e+03 3.23e-08 8.18e-02 7.50e-05  -3.8    3.0  1.00e+00  5  1h
iter    objective    inf_pr   inf_du inf_compl lg(mu) lg(rg) alpha_pr ir ls
 760  1.6190217e+03 2.91e-07 8.19e-02 7.50e-05  -3.8    2.5  1.00e+00 10  1h
 761  1.6189748e+03 2.54e-06 8.22e-02 7.50e-05  -3.8    2.0  1.00e+00 10  1h
 762  1.6189573e+03 3.47e-07 8.23e-02 7.50e-05  -3.8    2.5  1.00e+00  6  1h
 763  1.6189507e+03 4.93e-08 8.22e-02 7.50e-05  -3.8    2.9  1.00e+00 10  1h
 764  1.6189310e+03 4.48e-07 8.22e-02 7.50e-05  -3.8    2.4  1.00e+00 10  1h
 765  1.6189236e+03 6.28e-08 8.21e-02 7.50e-05  -3.8    2.8  1.00e+00  4  1h
 766  1.6189014e+03 5.69e-07 8.21e-02 7.50e-05  -3.8    2.4  1.00e+00  7  1h
 767  1.6188354e+03 5.01e-06 8.23e-02 7.50e-05  -3.8    1.9  1.00e+00 10  1h
 768  1.6188323e+03 1.85e-08 8.18e-02 7.50e-05  -3.8    3.2  1.00e+00  5  1h
 769  1.6188230e+03 1.01e-07 8.16e-02 7.50e-05  -3.8    2.7  1.00e+00 10  1h
iter    objective    inf_pr   inf_du inf_compl lg(mu) lg(rg) alpha_pr ir ls
 770  1.6187952e+03 9.03e-07 8.17e-02 7.50e-05  -3.8    2.3  1.00e+00  5  1h
 771  1.6187939e+03 1.94e-08 8.14e-02 7.50e-05  -3.8    3.6  1.00e+00  4  1h
 772  1.6187900e+03 1.92e-08 8.15e-02 7.50e-05  -3.8    3.1  1.00e+00  4  1h
 773  1.6187885e+03 1.89e-08 8.15e-02 7.50e-05  -3.8    3.5  1.00e+00  4  1h
 774  1.6187841e+03 2.40e-08 8.15e-02 7.50e-05  -3.8    3.1  1.00e+00  6  1h
 775  1.6187709e+03 2.14e-07 8.15e-02 7.50e-05  -3.8    2.6  1.00e+00  9  1h
 776  1.6187660e+03 2.96e-08 8.15e-02 7.50e-05  -3.8    3.0  1.00e+00  6  1h
 777  1.6187511e+03 2.64e-07 8.15e-02 7.50e-05  -3.8    2.5  1.00e+00  7  1h
 778  1.6187456e+03 3.66e-08 8.15e-02 7.50e-05  -3.8    3.0  1.00e+00  6  1h
 779  1.6187435e+03 1.69e-08 8.15e-02 7.50e-05  -3.8    3.4  1.00e+00  4  1h
iter    objective    inf_pr   inf_du inf_compl lg(mu) lg(rg) alpha_pr ir ls
 780  1.6187372e+03 4.66e-08 8.15e-02 7.50e-05  -3.8    2.9  1.00e+00  5  1h
 781  1.6187349e+03 1.62e-08 8.15e-02 7.50e-05  -3.8    3.3  1.00e+00  3  1h
 782  1.6187279e+03 5.90e-08 8.15e-02 7.50e-05  -3.8    2.9  1.00e+00 10  1h
 783  1.6187252e+03 1.54e-08 8.14e-02 7.50e-05  -3.8    3.3  1.00e+00  4  1h
 784  1.6187173e+03 7.44e-08 8.14e-02 7.50e-05  -3.8    2.8  1.00e+00  9  1h
 785  1.6187144e+03 1.44e-08 8.14e-02 7.50e-05  -3.8    3.2  1.00e+00  3  1h
 786  1.6187055e+03 9.33e-08 8.14e-02 7.50e-05  -3.8    2.8  1.00e+00  9  1h
 787  1.6186789e+03 8.24e-07 8.14e-02 7.50e-05  -3.8    2.3  1.00e+00  3  1h
 788  1.6185997e+03 7.20e-06 8.15e-02 7.50e-05  -3.8    1.8  1.00e+00  4  1h
 789  1.6185960e+03 1.33e-08 8.09e-02 7.50e-05  -3.8    3.1  1.00e+00  5  1h
iter    objective    inf_pr   inf_du inf_compl lg(mu) lg(rg) alpha_pr ir ls
 790  1.6185848e+03 1.40e-07 8.09e-02 7.50e-05  -3.8    2.7  1.00e+00  5  1h
 791  1.6185806e+03 1.98e-08 8.08e-02 7.50e-05  -3.8    3.1  1.00e+00  5  1h
 792  1.6185681e+03 1.78e-07 8.08e-02 7.50e-05  -3.8    2.6  1.00e+00 10  1h
 793  1.6185634e+03 2.50e-08 8.08e-02 7.50e-05  -3.8    3.0  1.00e+00  5  1h
 794  1.6185494e+03 2.25e-07 8.08e-02 7.50e-05  -3.8    2.6  1.00e+00  6  1h
 795  1.6185441e+03 3.14e-08 8.07e-02 7.50e-05  -3.8    3.0  1.00e+00  5  1h
 796  1.6185421e+03 9.89e-09 8.07e-02 7.50e-05  -3.8    3.4  1.00e+00  3  1h
 797  1.6185362e+03 4.03e-08 8.07e-02 7.50e-05  -3.8    2.9  1.00e+00  4  1h
 798  1.6185340e+03 9.41e-09 8.07e-02 7.50e-05  -3.8    3.4  1.00e+00  4  1h
 799  1.6185273e+03 5.13e-08 8.07e-02 7.50e-05  -3.8    2.9  1.00e+00  9  1h
iter    objective    inf_pr   inf_du inf_compl lg(mu) lg(rg) alpha_pr ir ls
 800  1.6185074e+03 4.54e-07 8.07e-02 7.50e-05  -3.8    2.4  1.00e+00 10  1h
 801  1.6185064e+03 8.38e-09 8.05e-02 7.50e-05  -3.8    3.7  1.00e+00  3  1h
 802  1.6185036e+03 9.04e-09 8.05e-02 7.50e-05  -3.8    3.3  1.00e+00  4  1h
 803  1.6184952e+03 8.01e-08 8.05e-02 7.50e-05  -3.8    2.8  1.00e+00 10  1h
 804  1.6184700e+03 7.11e-07 8.05e-02 7.50e-05  -3.8    2.3  1.00e+00  9  1h
 805  1.6183950e+03 6.25e-06 8.06e-02 7.50e-05  -3.8    1.8  1.00e+00 10  1h
 806  1.6181739e+03 5.52e-05 8.07e-02 7.50e-05  -3.8    1.3  1.00e+00 10  1h
 807  1.6181634e+03 6.84e-08 7.91e-02 7.50e-05  -3.8    2.7  1.00e+00  9  1h
 808  1.6181595e+03 3.59e-08 7.84e-02 7.50e-05  -3.8    3.1  1.00e+00  4  1h
 809  1.6181478e+03 1.82e-07 7.84e-02 7.50e-05  -3.8    2.6  1.00e+00 10  1h
iter    objective    inf_pr   inf_du inf_compl lg(mu) lg(rg) alpha_pr ir ls
 810  1.6181434e+03 2.87e-08 7.83e-02 7.50e-05  -3.8    3.0  1.00e+00  5  1h
 811  1.6181417e+03 2.79e-08 7.83e-02 7.50e-05  -3.8    3.5  1.00e+00  3  1h
 812  1.6181368e+03 3.56e-08 7.83e-02 7.50e-05  -3.8    3.0  1.00e+00  4  1h
 813  1.6181219e+03 3.01e-07 7.85e-02 7.50e-05  -3.8    2.5  1.00e+00 10  1h
 814  1.6180777e+03 2.44e-06 7.89e-02 7.50e-05  -3.8    2.0  1.00e+00 10  1h
 815  1.6179467e+03 1.95e-05 7.92e-02 7.50e-05  -3.8    1.6  1.00e+00 10  1h
 816  1.6179406e+03 4.27e-08 7.87e-02 7.50e-05  -3.8    2.9  1.00e+00  7  1h
 817  1.6179222e+03 3.72e-07 7.87e-02 7.50e-05  -3.8    2.4  1.00e+00  5  1h
 818  1.6179153e+03 5.24e-08 7.86e-02 7.50e-05  -3.8    2.8  1.00e+00  4  1h
 819  1.6178946e+03 4.66e-07 7.85e-02 7.50e-05  -3.8    2.4  1.00e+00 10  1h
iter    objective    inf_pr   inf_du inf_compl lg(mu) lg(rg) alpha_pr ir ls
 820  1.6178330e+03 4.11e-06 7.86e-02 7.50e-05  -3.8    1.9  1.00e+00 10  1h
 821  1.6176510e+03 3.62e-05 7.86e-02 7.50e-05  -3.8    1.4  1.00e+00 10  1h
 822  1.6176425e+03 5.91e-08 7.75e-02 7.50e-05  -3.8    2.7  1.00e+00  7  1h
 823  1.6176392e+03 5.21e-08 7.69e-02 7.50e-05  -3.8    3.2  1.00e+00  3  1h
 824  1.6176296e+03 1.26e-07 7.68e-02 7.50e-05  -3.8    2.7  1.00e+00 10  1h
 825  1.6176259e+03 4.48e-08 7.66e-02 7.50e-05  -3.8    3.1  1.00e+00  8  1h
 826  1.6176246e+03 4.37e-08 7.68e-02 7.50e-05  -3.8    3.5  1.00e+00  3  1h
 827  1.6176205e+03 4.06e-08 7.71e-02 7.50e-05  -3.8    3.1  1.00e+00  5  1h
 828  1.6176083e+03 2.21e-07 7.71e-02 7.50e-05  -3.8    2.6  1.00e+00 10  1h
 829  1.6175718e+03 1.77e-06 7.68e-02 7.50e-05  -3.8    2.1  1.00e+00  5  1h
iter    objective    inf_pr   inf_du inf_compl lg(mu) lg(rg) alpha_pr ir ls
 830  1.6175581e+03 2.32e-07 7.69e-02 7.50e-05  -3.8    2.5  1.00e+00  5  1h
 831  1.6175173e+03 1.97e-06 7.69e-02 7.50e-05  -3.8    2.1  1.00e+00  6  1h
 832  1.6175020e+03 2.65e-07 7.68e-02 7.50e-05  -3.8    2.5  1.00e+00 10  1h
 833  1.6174963e+03 4.33e-08 7.66e-02 7.50e-05  -3.8    2.9  1.00e+00  6  1h
 834  1.6174941e+03 3.92e-08 7.64e-02 7.50e-05  -3.8    3.3  1.00e+00  3  1h
 835  1.6174877e+03 4.75e-08 7.63e-02 7.50e-05  -3.8    2.9  1.00e+00  4  1h
 836  1.6174684e+03 4.13e-07 7.62e-02 7.50e-05  -3.8    2.4  1.00e+00  5  1h
 837  1.6174611e+03 5.81e-08 7.61e-02 7.50e-05  -3.8    2.8  1.00e+00  3  1h
 838  1.6174584e+03 3.27e-08 7.59e-02 7.50e-05  -3.8    3.2  1.00e+00  4  1h
 839  1.6174503e+03 7.55e-08 7.58e-02 7.50e-05  -3.8    2.8  1.00e+00  6  1h
iter    objective    inf_pr   inf_du inf_compl lg(mu) lg(rg) alpha_pr ir ls
 840  1.6174259e+03 6.56e-07 7.58e-02 7.50e-05  -3.8    2.3  1.00e+00 10  1h
 841  1.6174168e+03 9.13e-08 7.57e-02 7.50e-05  -3.8    2.7  1.00e+00  8  1h
 842  1.6173894e+03 8.06e-07 7.57e-02 7.50e-05  -3.8    2.2  1.00e+00  8  1h
 843  1.6173792e+03 1.12e-07 7.55e-02 7.50e-05  -3.8    2.7  1.00e+00  8  1h
 844  1.6173754e+03 3.32e-08 7.54e-02 7.50e-05  -3.8    3.1  1.00e+00  5  1h
 845  1.6173639e+03 1.44e-07 7.53e-02 7.50e-05  -3.8    2.6  1.00e+00  6  1h
 846  1.6173596e+03 3.12e-08 7.51e-02 7.50e-05  -3.8    3.0  1.00e+00  4  1h
 847  1.6173579e+03 2.90e-08 7.49e-02 7.50e-05  -3.8    3.5  1.00e+00  3  1h
 848  1.6173531e+03 2.81e-08 7.48e-02 7.50e-05  -3.8    3.0  1.00e+00  5  1h
 849  1.6173513e+03 2.64e-08 7.47e-02 7.50e-05  -3.8    3.4  1.00e+00  4  1h
iter    objective    inf_pr   inf_du inf_compl lg(mu) lg(rg) alpha_pr ir ls
 850  1.6173458e+03 3.41e-08 7.46e-02 7.50e-05  -3.8    2.9  1.00e+00  4  1h
 851  1.6173295e+03 2.96e-07 7.46e-02 7.50e-05  -3.8    2.4  1.00e+00 10  1h
 852  1.6173234e+03 4.10e-08 7.46e-02 7.50e-05  -3.8    2.9  1.00e+00  5  1h
 853  1.6173050e+03 3.59e-07 7.45e-02 7.50e-05  -3.8    2.4  1.00e+00 10  1h
 854  1.6172982e+03 4.99e-08 7.44e-02 7.50e-05  -3.8    2.8  1.00e+00  6  1h
 855  1.6172776e+03 4.38e-07 7.44e-02 7.50e-05  -3.8    2.3  1.00e+00 10  1h
 856  1.6172163e+03 3.80e-06 7.44e-02 7.50e-05  -3.8    1.9  1.00e+00 10  1h
 857  1.6171933e+03 5.18e-07 7.42e-02 7.50e-05  -3.8    2.3  1.00e+00  6  1h
 858  1.6171923e+03 3.60e-08 7.37e-02 7.50e-05  -3.8    3.6  1.00e+00  2  1h
 859  1.6171890e+03 3.38e-08 7.34e-02 7.50e-05  -3.8    3.1  1.00e+00  3  1h
iter    objective    inf_pr   inf_du inf_compl lg(mu) lg(rg) alpha_pr ir ls
 860  1.6171794e+03 9.48e-08 7.33e-02 7.50e-05  -3.8    2.7  1.00e+00  6  1h
 861  1.6171757e+03 3.09e-08 7.32e-02 7.50e-05  -3.8    3.1  1.00e+00  4  1h
 862  1.6171648e+03 1.18e-07 7.32e-02 7.50e-05  -3.8    2.6  1.00e+00 10  1h
 863  1.6171608e+03 2.89e-08 7.31e-02 7.50e-05  -3.8    3.0  1.00e+00  9  1h
 864  1.6171486e+03 1.48e-07 7.31e-02 7.50e-05  -3.8    2.6  1.00e+00  7  1h
 865  1.6171440e+03 2.76e-08 7.30e-02 7.50e-05  -3.8    3.0  1.00e+00  5  1h
 866  1.6171303e+03 1.85e-07 7.30e-02 7.50e-05  -3.8    2.5  1.00e+00 10  1h
 867  1.6171252e+03 2.70e-08 7.29e-02 7.50e-05  -3.8    2.9  1.00e+00  5  1h
 868  1.6171098e+03 2.32e-07 7.29e-02 7.50e-05  -3.8    2.5  1.00e+00 10  1h
 869  1.6170638e+03 2.03e-06 7.30e-02 7.50e-05  -3.8    2.0  1.00e+00 10  1h
iter    objective    inf_pr   inf_du inf_compl lg(mu) lg(rg) alpha_pr ir ls
 870  1.6170617e+03 3.12e-08 7.27e-02 7.50e-05  -3.8    3.3  1.00e+00  4  1h
 871  1.6170552e+03 4.09e-08 7.26e-02 7.50e-05  -3.8    2.8  1.00e+00  6  1h
 872  1.6170528e+03 2.82e-08 7.24e-02 7.50e-05  -3.8    3.3  1.00e+00  4  1h
 873  1.6170519e+03 2.62e-08 7.22e-02 7.50e-05  -3.8    3.7  1.00e+00  2  1h
 874  1.6170492e+03 2.50e-08 7.22e-02 7.50e-05  -3.8    3.2  1.00e+00  4  1h
 875  1.6170481e+03 2.34e-08 7.21e-02 7.50e-05  -3.8    3.6  1.00e+00  3  1h
 876  1.6170451e+03 2.27e-08 7.21e-02 7.50e-05  -3.8    3.2  1.00e+00  5  1h
 877  1.6170359e+03 8.66e-08 7.22e-02 7.50e-05  -3.8    2.7  1.00e+00  6  1h
 878  1.6170084e+03 7.42e-07 7.23e-02 7.50e-05  -3.8    2.2  1.00e+00 10  1h
 879  1.6169981e+03 1.01e-07 7.23e-02 7.50e-05  -3.8    2.6  1.00e+00  5  1h
iter    objective    inf_pr   inf_du inf_compl lg(mu) lg(rg) alpha_pr ir ls
 880  1.6169674e+03 9.03e-07 7.23e-02 7.50e-05  -3.8    2.2  1.00e+00 10  1h
 881  1.6169659e+03 2.78e-08 7.21e-02 7.50e-05  -3.8    3.5  1.00e+00  3  1h
 882  1.6169616e+03 2.63e-08 7.20e-02 7.50e-05  -3.8    3.0  1.00e+00  4  1h
 883  1.6169600e+03 2.44e-08 7.19e-02 7.50e-05  -3.8    3.4  1.00e+00  4  1h
 884  1.6169551e+03 2.34e-08 7.19e-02 7.50e-05  -3.8    3.0  1.00e+00  4  1h
 885  1.6169533e+03 2.19e-08 7.18e-02 7.50e-05  -3.8    3.4  1.00e+00  4  1h
 886  1.6169478e+03 2.97e-08 7.18e-02 7.50e-05  -3.8    2.9  1.00e+00  4  1h
 887  1.6169315e+03 2.62e-07 7.18e-02 7.50e-05  -3.8    2.4  1.00e+00  5  1h
 888  1.6168826e+03 2.33e-06 7.20e-02 7.50e-05  -3.8    2.0  1.00e+00 10  1h
 889  1.6168803e+03 2.72e-08 7.17e-02 7.50e-05  -3.8    3.3  1.00e+00  3  1h
iter    objective    inf_pr   inf_du inf_compl lg(mu) lg(rg) alpha_pr ir ls
 890  1.6168734e+03 4.69e-08 7.17e-02 7.50e-05  -3.8    2.8  1.00e+00  9  1h
 891  1.6168708e+03 2.41e-08 7.15e-02 7.50e-05  -3.8    3.2  1.00e+00  3  1h
 892  1.6168631e+03 5.93e-08 7.15e-02 7.50e-05  -3.8    2.8  1.00e+00  4  1h
 893  1.6168602e+03 2.20e-08 7.14e-02 7.50e-05  -3.8    3.2  1.00e+00  4  1h
 894  1.6168515e+03 7.51e-08 7.14e-02 7.50e-05  -3.8    2.7  1.00e+00  9  1h
 895  1.6168255e+03 6.63e-07 7.15e-02 7.50e-05  -3.8    2.2  1.00e+00 10  1h
 896  1.6168158e+03 9.28e-08 7.15e-02 7.50e-05  -3.8    2.7  1.00e+00 10  1h
 897  1.6167867e+03 8.37e-07 7.15e-02 7.50e-05  -3.8    2.2  1.00e+00 10  1h
 898  1.6167758e+03 1.18e-07 7.14e-02 7.50e-05  -3.8    2.6  1.00e+00  4  1h
 899  1.6167717e+03 2.42e-08 7.13e-02 7.50e-05  -3.8    3.0  1.00e+00  6  1h
iter    objective    inf_pr   inf_du inf_compl lg(mu) lg(rg) alpha_pr ir ls
 900  1.6167595e+03 1.51e-07 7.13e-02 7.50e-05  -3.8    2.6  1.00e+00 10  1h
 901  1.6167549e+03 2.25e-08 7.12e-02 7.50e-05  -3.8    3.0  1.00e+00  9  1h
 902  1.6167532e+03 2.20e-08 7.11e-02 7.50e-05  -3.8    3.4  1.00e+00  4  1h
 903  1.6167480e+03 2.76e-08 7.10e-02 7.50e-05  -3.8    2.9  1.00e+00  5  1h
 904  1.6167325e+03 2.44e-07 7.11e-02 7.50e-05  -3.8    2.4  1.00e+00 10  1h
 905  1.6166863e+03 2.14e-06 7.13e-02 7.50e-05  -3.8    2.0  1.00e+00 10  1h
 906  1.6166690e+03 2.99e-07 7.12e-02 7.50e-05  -3.8    2.4  1.00e+00  8  1h
 907  1.6166626e+03 4.28e-08 7.11e-02 7.50e-05  -3.8    2.8  1.00e+00  4  1h
 908  1.6166601e+03 2.29e-08 7.10e-02 7.50e-05  -3.8    3.2  1.00e+00  5  1h
 909  1.6166592e+03 2.31e-08 7.08e-02 7.50e-05  -3.8    3.7  1.00e+00  3  1h
iter    objective    inf_pr   inf_du inf_compl lg(mu) lg(rg) alpha_pr ir ls
 910  1.6166565e+03 2.31e-08 7.07e-02 7.50e-05  -3.8    3.2  1.00e+00  4  1h
 911  1.6166555e+03 2.30e-08 7.07e-02 7.50e-05  -3.8    3.6  1.00e+00  3  1h
 912  1.6166524e+03 2.26e-08 7.07e-02 7.50e-05  -3.8    3.1  1.00e+00  5  1h
 913  1.6166432e+03 9.35e-08 7.08e-02 7.50e-05  -3.8    2.7  1.00e+00  6  1h
 914  1.6166397e+03 2.06e-08 7.08e-02 7.50e-05  -3.8    3.1  1.00e+00  5  1h
 915  1.6166294e+03 1.17e-07 7.09e-02 7.50e-05  -3.8    2.6  1.00e+00  8  1h
 916  1.6166255e+03 1.89e-08 7.09e-02 7.50e-05  -3.8    3.0  1.00e+00  5  1h
 917  1.6166240e+03 1.89e-08 7.09e-02 7.50e-05  -3.8    3.5  1.00e+00  4  1h
 918  1.6166196e+03 2.14e-08 7.10e-02 7.50e-05  -3.8    3.0  1.00e+00 10  1h
 919  1.6166180e+03 1.82e-08 7.10e-02 7.50e-05  -3.8    3.4  1.00e+00  3  1h
iter    objective    inf_pr   inf_du inf_compl lg(mu) lg(rg) alpha_pr ir ls
 920  1.6166131e+03 2.74e-08 7.10e-02 7.50e-05  -3.8    2.9  1.00e+00  4  1h
 921  1.6166113e+03 1.73e-08 7.10e-02 7.50e-05  -3.8    3.4  1.00e+00  4  1h
 922  1.6166058e+03 3.49e-08 7.11e-02 7.50e-05  -3.8    2.9  1.00e+00 10  1h
 923  1.6166037e+03 1.61e-08 7.11e-02 7.50e-05  -3.8    3.3  1.00e+00  4  1h
 924  1.6165975e+03 4.42e-08 7.12e-02 7.50e-05  -3.8    2.8  1.00e+00  8  1h
 925  1.6165789e+03 3.86e-07 7.13e-02 7.50e-05  -3.8    2.4  1.00e+00  8  1h
 926  1.6165236e+03 3.30e-06 7.14e-02 7.50e-05  -3.8    1.9  1.00e+00 10  1h
 927  1.6163601e+03 2.89e-05 7.15e-02 7.50e-05  -3.8    1.4  1.00e+00 10  1h
 928  1.6163524e+03 4.84e-08 7.05e-02 7.50e-05  -3.8    2.7  1.00e+00 10  1h
 929  1.6163495e+03 3.46e-08 6.99e-02 7.50e-05  -3.8    3.2  1.00e+00  4  1h
iter    objective    inf_pr   inf_du inf_compl lg(mu) lg(rg) alpha_pr ir ls
 930  1.6163409e+03 8.55e-08 6.98e-02 7.50e-05  -3.8    2.7  1.00e+00  9  1h
 931  1.6163150e+03 7.28e-07 7.01e-02 7.50e-05  -3.8    2.2  1.00e+00  7  1h
 932  1.6163053e+03 1.02e-07 7.01e-02 7.50e-05  -3.8    2.6  1.00e+00  5  1h
 933  1.6162764e+03 9.18e-07 7.03e-02 7.50e-05  -3.8    2.2  1.00e+00 10  1h
 934  1.6161904e+03 8.09e-06 7.06e-02 7.50e-05  -3.8    1.7  1.00e+00 10  1h
 935  1.6161864e+03 3.41e-08 7.02e-02 7.50e-05  -3.8    3.0  1.00e+00  5  1h
 936  1.6161743e+03 1.69e-07 7.02e-02 7.50e-05  -3.8    2.5  1.00e+00  7  1h
 937  1.6161698e+03 3.40e-08 7.01e-02 7.50e-05  -3.8    3.0  1.00e+00  4  1h
 938  1.6161562e+03 2.22e-07 7.02e-02 7.50e-05  -3.8    2.5  1.00e+00  4  1h
 939  1.6161511e+03 3.19e-08 7.02e-02 7.50e-05  -3.8    2.9  1.00e+00 10  1h
iter    objective    inf_pr   inf_du inf_compl lg(mu) lg(rg) alpha_pr ir ls
 940  1.6161358e+03 2.88e-07 7.04e-02 7.50e-05  -3.8    2.4  1.00e+00 10  1h
 941  1.6160903e+03 2.50e-06 7.05e-02 7.50e-05  -3.8    2.0  1.00e+00 10  1h
 942  1.6160882e+03 2.70e-08 7.04e-02 7.50e-05  -3.8    3.3  1.00e+00  3  1h
 943  1.6160818e+03 5.05e-08 7.04e-02 7.50e-05  -3.8    2.8  1.00e+00  5  1h
 944  1.6160794e+03 2.74e-08 7.04e-02 7.50e-05  -3.8    3.2  1.00e+00  4  1h
 945  1.6160722e+03 6.60e-08 7.05e-02 7.50e-05  -3.8    2.8  1.00e+00  6  1h
 946  1.6160695e+03 2.64e-08 7.06e-02 7.50e-05  -3.8    3.2  1.00e+00  4  1h
 947  1.6160614e+03 8.59e-08 7.08e-02 7.50e-05  -3.8    2.7  1.00e+00  6  1h
 948  1.6160583e+03 2.44e-08 7.09e-02 7.50e-05  -3.8    3.1  1.00e+00  4  1h
 949  1.6160572e+03 2.42e-08 7.10e-02 7.50e-05  -3.8    3.6  1.00e+00  3  1h
iter    objective    inf_pr   inf_du inf_compl lg(mu) lg(rg) alpha_pr ir ls
 950  1.6160538e+03 2.34e-08 7.11e-02 7.50e-05  -3.8    3.1  1.00e+00  4  1h
 951  1.6160436e+03 1.44e-07 7.13e-02 7.50e-05  -3.8    2.6  1.00e+00  7  1h
 952  1.6160130e+03 1.24e-06 7.13e-02 7.50e-05  -3.8    2.1  1.00e+00 10  1h
 953  1.6160115e+03 1.66e-08 7.10e-02 7.50e-05  -3.8    3.5  1.00e+00  4  1h
 954  1.6160072e+03 2.41e-08 7.09e-02 7.50e-05  -3.8    3.0  1.00e+00 10  1h
 955  1.6159944e+03 2.14e-07 7.11e-02 7.50e-05  -3.8    2.5  1.00e+00 10  1h
 956  1.6159895e+03 2.97e-08 7.10e-02 7.50e-05  -3.8    2.9  1.00e+00  4  1h
 957  1.6159751e+03 2.68e-07 7.11e-02 7.50e-05  -3.8    2.4  1.00e+00 10  1h
 958  1.6159320e+03 2.36e-06 7.11e-02 7.50e-05  -3.8    2.0  1.00e+00 10  1h
 959  1.6159299e+03 1.50e-08 7.08e-02 7.50e-05  -3.8    3.3  1.00e+00  3  1h
iter    objective    inf_pr   inf_du inf_compl lg(mu) lg(rg) alpha_pr ir ls
 960  1.6159239e+03 4.71e-08 7.08e-02 7.50e-05  -3.8    2.8  1.00e+00  4  1h
 961  1.6159057e+03 4.17e-07 7.09e-02 7.50e-05  -3.8    2.3  1.00e+00 10  1h
 962  1.6159049e+03 1.54e-08 7.08e-02 7.50e-05  -3.8    3.7  1.00e+00  3  1h
 963  1.6159023e+03 1.55e-08 7.07e-02 7.50e-05  -3.8    3.2  1.00e+00  4  1h
 964  1.6158947e+03 7.64e-08 7.08e-02 7.50e-05  -3.8    2.7  1.00e+00 10  1h
 965  1.6158918e+03 1.50e-08 7.08e-02 7.50e-05  -3.8    3.1  1.00e+00  3  1h
 966  1.6158833e+03 9.65e-08 7.09e-02 7.50e-05  -3.8    2.7  1.00e+00  6  1h
 967  1.6158800e+03 1.42e-08 7.09e-02 7.50e-05  -3.8    3.1  1.00e+00  4  1h
 968  1.6158788e+03 1.42e-08 7.09e-02 7.50e-05  -3.8    3.5  1.00e+00  3  1h
 969  1.6158752e+03 1.76e-08 7.09e-02 7.50e-05  -3.8    3.0  1.00e+00  4  1h
iter    objective    inf_pr   inf_du inf_compl lg(mu) lg(rg) alpha_pr ir ls
 970  1.6158739e+03 1.38e-08 7.09e-02 7.50e-05  -3.8    3.5  1.00e+00  3  1h
 971  1.6158698e+03 2.25e-08 7.10e-02 7.50e-05  -3.8    3.0  1.00e+00  5  1h
 972  1.6158683e+03 1.31e-08 7.10e-02 7.50e-05  -3.8    3.4  1.00e+00  5  1h
 973  1.6158637e+03 2.85e-08 7.11e-02 7.50e-05  -3.8    2.9  1.00e+00  5  1h
 974  1.6158620e+03 1.24e-08 7.11e-02 7.50e-05  -3.8    3.4  1.00e+00  4  1h
 975  1.6158569e+03 3.60e-08 7.12e-02 7.50e-05  -3.8    2.9  1.00e+00 10  1h
 976  1.6158415e+03 3.18e-07 7.12e-02 7.50e-05  -3.8    2.4  1.00e+00  6  1h
 977  1.6157957e+03 2.76e-06 7.11e-02 7.50e-05  -3.8    1.9  1.00e+00 10  1h
 978  1.6157785e+03 3.76e-07 7.10e-02 7.50e-05  -3.8    2.4  1.00e+00  8  1h
 979  1.6157721e+03 5.29e-08 7.08e-02 7.50e-05  -3.8    2.8  1.00e+00 10  1h
iter    objective    inf_pr   inf_du inf_compl lg(mu) lg(rg) alpha_pr ir ls
 980  1.6157696e+03 1.23e-08 7.06e-02 7.50e-05  -3.8    3.2  1.00e+00  3  1h
 981  1.6157624e+03 6.73e-08 7.06e-02 7.50e-05  -3.8    2.7  1.00e+00  5  1h
 982  1.6157597e+03 1.24e-08 7.06e-02 7.50e-05  -3.8    3.2  1.00e+00  5  1h
 983  1.6157516e+03 8.49e-08 7.07e-02 7.50e-05  -3.8    2.7  1.00e+00  5  1h
 984  1.6157272e+03 7.54e-07 7.08e-02 7.50e-05  -3.8    2.2  1.00e+00 10  1h
 985  1.6156549e+03 6.72e-06 7.08e-02 7.50e-05  -3.8    1.7  1.00e+00 10  1h
 986  1.6154421e+03 6.07e-05 7.10e-02 7.50e-05  -3.8    1.3  1.00e+00 10  1h
 987  1.6154320e+03 8.74e-08 7.01e-02 7.50e-05  -3.8    2.6  1.00e+00  5  1h
 988  1.6154021e+03 1.29e-06 7.03e-02 7.50e-05  -3.8    2.1  1.00e+00 10  1h
 989  1.6153132e+03 1.10e-05 7.04e-02 7.50e-05  -3.8    1.6  1.00e+00 10  1h
iter    objective    inf_pr   inf_du inf_compl lg(mu) lg(rg) alpha_pr ir ls
 990  1.6152800e+03 1.49e-06 7.02e-02 7.50e-05  -3.8    2.1  1.00e+00 10  1h
 991  1.6152675e+03 2.18e-07 6.99e-02 7.50e-05  -3.8    2.5  1.00e+00 10  1h
 992  1.6152628e+03 5.15e-08 6.96e-02 7.50e-05  -3.8    2.9  1.00e+00  3  1h
 993  1.6152488e+03 2.92e-07 6.97e-02 7.50e-05  -3.8    2.4  1.00e+00 10  1h
 994  1.6152435e+03 4.60e-08 6.97e-02 7.50e-05  -3.8    2.9  1.00e+00  4  1h
 995  1.6152278e+03 3.73e-07 6.97e-02 7.50e-05  -3.8    2.4  1.00e+00 10  1h
 996  1.6152219e+03 5.23e-08 6.97e-02 7.50e-05  -3.8    2.8  1.00e+00 10  1h
 997  1.6152041e+03 4.64e-07 6.97e-02 7.50e-05  -3.8    2.3  1.00e+00  4  1h
 998  1.6151513e+03 3.92e-06 6.95e-02 7.50e-05  -3.8    1.9  1.00e+00 10  1h
 999  1.6151488e+03 4.61e-08 6.91e-02 7.50e-05  -3.8    3.2  1.00e+00  3  1h
iter    objective    inf_pr   inf_du inf_compl lg(mu) lg(rg) alpha_pr ir ls
1000  1.6151414e+03 7.58e-08 6.89e-02 7.50e-05  -3.8    2.7  1.00e+00  5  1h
1001  1.6151386e+03 4.08e-08 6.88e-02 7.50e-05  -3.8    3.1  1.00e+00  3  1h
1002  1.6151302e+03 9.51e-08 6.88e-02 7.50e-05  -3.8    2.7  1.00e+00  4  1h
1003  1.6151052e+03 8.32e-07 6.88e-02 7.50e-05  -3.8    2.2  1.00e+00 10  1h
1004  1.6150308e+03 7.22e-06 6.87e-02 7.50e-05  -3.8    1.7  1.00e+00 10  1h
1005  1.6150030e+03 9.72e-07 6.85e-02 7.50e-05  -3.8    2.1  1.00e+00  7  1h
1006  1.6149203e+03 8.79e-06 6.84e-02 7.50e-05  -3.8    1.6  1.00e+00 10  1h
1007  1.6149164e+03 5.86e-08 6.79e-02 7.50e-05  -3.8    3.0  1.00e+00  5  1h
1008  1.6149048e+03 1.76e-07 6.78e-02 7.50e-05  -3.8    2.5  1.00e+00  8  1h
1009  1.6149004e+03 5.48e-08 6.76e-02 7.50e-05  -3.8    2.9  1.00e+00  4  1h
iter    objective    inf_pr   inf_du inf_compl lg(mu) lg(rg) alpha_pr ir ls
1010  1.6148988e+03 5.22e-08 6.73e-02 7.50e-05  -3.8    3.4  1.00e+00  3  1h
1011  1.6148939e+03 5.07e-08 6.72e-02 7.50e-05  -3.8    2.9  1.00e+00  4  1h
1012  1.6148792e+03 2.78e-07 6.71e-02 7.50e-05  -3.8    2.4  1.00e+00 10  1h
1013  1.6148353e+03 2.37e-06 6.70e-02 7.50e-05  -3.8    1.9  1.00e+00 10  1h
1014  1.6148333e+03 5.27e-08 6.66e-02 7.50e-05  -3.8    3.2  1.00e+00  4  1h
1015  1.6148271e+03 5.10e-08 6.63e-02 7.50e-05  -3.8    2.8  1.00e+00  8  1h
1016  1.6148248e+03 4.89e-08 6.61e-02 7.50e-05  -3.8    3.2  1.00e+00  3  1h
1017  1.6148179e+03 5.94e-08 6.60e-02 7.50e-05  -3.8    2.7  1.00e+00  5  1h
1018  1.6147971e+03 5.22e-07 6.60e-02 7.50e-05  -3.8    2.2  1.00e+00 10  1h
1019  1.6147353e+03 4.76e-06 6.59e-02 7.50e-05  -3.8    1.8  1.00e+00 10  1h
iter    objective    inf_pr   inf_du inf_compl lg(mu) lg(rg) alpha_pr ir ls
1020  1.6145536e+03 4.52e-05 6.60e-02 7.50e-05  -3.8    1.3  1.00e+00 10  1h
1021  1.6140361e+03 4.54e-04 2.04e-01 7.50e-05  -3.8    0.8  1.00e+00 10  1h
1022  1.6140116e+03 4.82e-07 6.64e-02 7.50e-05  -3.8    2.1  1.00e+00  8  1h
1023  1.6140104e+03 1.72e-07 6.73e-02 7.50e-05  -3.8    3.5  1.00e+00  3  1h
1024  1.6140069e+03 1.67e-07 6.77e-02 7.50e-05  -3.8    3.0  1.00e+00  2  1h
1025  1.6139963e+03 2.58e-07 6.70e-02 7.50e-05  -3.8    2.5  1.00e+00  5  1h
1026  1.6139923e+03 1.56e-07 6.65e-02 7.50e-05  -3.8    2.9  1.00e+00  5  1h
1027  1.6139804e+03 3.03e-07 6.58e-02 7.50e-05  -3.8    2.5  1.00e+00 10  1h
1028  1.6139759e+03 1.44e-07 6.51e-02 7.50e-05  -3.8    2.9  1.00e+00  3  1h
1029  1.6139626e+03 3.75e-07 6.45e-02 7.50e-05  -3.8    2.4  1.00e+00  4  1h
iter    objective    inf_pr   inf_du inf_compl lg(mu) lg(rg) alpha_pr ir ls
1030  1.6139230e+03 3.03e-06 6.34e-02 7.50e-05  -3.8    1.9  1.00e+00 10  1h
1031  1.6139083e+03 3.76e-07 6.23e-02 7.50e-05  -3.8    2.4  1.00e+00 10  1h
1032  1.6138643e+03 3.14e-06 6.15e-02 7.50e-05  -3.8    1.9  1.00e+00  7  1h
1033  1.6137349e+03 2.51e-05 6.09e-02 7.50e-05  -3.8    1.4  1.00e+00  5  1h
1034  1.6137288e+03 1.23e-07 6.03e-02 7.50e-05  -3.8    2.7  1.00e+00 10  1h
1035  1.6137107e+03 4.51e-07 6.01e-02 7.50e-05  -3.8    2.3  1.00e+00 10  1h
1036  1.6137040e+03 1.13e-07 5.98e-02 7.50e-05  -3.8    2.7  1.00e+00  3  1h
1037  1.6137015e+03 1.08e-07 5.94e-02 7.50e-05  -3.8    3.1  1.00e+00  4  1h
1038  1.6136939e+03 1.02e-07 5.92e-02 7.50e-05  -3.8    2.6  1.00e+00  4  1h
1039  1.6136712e+03 7.52e-07 5.91e-02 7.50e-05  -3.8    2.2  1.00e+00  9  1h
iter    objective    inf_pr   inf_du inf_compl lg(mu) lg(rg) alpha_pr ir ls
1040  1.6136037e+03 7.00e-06 5.90e-02 7.50e-05  -3.8    1.7  1.00e+00  4  1h
1041  1.6134058e+03 6.17e-05 5.91e-02 7.50e-05  -3.8    1.2  1.00e+00 10  1h
1042  1.6133322e+03 7.54e-06 5.89e-02 7.50e-05  -3.8    1.6  1.00e+00 10  1h
1043  1.6133045e+03 1.14e-06 5.86e-02 7.50e-05  -3.8    2.1  1.00e+00  4  1h
1044  1.6132942e+03 1.68e-07 5.85e-02 7.50e-05  -3.8    2.5  1.00e+00  7  1h
1045  1.6132632e+03 1.53e-06 5.85e-02 7.50e-05  -3.8    2.0  1.00e+00 10  1h
1046  1.6131716e+03 1.29e-05 5.84e-02 7.50e-05  -3.8    1.5  1.00e+00 10  1h
1047  1.6131375e+03 1.68e-06 5.82e-02 7.50e-05  -3.8    2.0  1.00e+00 10  1h
1048  1.6131247e+03 2.36e-07 5.80e-02 7.50e-05  -3.8    2.4  1.00e+00  5  1h
1049  1.6131200e+03 5.66e-08 5.79e-02 7.50e-05  -3.8    2.8  1.00e+00  5  1h
iter    objective    inf_pr   inf_du inf_compl lg(mu) lg(rg) alpha_pr ir ls
1050  1.6131182e+03 5.05e-08 5.78e-02 7.50e-05  -3.8    3.2  1.00e+00  4  1h
1051  1.6131128e+03 5.88e-08 5.87e-02 7.50e-05  -3.8    2.8  1.00e+00  5  1h
1052  1.6131108e+03 4.66e-08 5.91e-02 7.50e-05  -3.8    3.2  1.00e+00  4  1h
1053  1.6131047e+03 7.12e-08 6.00e-02 7.50e-05  -3.8    2.7  1.00e+00  4  1h
1054  1.6131025e+03 4.10e-08 6.04e-02 7.50e-05  -3.8    3.1  1.00e+00  4  1h
1055  1.6130957e+03 8.81e-08 6.11e-02 7.50e-05  -3.8    2.7  1.00e+00  4  1h
1056  1.6130931e+03 3.56e-08 6.15e-02 7.50e-05  -3.8    3.1  1.00e+00  3  1h
1057  1.6130922e+03 3.55e-08 6.17e-02 7.50e-05  -3.8    3.5  1.00e+00  3  1h
1058  1.6130893e+03 3.37e-08 6.24e-02 7.50e-05  -3.8    3.0  1.00e+00  4  1h
1059  1.6130883e+03 3.28e-08 6.28e-02 7.50e-05  -3.8    3.5  1.00e+00  3  1h
iter    objective    inf_pr   inf_du inf_compl lg(mu) lg(rg) alpha_pr ir ls
1060  1.6130850e+03 2.98e-08 6.33e-02 7.50e-05  -3.8    3.0  1.00e+00  4  1h
1061  1.6130754e+03 2.01e-07 6.34e-02 7.50e-05  -3.8    2.5  1.00e+00  3  1h
1062  1.6130718e+03 2.99e-08 6.33e-02 7.50e-05  -3.8    2.9  1.00e+00  4  1h
1063  1.6130610e+03 2.42e-07 6.32e-02 7.50e-05  -3.8    2.4  1.00e+00  7  1h
1064  1.6130569e+03 3.20e-08 6.28e-02 7.50e-05  -3.8    2.9  1.00e+00  5  1h
1065  1.6130448e+03 2.86e-07 6.27e-02 7.50e-05  -3.8    2.4  1.00e+00 10  1h
1066  1.6130403e+03 3.78e-08 6.25e-02 7.50e-05  -3.8    2.8  1.00e+00  9  1h
1067  1.6130267e+03 3.38e-07 6.25e-02 7.50e-05  -3.8    2.3  1.00e+00  7  1h
1068  1.6129861e+03 2.92e-06 6.23e-02 7.50e-05  -3.8    1.9  1.00e+00 10  1h
1069  1.6128665e+03 2.48e-05 6.19e-02 7.50e-05  -3.8    1.4  1.00e+00 10  1h
iter    objective    inf_pr   inf_du inf_compl lg(mu) lg(rg) alpha_pr ir ls
1070  1.6128609e+03 4.17e-08 6.07e-02 7.50e-05  -3.8    2.7  1.00e+00  5  1h
1071  1.6128587e+03 3.55e-08 5.96e-02 7.50e-05  -3.8    3.1  1.00e+00  6  1h
1072  1.6128579e+03 3.08e-08 5.87e-02 7.50e-05  -3.8    3.6  1.00e+00  3  1h
1073  1.6128556e+03 2.52e-08 5.83e-02 7.50e-05  -3.8    3.1  1.00e+00  3  1h
1074  1.6128485e+03 9.51e-08 5.85e-02 7.50e-05  -3.8    2.6  1.00e+00 10  1h
1075  1.6128273e+03 7.83e-07 5.90e-02 7.50e-05  -3.8    2.1  1.00e+00 10  1h
1076  1.6128263e+03 1.87e-08 5.92e-02 7.50e-05  -3.8    3.5  1.00e+00  3  1h
1077  1.6128234e+03 1.85e-08 5.91e-02 7.50e-05  -3.8    3.0  1.00e+00  4  1h
1078  1.6128223e+03 1.84e-08 5.91e-02 7.50e-05  -3.8    3.4  1.00e+00  3  1h
1079  1.6128189e+03 1.90e-08 5.92e-02 7.50e-05  -3.8    2.9  1.00e+00  8  1h
iter    objective    inf_pr   inf_du inf_compl lg(mu) lg(rg) alpha_pr ir ls
1080  1.6128090e+03 1.75e-07 5.92e-02 7.50e-05  -3.8    2.5  1.00e+00  8  1h
1081  1.6128053e+03 2.44e-08 5.93e-02 7.50e-05  -3.8    2.9  1.00e+00  4  1h
1082  1.6128039e+03 1.76e-08 5.93e-02 7.50e-05  -3.8    3.3  1.00e+00  3  1h
1083  1.6127997e+03 3.09e-08 5.94e-02 7.50e-05  -3.8    2.8  1.00e+00  5  1h
1084  1.6127872e+03 2.78e-07 5.94e-02 7.50e-05  -3.8    2.4  1.00e+00 10  1h
1085  1.6127825e+03 3.86e-08 5.95e-02 7.50e-05  -3.8    2.8  1.00e+00  5  1h
1086  1.6127685e+03 3.46e-07 5.95e-02 7.50e-05  -3.8    2.3  1.00e+00 10  1h
1087  1.6127632e+03 4.78e-08 5.95e-02 7.50e-05  -3.8    2.7  1.00e+00  9  1h
1088  1.6127474e+03 4.28e-07 5.96e-02 7.50e-05  -3.8    2.3  1.00e+00  7  1h
1089  1.6127415e+03 5.92e-08 5.96e-02 7.50e-05  -3.8    2.7  1.00e+00 10  1h
iter    objective    inf_pr   inf_du inf_compl lg(mu) lg(rg) alpha_pr ir ls
1090  1.6127393e+03 1.50e-08 5.96e-02 7.50e-05  -3.8    3.1  1.00e+00  5  1h
1091  1.6127326e+03 7.45e-08 5.96e-02 7.50e-05  -3.8    2.6  1.00e+00  9  1h
1092  1.6127128e+03 6.67e-07 5.98e-02 7.50e-05  -3.8    2.2  1.00e+00 10  1h
1093  1.6127118e+03 1.65e-08 5.97e-02 7.50e-05  -3.8    3.5  1.00e+00  3  1h
1094  1.6127090e+03 1.69e-08 5.97e-02 7.50e-05  -3.8    3.0  1.00e+00  7  1h
1095  1.6127006e+03 1.17e-07 5.98e-02 7.50e-05  -3.8    2.5  1.00e+00  6  1h
1096  1.6126755e+03 1.05e-06 5.99e-02 7.50e-05  -3.8    2.1  1.00e+00 10  1h
1097  1.6126661e+03 1.46e-07 5.99e-02 7.50e-05  -3.8    2.5  1.00e+00  5  1h
1098  1.6126626e+03 2.06e-08 6.00e-02 7.50e-05  -3.8    2.9  1.00e+00  6  1h
1099  1.6126520e+03 1.86e-07 6.01e-02 7.49e-05  -3.8    2.4  1.00e+00  5  1h
iter    objective    inf_pr   inf_du inf_compl lg(mu) lg(rg) alpha_pr ir ls
1100  1.6126481e+03 2.60e-08 6.02e-02 7.49e-05  -3.8    2.9  1.00e+00  5  1h
1101  1.6126466e+03 2.01e-08 6.02e-02 7.49e-05  -3.8    3.3  1.00e+00  4  1h
1102  1.6126421e+03 3.31e-08 6.04e-02 7.49e-05  -3.8    2.8  1.00e+00  5  1h
1103  1.6126288e+03 2.99e-07 6.05e-02 7.49e-05  -3.8    2.3  1.00e+00 10  1h
1104  1.6126238e+03 4.16e-08 6.05e-02 7.49e-05  -3.8    2.8  1.00e+00  4  1h
1105  1.6126219e+03 1.85e-08 6.05e-02 7.49e-05  -3.8    3.2  1.00e+00  3  1h
1106  1.6126163e+03 5.46e-08 6.07e-02 7.49e-05  -3.8    2.7  1.00e+00  5  1h
1107  1.6125994e+03 4.78e-07 6.07e-02 7.49e-05  -3.8    2.2  1.00e+00 10  1h
1108  1.6125931e+03 6.74e-08 6.06e-02 7.49e-05  -3.8    2.6  1.00e+00  6  1h
1109  1.6125742e+03 5.98e-07 6.06e-02 7.49e-05  -3.8    2.2  1.00e+00  8  1h
iter    objective    inf_pr   inf_du inf_compl lg(mu) lg(rg) alpha_pr ir ls
1110  1.6125672e+03 8.45e-08 6.06e-02 7.49e-05  -3.8    2.6  1.00e+00 10  1h
1111  1.6125645e+03 1.47e-08 6.05e-02 7.49e-05  -3.8    3.0  1.00e+00  5  1h
1112  1.6125565e+03 1.10e-07 6.06e-02 7.49e-05  -3.8    2.5  1.00e+00  7  1h
1113  1.6125536e+03 1.57e-08 6.06e-02 7.49e-05  -3.8    3.0  1.00e+00  4  1h
1114  1.6125446e+03 1.40e-07 6.07e-02 7.49e-05  -3.8    2.5  1.00e+00 10  1h
1115  1.6125413e+03 1.99e-08 6.07e-02 7.49e-05  -3.8    2.9  1.00e+00  6  1h
1116  1.6125312e+03 1.77e-07 6.07e-02 7.49e-05  -3.8    2.4  1.00e+00 10  1h
1117  1.6125275e+03 2.51e-08 6.07e-02 7.49e-05  -3.8    2.9  1.00e+00  6  1h
1118  1.6125162e+03 2.22e-07 6.07e-02 7.49e-05  -3.8    2.4  1.00e+00  9  1h
1119  1.6125120e+03 3.14e-08 6.07e-02 7.49e-05  -3.8    2.8  1.00e+00  8  1h
iter    objective    inf_pr   inf_du inf_compl lg(mu) lg(rg) alpha_pr ir ls
1120  1.6125104e+03 1.10e-08 6.06e-02 7.49e-05  -3.8    3.2  1.00e+00  3  1h
1121  1.6125056e+03 4.06e-08 6.06e-02 7.49e-05  -3.8    2.8  1.00e+00  6  1h
1122  1.6124914e+03 3.52e-07 6.07e-02 7.49e-05  -3.8    2.3  1.00e+00  8  1h
1123  1.6124490e+03 3.08e-06 6.06e-02 7.49e-05  -3.8    1.8  1.00e+00 10  1h
1124  1.6124470e+03 1.49e-08 6.04e-02 7.49e-05  -3.8    3.1  1.00e+00  3  1h
1125  1.6124410e+03 6.24e-08 6.04e-02 7.49e-05  -3.8    2.7  1.00e+00  6  1h
1126  1.6124388e+03 1.27e-08 6.03e-02 7.49e-05  -3.8    3.1  1.00e+00  3  1h
1127  1.6124321e+03 7.86e-08 6.04e-02 7.49e-05  -3.8    2.6  1.00e+00 10  1h
1128  1.6124120e+03 7.00e-07 6.04e-02 7.49e-05  -3.8    2.1  1.00e+00 10  1h
1129  1.6124111e+03 1.25e-08 6.03e-02 7.49e-05  -3.8    3.5  1.00e+00  3  1h
iter    objective    inf_pr   inf_du inf_compl lg(mu) lg(rg) alpha_pr ir ls
1130  1.6124083e+03 1.44e-08 6.03e-02 7.49e-05  -3.8    3.0  1.00e+00  7  1h
1131  1.6124072e+03 1.07e-08 6.02e-02 7.49e-05  -3.8    3.4  1.00e+00  3  1h
1132  1.6124040e+03 1.85e-08 6.03e-02 7.49e-05  -3.8    2.9  1.00e+00  3  1h
1133  1.6123945e+03 1.59e-07 6.04e-02 7.49e-05  -3.8    2.5  1.00e+00  8  1h
1134  1.6123910e+03 2.23e-08 6.03e-02 7.49e-05  -3.8    2.9  1.00e+00  4  1h
1135  1.6123803e+03 2.01e-07 6.04e-02 7.49e-05  -3.8    2.4  1.00e+00 10  1h
1136  1.6123798e+03 9.43e-09 6.02e-02 7.49e-05  -3.8    3.7  1.00e+00  3  1h
1137  1.6123783e+03 8.67e-09 6.02e-02 7.49e-05  -3.8    3.3  1.00e+00  4  1h
1138  1.6123777e+03 8.30e-09 6.01e-02 7.49e-05  -3.8    3.7  1.00e+00  3  1h
1139  1.6123760e+03 8.12e-09 6.02e-02 7.49e-05  -3.8    3.2  1.00e+00  7  1h
iter    objective    inf_pr   inf_du inf_compl lg(mu) lg(rg) alpha_pr ir ls
1140  1.6123710e+03 4.63e-08 6.03e-02 7.49e-05  -3.8    2.7  1.00e+00 10  1h
1141  1.6123558e+03 4.09e-07 6.03e-02 7.49e-05  -3.8    2.3  1.00e+00  7  1h
1142  1.6123106e+03 3.62e-06 6.03e-02 7.49e-05  -3.8    1.8  1.00e+00 10  1h
1143  1.6121774e+03 3.21e-05 6.05e-02 7.49e-05  -3.8    1.3  1.00e+00 10  1h
1144  1.6121277e+03 4.33e-06 6.04e-02 7.49e-05  -3.8    1.7  1.00e+00 10  1h
1145  1.6121091e+03 6.37e-07 6.02e-02 7.49e-05  -3.8    2.2  1.00e+00 10  1h
1146  1.6121021e+03 9.27e-08 5.99e-02 7.49e-05  -3.8    2.6  1.00e+00 10  1h
1147  1.6120995e+03 3.67e-08 5.97e-02 7.49e-05  -3.8    3.0  1.00e+00  8  1h
1148  1.6120916e+03 1.22e-07 5.97e-02 7.49e-05  -3.8    2.5  1.00e+00 10  1h
1149  1.6120886e+03 3.16e-08 5.96e-02 7.49e-05  -3.8    3.0  1.00e+00  6  1h
iter    objective    inf_pr   inf_du inf_compl lg(mu) lg(rg) alpha_pr ir ls
1150  1.6120797e+03 1.58e-07 5.96e-02 7.49e-05  -3.8    2.5  1.00e+00  8  1h
1151  1.6120764e+03 2.77e-08 5.95e-02 7.49e-05  -3.8    2.9  1.00e+00  6  1h
1152  1.6120664e+03 2.01e-07 5.95e-02 7.49e-05  -3.8    2.4  1.00e+00 10  1h
1153  1.6120627e+03 2.81e-08 5.94e-02 7.50e-05  -3.8    2.9  1.00e+00 10  1h
1154  1.6120613e+03 2.33e-08 5.93e-02 7.50e-05  -3.8    3.3  1.00e+00  4  1h
1155  1.6120571e+03 3.55e-08 5.93e-02 7.50e-05  -3.8    2.8  1.00e+00  8  1h
1156  1.6120555e+03 2.08e-08 5.93e-02 7.50e-05  -3.8    3.2  1.00e+00  5  1h
1157  1.6120508e+03 4.53e-08 5.93e-02 7.50e-05  -3.8    2.8  1.00e+00 10  1h
1158  1.6120490e+03 1.87e-08 5.93e-02 7.50e-05  -3.8    3.2  1.00e+00  4  1h
1159  1.6120437e+03 5.76e-08 5.93e-02 7.50e-05  -3.8    2.7  1.00e+00  5  1h
iter    objective    inf_pr   inf_du inf_compl lg(mu) lg(rg) alpha_pr ir ls
1160  1.6120417e+03 1.71e-08 5.92e-02 7.50e-05  -3.8    3.1  1.00e+00  6  1h
1161  1.6120357e+03 7.28e-08 5.92e-02 7.50e-05  -3.8    2.6  1.00e+00  3  1h
1162  1.6120178e+03 6.49e-07 5.91e-02 7.50e-05  -3.8    2.2  1.00e+00 10  1h
1163  1.6119645e+03 5.65e-06 5.91e-02 7.50e-05  -3.8    1.7  1.00e+00 10  1h
1164  1.6118082e+03 4.91e-05 5.93e-02 7.50e-05  -3.8    1.2  1.00e+00 10  1h
1165  1.6117501e+03 6.45e-06 5.91e-02 7.50e-05  -3.8    1.6  1.00e+00 10  1h
1166  1.6117473e+03 5.52e-08 5.85e-02 7.50e-05  -3.8    3.0  1.00e+00  8  1h
1167  1.6117391e+03 1.37e-07 5.82e-02 7.50e-05  -3.8    2.5  1.00e+00  8  1h
1168  1.6117360e+03 5.01e-08 5.79e-02 7.50e-05  -3.8    2.9  1.00e+00  6  1h
1169  1.6117267e+03 1.77e-07 5.77e-02 7.50e-05  -3.8    2.4  1.00e+00 10  1h
iter    objective    inf_pr   inf_du inf_compl lg(mu) lg(rg) alpha_pr ir ls
1170  1.6117233e+03 4.58e-08 5.74e-02 7.50e-05  -3.8    2.9  1.00e+00  5  1h
1171  1.6117129e+03 2.25e-07 5.73e-02 7.50e-05  -3.8    2.4  1.00e+00 10  1h
1172  1.6117090e+03 4.25e-08 5.71e-02 7.50e-05  -3.8    2.8  1.00e+00 10  1h
1173  1.6116973e+03 2.84e-07 5.70e-02 7.50e-05  -3.8    2.3  1.00e+00  9  1h
1174  1.6116929e+03 3.99e-08 5.69e-02 7.50e-05  -3.8    2.8  1.00e+00  4  1h
1175  1.6116913e+03 3.85e-08 5.67e-02 7.50e-05  -3.8    3.2  1.00e+00  5  1h
1176  1.6116864e+03 5.01e-08 5.66e-02 7.50e-05  -3.8    2.7  1.00e+00  5  1h
1177  1.6116716e+03 4.54e-07 5.66e-02 7.50e-05  -3.8    2.2  1.00e+00  9  1h
1178  1.6116661e+03 6.32e-08 5.65e-02 7.50e-05  -3.8    2.7  1.00e+00 10  1h
1179  1.6116640e+03 3.76e-08 5.63e-02 7.50e-05  -3.8    3.1  1.00e+00  4  1h
iter    objective    inf_pr   inf_du inf_compl lg(mu) lg(rg) alpha_pr ir ls
1180  1.6116578e+03 8.01e-08 5.62e-02 7.50e-05  -3.8    2.6  1.00e+00 10  1h
1181  1.6116392e+03 7.21e-07 5.61e-02 7.50e-05  -3.8    2.1  1.00e+00 10  1h
1182  1.6115840e+03 6.41e-06 5.61e-02 7.50e-05  -3.8    1.7  1.00e+00 10  1h
1183  1.6115814e+03 4.39e-08 5.59e-02 7.50e-05  -3.8    3.0  1.00e+00  4  1h
1184  1.6115736e+03 1.25e-07 5.58e-02 7.50e-05  -3.8    2.5  1.00e+00 10  1h
1185  1.6115707e+03 4.22e-08 5.56e-02 7.50e-05  -3.8    2.9  1.00e+00  3  1h
1186  1.6115619e+03 1.59e-07 5.55e-02 7.50e-05  -3.8    2.5  1.00e+00 10  1h
1187  1.6115358e+03 1.43e-06 5.55e-02 7.50e-05  -3.8    2.0  1.00e+00 10  1h
1188  1.6115346e+03 4.24e-08 5.52e-02 7.50e-05  -3.8    3.3  1.00e+00  3  1h
1189  1.6115309e+03 4.15e-08 5.51e-02 7.50e-05  -3.8    2.8  1.00e+00  4  1h
iter    objective    inf_pr   inf_du inf_compl lg(mu) lg(rg) alpha_pr ir ls
1190  1.6115199e+03 2.55e-07 5.50e-02 7.50e-05  -3.8    2.4  1.00e+00  7  1h
1191  1.6115158e+03 4.12e-08 5.48e-02 7.50e-05  -3.8    2.8  1.00e+00  7  1h
1192  1.6115034e+03 3.24e-07 5.48e-02 7.50e-05  -3.8    2.3  1.00e+00 10  1h
1193  1.6114988e+03 4.52e-08 5.46e-02 7.50e-05  -3.8    2.7  1.00e+00  4  1h
1194  1.6114849e+03 4.10e-07 5.45e-02 7.50e-05  -3.8    2.3  1.00e+00  6  1h
1195  1.6114797e+03 5.71e-08 5.44e-02 7.50e-05  -3.8    2.7  1.00e+00 10  1h
1196  1.6114777e+03 4.01e-08 5.42e-02 7.50e-05  -3.8    3.1  1.00e+00  9  1h
1197  1.6114719e+03 7.29e-08 5.41e-02 7.50e-05  -3.8    2.6  1.00e+00  5  1h
1198  1.6114544e+03 6.57e-07 5.40e-02 7.50e-05  -3.8    2.2  1.00e+00 10  1h
1199  1.6114478e+03 9.15e-08 5.39e-02 7.50e-05  -3.8    2.6  1.00e+00 10  1h
iter    objective    inf_pr   inf_du inf_compl lg(mu) lg(rg) alpha_pr ir ls
1200  1.6114282e+03 8.28e-07 5.38e-02 7.50e-05  -3.8    2.1  1.00e+00 10  1h
1201  1.6114208e+03 1.15e-07 5.36e-02 7.50e-05  -3.8    2.5  1.00e+00  7  1h
1202  1.6113988e+03 1.04e-06 5.36e-02 7.50e-05  -3.8    2.1  1.00e+00 10  1h
1203  1.6113335e+03 9.34e-06 5.37e-02 7.50e-05  -3.8    1.6  1.00e+00 10  1h
1204  1.6113091e+03 1.28e-06 5.36e-02 7.50e-05  -3.8    2.0  1.00e+00 10  1h
1205  1.6112367e+03 1.18e-05 5.36e-02 7.50e-05  -3.8    1.5  1.00e+00 10  1h
1206  1.6112096e+03 1.62e-06 5.35e-02 7.50e-05  -3.8    1.9  1.00e+00 10  1h
1207  1.6112083e+03 5.11e-08 5.32e-02 7.50e-05  -3.8    3.3  1.00e+00  3  1h
1208  1.6112045e+03 4.96e-08 5.30e-02 7.50e-05  -3.8    2.8  1.00e+00  8  1h
1209  1.6111930e+03 3.11e-07 5.29e-02 7.50e-05  -3.8    2.3  1.00e+00 10  1h
iter    objective    inf_pr   inf_du inf_compl lg(mu) lg(rg) alpha_pr ir ls
1210  1.6111589e+03 2.79e-06 5.28e-02 7.50e-05  -3.8    1.8  1.00e+00 10  1h
1211  1.6110582e+03 2.45e-05 5.30e-02 7.50e-05  -3.8    1.4  1.00e+00 10  1h
1212  1.6110206e+03 3.29e-06 5.29e-02 7.50e-05  -3.8    1.8  1.00e+00 10  1h
1213  1.6110065e+03 4.77e-07 5.28e-02 7.50e-05  -3.8    2.2  1.00e+00 10  1h
1214  1.6110012e+03 6.78e-08 5.25e-02 7.50e-05  -3.8    2.6  1.00e+00  4  1h
1215  1.6109993e+03 6.18e-08 5.23e-02 7.50e-05  -3.8    3.1  1.00e+00  4  1h
1216  1.6109933e+03 8.88e-08 5.21e-02 7.50e-05  -3.8    2.6  1.00e+00  7  1h
1217  1.6109910e+03 5.88e-08 5.19e-02 7.50e-05  -3.8    3.0  1.00e+00  3  1h
1218  1.6109902e+03 5.74e-08 5.17e-02 7.50e-05  -3.8    3.4  1.00e+00  3  1h
1219  1.6109877e+03 5.57e-08 5.18e-02 7.50e-05  -3.8    3.0  1.00e+00  4  1h
iter    objective    inf_pr   inf_du inf_compl lg(mu) lg(rg) alpha_pr ir ls
1220  1.6109801e+03 1.51e-07 5.17e-02 7.50e-05  -3.8    2.5  1.00e+00 10  1h
1221  1.6109575e+03 1.35e-06 5.14e-02 7.50e-05  -3.8    2.0  1.00e+00 10  1h
1222  1.6109491e+03 1.84e-07 5.13e-02 7.50e-05  -3.8    2.4  1.00e+00  8  1h
1223  1.6109238e+03 1.65e-06 5.12e-02 7.50e-05  -3.8    2.0  1.00e+00 10  1h
1224  1.6109144e+03 2.25e-07 5.10e-02 7.50e-05  -3.8    2.4  1.00e+00  8  1h
1225  1.6109108e+03 5.45e-08 5.08e-02 7.50e-05  -3.8    2.8  1.00e+00  4  1h
1226  1.6109002e+03 2.83e-07 5.08e-02 7.50e-05  -3.8    2.3  1.00e+00 10  1h
1227  1.6108685e+03 2.54e-06 5.07e-02 7.50e-05  -3.8    1.9  1.00e+00 10  1h
1228  1.6108670e+03 5.29e-08 5.05e-02 7.50e-05  -3.8    3.2  1.00e+00  4  1h
1229  1.6108626e+03 5.11e-08 5.03e-02 7.50e-05  -3.8    2.7  1.00e+00  3  1h
iter    objective    inf_pr   inf_du inf_compl lg(mu) lg(rg) alpha_pr ir ls
1230  1.6108492e+03 4.47e-07 5.03e-02 7.50e-05  -3.8    2.2  1.00e+00 10  1h
1231  1.6108443e+03 6.22e-08 5.01e-02 7.50e-05  -3.8    2.7  1.00e+00  6  1h
1232  1.6108293e+03 5.63e-07 5.00e-02 7.50e-05  -3.8    2.2  1.00e+00 10  1h
1233  1.6108237e+03 7.83e-08 4.98e-02 7.50e-05  -3.8    2.6  1.00e+00  6  1h
1234  1.6108070e+03 7.10e-07 4.98e-02 7.50e-05  -3.8    2.1  1.00e+00 10  1h
1235  1.6108007e+03 9.88e-08 4.96e-02 7.50e-05  -3.8    2.6  1.00e+00  8  1h
1236  1.6107819e+03 8.96e-07 4.95e-02 7.50e-05  -3.8    2.1  1.00e+00 10  1h
1237  1.6107749e+03 1.25e-07 4.94e-02 7.50e-05  -3.8    2.5  1.00e+00  4  1h
1238  1.6107539e+03 1.13e-06 4.94e-02 7.50e-05  -3.8    2.0  1.00e+00 10  1h
1239  1.6106915e+03 1.01e-05 4.95e-02 7.49e-05  -3.8    1.6  1.00e+00 10  1h
iter    objective    inf_pr   inf_du inf_compl lg(mu) lg(rg) alpha_pr ir ls
1240  1.6106886e+03 4.44e-08 4.92e-02 7.49e-05  -3.8    2.9  1.00e+00  3  1h
1241  1.6106875e+03 4.21e-08 4.90e-02 7.49e-05  -3.8    3.3  1.00e+00  3  1h
1242  1.6106841e+03 4.04e-08 4.89e-02 7.49e-05  -3.8    2.8  1.00e+00  4  1h
1243  1.6106829e+03 3.89e-08 4.89e-02 7.49e-05  -3.8    3.3  1.00e+00  4  1h
1244  1.6106792e+03 3.71e-08 4.90e-02 7.49e-05  -3.8    2.8  1.00e+00  6  1h
1245  1.6106778e+03 3.56e-08 4.90e-02 7.49e-05  -3.8    3.2  1.00e+00  4  1h
1246  1.6106736e+03 4.68e-08 4.91e-02 7.49e-05  -3.8    2.7  1.00e+00  5  1h
1247  1.6106721e+03 3.23e-08 4.91e-02 7.49e-05  -3.8    3.2  1.00e+00  4  1h
1248  1.6106674e+03 5.92e-08 4.91e-02 7.49e-05  -3.8    2.7  1.00e+00  7  1h
1249  1.6106656e+03 2.91e-08 4.91e-02 7.49e-05  -3.8    3.1  1.00e+00  4  1h
iter    objective    inf_pr   inf_du inf_compl lg(mu) lg(rg) alpha_pr ir ls
1250  1.6106603e+03 7.46e-08 4.91e-02 7.49e-05  -3.8    2.6  1.00e+00  6  1h
1251  1.6106446e+03 6.66e-07 4.89e-02 7.49e-05  -3.8    2.2  1.00e+00  9  1h
1252  1.6106439e+03 2.65e-08 4.85e-02 7.49e-05  -3.8    3.5  1.00e+00  4  1h
1253  1.6106417e+03 2.38e-08 4.87e-02 7.49e-05  -3.8    3.0  1.00e+00  5  1h
1254  1.6106408e+03 2.19e-08 4.87e-02 7.49e-05  -3.8    3.4  1.00e+00  3  1h
1255  1.6106384e+03 2.05e-08 4.89e-02 7.49e-05  -3.8    3.0  1.00e+00  5  1h
1256  1.6106309e+03 1.47e-07 4.90e-02 7.49e-05  -3.8    2.5  1.00e+00  7  1h
1257  1.6106087e+03 1.32e-06 4.88e-02 7.49e-05  -3.8    2.0  1.00e+00 10  1h
1258  1.6106003e+03 1.83e-07 4.87e-02 7.49e-05  -3.8    2.4  1.00e+00  6  1h
1259  1.6105972e+03 2.57e-08 4.86e-02 7.49e-05  -3.8    2.9  1.00e+00  6  1h
iter    objective    inf_pr   inf_du inf_compl lg(mu) lg(rg) alpha_pr ir ls
1260  1.6105879e+03 2.33e-07 4.87e-02 7.49e-05  -3.8    2.4  1.00e+00  9  1h
1261  1.6105600e+03 2.09e-06 4.88e-02 7.49e-05  -3.8    1.9  1.00e+00 10  1h
1262  1.6104776e+03 1.87e-05 4.90e-02 7.49e-05  -3.8    1.4  1.00e+00 10  1h
1263  1.6102395e+03 1.70e-04 5.12e-02 7.49e-05  -3.8    0.9  1.00e+00 10  1h
1264  1.6102282e+03 2.72e-07 4.95e-02 7.49e-05  -3.8    2.3  1.00e+00  8  1h
1265  1.6101946e+03 3.64e-06 4.90e-02 7.49e-05  -3.8    1.8  1.00e+00 10  1h
1266  1.6100960e+03 3.16e-05 4.91e-02 7.49e-05  -3.8    1.3  1.00e+00 10  1h
1267  1.6100592e+03 4.20e-06 4.93e-02 7.49e-05  -3.8    1.7  1.00e+00 10  1h
1268  1.6100575e+03 6.90e-08 4.92e-02 7.49e-05  -3.8    3.1  1.00e+00  5  1h
1269  1.6100568e+03 6.53e-08 4.92e-02 7.49e-05  -3.8    3.5  1.00e+00  3  1h
iter    objective    inf_pr   inf_du inf_compl lg(mu) lg(rg) alpha_pr ir ls
1270  1.6100549e+03 6.07e-08 5.02e-02 7.49e-05  -3.8    3.0  1.00e+00  3  1h
1271  1.6100490e+03 1.16e-07 5.08e-02 7.49e-05  -3.8    2.5  1.00e+00  4  1h
1272  1.6100468e+03 5.10e-08 5.11e-02 7.49e-05  -3.8    3.0  1.00e+00  7  1h
1273  1.6100402e+03 1.59e-07 5.14e-02 7.49e-05  -3.8    2.5  1.00e+00  6  1h
1274  1.6100377e+03 4.17e-08 5.16e-02 7.49e-05  -3.8    2.9  1.00e+00  5  1h
1275  1.6100302e+03 2.04e-07 5.18e-02 7.49e-05  -3.8    2.4  1.00e+00  7  1h
1276  1.6100080e+03 1.78e-06 5.13e-02 7.49e-05  -3.8    2.0  1.00e+00 10  1h
1277  1.6099997e+03 2.39e-07 5.11e-02 7.49e-05  -3.8    2.4  1.00e+00  4  1h
1278  1.6099749e+03 2.10e-06 5.09e-02 7.49e-05  -3.8    1.9  1.00e+00  5  1h
1279  1.6099737e+03 2.42e-08 5.05e-02 7.49e-05  -3.8    3.2  1.00e+00  4  1h
iter    objective    inf_pr   inf_du inf_compl lg(mu) lg(rg) alpha_pr ir ls
1280  1.6099733e+03 2.43e-08 5.04e-02 7.49e-05  -3.8    3.7  1.00e+00  3  1h
1281  1.6099720e+03 2.47e-08 5.09e-02 7.49e-05  -3.8    3.2  1.00e+00  4  1h
1282  1.6099680e+03 4.75e-08 5.14e-02 7.49e-05  -3.8    2.7  1.00e+00 10  1h
1283  1.6099563e+03 4.32e-07 5.15e-02 7.49e-05  -3.8    2.2  1.00e+00 10  1h
1284  1.6099214e+03 3.92e-06 5.14e-02 7.49e-05  -3.8    1.8  1.00e+00 10  1h
1285  1.6099198e+03 1.64e-08 5.10e-02 7.49e-05  -3.8    3.1  1.00e+00  6  1h
1286  1.6099149e+03 7.63e-08 5.11e-02 7.49e-05  -3.8    2.6  1.00e+00 10  1h
1287  1.6099002e+03 6.87e-07 5.12e-02 7.49e-05  -3.8    2.1  1.00e+00 10  1h
1288  1.6098567e+03 6.15e-06 5.13e-02 7.49e-05  -3.8    1.7  1.00e+00 10  1h
1289  1.6098547e+03 1.88e-08 5.11e-02 7.49e-05  -3.8    3.0  1.00e+00  6  1h
iter    objective    inf_pr   inf_du inf_compl lg(mu) lg(rg) alpha_pr ir ls
1290  1.6098486e+03 1.19e-07 5.11e-02 7.49e-05  -3.8    2.5  1.00e+00  9  1h
1291  1.6098304e+03 1.08e-06 5.12e-02 7.49e-05  -3.8    2.0  1.00e+00 10  1h
1292  1.6097764e+03 9.64e-06 5.13e-02 7.49e-05  -3.8    1.6  1.00e+00 10  1h
1293  1.6097562e+03 1.31e-06 5.12e-02 7.49e-05  -3.8    2.0  1.00e+00 10  1h
1294  1.6096964e+03 1.21e-05 5.13e-02 7.49e-05  -3.8    1.5  1.00e+00 10  1h
1295  1.6096741e+03 1.65e-06 5.12e-02 7.49e-05  -3.8    1.9  1.00e+00 10  1h
1296  1.6096080e+03 1.52e-05 5.13e-02 7.49e-05  -3.8    1.5  1.00e+00 10  1h
1297  1.6095833e+03 2.07e-06 5.12e-02 7.49e-05  -3.8    1.9  1.00e+00 10  1h
1298  1.6095740e+03 2.97e-07 5.10e-02 7.49e-05  -3.8    2.3  1.00e+00 10  1h
1299  1.6095705e+03 4.20e-08 5.08e-02 7.49e-05  -3.8    2.7  1.00e+00  7  1h
iter    objective    inf_pr   inf_du inf_compl lg(mu) lg(rg) alpha_pr ir ls
1300  1.6095692e+03 2.61e-08 5.07e-02 7.49e-05  -3.8    3.2  1.00e+00  6  1h
1301  1.6095653e+03 5.50e-08 5.08e-02 7.49e-05  -3.8    2.7  1.00e+00 10  1h
1302  1.6095638e+03 2.17e-08 5.07e-02 7.49e-05  -3.8    3.1  1.00e+00  4  1h
1303  1.6095594e+03 7.17e-08 5.08e-02 7.49e-05  -3.8    2.6  1.00e+00  5  1h
1304  1.6095578e+03 1.91e-08 5.08e-02 7.49e-05  -3.8    3.1  1.00e+00 10  1h
1305  1.6095571e+03 1.89e-08 5.08e-02 7.49e-05  -3.8    3.5  1.00e+00  3  1h
1306  1.6095553e+03 1.82e-08 5.10e-02 7.49e-05  -3.8    3.0  1.00e+00 10  1h
1307  1.6095497e+03 1.16e-07 5.11e-02 7.49e-05  -3.8    2.5  1.00e+00  4  1h
1308  1.6095477e+03 1.62e-08 5.11e-02 7.49e-05  -3.8    3.0  1.00e+00  4  1h
1309  1.6095414e+03 1.45e-07 5.12e-02 7.49e-05  -3.8    2.5  1.00e+00  9  1h
iter    objective    inf_pr   inf_du inf_compl lg(mu) lg(rg) alpha_pr ir ls
1310  1.6095229e+03 1.28e-06 5.11e-02 7.49e-05  -3.8    2.0  1.00e+00 10  1h
1311  1.6094677e+03 1.12e-05 5.11e-02 7.49e-05  -3.8    1.5  1.00e+00 10  1h
1312  1.6094471e+03 1.50e-06 5.11e-02 7.49e-05  -3.8    1.9  1.00e+00 10  1h
1313  1.6094394e+03 2.12e-07 5.10e-02 7.49e-05  -3.8    2.4  1.00e+00 10  1h
1314  1.6094163e+03 1.94e-06 5.11e-02 7.49e-05  -3.8    1.9  1.00e+00 10  1h
1315  1.6094077e+03 2.69e-07 5.11e-02 7.49e-05  -3.8    2.3  1.00e+00 10  1h
1316  1.6093819e+03 2.47e-06 5.13e-02 7.49e-05  -3.8    1.8  1.00e+00 10  1h
1317  1.6093806e+03 2.09e-08 5.12e-02 7.49e-05  -3.8    3.2  1.00e+00  6  1h
1318  1.6093770e+03 4.80e-08 5.14e-02 7.49e-05  -3.8    2.7  1.00e+00  6  1h
1319  1.6093756e+03 2.00e-08 5.15e-02 7.49e-05  -3.8    3.1  1.00e+00  5  1h
iter    objective    inf_pr   inf_du inf_compl lg(mu) lg(rg) alpha_pr ir ls
1320  1.6093715e+03 6.24e-08 5.17e-02 7.49e-05  -3.8    2.6  1.00e+00  4  1h
1321  1.6093593e+03 5.69e-07 5.18e-02 7.49e-05  -3.8    2.2  1.00e+00 10  1h
1322  1.6093547e+03 7.90e-08 5.18e-02 7.49e-05  -3.8    2.6  1.00e+00  3  1h
1323  1.6093410e+03 7.14e-07 5.18e-02 7.49e-05  -3.8    2.1  1.00e+00 10  1h
1324  1.6093001e+03 6.34e-06 5.18e-02 7.49e-05  -3.8    1.6  1.00e+00 10  1h
1325  1.6092848e+03 8.61e-07 5.18e-02 7.49e-05  -3.8    2.1  1.00e+00 10  1h
1326  1.6092841e+03 2.46e-08 5.15e-02 7.49e-05  -3.8    3.4  1.00e+00  3  1h
1327  1.6092819e+03 2.32e-08 5.17e-02 7.49e-05  -3.8    2.9  1.00e+00  3  1h
1328  1.6092755e+03 1.56e-07 5.18e-02 7.49e-05  -3.8    2.4  1.00e+00  4  1h
1329  1.6092562e+03 1.42e-06 5.18e-02 7.49e-05  -3.8    2.0  1.00e+00 10  1h
iter    objective    inf_pr   inf_du inf_compl lg(mu) lg(rg) alpha_pr ir ls
1330  1.6092490e+03 1.96e-07 5.17e-02 7.49e-05  -3.8    2.4  1.00e+00 10  1h
1331  1.6092462e+03 2.74e-08 5.16e-02 7.49e-05  -3.8    2.8  1.00e+00  5  1h
1332  1.6092381e+03 2.50e-07 5.16e-02 7.49e-05  -3.8    2.3  1.00e+00  4  1h
1333  1.6092139e+03 2.25e-06 5.16e-02 7.49e-05  -3.8    1.9  1.00e+00 10  1h
1334  1.6092128e+03 2.01e-08 5.13e-02 7.49e-05  -3.8    3.2  1.00e+00  4  1h
1335  1.6092094e+03 4.33e-08 5.14e-02 7.49e-05  -3.8    2.7  1.00e+00  5  1h
1336  1.6091992e+03 3.97e-07 5.14e-02 7.49e-05  -3.8    2.2  1.00e+00 10  1h
1337  1.6091953e+03 5.54e-08 5.13e-02 7.49e-05  -3.8    2.7  1.00e+00  4  1h
1338  1.6091839e+03 5.02e-07 5.13e-02 7.49e-05  -3.8    2.2  1.00e+00 10  1h
1339  1.6091833e+03 1.63e-08 5.10e-02 7.49e-05  -3.8    3.5  1.00e+00  4  1h
iter    objective    inf_pr   inf_du inf_compl lg(mu) lg(rg) alpha_pr ir ls
1340  1.6091817e+03 1.56e-08 5.11e-02 7.49e-05  -3.8    3.0  1.00e+00  5  1h
1341  1.6091769e+03 8.86e-08 5.12e-02 7.49e-05  -3.8    2.6  1.00e+00 10  1h
1342  1.6091751e+03 1.49e-08 5.11e-02 7.49e-05  -3.8    3.0  1.00e+00  3  1h
1343  1.6091696e+03 1.13e-07 5.12e-02 7.49e-05  -3.8    2.5  1.00e+00  5  1h
1344  1.6091534e+03 1.01e-06 5.11e-02 7.49e-05  -3.8    2.0  1.00e+00 10  1h
1345  1.6091526e+03 1.43e-08 5.09e-02 7.49e-05  -3.8    3.4  1.00e+00  4  1h
1346  1.6091503e+03 1.95e-08 5.10e-02 7.49e-05  -3.8    2.9  1.00e+00  5  1h
1347  1.6091435e+03 1.78e-07 5.10e-02 7.49e-05  -3.8    2.4  1.00e+00  5  1h
1348  1.6091409e+03 2.49e-08 5.09e-02 7.49e-05  -3.8    2.8  1.00e+00  4  1h
1349  1.6091400e+03 1.32e-08 5.08e-02 7.49e-05  -3.8    3.3  1.00e+00  6  1h
iter    objective    inf_pr   inf_du inf_compl lg(mu) lg(rg) alpha_pr ir ls
1350  1.6091371e+03 3.15e-08 5.09e-02 7.49e-05  -3.8    2.8  1.00e+00  6  1h
1351  1.6091284e+03 2.85e-07 5.09e-02 7.49e-05  -3.8    2.3  1.00e+00 10  1h
1352  1.6091252e+03 3.96e-08 5.08e-02 7.49e-05  -3.8    2.7  1.00e+00  4  1h
1353  1.6091155e+03 3.58e-07 5.08e-02 7.49e-05  -3.8    2.3  1.00e+00 10  1h
1354  1.6090865e+03 3.20e-06 5.09e-02 7.49e-05  -3.8    1.8  1.00e+00 10  1h
1355  1.6090757e+03 4.39e-07 5.08e-02 7.49e-05  -3.8    2.2  1.00e+00 10  1h
1356  1.6090434e+03 4.01e-06 5.08e-02 7.49e-05  -3.8    1.7  1.00e+00 10  1h
1357  1.6090419e+03 1.73e-08 5.06e-02 7.49e-05  -3.8    3.1  1.00e+00  5  1h
1358  1.6090413e+03 1.64e-08 5.03e-02 7.49e-05  -3.8    3.5  1.00e+00  3  1h
1359  1.6090396e+03 1.55e-08 5.04e-02 7.49e-05  -3.8    3.0  1.00e+00  3  1h
iter    objective    inf_pr   inf_du inf_compl lg(mu) lg(rg) alpha_pr ir ls
1360  1.6090345e+03 1.01e-07 5.04e-02 7.49e-05  -3.8    2.5  1.00e+00  9  1h
1361  1.6090326e+03 1.43e-08 5.03e-02 7.49e-05  -3.8    3.0  1.00e+00  5  1h
1362  1.6090268e+03 1.29e-07 5.03e-02 7.49e-05  -3.8    2.5  1.00e+00 10  1h
1363  1.6090096e+03 1.15e-06 5.03e-02 7.49e-05  -3.8    2.0  1.00e+00 10  1h
1364  1.6089587e+03 1.02e-05 5.05e-02 7.49e-05  -3.8    1.5  1.00e+00 10  1h
1365  1.6089563e+03 2.28e-08 5.03e-02 7.49e-05  -3.8    2.8  1.00e+00 10  1h
1366  1.6089491e+03 1.96e-07 5.02e-02 7.49e-05  -3.8    2.4  1.00e+00 10  1h
1367  1.6089464e+03 2.76e-08 5.00e-02 7.49e-05  -3.8    2.8  1.00e+00 10  1h
1368  1.6089383e+03 2.54e-07 5.00e-02 7.49e-05  -3.8    2.3  1.00e+00 10  1h
1369  1.6089143e+03 2.29e-06 5.00e-02 7.49e-05  -3.8    1.8  1.00e+00 10  1h
iter    objective    inf_pr   inf_du inf_compl lg(mu) lg(rg) alpha_pr ir ls
1370  1.6089132e+03 2.31e-08 4.97e-02 7.49e-05  -3.8    3.2  1.00e+00  5  1h
1371  1.6089098e+03 4.40e-08 4.97e-02 7.49e-05  -3.8    2.7  1.00e+00  4  1h
1372  1.6088996e+03 4.06e-07 4.97e-02 7.49e-05  -3.8    2.2  1.00e+00 10  1h
1373  1.6088958e+03 5.66e-08 4.96e-02 7.49e-05  -3.8    2.6  1.00e+00  9  1h
1374  1.6088944e+03 2.12e-08 4.94e-02 7.49e-05  -3.8    3.1  1.00e+00  4  1h
1375  1.6088901e+03 7.21e-08 4.94e-02 7.49e-05  -3.8    2.6  1.00e+00  7  1h
1376  1.6088773e+03 6.53e-07 4.94e-02 7.49e-05  -3.8    2.1  1.00e+00 10  1h
1377  1.6088725e+03 9.04e-08 4.93e-02 7.49e-05  -3.8    2.5  1.00e+00  5  1h
1378  1.6088707e+03 2.12e-08 4.92e-02 7.49e-05  -3.8    3.0  1.00e+00  3  1h
1379  1.6088700e+03 2.01e-08 4.90e-02 7.49e-05  -3.8    3.4  1.00e+00  3  1h
iter    objective    inf_pr   inf_du inf_compl lg(mu) lg(rg) alpha_pr ir ls
1380  1.6088680e+03 1.94e-08 4.90e-02 7.49e-05  -3.8    2.9  1.00e+00  4  1h
1381  1.6088673e+03 1.85e-08 4.89e-02 7.49e-05  -3.8    3.3  1.00e+00  3  1h
1382  1.6088650e+03 2.04e-08 4.90e-02 7.49e-05  -3.8    2.9  1.00e+00  4  1h
1383  1.6088581e+03 1.86e-07 4.89e-02 7.49e-05  -3.8    2.4  1.00e+00  8  1h
1384  1.6088556e+03 2.59e-08 4.88e-02 7.49e-05  -3.8    2.8  1.00e+00  4  1h
1385  1.6088546e+03 1.86e-08 4.87e-02 7.49e-05  -3.8    3.2  1.00e+00  4  1h
1386  1.6088517e+03 3.27e-08 4.87e-02 7.49e-05  -3.8    2.8  1.00e+00  6  1h
1387  1.6088506e+03 1.77e-08 4.86e-02 7.49e-05  -3.8    3.2  1.00e+00  4  1h
1388  1.6088474e+03 4.14e-08 4.86e-02 7.49e-05  -3.8    2.7  1.00e+00  6  1h
1389  1.6088462e+03 1.73e-08 4.85e-02 7.49e-05  -3.8    3.1  1.00e+00  5  1h
iter    objective    inf_pr   inf_du inf_compl lg(mu) lg(rg) alpha_pr ir ls
1390  1.6088425e+03 5.23e-08 4.85e-02 7.49e-05  -3.8    2.7  1.00e+00  7  1h
1391  1.6088412e+03 1.71e-08 4.84e-02 7.49e-05  -3.8    3.1  1.00e+00  7  1h
1392  1.6088371e+03 6.61e-08 4.83e-02 7.49e-05  -3.8    2.6  1.00e+00  6  1h
1393  1.6088355e+03 1.70e-08 4.82e-02 7.49e-05  -3.8    3.0  1.00e+00 10  1h
1394  1.6088309e+03 8.33e-08 4.82e-02 7.49e-05  -3.8    2.6  1.00e+00 10  1h
1395  1.6088171e+03 7.47e-07 4.82e-02 7.49e-05  -3.8    2.1  1.00e+00 10  1h
1396  1.6088120e+03 1.03e-07 4.81e-02 7.49e-05  -3.8    2.5  1.00e+00  8  1h
1397  1.6087965e+03 9.32e-07 4.81e-02 7.49e-05  -3.8    2.0  1.00e+00  9  1h
1398  1.6087507e+03 8.33e-06 4.83e-02 7.49e-05  -3.8    1.6  1.00e+00 10  1h
1399  1.6087485e+03 2.67e-08 4.81e-02 7.49e-05  -3.8    2.9  1.00e+00  7  1h
iter    objective    inf_pr   inf_du inf_compl lg(mu) lg(rg) alpha_pr ir ls
1400  1.6087420e+03 1.61e-07 4.80e-02 7.49e-05  -3.8    2.4  1.00e+00 10  1h
1401  1.6087396e+03 2.53e-08 4.79e-02 7.49e-05  -3.8    2.8  1.00e+00  3  1h
1402  1.6087387e+03 2.42e-08 4.76e-02 7.49e-05  -3.8    3.3  1.00e+00  4  1h
1403  1.6087360e+03 2.92e-08 4.76e-02 7.49e-05  -3.8    2.8  1.00e+00 10  1h
1404  1.6087349e+03 2.28e-08 4.74e-02 7.49e-05  -3.8    3.2  1.00e+00  4  1h
1405  1.6087319e+03 3.76e-08 4.74e-02 7.49e-05  -3.8    2.7  1.00e+00  4  1h
1406  1.6087307e+03 2.19e-08 4.72e-02 7.49e-05  -3.8    3.2  1.00e+00  6  1h
1407  1.6087273e+03 4.78e-08 4.72e-02 7.49e-05  -3.8    2.7  1.00e+00  6  1h
1408  1.6087260e+03 2.12e-08 4.71e-02 7.49e-05  -3.8    3.1  1.00e+00  6  1h
1409  1.6087221e+03 6.04e-08 4.70e-02 7.49e-05  -3.8    2.6  1.00e+00 10  1h
iter    objective    inf_pr   inf_du inf_compl lg(mu) lg(rg) alpha_pr ir ls
1410  1.6087206e+03 2.08e-08 4.69e-02 7.49e-05  -3.8    3.1  1.00e+00  5  1h
1411  1.6087163e+03 7.59e-08 4.69e-02 7.49e-05  -3.8    2.6  1.00e+00  8  1h
1412  1.6087147e+03 2.05e-08 4.68e-02 7.49e-05  -3.8    3.0  1.00e+00  7  1h
1413  1.6087140e+03 1.98e-08 4.67e-02 7.49e-05  -3.8    3.4  1.00e+00  4  1h
1414  1.6087122e+03 1.95e-08 4.67e-02 7.49e-05  -3.8    3.0  1.00e+00 10  1h
1415  1.6087067e+03 1.20e-07 4.67e-02 7.49e-05  -3.8    2.5  1.00e+00 10  1h
1416  1.6087046e+03 1.99e-08 4.66e-02 7.49e-05  -3.8    2.9  1.00e+00  4  1h
1417  1.6086984e+03 1.51e-07 4.66e-02 7.49e-05  -3.8    2.4  1.00e+00 10  1h
1418  1.6086961e+03 2.10e-08 4.65e-02 7.49e-05  -3.8    2.8  1.00e+00  5  1h
1419  1.6086953e+03 1.94e-08 4.64e-02 7.49e-05  -3.8    3.3  1.00e+00  4  1h
iter    objective    inf_pr   inf_du inf_compl lg(mu) lg(rg) alpha_pr ir ls
1420  1.6086926e+03 2.65e-08 4.64e-02 7.49e-05  -3.8    2.8  1.00e+00  6  1h
1421  1.6086917e+03 1.86e-08 4.63e-02 7.49e-05  -3.8    3.2  1.00e+00  5  1h
1422  1.6086913e+03 1.80e-08 4.61e-02 7.49e-05  -3.8    3.6  1.00e+00  3  1h
1423  1.6086902e+03 1.75e-08 4.61e-02 7.49e-05  -3.8    3.2  1.00e+00  4  1h
1424  1.6086898e+03 1.70e-08 4.60e-02 7.49e-05  -3.8    3.6  1.00e+00  4  1h
1425  1.6086885e+03 1.67e-08 4.60e-02 7.49e-05  -3.8    3.1  1.00e+00  5  1h
1426  1.6086848e+03 5.42e-08 4.61e-02 7.49e-05  -3.8    2.6  1.00e+00 10  1h
1427  1.6086737e+03 4.87e-07 4.60e-02 7.49e-05  -3.8    2.2  1.00e+00  9  1h
1428  1.6086407e+03 4.33e-06 4.61e-02 7.49e-05  -3.8    1.7  1.00e+00 10  1h
1429  1.6086283e+03 5.90e-07 4.61e-02 7.49e-05  -3.8    2.1  1.00e+00  7  1h
iter    objective    inf_pr   inf_du inf_compl lg(mu) lg(rg) alpha_pr ir ls
1430  1.6086236e+03 8.28e-08 4.61e-02 7.49e-05  -3.8    2.5  1.00e+00  7  1h
1431  1.6086098e+03 7.59e-07 4.61e-02 7.49e-05  -3.8    2.1  1.00e+00 10  1h
1432  1.6086046e+03 1.06e-07 4.60e-02 7.49e-05  -3.8    2.5  1.00e+00 10  1h
1433  1.6086026e+03 2.23e-08 4.58e-02 7.49e-05  -3.8    2.9  1.00e+00 10  1h
1434  1.6085968e+03 1.35e-07 4.58e-02 7.49e-05  -3.8    2.4  1.00e+00 10  1h
1435  1.6085793e+03 1.22e-06 4.58e-02 7.49e-05  -3.8    2.0  1.00e+00 10  1h
1436  1.6085785e+03 2.26e-08 4.56e-02 7.49e-05  -3.8    3.3  1.00e+00  3  1h
1437  1.6085760e+03 2.35e-08 4.56e-02 7.49e-05  -3.8    2.8  1.00e+00  4  1h
1438  1.6085686e+03 2.16e-07 4.56e-02 7.49e-05  -3.8    2.3  1.00e+00  6  1h
1439  1.6085659e+03 3.03e-08 4.55e-02 7.49e-05  -3.8    2.8  1.00e+00  8  1h
iter    objective    inf_pr   inf_du inf_compl lg(mu) lg(rg) alpha_pr ir ls
1440  1.6085576e+03 2.75e-07 4.55e-02 7.49e-05  -3.8    2.3  1.00e+00  8  1h
1441  1.6085545e+03 3.82e-08 4.54e-02 7.49e-05  -3.8    2.7  1.00e+00  7  1h
1442  1.6085534e+03 2.14e-08 4.53e-02 7.49e-05  -3.8    3.1  1.00e+00  4  1h
1443  1.6085499e+03 4.84e-08 4.53e-02 7.49e-05  -3.8    2.7  1.00e+00 10  1h
1444  1.6085394e+03 4.39e-07 4.53e-02 7.49e-05  -3.8    2.2  1.00e+00  5  1h
1445  1.6085084e+03 3.91e-06 4.54e-02 7.49e-05  -3.8    1.7  1.00e+00 10  1h
1446  1.6084968e+03 5.32e-07 4.53e-02 7.49e-05  -3.8    2.1  1.00e+00 10  1h
1447  1.6084622e+03 4.85e-06 4.54e-02 7.49e-05  -3.8    1.7  1.00e+00 10  1h
1448  1.6084492e+03 6.62e-07 4.54e-02 7.49e-05  -3.8    2.1  1.00e+00 10  1h
1449  1.6084443e+03 9.45e-08 4.52e-02 7.49e-05  -3.8    2.5  1.00e+00  6  1h
iter    objective    inf_pr   inf_du inf_compl lg(mu) lg(rg) alpha_pr ir ls
1450  1.6084425e+03 2.84e-08 4.51e-02 7.49e-05  -3.8    2.9  1.00e+00 10  1h
1451  1.6084370e+03 1.25e-07 4.50e-02 7.49e-05  -3.8    2.5  1.00e+00  4  1h
1452  1.6084350e+03 2.77e-08 4.49e-02 7.49e-05  -3.8    2.9  1.00e+00  5  1h
1453  1.6084288e+03 1.59e-07 4.48e-02 7.49e-05  -3.8    2.4  1.00e+00 10  1h
1454  1.6084265e+03 2.70e-08 4.47e-02 7.49e-05  -3.8    2.8  1.00e+00 10  1h
1455  1.6084257e+03 2.65e-08 4.45e-02 7.49e-05  -3.8    3.3  1.00e+00  5  1h
1456  1.6084231e+03 2.93e-08 4.45e-02 7.49e-05  -3.8    2.8  1.00e+00  6  1h
1457  1.6084153e+03 2.59e-07 4.45e-02 7.49e-05  -3.8    2.3  1.00e+00 10  1h
1458  1.6084124e+03 3.61e-08 4.44e-02 7.49e-05  -3.8    2.7  1.00e+00 10  1h
1459  1.6084113e+03 2.47e-08 4.43e-02 7.49e-05  -3.8    3.2  1.00e+00  4  1h
iter    objective    inf_pr   inf_du inf_compl lg(mu) lg(rg) alpha_pr ir ls
1460  1.6084080e+03 4.62e-08 4.43e-02 7.49e-05  -3.8    2.7  1.00e+00  5  1h
1461  1.6083982e+03 4.08e-07 4.43e-02 7.49e-05  -3.8    2.2  1.00e+00 10  1h
1462  1.6083945e+03 5.67e-08 4.42e-02 7.49e-05  -3.8    2.6  1.00e+00  4  1h
1463  1.6083835e+03 5.06e-07 4.42e-02 7.49e-05  -3.8    2.1  1.00e+00 10  1h
1464  1.6083794e+03 7.05e-08 4.41e-02 7.49e-05  -3.8    2.6  1.00e+00  7  1h
1465  1.6083778e+03 2.47e-08 4.40e-02 7.49e-05  -3.8    3.0  1.00e+00  5  1h
1466  1.6083732e+03 8.96e-08 4.40e-02 7.49e-05  -3.8    2.5  1.00e+00 10  1h
1467  1.6083714e+03 2.36e-08 4.39e-02 7.49e-05  -3.8    3.0  1.00e+00  3  1h
1468  1.6083662e+03 1.13e-07 4.38e-02 7.49e-05  -3.8    2.5  1.00e+00  9  1h
1469  1.6083507e+03 1.00e-06 4.38e-02 7.49e-05  -3.8    2.0  1.00e+00 10  1h
iter    objective    inf_pr   inf_du inf_compl lg(mu) lg(rg) alpha_pr ir ls
1470  1.6083448e+03 1.40e-07 4.38e-02 7.49e-05  -3.8    2.4  1.00e+00  7  1h
1471  1.6083426e+03 2.39e-08 4.37e-02 7.49e-05  -3.8    2.8  1.00e+00  5  1h
1472  1.6083361e+03 1.78e-07 4.36e-02 7.49e-05  -3.8    2.4  1.00e+00 10  1h
1473  1.6083336e+03 2.51e-08 4.36e-02 7.49e-05  -3.8    2.8  1.00e+00 10  1h
1474  1.6083327e+03 2.20e-08 4.34e-02 7.49e-05  -3.8    3.2  1.00e+00  5  1h
1475  1.6083299e+03 3.22e-08 4.34e-02 7.49e-05  -3.8    2.7  1.00e+00 10  1h
1476  1.6083216e+03 2.86e-07 4.34e-02 7.49e-05  -3.8    2.3  1.00e+00  8  1h
1477  1.6083185e+03 4.00e-08 4.33e-02 7.49e-05  -3.8    2.7  1.00e+00 10  1h
1478  1.6083174e+03 2.06e-08 4.32e-02 7.49e-05  -3.8    3.1  1.00e+00  3  1h
1479  1.6083139e+03 5.13e-08 4.32e-02 7.49e-05  -3.8    2.6  1.00e+00  6  1h
iter    objective    inf_pr   inf_du inf_compl lg(mu) lg(rg) alpha_pr ir ls
1480  1.6083035e+03 4.56e-07 4.32e-02 7.49e-05  -3.8    2.2  1.00e+00  9  1h
1481  1.6082724e+03 4.02e-06 4.33e-02 7.49e-05  -3.8    1.7  1.00e+00 10  1h
1482  1.6082608e+03 5.57e-07 4.33e-02 7.49e-05  -3.8    2.1  1.00e+00 10  1h
1483  1.6082564e+03 8.00e-08 4.32e-02 7.49e-05  -3.8    2.5  1.00e+00  6  1h
1484  1.6082548e+03 2.23e-08 4.31e-02 7.49e-05  -3.8    3.0  1.00e+00  5  1h
1485  1.6082499e+03 1.04e-07 4.31e-02 7.49e-05  -3.8    2.5  1.00e+00  4  1h
1486  1.6082352e+03 9.16e-07 4.31e-02 7.49e-05  -3.8    2.0  1.00e+00  7  1h
1487  1.6082298e+03 1.28e-07 4.31e-02 7.49e-05  -3.8    2.4  1.00e+00  6  1h
1488  1.6082134e+03 1.15e-06 4.31e-02 7.49e-05  -3.8    2.0  1.00e+00 10  1h
1489  1.6082126e+03 2.33e-08 4.29e-02 7.49e-05  -3.8    3.3  1.00e+00  4  1h
iter    objective    inf_pr   inf_du inf_compl lg(mu) lg(rg) alpha_pr ir ls
1490  1.6082103e+03 2.36e-08 4.29e-02 7.50e-05  -3.8    2.8  1.00e+00  9  1h
1491  1.6082094e+03 2.26e-08 4.27e-02 7.50e-05  -3.8    3.2  1.00e+00  3  1h
1492  1.6082068e+03 3.06e-08 4.27e-02 7.50e-05  -3.8    2.8  1.00e+00 10  1h
1493  1.6082059e+03 2.16e-08 4.27e-02 7.50e-05  -3.8    3.2  1.00e+00  3  1h
1494  1.6082029e+03 3.88e-08 4.27e-02 7.50e-05  -3.8    2.7  1.00e+00  6  1h
1495  1.6082018e+03 2.07e-08 4.26e-02 7.49e-05  -3.8    3.1  1.00e+00  4  1h
1496  1.6081986e+03 4.91e-08 4.26e-02 7.49e-05  -3.8    2.7  1.00e+00 10  1h
1497  1.6081973e+03 1.96e-08 4.26e-02 7.49e-05  -3.8    3.1  1.00e+00  4  1h
1498  1.6081936e+03 6.20e-08 4.26e-02 7.49e-05  -3.8    2.6  1.00e+00  8  1h
1499  1.6081923e+03 1.86e-08 4.25e-02 7.49e-05  -3.8    3.0  1.00e+00  4  1h
iter    objective    inf_pr   inf_du inf_compl lg(mu) lg(rg) alpha_pr ir ls
1500  1.6081881e+03 7.78e-08 4.25e-02 7.49e-05  -3.8    2.6  1.00e+00  5  1h
1501  1.6081866e+03 1.76e-08 4.25e-02 7.49e-05  -3.8    3.0  1.00e+00  4  1h
1502  1.6081819e+03 9.75e-08 4.24e-02 7.49e-05  -3.8    2.5  1.00e+00 10  1h
1503  1.6081802e+03 1.67e-08 4.24e-02 7.49e-05  -3.8    2.9  1.00e+00  4  1h
1504  1.6081749e+03 1.22e-07 4.24e-02 7.49e-05  -3.8    2.5  1.00e+00  7  1h
1505  1.6081730e+03 1.70e-08 4.23e-02 7.49e-05  -3.8    2.9  1.00e+00  5  1h
1506  1.6081722e+03 1.56e-08 4.23e-02 7.49e-05  -3.8    3.3  1.00e+00  5  1h
1507  1.6081700e+03 2.17e-08 4.23e-02 7.49e-05  -3.8    2.8  1.00e+00 10  1h
1508  1.6081692e+03 1.49e-08 4.23e-02 7.49e-05  -3.8    3.3  1.00e+00  4  1h
1509  1.6081667e+03 2.73e-08 4.24e-02 7.49e-05  -3.8    2.8  1.00e+00  5  1h
iter    objective    inf_pr   inf_du inf_compl lg(mu) lg(rg) alpha_pr ir ls
1510  1.6081593e+03 2.43e-07 4.23e-02 7.49e-05  -3.8    2.3  1.00e+00 10  1h
1511  1.6081565e+03 3.39e-08 4.22e-02 7.49e-05  -3.8    2.7  1.00e+00  9  1h
1512  1.6081555e+03 1.33e-08 4.22e-02 7.49e-05  -3.8    3.2  1.00e+00  5  1h
1513  1.6081523e+03 4.31e-08 4.22e-02 7.49e-05  -3.8    2.7  1.00e+00  8  1h
1514  1.6081512e+03 1.28e-08 4.22e-02 7.49e-05  -3.8    3.1  1.00e+00  6  1h
1515  1.6081476e+03 5.43e-08 4.22e-02 7.49e-05  -3.8    2.6  1.00e+00  5  1h
1516  1.6081371e+03 4.83e-07 4.22e-02 7.49e-05  -3.8    2.1  1.00e+00 10  1h
1517  1.6081059e+03 4.28e-06 4.23e-02 7.49e-05  -3.8    1.7  1.00e+00  7  1h
1518  1.6080142e+03 3.77e-05 4.28e-02 7.49e-05  -3.8    1.2  1.00e+00 10  1h
1519  1.6080137e+03 2.75e-08 4.26e-02 7.49e-05  -3.8    3.4  1.00e+00  3  1h
iter    objective    inf_pr   inf_du inf_compl lg(mu) lg(rg) alpha_pr ir ls
1520  1.6080120e+03 2.68e-08 4.23e-02 7.50e-05  -3.8    2.9  1.00e+00  3  1h
1521  1.6080071e+03 1.24e-07 4.22e-02 7.50e-05  -3.8    2.5  1.00e+00  6  1h
1522  1.6080053e+03 2.55e-08 4.20e-02 7.50e-05  -3.8    2.9  1.00e+00 10  1h
1523  1.6080046e+03 2.50e-08 4.19e-02 7.50e-05  -3.8    3.3  1.00e+00  4  1h
1524  1.6080025e+03 2.42e-08 4.20e-02 7.50e-05  -3.8    2.8  1.00e+00  8  1h
1525  1.6080017e+03 2.37e-08 4.20e-02 7.50e-05  -3.8    3.3  1.00e+00  3  1h
1526  1.6079994e+03 3.01e-08 4.21e-02 7.50e-05  -3.8    2.8  1.00e+00 10  1h
1527  1.6079985e+03 2.22e-08 4.21e-02 7.50e-05  -3.8    3.2  1.00e+00  4  1h
1528  1.6079959e+03 3.82e-08 4.22e-02 7.50e-05  -3.8    2.7  1.00e+00  6  1h
1529  1.6079881e+03 3.26e-07 4.22e-02 7.50e-05  -3.8    2.3  1.00e+00 10  1h
iter    objective    inf_pr   inf_du inf_compl lg(mu) lg(rg) alpha_pr ir ls
1530  1.6079852e+03 4.44e-08 4.22e-02 7.50e-05  -3.8    2.7  1.00e+00  6  1h
1531  1.6079764e+03 3.88e-07 4.22e-02 7.50e-05  -3.8    2.2  1.00e+00 10  1h
1532  1.6079732e+03 5.29e-08 4.22e-02 7.50e-05  -3.8    2.6  1.00e+00  5  1h
1533  1.6079719e+03 1.75e-08 4.23e-02 7.50e-05  -3.8    3.1  1.00e+00  5  1h
1534  1.6079683e+03 6.54e-08 4.24e-02 7.50e-05  -3.8    2.6  1.00e+00 10  1h
1535  1.6079669e+03 1.67e-08 4.25e-02 7.50e-05  -3.8    3.0  1.00e+00  5  1h
1536  1.6079628e+03 8.13e-08 4.25e-02 7.50e-05  -3.8    2.5  1.00e+00 10  1h
1537  1.6079612e+03 1.58e-08 4.26e-02 7.50e-05  -3.8    3.0  1.00e+00 10  1h
1538  1.6079606e+03 1.55e-08 4.27e-02 7.50e-05  -3.8    3.4  1.00e+00  4  1h
1539  1.6079589e+03 1.50e-08 4.27e-02 7.50e-05  -3.8    2.9  1.00e+00 10  1h
iter    objective    inf_pr   inf_du inf_compl lg(mu) lg(rg) alpha_pr ir ls
1540  1.6079583e+03 1.47e-08 4.28e-02 7.50e-05  -3.8    3.3  1.00e+00  4  1h
1541  1.6079563e+03 1.82e-08 4.29e-02 7.50e-05  -3.8    2.9  1.00e+00 10  1h
1542  1.6079556e+03 1.38e-08 4.29e-02 7.50e-05  -3.8    3.3  1.00e+00  3  1h
1543  1.6079534e+03 2.30e-08 4.29e-02 7.50e-05  -3.8    2.8  1.00e+00  9  1h
1544  1.6079525e+03 1.29e-08 4.30e-02 7.50e-05  -3.8    3.2  1.00e+00  6  1h
1545  1.6079522e+03 1.26e-08 4.30e-02 7.50e-05  -3.8    3.7  1.00e+00  3  1h
1546  1.6079513e+03 1.22e-08 4.31e-02 7.50e-05  -3.8    3.2  1.00e+00  4  1h
1547  1.6079485e+03 3.69e-08 4.30e-02 7.50e-05  -3.8    2.7  1.00e+00 10  1h
1548  1.6079475e+03 1.10e-08 4.30e-02 7.50e-05  -3.8    3.1  1.00e+00  6  1h
1549  1.6079444e+03 4.63e-08 4.29e-02 7.50e-05  -3.8    2.7  1.00e+00 10  1h
iter    objective    inf_pr   inf_du inf_compl lg(mu) lg(rg) alpha_pr ir ls
1550  1.6079432e+03 9.91e-09 4.29e-02 7.50e-05  -3.8    3.1  1.00e+00  6  1h
1551  1.6079397e+03 5.81e-08 4.28e-02 7.50e-05  -3.8    2.6  1.00e+00 10  1h
1552  1.6079384e+03 8.89e-09 4.27e-02 7.50e-05  -3.8    3.0  1.00e+00  6  1h
1553  1.6079344e+03 7.29e-08 4.27e-02 7.50e-05  -3.8    2.6  1.00e+00 10  1h
1554  1.6079329e+03 1.02e-08 4.26e-02 7.50e-05  -3.8    3.0  1.00e+00  7  1h
1555  1.6079324e+03 7.80e-09 4.26e-02 7.49e-05  -3.8    3.4  1.00e+00  3  1h
1556  1.6079307e+03 1.29e-08 4.26e-02 7.49e-05  -3.8    2.9  1.00e+00  9  1h
1557  1.6079257e+03 1.15e-07 4.25e-02 7.49e-05  -3.8    2.5  1.00e+00  9  1h
1558  1.6079239e+03 1.61e-08 4.25e-02 7.49e-05  -3.8    2.9  1.00e+00  4  1h
1559  1.6079183e+03 1.44e-07 4.24e-02 7.49e-05  -3.8    2.4  1.00e+00  6  1h
iter    objective    inf_pr   inf_du inf_compl lg(mu) lg(rg) alpha_pr ir ls
1560  1.6079162e+03 2.02e-08 4.24e-02 7.49e-05  -3.8    2.8  1.00e+00  9  1h
1561  1.6079154e+03 6.67e-09 4.24e-02 7.49e-05  -3.8    3.3  1.00e+00  4  1h
1562  1.6079130e+03 2.56e-08 4.24e-02 7.49e-05  -3.8    2.8  1.00e+00 10  1h
1563  1.6079122e+03 6.56e-09 4.24e-02 7.49e-05  -3.8    3.2  1.00e+00  4  1h
1564  1.6079095e+03 3.23e-08 4.24e-02 7.49e-05  -3.8    2.7  1.00e+00 10  1h
1565  1.6079085e+03 6.40e-09 4.24e-02 7.49e-05  -3.8    3.2  1.00e+00  8  1h
1566  1.6079082e+03 6.38e-09 4.24e-02 7.49e-05  -3.8    3.6  1.00e+00  3  1h
1567  1.6079070e+03 6.34e-09 4.24e-02 7.49e-05  -3.8    3.1  1.00e+00  7  1h
1568  1.6079037e+03 5.17e-08 4.24e-02 7.49e-05  -3.8    2.6  1.00e+00  6  1h
1569  1.6078937e+03 4.60e-07 4.24e-02 7.49e-05  -3.8    2.1  1.00e+00 10  1h
iter    objective    inf_pr   inf_du inf_compl lg(mu) lg(rg) alpha_pr ir ls
1570  1.6078900e+03 6.42e-08 4.24e-02 7.49e-05  -3.8    2.6  1.00e+00  4  1h
1571  1.6078886e+03 9.05e-09 4.23e-02 7.49e-05  -3.8    3.0  1.00e+00  4  1h
1572  1.6078881e+03 5.62e-09 4.23e-02 7.49e-05  -3.8    3.4  1.00e+00  5  1h
1573  1.6078865e+03 1.16e-08 4.23e-02 7.49e-05  -3.8    2.9  1.00e+00  7  1h
1574  1.6078818e+03 1.03e-07 4.23e-02 7.49e-05  -3.8    2.5  1.00e+00  9  1h
1575  1.6078800e+03 1.45e-08 4.23e-02 7.49e-05  -3.8    2.9  1.00e+00  6  1h
1576  1.6078793e+03 5.61e-09 4.24e-02 7.49e-05  -3.8    3.3  1.00e+00  4  1h
1577  1.6078773e+03 1.85e-08 4.24e-02 7.49e-05  -3.8    2.8  1.00e+00  6  1h
1578  1.6078766e+03 5.52e-09 4.24e-02 7.49e-05  -3.8    3.3  1.00e+00  4  1h
1579  1.6078744e+03 2.34e-08 4.24e-02 7.49e-05  -3.8    2.8  1.00e+00  6  1h
iter    objective    inf_pr   inf_du inf_compl lg(mu) lg(rg) alpha_pr ir ls
1580  1.6078735e+03 5.46e-09 4.24e-02 7.49e-05  -3.8    3.2  1.00e+00  5  1h
1581  1.6078710e+03 2.97e-08 4.24e-02 7.49e-05  -3.8    2.7  1.00e+00  3  1h
1582  1.6078701e+03 5.42e-09 4.24e-02 7.49e-05  -3.8    3.2  1.00e+00  6  1h
1583  1.6078672e+03 3.75e-08 4.24e-02 7.49e-05  -3.8    2.7  1.00e+00  9  1h
1584  1.6078662e+03 5.37e-09 4.24e-02 7.49e-05  -3.8    3.1  1.00e+00  5  1h
1585  1.6078630e+03 4.73e-08 4.24e-02 7.49e-05  -3.8    2.6  1.00e+00  7  1h
1586  1.6078618e+03 6.63e-09 4.24e-02 7.49e-05  -3.8    3.1  1.00e+00  5  1h
1587  1.6078614e+03 5.32e-09 4.25e-02 7.49e-05  -3.8    3.5  1.00e+00  4  1h
1588  1.6078600e+03 8.44e-09 4.25e-02 7.49e-05  -3.8    3.0  1.00e+00  8  1h
1589  1.6078560e+03 7.56e-08 4.25e-02 7.49e-05  -3.8    2.5  1.00e+00  6  1h
iter    objective    inf_pr   inf_du inf_compl lg(mu) lg(rg) alpha_pr ir ls
1590  1.6078545e+03 1.06e-08 4.25e-02 7.49e-05  -3.8    3.0  1.00e+00  5  1h
1591  1.6078500e+03 9.50e-08 4.25e-02 7.49e-05  -3.8    2.5  1.00e+00 10  1h
1592  1.6078366e+03 8.46e-07 4.25e-02 7.49e-05  -3.8    2.0  1.00e+00 10  1h
1593  1.6078360e+03 6.35e-09 4.24e-02 7.49e-05  -3.8    3.3  1.00e+00  4  1h
1594  1.6078341e+03 1.68e-08 4.24e-02 7.49e-05  -3.8    2.9  1.00e+00  8  1h
1595  1.6078334e+03 6.24e-09 4.24e-02 7.49e-05  -3.8    3.3  1.00e+00  4  1h
1596  1.6078313e+03 2.14e-08 4.25e-02 7.49e-05  -3.8    2.8  1.00e+00  7  1h
1597  1.6078305e+03 6.13e-09 4.25e-02 7.49e-05  -3.8    3.2  1.00e+00  4  1h
1598  1.6078281e+03 2.71e-08 4.25e-02 7.49e-05  -3.8    2.8  1.00e+00 10  1h
1599  1.6078209e+03 2.41e-07 4.25e-02 7.49e-05  -3.8    2.3  1.00e+00 10  1h
iter    objective    inf_pr   inf_du inf_compl lg(mu) lg(rg) alpha_pr ir ls
1600  1.6077996e+03 2.14e-06 4.25e-02 7.49e-05  -3.8    1.8  1.00e+00 10  1h
1601  1.6077986e+03 8.66e-09 4.25e-02 7.49e-05  -3.8    3.1  1.00e+00  3  1h
1602  1.6077956e+03 4.27e-08 4.25e-02 7.49e-05  -3.8    2.7  1.00e+00  6  1h
1603  1.6077945e+03 8.55e-09 4.25e-02 7.49e-05  -3.8    3.1  1.00e+00  3  1h
1604  1.6077911e+03 5.43e-08 4.25e-02 7.49e-05  -3.8    2.6  1.00e+00  6  1h
1605  1.6077810e+03 4.83e-07 4.26e-02 7.49e-05  -3.8    2.1  1.00e+00 10  1h
1606  1.6077510e+03 4.28e-06 4.26e-02 7.49e-05  -3.8    1.7  1.00e+00 10  1h
1607  1.6077398e+03 5.92e-07 4.26e-02 7.49e-05  -3.8    2.1  1.00e+00 10  1h
1608  1.6077064e+03 5.35e-06 4.27e-02 7.49e-05  -3.8    1.6  1.00e+00 10  1h
1609  1.6076084e+03 4.75e-05 4.30e-02 7.49e-05  -3.8    1.1  1.00e+00 10  1h
iter    objective    inf_pr   inf_du inf_compl lg(mu) lg(rg) alpha_pr ir ls
1610  1.6076078e+03 4.28e-08 4.38e-02 7.49e-05  -3.8    3.4  1.00e+00  4  1h
1611  1.6076060e+03 4.08e-08 4.34e-02 7.50e-05  -3.8    2.9  1.00e+00 10  1h
1612  1.6076008e+03 1.58e-07 4.31e-02 7.50e-05  -3.8    2.4  1.00e+00 10  1h
1613  1.6075851e+03 1.31e-06 4.30e-02 7.50e-05  -3.8    1.9  1.00e+00 10  1h
1614  1.6075389e+03 1.11e-05 4.30e-02 7.50e-05  -3.8    1.4  1.00e+00 10  1h
1615  1.6075367e+03 3.42e-08 4.32e-02 7.50e-05  -3.8    2.8  1.00e+00  9  1h
1616  1.6075359e+03 3.33e-08 4.34e-02 7.50e-05  -3.8    3.2  1.00e+00  4  1h
1617  1.6075334e+03 3.32e-08 4.36e-02 7.50e-05  -3.8    2.7  1.00e+00  6  1h
1618  1.6075261e+03 2.95e-07 4.36e-02 7.50e-05  -3.8    2.2  1.00e+00 10  1h
1619  1.6075233e+03 4.17e-08 4.36e-02 7.50e-05  -3.8    2.7  1.00e+00  7  1h
iter    objective    inf_pr   inf_du inf_compl lg(mu) lg(rg) alpha_pr ir ls
1620  1.6075223e+03 2.80e-08 4.38e-02 7.50e-05  -3.8    3.1  1.00e+00  5  1h
1621  1.6075192e+03 5.61e-08 4.39e-02 7.50e-05  -3.8    2.6  1.00e+00 10  1h
1622  1.6075180e+03 2.50e-08 4.40e-02 7.50e-05  -3.8    3.1  1.00e+00  4  1h
1623  1.6075145e+03 7.32e-08 4.41e-02 7.50e-05  -3.8    2.6  1.00e+00 10  1h
1624  1.6075132e+03 2.16e-08 4.41e-02 7.50e-05  -3.8    3.0  1.00e+00  4  1h
1625  1.6075093e+03 9.28e-08 4.41e-02 7.50e-05  -3.8    2.5  1.00e+00  5  1h
1626  1.6075078e+03 1.79e-08 4.41e-02 7.50e-05  -3.8    2.9  1.00e+00  4  1h
1627  1.6075034e+03 1.16e-07 4.41e-02 7.50e-05  -3.8    2.5  1.00e+00  5  1h
1628  1.6075017e+03 1.61e-08 4.41e-02 7.50e-05  -3.8    2.9  1.00e+00  4  1h
1629  1.6074967e+03 1.42e-07 4.40e-02 7.50e-05  -3.8    2.4  1.00e+00  8  1h
iter    objective    inf_pr   inf_du inf_compl lg(mu) lg(rg) alpha_pr ir ls
1630  1.6074948e+03 1.96e-08 4.40e-02 7.50e-05  -3.8    2.8  1.00e+00  6  1h
1631  1.6074941e+03 9.98e-09 4.40e-02 7.50e-05  -3.8    3.3  1.00e+00  4  1h
1632  1.6074920e+03 2.45e-08 4.40e-02 7.50e-05  -3.8    2.8  1.00e+00  5  1h
1633  1.6074912e+03 8.89e-09 4.41e-02 7.50e-05  -3.8    3.2  1.00e+00  6  1h
1634  1.6074889e+03 3.07e-08 4.41e-02 7.50e-05  -3.8    2.7  1.00e+00  8  1h
1635  1.6074880e+03 8.10e-09 4.41e-02 7.50e-05  -3.8    3.2  1.00e+00  5  1h
1636  1.6074853e+03 3.84e-08 4.41e-02 7.50e-05  -3.8    2.7  1.00e+00 10  1h
1637  1.6074773e+03 3.39e-07 4.39e-02 7.50e-05  -3.8    2.2  1.00e+00 10  1h
1638  1.6074743e+03 4.64e-08 4.38e-02 7.50e-05  -3.8    2.6  1.00e+00 10  1h
1639  1.6074732e+03 6.67e-09 4.37e-02 7.50e-05  -3.8    3.1  1.00e+00  5  1h
iter    objective    inf_pr   inf_du inf_compl lg(mu) lg(rg) alpha_pr ir ls
1640  1.6074728e+03 6.55e-09 4.37e-02 7.50e-05  -3.8    3.5  1.00e+00  4  1h
1641  1.6074715e+03 7.90e-09 4.37e-02 7.50e-05  -3.8    3.0  1.00e+00  6  1h
1642  1.6074677e+03 7.13e-08 4.37e-02 7.50e-05  -3.8    2.5  1.00e+00  7  1h
1643  1.6074663e+03 9.91e-09 4.36e-02 7.50e-05  -3.8    3.0  1.00e+00  9  1h
1644  1.6074658e+03 6.60e-09 4.36e-02 7.50e-05  -3.8    3.4  1.00e+00  4  1h
1645  1.6074642e+03 1.23e-08 4.36e-02 7.50e-05  -3.8    2.9  1.00e+00  8  1h
1646  1.6074594e+03 1.11e-07 4.36e-02 7.50e-05  -3.8    2.4  1.00e+00 10  1h
1647  1.6074576e+03 1.55e-08 4.35e-02 7.50e-05  -3.8    2.9  1.00e+00  5  1h
1648  1.6074569e+03 6.55e-09 4.35e-02 7.50e-05  -3.8    3.3  1.00e+00  4  1h
1649  1.6074549e+03 1.94e-08 4.34e-02 7.50e-05  -3.8    2.8  1.00e+00 10  1h
iter    objective    inf_pr   inf_du inf_compl lg(mu) lg(rg) alpha_pr ir ls
1650  1.6074541e+03 6.36e-09 4.34e-02 7.50e-05  -3.8    3.2  1.00e+00  4  1h
1651  1.6074519e+03 2.43e-08 4.34e-02 7.50e-05  -3.8    2.8  1.00e+00  5  1h
1652  1.6074510e+03 6.16e-09 4.33e-02 7.50e-05  -3.8    3.2  1.00e+00  4  1h
1653  1.6074485e+03 3.06e-08 4.33e-02 7.50e-05  -3.8    2.7  1.00e+00  6  1h
1654  1.6074475e+03 5.95e-09 4.33e-02 7.50e-05  -3.8    3.1  1.00e+00  4  1h
1655  1.6074447e+03 3.85e-08 4.32e-02 7.50e-05  -3.8    2.7  1.00e+00  8  1h
1656  1.6074436e+03 5.72e-09 4.32e-02 7.50e-05  -3.8    3.1  1.00e+00  4  1h
1657  1.6074404e+03 4.85e-08 4.32e-02 7.50e-05  -3.8    2.6  1.00e+00  6  1h
1658  1.6074308e+03 4.37e-07 4.32e-02 7.50e-05  -3.8    2.1  1.00e+00 10  1h
1659  1.6074303e+03 5.28e-09 4.31e-02 7.50e-05  -3.8    3.5  1.00e+00  4  1h
iter    objective    inf_pr   inf_du inf_compl lg(mu) lg(rg) alpha_pr ir ls
1660  1.6074290e+03 8.54e-09 4.31e-02 7.50e-05  -3.8    3.0  1.00e+00  4  1h
1661  1.6074249e+03 7.71e-08 4.31e-02 7.50e-05  -3.8    2.5  1.00e+00  6  1h
1662  1.6074129e+03 6.94e-07 4.31e-02 7.50e-05  -3.8    2.0  1.00e+00 10  1h
1663  1.6074083e+03 9.67e-08 4.31e-02 7.50e-05  -3.8    2.5  1.00e+00  8  1h
1664  1.6074081e+03 6.55e-09 4.30e-02 7.50e-05  -3.8    3.8  1.00e+00  3  1h
1665  1.6074075e+03 6.50e-09 4.30e-02 7.50e-05  -3.8    3.3  1.00e+00  4  1h
1666  1.6074056e+03 1.73e-08 4.29e-02 7.50e-05  -3.8    2.8  1.00e+00  5  1h
1667  1.6074049e+03 6.21e-09 4.29e-02 7.50e-05  -3.8    3.3  1.00e+00  5  1h
1668  1.6074027e+03 2.18e-08 4.28e-02 7.50e-05  -3.8    2.8  1.00e+00  7  1h
1669  1.6073963e+03 1.96e-07 4.28e-02 7.50e-05  -3.8    2.3  1.00e+00 10  1h
iter    objective    inf_pr   inf_du inf_compl lg(mu) lg(rg) alpha_pr ir ls
1670  1.6073939e+03 2.74e-08 4.28e-02 7.50e-05  -3.8    2.7  1.00e+00  6  1h
1671  1.6073930e+03 5.37e-09 4.28e-02 7.50e-05  -3.8    3.2  1.00e+00  6  1h
1672  1.6073903e+03 3.47e-08 4.27e-02 7.50e-05  -3.8    2.7  1.00e+00  7  1h
1673  1.6073822e+03 3.12e-07 4.28e-02 7.50e-05  -3.8    2.2  1.00e+00  8  1h
1674  1.6073582e+03 2.79e-06 4.29e-02 7.50e-05  -3.8    1.7  1.00e+00 10  1h
1675  1.6073493e+03 3.86e-07 4.29e-02 7.50e-05  -3.8    2.1  1.00e+00 10  1h
1676  1.6073459e+03 5.45e-08 4.28e-02 7.50e-05  -3.8    2.6  1.00e+00  4  1h
1677  1.6073358e+03 4.92e-07 4.28e-02 7.50e-05  -3.8    2.1  1.00e+00  8  1h
1678  1.6073058e+03 4.40e-06 4.29e-02 7.50e-05  -3.8    1.6  1.00e+00 10  1h
1679  1.6073044e+03 1.37e-08 4.28e-02 7.50e-05  -3.8    2.9  1.00e+00  9  1h
iter    objective    inf_pr   inf_du inf_compl lg(mu) lg(rg) alpha_pr ir ls
1680  1.6073039e+03 1.13e-08 4.27e-02 7.50e-05  -3.8    3.4  1.00e+00  4  1h
1681  1.6073023e+03 1.25e-08 4.26e-02 7.50e-05  -3.8    2.9  1.00e+00  6  1h
1682  1.6073017e+03 8.20e-09 4.26e-02 7.50e-05  -3.8    3.3  1.00e+00  4  1h
1683  1.6072999e+03 1.63e-08 4.25e-02 7.50e-05  -3.8    2.8  1.00e+00  5  1h
1684  1.6072992e+03 7.05e-09 4.25e-02 7.50e-05  -3.8    3.3  1.00e+00  6  1h
1685  1.6072972e+03 2.10e-08 4.25e-02 7.50e-05  -3.8    2.8  1.00e+00  7  1h
1686  1.6072912e+03 1.87e-07 4.26e-02 7.50e-05  -3.8    2.3  1.00e+00  9  1h
1687  1.6072889e+03 2.59e-08 4.27e-02 7.50e-05  -3.8    2.7  1.00e+00 10  1h
1688  1.6072822e+03 2.32e-07 4.28e-02 7.50e-05  -3.8    2.3  1.00e+00 10  1h
1689  1.6072796e+03 3.22e-08 4.28e-02 7.50e-05  -3.8    2.7  1.00e+00  8  1h
iter    objective    inf_pr   inf_du inf_compl lg(mu) lg(rg) alpha_pr ir ls
1690  1.6072787e+03 6.10e-09 4.29e-02 7.50e-05  -3.8    3.1  1.00e+00  6  1h
1691  1.6072759e+03 4.08e-08 4.29e-02 7.50e-05  -3.8    2.6  1.00e+00 10  1h
1692  1.6072748e+03 6.08e-09 4.30e-02 7.50e-05  -3.8    3.1  1.00e+00  6  1h
1693  1.6072716e+03 5.17e-08 4.30e-02 7.50e-05  -3.8    2.6  1.00e+00  6  1h
1694  1.6072704e+03 7.23e-09 4.30e-02 7.50e-05  -3.8    3.0  1.00e+00  5  1h
1695  1.6072668e+03 6.53e-08 4.30e-02 7.50e-05  -3.8    2.5  1.00e+00 10  1h
1696  1.6072655e+03 9.13e-09 4.30e-02 7.50e-05  -3.8    3.0  1.00e+00  7  1h
1697  1.6072614e+03 8.23e-08 4.30e-02 7.50e-05  -3.8    2.5  1.00e+00 10  1h
1698  1.6072494e+03 7.33e-07 4.30e-02 7.50e-05  -3.8    2.0  1.00e+00  8  1h
1699  1.6072488e+03 5.51e-09 4.29e-02 7.50e-05  -3.8    3.3  1.00e+00  6  1h
iter    objective    inf_pr   inf_du inf_compl lg(mu) lg(rg) alpha_pr ir ls
1700  1.6072471e+03 1.42e-08 4.29e-02 7.50e-05  -3.8    2.9  1.00e+00 10  1h
1701  1.6072465e+03 5.36e-09 4.29e-02 7.50e-05  -3.8    3.3  1.00e+00  3  1h
1702  1.6072446e+03 1.81e-08 4.29e-02 7.50e-05  -3.8    2.8  1.00e+00 10  1h
1703  1.6072438e+03 5.02e-09 4.29e-02 7.50e-05  -3.8    3.2  1.00e+00  5  1h
1704  1.6072417e+03 2.31e-08 4.29e-02 7.50e-05  -3.8    2.8  1.00e+00  9  1h
1705  1.6072353e+03 2.07e-07 4.29e-02 7.50e-05  -3.8    2.3  1.00e+00  9  1h
1706  1.6072328e+03 2.88e-08 4.29e-02 7.50e-05  -3.8    2.7  1.00e+00  9  1h
1707  1.6072256e+03 2.60e-07 4.29e-02 7.50e-05  -3.8    2.2  1.00e+00  7  1h
1708  1.6072253e+03 4.61e-09 4.29e-02 7.50e-05  -3.8    3.6  1.00e+00  4  1h
1709  1.6072243e+03 5.05e-09 4.29e-02 7.50e-05  -3.8    3.1  1.00e+00  4  1h
iter    objective    inf_pr   inf_du inf_compl lg(mu) lg(rg) alpha_pr ir ls
1710  1.6072239e+03 4.59e-09 4.29e-02 7.50e-05  -3.8    3.5  1.00e+00  3  1h
1711  1.6072227e+03 6.50e-09 4.30e-02 7.50e-05  -3.8    3.0  1.00e+00  6  1h
1712  1.6072193e+03 5.89e-08 4.30e-02 7.50e-05  -3.8    2.6  1.00e+00  8  1h
1713  1.6072180e+03 8.23e-09 4.30e-02 7.50e-05  -3.8    3.0  1.00e+00  5  1h
1714  1.6072142e+03 7.41e-08 4.30e-02 7.50e-05  -3.8    2.5  1.00e+00  9  1h
1715  1.6072027e+03 6.62e-07 4.30e-02 7.50e-05  -3.8    2.0  1.00e+00 10  1h
1716  1.6072021e+03 4.76e-09 4.30e-02 7.50e-05  -3.8    3.4  1.00e+00  3  1h
1717  1.6072005e+03 1.29e-08 4.30e-02 7.50e-05  -3.8    2.9  1.00e+00  6  1h
1718  1.6071956e+03 1.17e-07 4.30e-02 7.50e-05  -3.8    2.4  1.00e+00  7  1h
1719  1.6071812e+03 1.05e-06 4.30e-02 7.50e-05  -3.8    1.9  1.00e+00 10  1h
iter    objective    inf_pr   inf_du inf_compl lg(mu) lg(rg) alpha_pr ir ls
1720  1.6071382e+03 9.32e-06 4.31e-02 7.50e-05  -3.8    1.4  1.00e+00 10  1h
1721  1.6071362e+03 1.97e-08 4.30e-02 7.50e-05  -3.8    2.8  1.00e+00 10  1h
1722  1.6071354e+03 1.35e-08 4.29e-02 7.50e-05  -3.8    3.2  1.00e+00  4  1h
1723  1.6071332e+03 2.62e-08 4.28e-02 7.50e-05  -3.8    2.7  1.00e+00  7  1h
1724  1.6071263e+03 2.37e-07 4.28e-02 7.50e-05  -3.8    2.2  1.00e+00 10  1h
1725  1.6071238e+03 3.29e-08 4.27e-02 7.50e-05  -3.8    2.7  1.00e+00  8  1h
1726  1.6071228e+03 1.11e-08 4.28e-02 7.50e-05  -3.8    3.1  1.00e+00  3  1h
1727  1.6071199e+03 4.27e-08 4.28e-02 7.50e-05  -3.8    2.6  1.00e+00  8  1h
1728  1.6071188e+03 1.00e-08 4.28e-02 7.50e-05  -3.8    3.0  1.00e+00  4  1h
1729  1.6071156e+03 5.52e-08 4.28e-02 7.50e-05  -3.8    2.6  1.00e+00  5  1h
iter    objective    inf_pr   inf_du inf_compl lg(mu) lg(rg) alpha_pr ir ls
1730  1.6071059e+03 4.91e-07 4.29e-02 7.50e-05  -3.8    2.1  1.00e+00 10  1h
1731  1.6071023e+03 6.81e-08 4.29e-02 7.50e-05  -3.8    2.5  1.00e+00 10  1h
1732  1.6070915e+03 6.11e-07 4.29e-02 7.50e-05  -3.8    2.0  1.00e+00  8  1h
1733  1.6070874e+03 8.46e-08 4.29e-02 7.50e-05  -3.8    2.5  1.00e+00 10  1h
1734  1.6070859e+03 1.18e-08 4.29e-02 7.50e-05  -3.8    2.9  1.00e+00  5  1h
1735  1.6070813e+03 1.08e-07 4.29e-02 7.50e-05  -3.8    2.4  1.00e+00 10  1h
1736  1.6070677e+03 9.65e-07 4.29e-02 7.50e-05  -3.8    1.9  1.00e+00  9  1h
1737  1.6070273e+03 8.58e-06 4.29e-02 7.50e-05  -3.8    1.5  1.00e+00 10  1h
1738  1.6070254e+03 1.90e-08 4.28e-02 7.50e-05  -3.8    2.8  1.00e+00 10  1h
1739  1.6070246e+03 1.42e-08 4.27e-02 7.50e-05  -3.8    3.2  1.00e+00  5  1h
iter    objective    inf_pr   inf_du inf_compl lg(mu) lg(rg) alpha_pr ir ls
1740  1.6070225e+03 2.41e-08 4.27e-02 7.50e-05  -3.8    2.7  1.00e+00  4  1h
1741  1.6070160e+03 2.19e-07 4.26e-02 7.50e-05  -3.8    2.3  1.00e+00 10  1h
1742  1.6070136e+03 3.05e-08 4.26e-02 7.50e-05  -3.8    2.7  1.00e+00  9  1h
1743  1.6070127e+03 1.22e-08 4.26e-02 7.50e-05  -3.8    3.1  1.00e+00  4  1h
1744  1.6070124e+03 1.18e-08 4.27e-02 7.50e-05  -3.8    3.5  1.00e+00  4  1h
1745  1.6070114e+03 1.13e-08 4.27e-02 7.50e-05  -3.8    3.1  1.00e+00  4  1h
1746  1.6070083e+03 5.25e-08 4.27e-02 7.50e-05  -3.8    2.6  1.00e+00  5  1h
1747  1.6070072e+03 1.01e-08 4.27e-02 7.50e-05  -3.8    3.0  1.00e+00  6  1h
1748  1.6070037e+03 6.63e-08 4.28e-02 7.50e-05  -3.8    2.5  1.00e+00  8  1h
1749  1.6070024e+03 9.26e-09 4.28e-02 7.50e-05  -3.8    3.0  1.00e+00  7  1h
iter    objective    inf_pr   inf_du inf_compl lg(mu) lg(rg) alpha_pr ir ls
1750  1.6070019e+03 8.75e-09 4.28e-02 7.50e-05  -3.8    3.4  1.00e+00  3  1h
1751  1.6070005e+03 1.18e-08 4.29e-02 7.50e-05  -3.8    2.9  1.00e+00  7  1h
1752  1.6069961e+03 1.07e-07 4.29e-02 7.50e-05  -3.8    2.4  1.00e+00 10  1h
1753  1.6069832e+03 9.30e-07 4.28e-02 7.50e-05  -3.8    2.0  1.00e+00 10  1h
1754  1.6069825e+03 9.64e-09 4.26e-02 7.50e-05  -3.8    3.3  1.00e+00  4  1h
1755  1.6069807e+03 1.76e-08 4.27e-02 7.50e-05  -3.8    2.8  1.00e+00  7  1h
1756  1.6069752e+03 1.59e-07 4.27e-02 7.50e-05  -3.8    2.3  1.00e+00  8  1h
1757  1.6069589e+03 1.42e-06 4.26e-02 7.50e-05  -3.8    1.9  1.00e+00 10  1h
1758  1.6069528e+03 1.96e-07 4.26e-02 7.50e-05  -3.8    2.3  1.00e+00 10  1h
1759  1.6069505e+03 2.74e-08 4.25e-02 7.50e-05  -3.8    2.7  1.00e+00  6  1h
iter    objective    inf_pr   inf_du inf_compl lg(mu) lg(rg) alpha_pr ir ls
1760  1.6069496e+03 1.01e-08 4.25e-02 7.50e-05  -3.8    3.1  1.00e+00  4  1h
1761  1.6069470e+03 3.48e-08 4.25e-02 7.50e-05  -3.8    2.7  1.00e+00 10  1h
1762  1.6069461e+03 8.55e-09 4.24e-02 7.50e-05  -3.8    3.1  1.00e+00  4  1h
1763  1.6069431e+03 4.44e-08 4.24e-02 7.50e-05  -3.8    2.6  1.00e+00  6  1h
1764  1.6069421e+03 7.74e-09 4.24e-02 7.50e-05  -3.8    3.0  1.00e+00  5  1h
1765  1.6069388e+03 5.66e-08 4.24e-02 7.50e-05  -3.8    2.6  1.00e+00 10  1h
1766  1.6069290e+03 5.09e-07 4.24e-02 7.50e-05  -3.8    2.1  1.00e+00 10  1h
1767  1.6069254e+03 7.08e-08 4.23e-02 7.50e-05  -3.8    2.5  1.00e+00 10  1h
1768  1.6069240e+03 9.91e-09 4.23e-02 7.50e-05  -3.8    2.9  1.00e+00  5  1h
1769  1.6069235e+03 7.83e-09 4.23e-02 7.50e-05  -3.8    3.4  1.00e+00  3  1h
iter    objective    inf_pr   inf_du inf_compl lg(mu) lg(rg) alpha_pr ir ls
1770  1.6069219e+03 1.27e-08 4.23e-02 7.50e-05  -3.8    2.9  1.00e+00 10  1h
1771  1.6069213e+03 6.73e-09 4.23e-02 7.50e-05  -3.8    3.3  1.00e+00  5  1h
1772  1.6069196e+03 1.63e-08 4.23e-02 7.50e-05  -3.8    2.8  1.00e+00  5  1h
1773  1.6069190e+03 6.19e-09 4.23e-02 7.50e-05  -3.8    3.3  1.00e+00  4  1h
1774  1.6069170e+03 2.07e-08 4.23e-02 7.50e-05  -3.8    2.8  1.00e+00  9  1h
1775  1.6069163e+03 5.95e-09 4.23e-02 7.50e-05  -3.8    3.2  1.00e+00  5  1h
1776  1.6069160e+03 5.57e-09 4.22e-02 7.50e-05  -3.8    3.6  1.00e+00  3  1h
1777  1.6069152e+03 5.42e-09 4.23e-02 7.50e-05  -3.8    3.1  1.00e+00  5  1h
1778  1.6069127e+03 3.36e-08 4.23e-02 7.50e-05  -3.8    2.7  1.00e+00 10  1h
1779  1.6069118e+03 5.61e-09 4.22e-02 7.50e-05  -3.8    3.1  1.00e+00  5  1h
iter    objective    inf_pr   inf_du inf_compl lg(mu) lg(rg) alpha_pr ir ls
1780  1.6069114e+03 5.10e-09 4.22e-02 7.50e-05  -3.8    3.5  1.00e+00  4  1h
1781  1.6069104e+03 5.91e-09 4.22e-02 7.50e-05  -3.8    3.0  1.00e+00  6  1h
1782  1.6069072e+03 5.35e-08 4.22e-02 7.50e-05  -3.8    2.6  1.00e+00  6  1h
1783  1.6068979e+03 4.76e-07 4.22e-02 7.50e-05  -3.8    2.1  1.00e+00 10  1h
1784  1.6068944e+03 6.57e-08 4.21e-02 7.50e-05  -3.8    2.5  1.00e+00  5  1h
1785  1.6068931e+03 9.13e-09 4.21e-02 7.50e-05  -3.8    2.9  1.00e+00  6  1h
1786  1.6068891e+03 8.25e-08 4.20e-02 7.50e-05  -3.8    2.5  1.00e+00  9  1h
1787  1.6068876e+03 1.15e-08 4.20e-02 7.50e-05  -3.8    2.9  1.00e+00 10  1h
1788  1.6068832e+03 1.04e-07 4.20e-02 7.50e-05  -3.8    2.4  1.00e+00 10  1h
1789  1.6068816e+03 1.45e-08 4.19e-02 7.50e-05  -3.8    2.8  1.00e+00  8  1h
iter    objective    inf_pr   inf_du inf_compl lg(mu) lg(rg) alpha_pr ir ls
1790  1.6068809e+03 6.81e-09 4.19e-02 7.50e-05  -3.8    3.3  1.00e+00  5  1h
1791  1.6068807e+03 6.12e-09 4.19e-02 7.50e-05  -3.8    3.7  1.00e+00  3  1h
1792  1.6068800e+03 5.70e-09 4.19e-02 7.50e-05  -3.8    3.2  1.00e+00  7  1h
1793  1.6068797e+03 5.55e-09 4.18e-02 7.50e-05  -3.8    3.6  1.00e+00  2  1h
1794  1.6068789e+03 5.27e-09 4.18e-02 7.50e-05  -3.8    3.2  1.00e+00  6  1h
1795  1.6068766e+03 3.01e-08 4.18e-02 7.50e-05  -3.8    2.7  1.00e+00 10  1h
1796  1.6068757e+03 5.21e-09 4.18e-02 7.50e-05  -3.8    3.1  1.00e+00 10  1h
1797  1.6068730e+03 3.79e-08 4.18e-02 7.50e-05  -3.8    2.6  1.00e+00 10  1h
1798  1.6068651e+03 3.40e-07 4.18e-02 7.50e-05  -3.8    2.2  1.00e+00 10  1h
1799  1.6068647e+03 6.63e-09 4.18e-02 7.50e-05  -3.8    3.5  1.00e+00  4  1h
iter    objective    inf_pr   inf_du inf_compl lg(mu) lg(rg) alpha_pr ir ls
1800  1.6068636e+03 6.60e-09 4.18e-02 7.50e-05  -3.8    3.0  1.00e+00  4  1h
1801  1.6068632e+03 5.55e-09 4.18e-02 7.50e-05  -3.8    3.4  1.00e+00  5  1h
1802  1.6068619e+03 8.42e-09 4.18e-02 7.50e-05  -3.8    3.0  1.00e+00  8  1h
1803  1.6068614e+03 5.15e-09 4.18e-02 7.50e-05  -3.8    3.4  1.00e+00  3  1h
1804  1.6068600e+03 1.07e-08 4.18e-02 7.50e-05  -3.8    2.9  1.00e+00  7  1h
1805  1.6068595e+03 4.96e-09 4.18e-02 7.50e-05  -3.8    3.3  1.00e+00  4  1h
1806  1.6068579e+03 1.36e-08 4.18e-02 7.50e-05  -3.8    2.9  1.00e+00  4  1h
1807  1.6068573e+03 4.72e-09 4.18e-02 7.50e-05  -3.8    3.3  1.00e+00  6  1h
1808  1.6068555e+03 1.73e-08 4.18e-02 7.50e-05  -3.8    2.8  1.00e+00  8  1h
1809  1.6068548e+03 4.52e-09 4.17e-02 7.50e-05  -3.8    3.2  1.00e+00  3  1h
iter    objective    inf_pr   inf_du inf_compl lg(mu) lg(rg) alpha_pr ir ls
1810  1.6068528e+03 2.19e-08 4.17e-02 7.50e-05  -3.8    2.8  1.00e+00  7  1h
1811  1.6068521e+03 4.58e-09 4.17e-02 7.50e-05  -3.8    3.2  1.00e+00  4  1h
1812  1.6068498e+03 2.77e-08 4.17e-02 7.50e-05  -3.8    2.7  1.00e+00 10  1h
1813  1.6068489e+03 4.70e-09 4.17e-02 7.50e-05  -3.8    3.1  1.00e+00  5  1h
1814  1.6068486e+03 4.31e-09 4.17e-02 7.50e-05  -3.8    3.6  1.00e+00  3  1h
1815  1.6068477e+03 4.88e-09 4.17e-02 7.50e-05  -3.8    3.1  1.00e+00  8  1h
1816  1.6068448e+03 4.43e-08 4.17e-02 7.50e-05  -3.8    2.6  1.00e+00  6  1h
1817  1.6068437e+03 6.19e-09 4.17e-02 7.50e-05  -3.8    3.0  1.00e+00  4  1h
1818  1.6068405e+03 5.58e-08 4.17e-02 7.50e-05  -3.8    2.6  1.00e+00  8  1h
1819  1.6068309e+03 5.00e-07 4.17e-02 7.50e-05  -3.8    2.1  1.00e+00 10  1h
iter    objective    inf_pr   inf_du inf_compl lg(mu) lg(rg) alpha_pr ir ls
1820  1.6068273e+03 6.94e-08 4.16e-02 7.50e-05  -3.8    2.5  1.00e+00 10  1h
1821  1.6068260e+03 9.69e-09 4.16e-02 7.50e-05  -3.8    2.9  1.00e+00  5  1h
1822  1.6068219e+03 8.78e-08 4.16e-02 7.50e-05  -3.8    2.5  1.00e+00  6  1h
1823  1.6068204e+03 1.23e-08 4.15e-02 7.50e-05  -3.8    2.9  1.00e+00  6  1h
1824  1.6068158e+03 1.11e-07 4.15e-02 7.50e-05  -3.8    2.4  1.00e+00 10  1h
1825  1.6068141e+03 1.55e-08 4.15e-02 7.50e-05  -3.8    2.8  1.00e+00 10  1h
1826  1.6068090e+03 1.41e-07 4.15e-02 7.50e-05  -3.8    2.3  1.00e+00 10  1h
1827  1.6067938e+03 1.26e-06 4.15e-02 7.50e-05  -3.8    1.9  1.00e+00 10  1h
1828  1.6067931e+03 9.53e-09 4.15e-02 7.50e-05  -3.8    3.2  1.00e+00  4  1h
1829  1.6067909e+03 2.48e-08 4.14e-02 7.50e-05  -3.8    2.7  1.00e+00  6  1h
iter    objective    inf_pr   inf_du inf_compl lg(mu) lg(rg) alpha_pr ir ls
1830  1.6067845e+03 2.26e-07 4.14e-02 7.50e-05  -3.8    2.2  1.00e+00 10  1h
1831  1.6067821e+03 3.15e-08 4.14e-02 7.50e-05  -3.8    2.7  1.00e+00 10  1h
1832  1.6067812e+03 8.65e-09 4.13e-02 7.50e-05  -3.8    3.1  1.00e+00  7  1h
1833  1.6067785e+03 4.04e-08 4.13e-02 7.50e-05  -3.8    2.6  1.00e+00 10  1h
1834  1.6067775e+03 8.08e-09 4.13e-02 7.50e-05  -3.8    3.0  1.00e+00 10  1h
1835  1.6067771e+03 7.55e-09 4.13e-02 7.50e-05  -3.8    3.5  1.00e+00  3  1h
1836  1.6067759e+03 7.35e-09 4.13e-02 7.50e-05  -3.8    3.0  1.00e+00  6  1h
1837  1.6067725e+03 6.64e-08 4.13e-02 7.50e-05  -3.8    2.5  1.00e+00  8  1h
1838  1.6067623e+03 5.90e-07 4.13e-02 7.50e-05  -3.8    2.0  1.00e+00 10  1h
1839  1.6067618e+03 9.25e-09 4.13e-02 7.50e-05  -3.8    3.4  1.00e+00  4  1h
iter    objective    inf_pr   inf_du inf_compl lg(mu) lg(rg) alpha_pr ir ls
1840  1.6067604e+03 1.14e-08 4.13e-02 7.50e-05  -3.8    2.9  1.00e+00  8  1h
1841  1.6067561e+03 1.04e-07 4.13e-02 7.50e-05  -3.8    2.4  1.00e+00  8  1h
1842  1.6067432e+03 9.32e-07 4.13e-02 7.50e-05  -3.8    1.9  1.00e+00 10  1h
1843  1.6067426e+03 1.07e-08 4.12e-02 7.50e-05  -3.8    3.3  1.00e+00  4  1h
1844  1.6067408e+03 1.81e-08 4.12e-02 7.50e-05  -3.8    2.8  1.00e+00  6  1h
1845  1.6067353e+03 1.65e-07 4.12e-02 7.50e-05  -3.8    2.3  1.00e+00  8  1h
1846  1.6067333e+03 2.31e-08 4.12e-02 7.50e-05  -3.8    2.7  1.00e+00  7  1h
1847  1.6067272e+03 2.09e-07 4.12e-02 7.50e-05  -3.8    2.3  1.00e+00 10  1h
1848  1.6067090e+03 1.87e-06 4.12e-02 7.50e-05  -3.8    1.8  1.00e+00 10  1h
1849  1.6067082e+03 1.35e-08 4.11e-02 7.50e-05  -3.8    3.1  1.00e+00  9  1h
iter    objective    inf_pr   inf_du inf_compl lg(mu) lg(rg) alpha_pr ir ls
1850  1.6067056e+03 3.67e-08 4.11e-02 7.50e-05  -3.8    2.6  1.00e+00  4  1h
1851  1.6066979e+03 3.34e-07 4.11e-02 7.50e-05  -3.8    2.2  1.00e+00  9  1h
1852  1.6066951e+03 4.65e-08 4.11e-02 7.50e-05  -3.8    2.6  1.00e+00  6  1h
1853  1.6066865e+03 4.22e-07 4.11e-02 7.50e-05  -3.8    2.1  1.00e+00 10  1h
1854  1.6066832e+03 5.89e-08 4.10e-02 7.50e-05  -3.8    2.5  1.00e+00 10  1h
1855  1.6066820e+03 1.43e-08 4.10e-02 7.50e-05  -3.8    3.0  1.00e+00  5  1h
1856  1.6066784e+03 7.58e-08 4.10e-02 7.50e-05  -3.8    2.5  1.00e+00  7  1h
1857  1.6066771e+03 1.40e-08 4.10e-02 7.50e-05  -3.8    2.9  1.00e+00  5  1h
1858  1.6066730e+03 9.68e-08 4.10e-02 7.50e-05  -3.8    2.4  1.00e+00  8  1h
1859  1.6066714e+03 1.38e-08 4.09e-02 7.50e-05  -3.8    2.9  1.00e+00  5  1h
iter    objective    inf_pr   inf_du inf_compl lg(mu) lg(rg) alpha_pr ir ls
1860  1.6066669e+03 1.23e-07 4.09e-02 7.50e-05  -3.8    2.4  1.00e+00 10  1h
1861  1.6066652e+03 1.72e-08 4.09e-02 7.50e-05  -3.8    2.8  1.00e+00  6  1h
1862  1.6066645e+03 1.33e-08 4.09e-02 7.50e-05  -3.8    3.2  1.00e+00  4  1h
1863  1.6066643e+03 1.31e-08 4.09e-02 7.50e-05  -3.8    3.7  1.00e+00  3  1h
1864  1.6066635e+03 1.28e-08 4.09e-02 7.50e-05  -3.8    3.2  1.00e+00  4  1h
1865  1.6066614e+03 2.83e-08 4.09e-02 7.50e-05  -3.8    2.7  1.00e+00 10  1h
1866  1.6066605e+03 1.21e-08 4.09e-02 7.50e-05  -3.8    3.1  1.00e+00  4  1h
1867  1.6066581e+03 3.58e-08 4.09e-02 7.50e-05  -3.8    2.7  1.00e+00  7  1h
1868  1.6066572e+03 1.14e-08 4.09e-02 7.50e-05  -3.8    3.1  1.00e+00  4  1h
1869  1.6066568e+03 1.13e-08 4.09e-02 7.50e-05  -3.8    3.5  1.00e+00  3  1h
iter    objective    inf_pr   inf_du inf_compl lg(mu) lg(rg) alpha_pr ir ls
1870  1.6066558e+03 1.09e-08 4.09e-02 7.50e-05  -3.8    3.0  1.00e+00  4  1h
1871  1.6066527e+03 5.74e-08 4.09e-02 7.50e-05  -3.8    2.6  1.00e+00 10  1h
1872  1.6066435e+03 5.09e-07 4.08e-02 7.50e-05  -3.8    2.1  1.00e+00 10  1h
1873  1.6066400e+03 7.00e-08 4.08e-02 7.50e-05  -3.8    2.5  1.00e+00  9  1h
1874  1.6066387e+03 1.19e-08 4.07e-02 7.50e-05  -3.8    2.9  1.00e+00  5  1h
1875  1.6066382e+03 1.09e-08 4.07e-02 7.50e-05  -3.8    3.4  1.00e+00  4  1h
1876  1.6066367e+03 1.21e-08 4.07e-02 7.50e-05  -3.8    2.9  1.00e+00 10  1h
1877  1.6066362e+03 9.55e-09 4.06e-02 7.50e-05  -3.8    3.3  1.00e+00  6  1h
1878  1.6066345e+03 1.55e-08 4.06e-02 7.50e-05  -3.8    2.8  1.00e+00  8  1h
1879  1.6066339e+03 8.97e-09 4.06e-02 7.50e-05  -3.8    3.3  1.00e+00  4  1h
iter    objective    inf_pr   inf_du inf_compl lg(mu) lg(rg) alpha_pr ir ls
1880  1.6066321e+03 1.96e-08 4.06e-02 7.50e-05  -3.8    2.8  1.00e+00  6  1h
1881  1.6066314e+03 8.64e-09 4.06e-02 7.50e-05  -3.8    3.2  1.00e+00  3  1h
1882  1.6066293e+03 2.49e-08 4.06e-02 7.50e-05  -3.8    2.7  1.00e+00 10  1h
1883  1.6066285e+03 8.28e-09 4.06e-02 7.50e-05  -3.8    3.1  1.00e+00  5  1h
1884  1.6066282e+03 8.16e-09 4.06e-02 7.50e-05  -3.8    3.6  1.00e+00  3  1h
1885  1.6066273e+03 7.95e-09 4.06e-02 7.50e-05  -3.8    3.1  1.00e+00  4  1h
1886  1.6066247e+03 4.02e-08 4.06e-02 7.50e-05  -3.8    2.6  1.00e+00 10  1h
1887  1.6066168e+03 3.60e-07 4.05e-02 7.50e-05  -3.8    2.1  1.00e+00 10  1h
1888  1.6066165e+03 9.19e-09 4.05e-02 7.50e-05  -3.8    3.5  1.00e+00  3  1h
1889  1.6066153e+03 8.61e-09 4.04e-02 7.50e-05  -3.8    3.0  1.00e+00  6  1h
iter    objective    inf_pr   inf_du inf_compl lg(mu) lg(rg) alpha_pr ir ls
1890  1.6066149e+03 7.91e-09 4.04e-02 7.50e-05  -3.8    3.4  1.00e+00  3  1h
1891  1.6066137e+03 8.86e-09 4.04e-02 7.50e-05  -3.8    2.9  1.00e+00 10  1h
1892  1.6066099e+03 8.05e-08 4.04e-02 7.50e-05  -3.8    2.5  1.00e+00 10  1h
1893  1.6066085e+03 1.12e-08 4.04e-02 7.50e-05  -3.8    2.9  1.00e+00 10  1h
1894  1.6066080e+03 7.36e-09 4.04e-02 7.50e-05  -3.8    3.3  1.00e+00  5  1h
1895  1.6066064e+03 1.42e-08 4.04e-02 7.50e-05  -3.8    2.8  1.00e+00 10  1h
1896  1.6066017e+03 1.29e-07 4.04e-02 7.50e-05  -3.8    2.4  1.00e+00 10  1h
1897  1.6066015e+03 7.54e-09 4.03e-02 7.50e-05  -3.8    3.7  1.00e+00  4  1h
1898  1.6066008e+03 7.03e-09 4.03e-02 7.50e-05  -3.8    3.2  1.00e+00  5  1h
1899  1.6065989e+03 2.28e-08 4.03e-02 7.50e-05  -3.8    2.7  1.00e+00 10  1h
iter    objective    inf_pr   inf_du inf_compl lg(mu) lg(rg) alpha_pr ir ls
1900  1.6065981e+03 6.71e-09 4.03e-02 7.50e-05  -3.8    3.2  1.00e+00  7  1h
1901  1.6065959e+03 2.89e-08 4.03e-02 7.50e-05  -3.8    2.7  1.00e+00  6  1h
1902  1.6065950e+03 6.56e-09 4.03e-02 7.50e-05  -3.8    3.1  1.00e+00  4  1h
1903  1.6065925e+03 3.66e-08 4.03e-02 7.50e-05  -3.8    2.6  1.00e+00  5  1h
1904  1.6065916e+03 6.54e-09 4.03e-02 7.50e-05  -3.8    3.1  1.00e+00 10  1h
1905  1.6065888e+03 4.63e-08 4.03e-02 7.50e-05  -3.8    2.6  1.00e+00 10  1h
1906  1.6065877e+03 6.61e-09 4.02e-02 7.50e-05  -3.8    3.0  1.00e+00  7  1h
1907  1.6065873e+03 6.10e-09 4.02e-02 7.50e-05  -3.8    3.4  1.00e+00  5  1h
1908  1.6065861e+03 8.18e-09 4.02e-02 7.50e-05  -3.8    3.0  1.00e+00  6  1h
1909  1.6065826e+03 7.42e-08 4.02e-02 7.50e-05  -3.8    2.5  1.00e+00  7  1h
iter    objective    inf_pr   inf_du inf_compl lg(mu) lg(rg) alpha_pr ir ls
1910  1.6065812e+03 1.04e-08 4.02e-02 7.50e-05  -3.8    2.9  1.00e+00  9  1h
1911  1.6065772e+03 9.34e-08 4.02e-02 7.50e-05  -3.8    2.4  1.00e+00 10  1h
1912  1.6065757e+03 1.30e-08 4.02e-02 7.50e-05  -3.8    2.9  1.00e+00  6  1h
1913  1.6065712e+03 1.18e-07 4.02e-02 7.50e-05  -3.8    2.4  1.00e+00 10  1h
1914  1.6065578e+03 1.06e-06 4.02e-02 7.50e-05  -3.8    1.9  1.00e+00  9  1h
1915  1.6065572e+03 9.56e-09 4.02e-02 7.50e-05  -3.8    3.2  1.00e+00  5  1h
1916  1.6065553e+03 2.06e-08 4.01e-02 7.50e-05  -3.8    2.8  1.00e+00 10  1h
1917  1.6065546e+03 8.30e-09 4.01e-02 7.50e-05  -3.8    3.2  1.00e+00  5  1h
1918  1.6065525e+03 2.62e-08 4.01e-02 7.50e-05  -3.8    2.7  1.00e+00  6  1h
1919  1.6065461e+03 2.37e-07 4.01e-02 7.50e-05  -3.8    2.2  1.00e+00  6  1h
iter    objective    inf_pr   inf_du inf_compl lg(mu) lg(rg) alpha_pr ir ls
1920  1.6065437e+03 3.31e-08 4.01e-02 7.50e-05  -3.8    2.7  1.00e+00  7  1h
1921  1.6065428e+03 8.05e-09 4.00e-02 7.50e-05  -3.8    3.1  1.00e+00  6  1h
1922  1.6065402e+03 4.21e-08 4.00e-02 7.50e-05  -3.8    2.6  1.00e+00  8  1h
1923  1.6065392e+03 7.95e-09 4.00e-02 7.50e-05  -3.8    3.0  1.00e+00  4  1h
1924  1.6065388e+03 7.87e-09 4.00e-02 7.50e-05  -3.8    3.5  1.00e+00  4  1h
1925  1.6065376e+03 7.75e-09 4.00e-02 7.50e-05  -3.8    3.0  1.00e+00  8  1h
1926  1.6065343e+03 6.87e-08 4.00e-02 7.50e-05  -3.8    2.5  1.00e+00  9  1h
1927  1.6065330e+03 9.61e-09 4.00e-02 7.50e-05  -3.8    2.9  1.00e+00  9  1h
1928  1.6065325e+03 7.64e-09 4.00e-02 7.50e-05  -3.8    3.4  1.00e+00  5  1h
1929  1.6065311e+03 1.22e-08 4.00e-02 7.50e-05  -3.8    2.9  1.00e+00  5  1h
iter    objective    inf_pr   inf_du inf_compl lg(mu) lg(rg) alpha_pr ir ls
1930  1.6065306e+03 7.46e-09 4.00e-02 7.50e-05  -3.8    3.3  1.00e+00  5  1h
1931  1.6065290e+03 1.55e-08 4.00e-02 7.50e-05  -3.8    2.8  1.00e+00 10  1h
1932  1.6065284e+03 7.25e-09 4.00e-02 7.50e-05  -3.8    3.2  1.00e+00  4  1h
1933  1.6065265e+03 1.97e-08 4.00e-02 7.50e-05  -3.8    2.8  1.00e+00 10  1h
1934  1.6065259e+03 7.03e-09 4.00e-02 7.50e-05  -3.8    3.2  1.00e+00  4  1h
1935  1.6065238e+03 2.49e-08 4.00e-02 7.50e-05  -3.8    2.7  1.00e+00 10  1h
1936  1.6065178e+03 2.23e-07 4.01e-02 7.50e-05  -3.8    2.2  1.00e+00 10  1h
1937  1.6065175e+03 6.94e-09 4.00e-02 7.50e-05  -3.8    3.6  1.00e+00  4  1h
1938  1.6065166e+03 6.87e-09 4.00e-02 7.50e-05  -3.8    3.1  1.00e+00  6  1h
1939  1.6065141e+03 3.90e-08 4.00e-02 7.50e-05  -3.8    2.6  1.00e+00  9  1h
iter    objective    inf_pr   inf_du inf_compl lg(mu) lg(rg) alpha_pr ir ls
1940  1.6065131e+03 6.85e-09 4.00e-02 7.50e-05  -3.8    3.0  1.00e+00  7  1h
1941  1.6065102e+03 4.93e-08 4.00e-02 7.50e-05  -3.8    2.6  1.00e+00  8  1h
1942  1.6065092e+03 6.89e-09 4.00e-02 7.50e-05  -3.8    3.0  1.00e+00  5  1h
1943  1.6065059e+03 6.22e-08 4.00e-02 7.50e-05  -3.8    2.5  1.00e+00 10  1h
1944  1.6064963e+03 5.59e-07 4.00e-02 7.50e-05  -3.8    2.0  1.00e+00 10  1h
1945  1.6064958e+03 8.08e-09 3.99e-02 7.50e-05  -3.8    3.4  1.00e+00  5  1h
1946  1.6064945e+03 1.08e-08 3.99e-02 7.50e-05  -3.8    2.9  1.00e+00  8  1h
1947  1.6064904e+03 9.86e-08 3.99e-02 7.50e-05  -3.8    2.4  1.00e+00  8  1h
1948  1.6064782e+03 8.87e-07 4.00e-02 7.50e-05  -3.8    1.9  1.00e+00 10  1h
1949  1.6064737e+03 1.23e-07 3.99e-02 7.50e-05  -3.8    2.4  1.00e+00  7  1h
iter    objective    inf_pr   inf_du inf_compl lg(mu) lg(rg) alpha_pr ir ls
1950  1.6064720e+03 1.73e-08 3.99e-02 7.50e-05  -3.8    2.8  1.00e+00  7  1h
1951  1.6064713e+03 9.64e-09 3.98e-02 7.50e-05  -3.8    3.2  1.00e+00  5  1h
1952  1.6064694e+03 2.20e-08 3.98e-02 7.50e-05  -3.8    2.7  1.00e+00 10  1h
1953  1.6064687e+03 9.53e-09 3.98e-02 7.50e-05  -3.8    3.2  1.00e+00  4  1h
1954  1.6064665e+03 2.81e-08 3.98e-02 7.50e-05  -3.8    2.7  1.00e+00 10  1h
1955  1.6064657e+03 9.39e-09 3.98e-02 7.50e-05  -3.8    3.1  1.00e+00  5  1h
1956  1.6064633e+03 3.58e-08 3.98e-02 7.50e-05  -3.8    2.6  1.00e+00  6  1h
1957  1.6064560e+03 3.22e-07 3.99e-02 7.50e-05  -3.8    2.2  1.00e+00 10  1h
1958  1.6064557e+03 9.66e-09 3.98e-02 7.50e-05  -3.8    3.5  1.00e+00  3  1h
1959  1.6064547e+03 9.57e-09 3.98e-02 7.50e-05  -3.8    3.0  1.00e+00  8  1h
iter    objective    inf_pr   inf_du inf_compl lg(mu) lg(rg) alpha_pr ir ls
1960  1.6064543e+03 9.48e-09 3.98e-02 7.50e-05  -3.8    3.4  1.00e+00  4  1h
1961  1.6064531e+03 9.33e-09 3.98e-02 7.50e-05  -3.8    3.0  1.00e+00  7  1h
1962  1.6064527e+03 9.21e-09 3.98e-02 7.50e-05  -3.8    3.4  1.00e+00  4  1h
1963  1.6064514e+03 1.03e-08 3.98e-02 7.50e-05  -3.8    2.9  1.00e+00  6  1h
1964  1.6064509e+03 8.89e-09 3.98e-02 7.50e-05  -3.8    3.3  1.00e+00  4  1h
1965  1.6064494e+03 1.31e-08 3.99e-02 7.50e-05  -3.8    2.9  1.00e+00  6  1h
1966  1.6064451e+03 1.18e-07 3.99e-02 7.50e-05  -3.8    2.4  1.00e+00  7  1h
1967  1.6064435e+03 1.64e-08 3.98e-02 7.50e-05  -3.8    2.8  1.00e+00  6  1h
1968  1.6064428e+03 8.19e-09 3.98e-02 7.50e-05  -3.8    3.2  1.00e+00  4  1h
1969  1.6064410e+03 2.06e-08 3.98e-02 7.50e-05  -3.8    2.8  1.00e+00 10  1h
iter    objective    inf_pr   inf_du inf_compl lg(mu) lg(rg) alpha_pr ir ls
1970  1.6064355e+03 1.85e-07 3.98e-02 7.50e-05  -3.8    2.3  1.00e+00 10  1h
1971  1.6064334e+03 2.58e-08 3.98e-02 7.50e-05  -3.8    2.7  1.00e+00 10  1h
1972  1.6064273e+03 2.32e-07 3.98e-02 7.50e-05  -3.8    2.2  1.00e+00  9  1h
1973  1.6064249e+03 3.23e-08 3.98e-02 7.50e-05  -3.8    2.7  1.00e+00 10  1h
1974  1.6064241e+03 8.09e-09 3.97e-02 7.50e-05  -3.8    3.1  1.00e+00  4  1h
1975  1.6064215e+03 4.07e-08 3.97e-02 7.50e-05  -3.8    2.6  1.00e+00  7  1h
1976  1.6064205e+03 8.06e-09 3.97e-02 7.50e-05  -3.8    3.0  1.00e+00 10  1h
1977  1.6064201e+03 7.98e-09 3.97e-02 7.50e-05  -3.8    3.5  1.00e+00  4  1h
1978  1.6064190e+03 7.86e-09 3.97e-02 7.50e-05  -3.8    3.0  1.00e+00  4  1h
1979  1.6064157e+03 6.56e-08 3.97e-02 7.50e-05  -3.8    2.5  1.00e+00 10  1h
iter    objective    inf_pr   inf_du inf_compl lg(mu) lg(rg) alpha_pr ir ls
1980  1.6064145e+03 9.20e-09 3.97e-02 7.50e-05  -3.8    2.9  1.00e+00  6  1h
1981  1.6064108e+03 8.30e-08 3.97e-02 7.50e-05  -3.8    2.4  1.00e+00  7  1h
1982  1.6064094e+03 1.16e-08 3.97e-02 7.50e-05  -3.8    2.9  1.00e+00 10  1h
1983  1.6064053e+03 1.05e-07 3.97e-02 7.50e-05  -3.8    2.4  1.00e+00 10  1h
1984  1.6064037e+03 1.47e-08 3.97e-02 7.50e-05  -3.8    2.8  1.00e+00  8  1h
1985  1.6063990e+03 1.32e-07 3.97e-02 7.50e-05  -3.8    2.3  1.00e+00 10  1h
1986  1.6063851e+03 1.19e-06 3.97e-02 7.50e-05  -3.8    1.9  1.00e+00 10  1h
1987  1.6063845e+03 9.50e-09 3.96e-02 7.50e-05  -3.8    3.2  1.00e+00  5  1h
1988  1.6063825e+03 2.31e-08 3.96e-02 7.50e-05  -3.8    2.7  1.00e+00 10  1h
1989  1.6063818e+03 8.99e-09 3.96e-02 7.50e-05  -3.8    3.1  1.00e+00  4  1h
iter    objective    inf_pr   inf_du inf_compl lg(mu) lg(rg) alpha_pr ir ls
1990  1.6063796e+03 2.94e-08 3.96e-02 7.50e-05  -3.8    2.7  1.00e+00  6  1h
1991  1.6063787e+03 8.90e-09 3.96e-02 7.50e-05  -3.8    3.1  1.00e+00  5  1h
1992  1.6063763e+03 3.74e-08 3.96e-02 7.50e-05  -3.8    2.6  1.00e+00  9  1h
1993  1.6063753e+03 8.76e-09 3.96e-02 7.50e-05  -3.8    3.0  1.00e+00  3  1h
1994  1.6063726e+03 4.75e-08 3.96e-02 7.50e-05  -3.8    2.6  1.00e+00 10  1h
1995  1.6063642e+03 4.28e-07 3.96e-02 7.50e-05  -3.8    2.1  1.00e+00  5  1h
1996  1.6063638e+03 8.99e-09 3.95e-02 7.50e-05  -3.8    3.4  1.00e+00  3  1h
1997  1.6063627e+03 8.90e-09 3.95e-02 7.50e-05  -3.8    2.9  1.00e+00  5  1h
1998  1.6063592e+03 7.57e-08 3.96e-02 7.50e-05  -3.8    2.5  1.00e+00 10  1h
1999  1.6063487e+03 6.80e-07 3.96e-02 7.50e-05  -3.8    2.0  1.00e+00  7  1h
iter    objective    inf_pr   inf_du inf_compl lg(mu) lg(rg) alpha_pr ir ls
2000  1.6063447e+03 9.45e-08 3.96e-02 7.50e-05  -3.8    2.4  1.00e+00  8  1h
2001  1.6063433e+03 1.33e-08 3.95e-02 7.50e-05  -3.8    2.8  1.00e+00  5  1h
2002  1.6063427e+03 9.66e-09 3.95e-02 7.50e-05  -3.8    3.3  1.00e+00  7  1h
2003  1.6063425e+03 9.55e-09 3.95e-02 7.50e-05  -3.8    3.7  1.00e+00  3  1h
2004  1.6063419e+03 9.35e-09 3.95e-02 7.50e-05  -3.8    3.2  1.00e+00  4  1h
2005  1.6063400e+03 2.14e-08 3.95e-02 7.50e-05  -3.8    2.7  1.00e+00  7  1h
2006  1.6063393e+03 8.94e-09 3.95e-02 7.50e-05  -3.8    3.2  1.00e+00  5  1h
2007  1.6063390e+03 8.82e-09 3.95e-02 7.50e-05  -3.8    3.6  1.00e+00  4  1h
2008  1.6063383e+03 8.59e-09 3.95e-02 7.50e-05  -3.8    3.1  1.00e+00  5  1h
2009  1.6063359e+03 3.50e-08 3.95e-02 7.50e-05  -3.8    2.6  1.00e+00  6  1h
iter    objective    inf_pr   inf_du inf_compl lg(mu) lg(rg) alpha_pr ir ls
2010  1.6063350e+03 8.03e-09 3.95e-02 7.50e-05  -3.8    3.1  1.00e+00  6  1h
2011  1.6063323e+03 4.42e-08 3.95e-02 7.50e-05  -3.8    2.6  1.00e+00  7  1h
2012  1.6063244e+03 3.95e-07 3.95e-02 7.50e-05  -3.8    2.1  1.00e+00 10  1h
2013  1.6063214e+03 5.47e-08 3.95e-02 7.50e-05  -3.8    2.5  1.00e+00  5  1h
2014  1.6063203e+03 7.83e-09 3.95e-02 7.50e-05  -3.8    3.0  1.00e+00  6  1h
2015  1.6063170e+03 6.87e-08 3.95e-02 7.50e-05  -3.8    2.5  1.00e+00  9  1h
2016  1.6063157e+03 9.76e-09 3.95e-02 7.50e-05  -3.8    2.9  1.00e+00  6  1h
2017  1.6063120e+03 8.63e-08 3.95e-02 7.50e-05  -3.8    2.4  1.00e+00 10  1h
2018  1.6063106e+03 1.23e-08 3.94e-02 7.50e-05  -3.8    2.9  1.00e+00  5  1h
2019  1.6063100e+03 7.24e-09 3.94e-02 7.50e-05  -3.8    3.3  1.00e+00  4  1h
iter    objective    inf_pr   inf_du inf_compl lg(mu) lg(rg) alpha_pr ir ls
2020  1.6063084e+03 1.55e-08 3.94e-02 7.50e-05  -3.8    2.8  1.00e+00  7  1h
2021  1.6063078e+03 7.02e-09 3.94e-02 7.50e-05  -3.8    3.2  1.00e+00  5  1h
2022  1.6063061e+03 1.95e-08 3.94e-02 7.50e-05  -3.8    2.8  1.00e+00  9  1h
2023  1.6063054e+03 6.75e-09 3.94e-02 7.50e-05  -3.8    3.2  1.00e+00  3  1h
2024  1.6063034e+03 2.47e-08 3.95e-02 7.50e-05  -3.8    2.7  1.00e+00  4  1h
2025  1.6063026e+03 6.46e-09 3.94e-02 7.50e-05  -3.8    3.1  1.00e+00  4  1h
2026  1.6063004e+03 3.13e-08 3.95e-02 7.50e-05  -3.8    2.7  1.00e+00  7  1h
2027  1.6062995e+03 6.16e-09 3.94e-02 7.50e-05  -3.8    3.1  1.00e+00  6  1h
2028  1.6062970e+03 3.95e-08 3.94e-02 7.50e-05  -3.8    2.6  1.00e+00  8  1h
2029  1.6062960e+03 5.88e-09 3.94e-02 7.50e-05  -3.8    3.0  1.00e+00  3  1h
iter    objective    inf_pr   inf_du inf_compl lg(mu) lg(rg) alpha_pr ir ls
2030  1.6062932e+03 5.00e-08 3.94e-02 7.50e-05  -3.8    2.5  1.00e+00  9  1h
2031  1.6062847e+03 4.48e-07 3.95e-02 7.50e-05  -3.8    2.1  1.00e+00 10  1h
2032  1.6062815e+03 6.36e-08 3.94e-02 7.50e-05  -3.8    2.5  1.00e+00 10  1h
2033  1.6062720e+03 5.62e-07 3.95e-02 7.50e-05  -3.8    2.0  1.00e+00  4  1h
2034  1.6062437e+03 5.04e-06 3.96e-02 7.50e-05  -3.8    1.5  1.00e+00 10  1h
2035  1.6062423e+03 1.38e-08 3.94e-02 7.50e-05  -3.8    2.9  1.00e+00  4  1h
2036  1.6062383e+03 1.01e-07 3.94e-02 7.50e-05  -3.8    2.4  1.00e+00  8  1h
2037  1.6062264e+03 8.83e-07 3.94e-02 7.50e-05  -3.8    1.9  1.00e+00 10  1h
2038  1.6062258e+03 1.24e-08 3.93e-02 7.50e-05  -3.8    3.2  1.00e+00  5  1h
2039  1.6062242e+03 1.81e-08 3.92e-02 7.50e-05  -3.8    2.8  1.00e+00  8  1h
iter    objective    inf_pr   inf_du inf_compl lg(mu) lg(rg) alpha_pr ir ls
2040  1.6062191e+03 1.58e-07 3.92e-02 7.50e-05  -3.8    2.3  1.00e+00  9  1h
2041  1.6062172e+03 2.25e-08 3.92e-02 7.50e-05  -3.8    2.7  1.00e+00 10  1h
2042  1.6062165e+03 1.19e-08 3.92e-02 7.50e-05  -3.8    3.1  1.00e+00  4  1h
2043  1.6062144e+03 2.88e-08 3.92e-02 7.50e-05  -3.8    2.7  1.00e+00  8  1h
2044  1.6062081e+03 2.57e-07 3.92e-02 7.50e-05  -3.8    2.2  1.00e+00 10  1h
2045  1.6061892e+03 2.30e-06 3.93e-02 7.50e-05  -3.8    1.7  1.00e+00 10  1h
2046  1.6061883e+03 1.27e-08 3.92e-02 7.50e-05  -3.8    3.0  1.00e+00  5  1h
2047  1.6061879e+03 1.26e-08 3.92e-02 7.50e-05  -3.8    3.5  1.00e+00  3  1h
2048  1.6061869e+03 1.24e-08 3.92e-02 7.50e-05  -3.8    3.0  1.00e+00  4  1h
2049  1.6061839e+03 5.95e-08 3.92e-02 7.50e-05  -3.8    2.5  1.00e+00  7  1h
iter    objective    inf_pr   inf_du inf_compl lg(mu) lg(rg) alpha_pr ir ls
2050  1.6061828e+03 1.18e-08 3.92e-02 7.50e-05  -3.8    2.9  1.00e+00  9  1h
2051  1.6061794e+03 7.51e-08 3.92e-02 7.50e-05  -3.8    2.5  1.00e+00  5  1h
2052  1.6061782e+03 1.10e-08 3.92e-02 7.50e-05  -3.8    2.9  1.00e+00 10  1h
2053  1.6061777e+03 1.08e-08 3.92e-02 7.50e-05  -3.8    3.3  1.00e+00  4  1h
2054  1.6061763e+03 1.38e-08 3.92e-02 7.50e-05  -3.8    2.8  1.00e+00  9  1h
2055  1.6061757e+03 1.01e-08 3.92e-02 7.50e-05  -3.8    3.3  1.00e+00  4  1h
2056  1.6061741e+03 1.77e-08 3.92e-02 7.50e-05  -3.8    2.8  1.00e+00  9  1h
2057  1.6061735e+03 9.32e-09 3.92e-02 7.50e-05  -3.8    3.2  1.00e+00  4  1h
2058  1.6061717e+03 2.26e-08 3.92e-02 7.50e-05  -3.8    2.7  1.00e+00 10  1h
2059  1.6061710e+03 8.43e-09 3.92e-02 7.50e-05  -3.8    3.2  1.00e+00  3  1h
iter    objective    inf_pr   inf_du inf_compl lg(mu) lg(rg) alpha_pr ir ls
2060  1.6061708e+03 8.27e-09 3.92e-02 7.50e-05  -3.8    3.6  1.00e+00  4  1h
2061  1.6061700e+03 7.90e-09 3.92e-02 7.50e-05  -3.8    3.1  1.00e+00  7  1h
2062  1.6061678e+03 3.66e-08 3.93e-02 7.50e-05  -3.8    2.6  1.00e+00  8  1h
2063  1.6061669e+03 6.77e-09 3.93e-02 7.50e-05  -3.8    3.1  1.00e+00  5  1h
2064  1.6061643e+03 4.61e-08 3.93e-02 7.50e-05  -3.8    2.6  1.00e+00  7  1h
2065  1.6061634e+03 6.52e-09 3.93e-02 7.50e-05  -3.8    3.0  1.00e+00  8  1h
2066  1.6061605e+03 5.80e-08 3.92e-02 7.50e-05  -3.8    2.5  1.00e+00 10  1h
2067  1.6061594e+03 8.21e-09 3.92e-02 7.50e-05  -3.8    3.0  1.00e+00  4  1h
2068  1.6061590e+03 4.73e-09 3.92e-02 7.50e-05  -3.8    3.4  1.00e+00  3  1h
2069  1.6061578e+03 1.04e-08 3.92e-02 7.50e-05  -3.8    2.9  1.00e+00  6  1h
iter    objective    inf_pr   inf_du inf_compl lg(mu) lg(rg) alpha_pr ir ls
2070  1.6061573e+03 4.34e-09 3.92e-02 7.50e-05  -3.8    3.3  1.00e+00  5  1h
2071  1.6061560e+03 1.30e-08 3.92e-02 7.50e-05  -3.8    2.9  1.00e+00 10  1h
2072  1.6061554e+03 3.90e-09 3.92e-02 7.50e-05  -3.8    3.3  1.00e+00  5  1h
2073  1.6061539e+03 1.63e-08 3.92e-02 7.50e-05  -3.8    2.8  1.00e+00 10  1h
2074  1.6061533e+03 3.44e-09 3.92e-02 7.50e-05  -3.8    3.2  1.00e+00  5  1h
2075  1.6061516e+03 2.05e-08 3.92e-02 7.50e-05  -3.8    2.8  1.00e+00  6  1h
2076  1.6061464e+03 1.82e-07 3.92e-02 7.50e-05  -3.8    2.3  1.00e+00 10  1h
2077  1.6061445e+03 2.58e-08 3.92e-02 7.50e-05  -3.8    2.7  1.00e+00  4  1h
2078  1.6061437e+03 4.32e-09 3.92e-02 7.50e-05  -3.8    3.1  1.00e+00  4  1h
2079  1.6061415e+03 3.22e-08 3.92e-02 7.50e-05  -3.8    2.7  1.00e+00  9  1h
iter    objective    inf_pr   inf_du inf_compl lg(mu) lg(rg) alpha_pr ir ls
2080  1.6061407e+03 4.56e-09 3.92e-02 7.50e-05  -3.8    3.1  1.00e+00  6  1h
2081  1.6061404e+03 3.17e-09 3.92e-02 7.50e-05  -3.8    3.5  1.00e+00  4  1h
2082  1.6061395e+03 5.73e-09 3.92e-02 7.50e-05  -3.8    3.0  1.00e+00  4  1h
2083  1.6061367e+03 5.02e-08 3.92e-02 7.50e-05  -3.8    2.5  1.00e+00  5  1h
2084  1.6061357e+03 7.11e-09 3.92e-02 7.50e-05  -3.8    3.0  1.00e+00  8  1h
2085  1.6061326e+03 6.32e-08 3.92e-02 7.50e-05  -3.8    2.5  1.00e+00  8  1h
2086  1.6061233e+03 5.67e-07 3.92e-02 7.50e-05  -3.8    2.0  1.00e+00  9  1h
2087  1.6061229e+03 5.08e-09 3.92e-02 7.50e-05  -3.8    3.3  1.00e+00  5  1h
2088  1.6061216e+03 1.16e-08 3.91e-02 7.50e-05  -3.8    2.9  1.00e+00  4  1h
2089  1.6061211e+03 3.72e-09 3.91e-02 7.50e-05  -3.8    3.3  1.00e+00  6  1h
iter    objective    inf_pr   inf_du inf_compl lg(mu) lg(rg) alpha_pr ir ls
2090  1.6061196e+03 1.43e-08 3.91e-02 7.50e-05  -3.8    2.8  1.00e+00 10  1h
2091  1.6061191e+03 3.43e-09 3.91e-02 7.50e-05  -3.8    3.2  1.00e+00  5  1h
2092  1.6061174e+03 1.77e-08 3.91e-02 7.50e-05  -3.8    2.8  1.00e+00  7  1h
2093  1.6061168e+03 3.33e-09 3.91e-02 7.50e-05  -3.8    3.2  1.00e+00  4  1h
2094  1.6061149e+03 2.22e-08 3.91e-02 7.50e-05  -3.8    2.7  1.00e+00 10  1h
2095  1.6061142e+03 3.23e-09 3.91e-02 7.50e-05  -3.8    3.1  1.00e+00  4  1h
2096  1.6061140e+03 3.19e-09 3.91e-02 7.50e-05  -3.8    3.6  1.00e+00  4  1h
2097  1.6061132e+03 4.02e-09 3.91e-02 7.50e-05  -3.8    3.1  1.00e+00  6  1h
2098  1.6061108e+03 3.55e-08 3.91e-02 7.50e-05  -3.8    2.6  1.00e+00  8  1h
2099  1.6061100e+03 5.04e-09 3.91e-02 7.50e-05  -3.8    3.0  1.00e+00  5  1h
iter    objective    inf_pr   inf_du inf_compl lg(mu) lg(rg) alpha_pr ir ls
2100  1.6061073e+03 4.50e-08 3.91e-02 7.50e-05  -3.8    2.6  1.00e+00 10  1h
2101  1.6061063e+03 6.41e-09 3.91e-02 7.50e-05  -3.8    3.0  1.00e+00  7  1h
2102  1.6061060e+03 2.84e-09 3.91e-02 7.50e-05  -3.8    3.4  1.00e+00  5  1h
2103  1.6061049e+03 8.15e-09 3.91e-02 7.50e-05  -3.8    2.9  1.00e+00  8  1h
2104  1.6061045e+03 2.77e-09 3.91e-02 7.50e-05  -3.8    3.4  1.00e+00  6  1h
2105  1.6061032e+03 1.02e-08 3.91e-02 7.50e-05  -3.8    2.9  1.00e+00  9  1h
2106  1.6060995e+03 9.11e-08 3.91e-02 7.50e-05  -3.8    2.4  1.00e+00 10  1h
2107  1.6060981e+03 1.30e-08 3.91e-02 7.50e-05  -3.8    2.8  1.00e+00  7  1h
2108  1.6060975e+03 2.76e-09 3.91e-02 7.50e-05  -3.8    3.3  1.00e+00  7  1h
2109  1.6060960e+03 1.65e-08 3.91e-02 7.50e-05  -3.8    2.8  1.00e+00 10  1h
iter    objective    inf_pr   inf_du inf_compl lg(mu) lg(rg) alpha_pr ir ls
2110  1.6060954e+03 2.65e-09 3.91e-02 7.50e-05  -3.8    3.2  1.00e+00  3  1h
2111  1.6060951e+03 2.63e-09 3.91e-02 7.50e-05  -3.8    3.6  1.00e+00  3  1h
2112  1.6060945e+03 2.98e-09 3.91e-02 7.50e-05  -3.8    3.2  1.00e+00  6  1h
2113  1.6060925e+03 2.62e-08 3.91e-02 7.50e-05  -3.8    2.7  1.00e+00 10  1h
2114  1.6060917e+03 3.71e-09 3.91e-02 7.50e-05  -3.8    3.1  1.00e+00  4  1h
2115  1.6060895e+03 3.31e-08 3.91e-02 7.50e-05  -3.8    2.6  1.00e+00 10  1h
2116  1.6060887e+03 4.71e-09 3.91e-02 7.50e-05  -3.8    3.1  1.00e+00  5  1h
2117  1.6060883e+03 2.47e-09 3.91e-02 7.50e-05  -3.8    3.5  1.00e+00  3  1h
2118  1.6060874e+03 6.00e-09 3.91e-02 7.50e-05  -3.8    3.0  1.00e+00  5  1h
2119  1.6060846e+03 5.31e-08 3.91e-02 7.50e-05  -3.8    2.5  1.00e+00  7  1h
iter    objective    inf_pr   inf_du inf_compl lg(mu) lg(rg) alpha_pr ir ls
2120  1.6060835e+03 7.54e-09 3.91e-02 7.50e-05  -3.8    3.0  1.00e+00 10  1h
2121  1.6060803e+03 6.73e-08 3.91e-02 7.50e-05  -3.8    2.5  1.00e+00 10  1h
2122  1.6060791e+03 9.58e-09 3.91e-02 7.50e-05  -3.8    2.9  1.00e+00  5  1h
2123  1.6060756e+03 8.52e-08 3.91e-02 7.50e-05  -3.8    2.4  1.00e+00 10  1h
2124  1.6060742e+03 1.21e-08 3.91e-02 7.50e-05  -3.8    2.9  1.00e+00  5  1h
2125  1.6060737e+03 2.71e-09 3.91e-02 7.50e-05  -3.8    3.3  1.00e+00  5  1h
2126  1.6060722e+03 1.53e-08 3.91e-02 7.50e-05  -3.8    2.8  1.00e+00  6  1h
2127  1.6060716e+03 2.56e-09 3.91e-02 7.50e-05  -3.8    3.2  1.00e+00  6  1h
2128  1.6060700e+03 1.92e-08 3.91e-02 7.50e-05  -3.8    2.8  1.00e+00  8  1h
2129  1.6060649e+03 1.72e-07 3.91e-02 7.50e-05  -3.8    2.3  1.00e+00 10  1h
iter    objective    inf_pr   inf_du inf_compl lg(mu) lg(rg) alpha_pr ir ls
2130  1.6060630e+03 2.44e-08 3.91e-02 7.50e-05  -3.8    2.7  1.00e+00  5  1h
2131  1.6060623e+03 3.50e-09 3.91e-02 7.50e-05  -3.8    3.1  1.00e+00  7  1h
2132  1.6060601e+03 3.09e-08 3.91e-02 7.50e-05  -3.8    2.6  1.00e+00 10  1h
2133  1.6060593e+03 4.39e-09 3.91e-02 7.50e-05  -3.8    3.1  1.00e+00 10  1h
2134  1.6060569e+03 3.89e-08 3.91e-02 7.50e-05  -3.8    2.6  1.00e+00 10  1h
2135  1.6060560e+03 5.53e-09 3.91e-02 7.50e-05  -3.8    3.0  1.00e+00 10  1h
2136  1.6060533e+03 4.92e-08 3.91e-02 7.50e-05  -3.8    2.5  1.00e+00  8  1h
2137  1.6060523e+03 6.99e-09 3.91e-02 7.50e-05  -3.8    3.0  1.00e+00 10  1h
2138  1.6060493e+03 6.22e-08 3.91e-02 7.50e-05  -3.8    2.5  1.00e+00 10  1h
2139  1.6060481e+03 8.86e-09 3.91e-02 7.50e-05  -3.8    2.9  1.00e+00 10  1h
iter    objective    inf_pr   inf_du inf_compl lg(mu) lg(rg) alpha_pr ir ls
2140  1.6060477e+03 2.89e-09 3.91e-02 7.50e-05  -3.8    3.3  1.00e+00  6  1h
2141  1.6060464e+03 1.12e-08 3.91e-02 7.50e-05  -3.8    2.9  1.00e+00 10  1h
2142  1.6060426e+03 9.96e-08 3.91e-02 7.50e-05  -3.8    2.4  1.00e+00 10  1h
2143  1.6060311e+03 8.93e-07 3.91e-02 7.50e-05  -3.8    1.9  1.00e+00  8  1h
2144  1.6060306e+03 5.02e-09 3.91e-02 7.50e-05  -3.8    3.2  1.00e+00  5  1h
2145  1.6060290e+03 1.83e-08 3.90e-02 7.50e-05  -3.8    2.8  1.00e+00  8  1h
2146  1.6060284e+03 4.31e-09 3.90e-02 7.50e-05  -3.8    3.2  1.00e+00  5  1h
2147  1.6060281e+03 4.06e-09 3.90e-02 7.50e-05  -3.8    3.6  1.00e+00  3  1h
2148  1.6060275e+03 3.93e-09 3.90e-02 7.50e-05  -3.8    3.1  1.00e+00  3  1h
2149  1.6060254e+03 2.85e-08 3.90e-02 7.50e-05  -3.8    2.7  1.00e+00 10  1h
iter    objective    inf_pr   inf_du inf_compl lg(mu) lg(rg) alpha_pr ir ls
2150  1.6060247e+03 4.02e-09 3.90e-02 7.50e-05  -3.8    3.1  1.00e+00  6  1h
2151  1.6060244e+03 3.62e-09 3.90e-02 7.50e-05  -3.8    3.5  1.00e+00  4  1h
2152  1.6060235e+03 5.13e-09 3.90e-02 7.50e-05  -3.8    3.0  1.00e+00  6  1h
2153  1.6060232e+03 3.42e-09 3.90e-02 7.50e-05  -3.8    3.5  1.00e+00  4  1h
2154  1.6060222e+03 6.52e-09 3.90e-02 7.50e-05  -3.8    3.0  1.00e+00  5  1h
2155  1.6060218e+03 3.18e-09 3.90e-02 7.50e-05  -3.8    3.4  1.00e+00  3  1h
2156  1.6060208e+03 8.29e-09 3.90e-02 7.50e-05  -3.8    2.9  1.00e+00  7  1h
2157  1.6060203e+03 2.93e-09 3.90e-02 7.50e-05  -3.8    3.4  1.00e+00  4  1h
2158  1.6060202e+03 2.88e-09 3.90e-02 7.50e-05  -3.8    3.8  1.00e+00  4  1h
2159  1.6060197e+03 2.77e-09 3.90e-02 7.50e-05  -3.8    3.3  1.00e+00  4  1h
iter    objective    inf_pr   inf_du inf_compl lg(mu) lg(rg) alpha_pr ir ls
2160  1.6060184e+03 1.34e-08 3.90e-02 7.50e-05  -3.8    2.8  1.00e+00  6  1h
2161  1.6060142e+03 1.19e-07 3.91e-02 7.50e-05  -3.8    2.4  1.00e+00  9  1h
2162  1.6060127e+03 1.69e-08 3.90e-02 7.50e-05  -3.8    2.8  1.00e+00  7  1h
2163  1.6060080e+03 1.51e-07 3.91e-02 7.50e-05  -3.8    2.3  1.00e+00 10  1h
2164  1.6060063e+03 2.14e-08 3.90e-02 7.50e-05  -3.8    2.7  1.00e+00  8  1h
2165  1.6060056e+03 3.06e-09 3.90e-02 7.50e-05  -3.8    3.2  1.00e+00  5  1h
2166  1.6060037e+03 2.70e-08 3.90e-02 7.50e-05  -3.8    2.7  1.00e+00 10  1h
2167  1.6060030e+03 3.82e-09 3.90e-02 7.50e-05  -3.8    3.1  1.00e+00  5  1h
2168  1.6060027e+03 2.49e-09 3.90e-02 7.50e-05  -3.8    3.5  1.00e+00  3  1h
2169  1.6060018e+03 4.85e-09 3.90e-02 7.50e-05  -3.8    3.1  1.00e+00  7  1h
iter    objective    inf_pr   inf_du inf_compl lg(mu) lg(rg) alpha_pr ir ls
2170  1.6060015e+03 2.14e-09 3.90e-02 7.50e-05  -3.8    3.5  1.00e+00  4  1h
2171  1.6060006e+03 6.07e-09 3.90e-02 7.50e-05  -3.8    3.0  1.00e+00  8  1h
2172  1.6059978e+03 5.40e-08 3.90e-02 7.50e-05  -3.8    2.5  1.00e+00  7  1h
2173  1.6059968e+03 7.64e-09 3.90e-02 7.50e-05  -3.8    3.0  1.00e+00 10  1h
2174  1.6059964e+03 2.20e-09 3.90e-02 7.50e-05  -3.8    3.4  1.00e+00  4  1h
2175  1.6059952e+03 9.70e-09 3.90e-02 7.50e-05  -3.8    2.9  1.00e+00 10  1h
2176  1.6059948e+03 2.06e-09 3.90e-02 7.50e-05  -3.8    3.3  1.00e+00  5  1h
2177  1.6059935e+03 1.22e-08 3.90e-02 7.50e-05  -3.8    2.9  1.00e+00  6  1h
2178  1.6059895e+03 1.09e-07 3.90e-02 7.50e-05  -3.8    2.4  1.00e+00  6  1h
2179  1.6059777e+03 9.77e-07 3.91e-02 7.50e-05  -3.8    1.9  1.00e+00 10  1h
iter    objective    inf_pr   inf_du inf_compl lg(mu) lg(rg) alpha_pr ir ls
2180  1.6059733e+03 1.39e-07 3.91e-02 7.50e-05  -3.8    2.3  1.00e+00 10  1h
2181  1.6059601e+03 1.23e-06 3.91e-02 7.50e-05  -3.8    1.8  1.00e+00 10  1h
2182  1.6059595e+03 6.70e-09 3.90e-02 7.50e-05  -3.8    3.2  1.00e+00  5  1h
2183  1.6059576e+03 2.52e-08 3.89e-02 7.50e-05  -3.8    2.7  1.00e+00 10  1h
2184  1.6059569e+03 5.67e-09 3.89e-02 7.50e-05  -3.8    3.1  1.00e+00  9  1h
2185  1.6059566e+03 5.05e-09 3.88e-02 7.50e-05  -3.8    3.6  1.00e+00  4  1h
2186  1.6059558e+03 4.59e-09 3.88e-02 7.50e-05  -3.8    3.1  1.00e+00 10  1h
2187  1.6059556e+03 4.12e-09 3.88e-02 7.50e-05  -3.8    3.5  1.00e+00  3  1h
2188  1.6059547e+03 5.59e-09 3.88e-02 7.50e-05  -3.8    3.0  1.00e+00  4  1h
2189  1.6059520e+03 4.89e-08 3.88e-02 7.50e-05  -3.8    2.5  1.00e+00 10  1h
iter    objective    inf_pr   inf_du inf_compl lg(mu) lg(rg) alpha_pr ir ls
2190  1.6059510e+03 6.89e-09 3.88e-02 7.50e-05  -3.8    3.0  1.00e+00  5  1h
2191  1.6059506e+03 3.29e-09 3.88e-02 7.50e-05  -3.8    3.4  1.00e+00  4  1h
2192  1.6059495e+03 8.83e-09 3.88e-02 7.50e-05  -3.8    2.9  1.00e+00  4  1h
2193  1.6059462e+03 7.93e-08 3.89e-02 7.50e-05  -3.8    2.4  1.00e+00 10  1h
2194  1.6059449e+03 1.13e-08 3.89e-02 7.50e-05  -3.8    2.9  1.00e+00  7  1h
2195  1.6059445e+03 3.06e-09 3.89e-02 7.50e-05  -3.8    3.3  1.00e+00  7  1h
2196  1.6059430e+03 1.44e-08 3.89e-02 7.50e-05  -3.8    2.8  1.00e+00  5  1h
2197  1.6059425e+03 2.75e-09 3.89e-02 7.50e-05  -3.8    3.2  1.00e+00  5  1h
2198  1.6059409e+03 1.83e-08 3.89e-02 7.50e-05  -3.8    2.8  1.00e+00  4  1h
2199  1.6059403e+03 2.59e-09 3.89e-02 7.50e-05  -3.8    3.2  1.00e+00  5  1h
iter    objective    inf_pr   inf_du inf_compl lg(mu) lg(rg) alpha_pr ir ls
2200  1.6059385e+03 2.32e-08 3.89e-02 7.50e-05  -3.8    2.7  1.00e+00 10  1h
2201  1.6059332e+03 2.07e-07 3.90e-02 7.50e-05  -3.8    2.2  1.00e+00 10  1h
2202  1.6059312e+03 2.93e-08 3.89e-02 7.50e-05  -3.8    2.7  1.00e+00 10  1h
2203  1.6059305e+03 4.18e-09 3.89e-02 7.50e-05  -3.8    3.1  1.00e+00  8  1h
2204  1.6059302e+03 2.82e-09 3.89e-02 7.50e-05  -3.8    3.5  1.00e+00  5  1h
2205  1.6059293e+03 5.33e-09 3.89e-02 7.50e-05  -3.8    3.0  1.00e+00  5  1h
2206  1.6059268e+03 4.69e-08 3.89e-02 7.50e-05  -3.8    2.6  1.00e+00  7  1h
2207  1.6059192e+03 4.18e-07 3.89e-02 7.50e-05  -3.8    2.1  1.00e+00 10  1h
2208  1.6059189e+03 3.59e-09 3.89e-02 7.50e-05  -3.8    3.4  1.00e+00  5  1h
2209  1.6059178e+03 8.51e-09 3.89e-02 7.50e-05  -3.8    2.9  1.00e+00  6  1h
iter    objective    inf_pr   inf_du inf_compl lg(mu) lg(rg) alpha_pr ir ls
2210  1.6059146e+03 7.46e-08 3.89e-02 7.50e-05  -3.8    2.5  1.00e+00  6  1h
2211  1.6059134e+03 1.06e-08 3.89e-02 7.50e-05  -3.8    2.9  1.00e+00  8  1h
2212  1.6059129e+03 3.02e-09 3.89e-02 7.50e-05  -3.8    3.3  1.00e+00  5  1h
2213  1.6059116e+03 1.34e-08 3.89e-02 7.50e-05  -3.8    2.8  1.00e+00 10  1h
2214  1.6059111e+03 2.65e-09 3.89e-02 7.50e-05  -3.8    3.3  1.00e+00  6  1h
2215  1.6059096e+03 1.68e-08 3.89e-02 7.50e-05  -3.8    2.8  1.00e+00  9  1h
2216  1.6059090e+03 2.42e-09 3.89e-02 7.50e-05  -3.8    3.2  1.00e+00  5  1h
2217  1.6059073e+03 2.12e-08 3.89e-02 7.50e-05  -3.8    2.7  1.00e+00  9  1h
2218  1.6059067e+03 3.01e-09 3.89e-02 7.50e-05  -3.8    3.2  1.00e+00  5  1h
2219  1.6059047e+03 2.69e-08 3.89e-02 7.50e-05  -3.8    2.7  1.00e+00 10  1h
iter    objective    inf_pr   inf_du inf_compl lg(mu) lg(rg) alpha_pr ir ls
2220  1.6059040e+03 3.81e-09 3.89e-02 7.50e-05  -3.8    3.1  1.00e+00  4  1h
2221  1.6059037e+03 2.14e-09 3.89e-02 7.50e-05  -3.8    3.5  1.00e+00  4  1h
2222  1.6059029e+03 4.86e-09 3.89e-02 7.50e-05  -3.8    3.1  1.00e+00  5  1h
2223  1.6059005e+03 4.31e-08 3.89e-02 7.50e-05  -3.8    2.6  1.00e+00 10  1h
2224  1.6058996e+03 6.10e-09 3.89e-02 7.50e-05  -3.8    3.0  1.00e+00  7  1h
2225  1.6058993e+03 2.01e-09 3.89e-02 7.50e-05  -3.8    3.4  1.00e+00  4  1h
2226  1.6058982e+03 7.75e-09 3.89e-02 7.50e-05  -3.8    3.0  1.00e+00  7  1h
2227  1.6058952e+03 6.89e-08 3.89e-02 7.50e-05  -3.8    2.5  1.00e+00  5  1h
2228  1.6058940e+03 9.76e-09 3.89e-02 7.50e-05  -3.8    2.9  1.00e+00  8  1h
2229  1.6058936e+03 2.04e-09 3.89e-02 7.50e-05  -3.8    3.3  1.00e+00  5  1h
iter    objective    inf_pr   inf_du inf_compl lg(mu) lg(rg) alpha_pr ir ls
2230  1.6058934e+03 1.89e-09 3.89e-02 7.50e-05  -3.8    3.8  1.00e+00  3  1h
2231  1.6058929e+03 1.78e-09 3.89e-02 7.50e-05  -3.8    3.3  1.00e+00  4  1h
2232  1.6058915e+03 1.56e-08 3.89e-02 7.50e-05  -3.8    2.8  1.00e+00  5  1h
2233  1.6058909e+03 2.21e-09 3.89e-02 7.50e-05  -3.8    3.2  1.00e+00  7  1h
2234  1.6058893e+03 1.97e-08 3.89e-02 7.50e-05  -3.8    2.7  1.00e+00 10  1h
2235  1.6058887e+03 2.79e-09 3.89e-02 7.50e-05  -3.8    3.2  1.00e+00  9  1h
2236  1.6058868e+03 2.49e-08 3.89e-02 7.50e-05  -3.8    2.7  1.00e+00  9  1h
2237  1.6058862e+03 3.53e-09 3.89e-02 7.50e-05  -3.8    3.1  1.00e+00  6  1h
2238  1.6058859e+03 1.68e-09 3.89e-02 7.50e-05  -3.8    3.6  1.00e+00  4  1h
2239  1.6058851e+03 4.48e-09 3.89e-02 7.50e-05  -3.8    3.1  1.00e+00  5  1h
iter    objective    inf_pr   inf_du inf_compl lg(mu) lg(rg) alpha_pr ir ls
2240  1.6058828e+03 3.97e-08 3.89e-02 7.50e-05  -3.8    2.6  1.00e+00 10  1h
2241  1.6058819e+03 5.63e-09 3.89e-02 7.50e-05  -3.8    3.0  1.00e+00  7  1h
2242  1.6058816e+03 1.67e-09 3.89e-02 7.50e-05  -3.8    3.4  1.00e+00  3  1h
2243  1.6058806e+03 7.14e-09 3.89e-02 7.50e-05  -3.8    3.0  1.00e+00  6  1h
2244  1.6058802e+03 1.59e-09 3.89e-02 7.50e-05  -3.8    3.4  1.00e+00  5  1h
2245  1.6058791e+03 8.99e-09 3.89e-02 7.50e-05  -3.8    2.9  1.00e+00 10  1h
2246  1.6058787e+03 1.55e-09 3.89e-02 7.50e-05  -3.8    3.3  1.00e+00  6  1h
2247  1.6058786e+03 1.52e-09 3.89e-02 7.50e-05  -3.8    3.8  1.00e+00  3  1h
2248  1.6058781e+03 1.62e-09 3.89e-02 7.50e-05  -3.8    3.3  1.00e+00  7  1h
2249  1.6058767e+03 1.43e-08 3.89e-02 7.50e-05  -3.8    2.8  1.00e+00  5  1h
iter    objective    inf_pr   inf_du inf_compl lg(mu) lg(rg) alpha_pr ir ls
2250  1.6058725e+03 1.28e-07 3.89e-02 7.50e-05  -3.8    2.3  1.00e+00 10  1h
2251  1.6058709e+03 1.81e-08 3.89e-02 7.50e-05  -3.8    2.8  1.00e+00 10  1h
2252  1.6058704e+03 2.59e-09 3.89e-02 7.50e-05  -3.8    3.2  1.00e+00  5  1h
2253  1.6058686e+03 2.29e-08 3.89e-02 7.50e-05  -3.8    2.7  1.00e+00  9  1h
2254  1.6058679e+03 3.25e-09 3.89e-02 7.50e-05  -3.8    3.1  1.00e+00  6  1h
2255  1.6058677e+03 1.64e-09 3.89e-02 7.50e-05  -3.8    3.6  1.00e+00  4  1h
2256  1.6058669e+03 4.12e-09 3.89e-02 7.50e-05  -3.8    3.1  1.00e+00  5  1h
2257  1.6058647e+03 3.64e-08 3.89e-02 7.50e-05  -3.8    2.6  1.00e+00 10  1h
2258  1.6058639e+03 5.15e-09 3.89e-02 7.50e-05  -3.8    3.0  1.00e+00  9  1h
2259  1.6058636e+03 1.60e-09 3.89e-02 7.50e-05  -3.8    3.5  1.00e+00  3  1h
iter    objective    inf_pr   inf_du inf_compl lg(mu) lg(rg) alpha_pr ir ls
2260  1.6058626e+03 6.53e-09 3.89e-02 7.50e-05  -3.8    3.0  1.00e+00  8  1h
2261  1.6058598e+03 5.80e-08 3.89e-02 7.50e-05  -3.8    2.5  1.00e+00 10  1h
2262  1.6058587e+03 8.23e-09 3.89e-02 7.50e-05  -3.8    2.9  1.00e+00 10  1h
2263  1.6058583e+03 1.69e-09 3.89e-02 7.50e-05  -3.8    3.4  1.00e+00  5  1h
2264  1.6058572e+03 1.04e-08 3.89e-02 7.50e-05  -3.8    2.9  1.00e+00  9  1h
2265  1.6058567e+03 1.58e-09 3.89e-02 7.50e-05  -3.8    3.3  1.00e+00  7  1h
2266  1.6058554e+03 1.31e-08 3.89e-02 7.50e-05  -3.8    2.8  1.00e+00 10  1h
2267  1.6058549e+03 1.86e-09 3.89e-02 7.50e-05  -3.8    3.3  1.00e+00  7  1h
2268  1.6058534e+03 1.66e-08 3.89e-02 7.50e-05  -3.8    2.8  1.00e+00  5  1h
2269  1.6058528e+03 2.35e-09 3.89e-02 7.50e-05  -3.8    3.2  1.00e+00  6  1h
iter    objective    inf_pr   inf_du inf_compl lg(mu) lg(rg) alpha_pr ir ls
2270  1.6058526e+03 1.47e-09 3.88e-02 7.50e-05  -3.8    3.6  1.00e+00  4  1h
2271  1.6058520e+03 2.99e-09 3.88e-02 7.50e-05  -3.8    3.2  1.00e+00  8  1h
2272  1.6058501e+03 2.65e-08 3.89e-02 7.50e-05  -3.8    2.7  1.00e+00 10  1h
2273  1.6058493e+03 3.75e-09 3.89e-02 7.50e-05  -3.8    3.1  1.00e+00  6  1h
2274  1.6058491e+03 1.44e-09 3.88e-02 7.50e-05  -3.8    3.5  1.00e+00  4  1h
2275  1.6058483e+03 4.77e-09 3.88e-02 7.50e-05  -3.8    3.1  1.00e+00  7  1h
2276  1.6058459e+03 4.25e-08 3.89e-02 7.50e-05  -3.8    2.6  1.00e+00 10  1h
2277  1.6058387e+03 3.81e-07 3.89e-02 7.50e-05  -3.8    2.1  1.00e+00  6  1h
2278  1.6058383e+03 2.56e-09 3.89e-02 7.50e-05  -3.8    3.4  1.00e+00  4  1h
2279  1.6058373e+03 7.77e-09 3.89e-02 7.50e-05  -3.8    3.0  1.00e+00  7  1h
iter    objective    inf_pr   inf_du inf_compl lg(mu) lg(rg) alpha_pr ir ls
2280  1.6058370e+03 2.17e-09 3.88e-02 7.50e-05  -3.8    3.4  1.00e+00  5  1h
2281  1.6058358e+03 9.72e-09 3.88e-02 7.50e-05  -3.8    2.9  1.00e+00 10  1h
2282  1.6058354e+03 1.91e-09 3.88e-02 7.50e-05  -3.8    3.3  1.00e+00  4  1h
2283  1.6058341e+03 1.22e-08 3.88e-02 7.50e-05  -3.8    2.9  1.00e+00  8  1h
2284  1.6058303e+03 1.08e-07 3.89e-02 7.50e-05  -3.8    2.4  1.00e+00 10  1h
2285  1.6058288e+03 1.54e-08 3.89e-02 7.50e-05  -3.8    2.8  1.00e+00  4  1h
2286  1.6058283e+03 2.20e-09 3.88e-02 7.50e-05  -3.8    3.2  1.00e+00  5  1h
2287  1.6058267e+03 1.95e-08 3.88e-02 7.50e-05  -3.8    2.7  1.00e+00 10  1h
2288  1.6058261e+03 2.77e-09 3.88e-02 7.50e-05  -3.8    3.2  1.00e+00  8  1h
2289  1.6058258e+03 1.81e-09 3.88e-02 7.50e-05  -3.8    3.6  1.00e+00  5  1h
iter    objective    inf_pr   inf_du inf_compl lg(mu) lg(rg) alpha_pr ir ls
2290  1.6058252e+03 3.52e-09 3.88e-02 7.50e-05  -3.8    3.1  1.00e+00  7  1h
2291  1.6058249e+03 1.63e-09 3.88e-02 7.50e-05  -3.8    3.5  1.00e+00  4  1h
2292  1.6058241e+03 4.43e-09 3.88e-02 7.50e-05  -3.8    3.1  1.00e+00  9  1h
2293  1.6058218e+03 3.94e-08 3.88e-02 7.50e-05  -3.8    2.6  1.00e+00  8  1h
2294  1.6058210e+03 5.57e-09 3.88e-02 7.50e-05  -3.8    3.0  1.00e+00 10  1h
2295  1.6058184e+03 4.99e-08 3.89e-02 7.50e-05  -3.8    2.5  1.00e+00 10  1h
2296  1.6058174e+03 7.08e-09 3.88e-02 7.50e-05  -3.8    3.0  1.00e+00  9  1h
2297  1.6058145e+03 6.33e-08 3.89e-02 7.50e-05  -3.8    2.5  1.00e+00  5  1h
2298  1.6058134e+03 8.98e-09 3.89e-02 7.50e-05  -3.8    2.9  1.00e+00 10  1h
2299  1.6058130e+03 1.95e-09 3.88e-02 7.50e-05  -3.8    3.3  1.00e+00  5  1h
iter    objective    inf_pr   inf_du inf_compl lg(mu) lg(rg) alpha_pr ir ls
2300  1.6058118e+03 1.14e-08 3.88e-02 7.50e-05  -3.8    2.9  1.00e+00 10  1h
2301  1.6058081e+03 1.01e-07 3.89e-02 7.50e-05  -3.8    2.4  1.00e+00 10  1h
2302  1.6058068e+03 1.44e-08 3.89e-02 7.50e-05  -3.8    2.8  1.00e+00  5  1h
2303  1.6058062e+03 2.13e-09 3.88e-02 7.50e-05  -3.8    3.2  1.00e+00  4  1h
2304  1.6058047e+03 1.82e-08 3.88e-02 7.50e-05  -3.8    2.8  1.00e+00 10  1h
2305  1.6058041e+03 2.58e-09 3.88e-02 7.50e-05  -3.8    3.2  1.00e+00  6  1h
2306  1.6058024e+03 2.29e-08 3.89e-02 7.50e-05  -3.8    2.7  1.00e+00 10  1h
2307  1.6058017e+03 3.25e-09 3.89e-02 7.50e-05  -3.8    3.1  1.00e+00 10  1h
2308  1.6057998e+03 2.90e-08 3.89e-02 7.50e-05  -3.8    2.7  1.00e+00 10  1h
2309  1.6057990e+03 4.11e-09 3.89e-02 7.50e-05  -3.8    3.1  1.00e+00  9  1h
iter    objective    inf_pr   inf_du inf_compl lg(mu) lg(rg) alpha_pr ir ls
2310  1.6057968e+03 3.67e-08 3.89e-02 7.50e-05  -3.8    2.6  1.00e+00 10  1h
2311  1.6057960e+03 5.20e-09 3.89e-02 7.50e-05  -3.8    3.0  1.00e+00  7  1h
2312  1.6057957e+03 1.75e-09 3.89e-02 7.50e-05  -3.8    3.5  1.00e+00  4  1h
2313  1.6057948e+03 6.61e-09 3.89e-02 7.50e-05  -3.8    3.0  1.00e+00 10  1h
2314  1.6057944e+03 1.62e-09 3.89e-02 7.50e-05  -3.8    3.4  1.00e+00  3  1h
2315  1.6057943e+03 1.58e-09 3.89e-02 7.50e-05  -3.8    3.8  1.00e+00  3  1h
2316  1.6057939e+03 1.55e-09 3.89e-02 7.50e-05  -3.8    3.4  1.00e+00  4  1h
2317  1.6057927e+03 1.06e-08 3.89e-02 7.50e-05  -3.8    2.9  1.00e+00 10  1h
2318  1.6057923e+03 1.52e-09 3.89e-02 7.50e-05  -3.8    3.3  1.00e+00  5  1h
2319  1.6057910e+03 1.33e-08 3.89e-02 7.50e-05  -3.8    2.8  1.00e+00 10  1h
iter    objective    inf_pr   inf_du inf_compl lg(mu) lg(rg) alpha_pr ir ls
2320  1.6057905e+03 1.88e-09 3.89e-02 7.50e-05  -3.8    3.3  1.00e+00  7  1h
2321  1.6057890e+03 1.69e-08 3.89e-02 7.50e-05  -3.8    2.8  1.00e+00  7  1h
2322  1.6057884e+03 2.39e-09 3.89e-02 7.50e-05  -3.8    3.2  1.00e+00  5  1h
2323  1.6057868e+03 2.14e-08 3.89e-02 7.50e-05  -3.8    2.7  1.00e+00 10  1h
2324  1.6057861e+03 3.02e-09 3.89e-02 7.50e-05  -3.8    3.2  1.00e+00  4  1h
2325  1.6057859e+03 1.48e-09 3.89e-02 7.50e-05  -3.8    3.6  1.00e+00  5  1h
2326  1.6057852e+03 3.85e-09 3.89e-02 7.50e-05  -3.8    3.1  1.00e+00 10  1h
2327  1.6057831e+03 3.42e-08 3.89e-02 7.50e-05  -3.8    2.6  1.00e+00 10  1h
2328  1.6057823e+03 4.83e-09 3.89e-02 7.50e-05  -3.8    3.1  1.00e+00 10  1h
2329  1.6057820e+03 1.46e-09 3.89e-02 7.50e-05  -3.8    3.5  1.00e+00  4  1h
iter    objective    inf_pr   inf_du inf_compl lg(mu) lg(rg) alpha_pr ir ls
2330  1.6057811e+03 6.14e-09 3.89e-02 7.50e-05  -3.8    3.0  1.00e+00 10  1h
2331  1.6057808e+03 1.42e-09 3.89e-02 7.50e-05  -3.8    3.4  1.00e+00  5  1h
2332  1.6057798e+03 7.74e-09 3.89e-02 7.50e-05  -3.8    3.0  1.00e+00  9  1h
2333  1.6057794e+03 1.38e-09 3.89e-02 7.50e-05  -3.8    3.4  1.00e+00  7  1h
2334  1.6057783e+03 9.77e-09 3.89e-02 7.50e-05  -3.8    2.9  1.00e+00 10  1h
2335  1.6057749e+03 8.73e-08 3.89e-02 7.50e-05  -3.8    2.4  1.00e+00 10  1h
2336  1.6057736e+03 1.24e-08 3.89e-02 7.50e-05  -3.8    2.9  1.00e+00  8  1h
2337  1.6057732e+03 1.76e-09 3.89e-02 7.50e-05  -3.8    3.3  1.00e+00  6  1h
2338  1.6057717e+03 1.56e-08 3.89e-02 7.50e-05  -3.8    2.8  1.00e+00  6  1h
2339  1.6057712e+03 2.21e-09 3.89e-02 7.50e-05  -3.8    3.2  1.00e+00  5  1h
iter    objective    inf_pr   inf_du inf_compl lg(mu) lg(rg) alpha_pr ir ls
2340  1.6057696e+03 1.97e-08 3.89e-02 7.50e-05  -3.8    2.7  1.00e+00  7  1h
2341  1.6057690e+03 2.79e-09 3.89e-02 7.50e-05  -3.8    3.2  1.00e+00  9  1h
2342  1.6057688e+03 1.41e-09 3.89e-02 7.50e-05  -3.8    3.6  1.00e+00  4  1h
2343  1.6057681e+03 3.54e-09 3.89e-02 7.50e-05  -3.8    3.1  1.00e+00 10  1h
2344  1.6057678e+03 1.35e-09 3.89e-02 7.50e-05  -3.8    3.5  1.00e+00  6  1h
2345  1.6057671e+03 4.45e-09 3.89e-02 7.50e-05  -3.8    3.1  1.00e+00  9  1h
2346  1.6057668e+03 1.31e-09 3.89e-02 7.50e-05  -3.8    3.5  1.00e+00  4  1h
2347  1.6057659e+03 5.61e-09 3.89e-02 7.50e-05  -3.8    3.0  1.00e+00  6  1h
2348  1.6057634e+03 5.01e-08 3.89e-02 7.50e-05  -3.8    2.5  1.00e+00 10  1h
2349  1.6057624e+03 7.09e-09 3.89e-02 7.50e-05  -3.8    3.0  1.00e+00 10  1h
iter    objective    inf_pr   inf_du inf_compl lg(mu) lg(rg) alpha_pr ir ls
2350  1.6057621e+03 1.36e-09 3.89e-02 7.50e-05  -3.8    3.4  1.00e+00  7  1h
2351  1.6057610e+03 8.99e-09 3.89e-02 7.50e-05  -3.8    2.9  1.00e+00 10  1h
2352  1.6057606e+03 1.33e-09 3.89e-02 7.50e-05  -3.8    3.3  1.00e+00  5  1h
2353  1.6057594e+03 1.13e-08 3.89e-02 7.50e-05  -3.8    2.9  1.00e+00 10  1h
2354  1.6057589e+03 1.61e-09 3.89e-02 7.50e-05  -3.8    3.3  1.00e+00  6  1h
2355  1.6057587e+03 1.29e-09 3.89e-02 7.50e-05  -3.8    3.7  1.00e+00  4  1h
2356  1.6057582e+03 2.04e-09 3.89e-02 7.50e-05  -3.8    3.2  1.00e+00  7  1h
2357  1.6057567e+03 1.81e-08 3.89e-02 7.50e-05  -3.8    2.8  1.00e+00  5  1h
2358  1.6057561e+03 2.56e-09 3.89e-02 7.50e-05  -3.8    3.2  1.00e+00 10  1h
2359  1.6057544e+03 2.29e-08 3.89e-02 7.50e-05  -3.8    2.7  1.00e+00  6  1h
iter    objective    inf_pr   inf_du inf_compl lg(mu) lg(rg) alpha_pr ir ls
2360  1.6057492e+03 2.05e-07 3.89e-02 7.50e-05  -3.8    2.2  1.00e+00 10  1h
2361  1.6057473e+03 2.92e-08 3.89e-02 7.50e-05  -3.8    2.7  1.00e+00 10  1h
2362  1.6057466e+03 4.15e-09 3.89e-02 7.50e-05  -3.8    3.1  1.00e+00  6  1h
2363  1.6057444e+03 3.68e-08 3.89e-02 7.50e-05  -3.8    2.6  1.00e+00  8  1h
2364  1.6057436e+03 5.22e-09 3.90e-02 7.50e-05  -3.8    3.0  1.00e+00  6  1h
2365  1.6057411e+03 4.63e-08 3.90e-02 7.50e-05  -3.8    2.6  1.00e+00  7  1h
2366  1.6057402e+03 6.57e-09 3.90e-02 7.50e-05  -3.8    3.0  1.00e+00  7  1h
2367  1.6057399e+03 1.79e-09 3.90e-02 7.50e-05  -3.8    3.4  1.00e+00  4  1h
2368  1.6057388e+03 8.33e-09 3.90e-02 7.50e-05  -3.8    2.9  1.00e+00  9  1h
2369  1.6057357e+03 7.38e-08 3.90e-02 7.50e-05  -3.8    2.5  1.00e+00 10  1h
iter    objective    inf_pr   inf_du inf_compl lg(mu) lg(rg) alpha_pr ir ls
2370  1.6057346e+03 1.05e-08 3.90e-02 7.50e-05  -3.8    2.9  1.00e+00 10  1h
2371  1.6057341e+03 1.79e-09 3.90e-02 7.50e-05  -3.8    3.3  1.00e+00  5  1h
2372  1.6057328e+03 1.33e-08 3.90e-02 7.50e-05  -3.8    2.8  1.00e+00 10  1h
2373  1.6057323e+03 1.88e-09 3.90e-02 7.50e-05  -3.8    3.3  1.00e+00  4  1h
2374  1.6057309e+03 1.68e-08 3.90e-02 7.50e-05  -3.8    2.8  1.00e+00 10  1h
2375  1.6057303e+03 2.38e-09 3.90e-02 7.50e-05  -3.8    3.2  1.00e+00  7  1h
2376  1.6057287e+03 2.12e-08 3.90e-02 7.50e-05  -3.8    2.7  1.00e+00 10  1h
2377  1.6057281e+03 3.00e-09 3.90e-02 7.50e-05  -3.8    3.2  1.00e+00  8  1h
2378  1.6057262e+03 2.68e-08 3.90e-02 7.50e-05  -3.8    2.7  1.00e+00  6  1h
2379  1.6057255e+03 3.80e-09 3.90e-02 7.50e-05  -3.8    3.1  1.00e+00  4  1h
iter    objective    inf_pr   inf_du inf_compl lg(mu) lg(rg) alpha_pr ir ls
2380  1.6057234e+03 3.40e-08 3.90e-02 7.50e-05  -3.8    2.6  1.00e+00  6  1h
2381  1.6057226e+03 4.82e-09 3.90e-02 7.50e-05  -3.8    3.1  1.00e+00  7  1h
2382  1.6057203e+03 4.31e-08 3.90e-02 7.50e-05  -3.8    2.6  1.00e+00  8  1h
2383  1.6057133e+03 3.86e-07 3.90e-02 7.50e-05  -3.8    2.1  1.00e+00 10  1h
2384  1.6057130e+03 2.62e-09 3.90e-02 7.50e-05  -3.8    3.4  1.00e+00  4  1h
2385  1.6057120e+03 7.85e-09 3.90e-02 7.50e-05  -3.8    3.0  1.00e+00  8  1h
2386  1.6057116e+03 2.14e-09 3.90e-02 7.50e-05  -3.8    3.4  1.00e+00  4  1h
2387  1.6057105e+03 9.85e-09 3.90e-02 7.50e-05  -3.8    2.9  1.00e+00  5  1h
2388  1.6057072e+03 8.70e-08 3.90e-02 7.50e-05  -3.8    2.4  1.00e+00 10  1h
2389  1.6057059e+03 1.23e-08 3.90e-02 7.50e-05  -3.8    2.8  1.00e+00 10  1h
iter    objective    inf_pr   inf_du inf_compl lg(mu) lg(rg) alpha_pr ir ls
2390  1.6057055e+03 2.00e-09 3.91e-02 7.50e-05  -3.8    3.3  1.00e+00  6  1h
2391  1.6057041e+03 1.56e-08 3.91e-02 7.50e-05  -3.8    2.8  1.00e+00  7  1h
2392  1.6057035e+03 2.22e-09 3.91e-02 7.50e-05  -3.8    3.2  1.00e+00  7  1h
2393  1.6057020e+03 1.98e-08 3.91e-02 7.50e-05  -3.8    2.7  1.00e+00  5  1h
2394  1.6057014e+03 2.80e-09 3.91e-02 7.50e-05  -3.8    3.2  1.00e+00  7  1h
2395  1.6056996e+03 2.50e-08 3.91e-02 7.50e-05  -3.8    2.7  1.00e+00  8  1h
2396  1.6056943e+03 2.24e-07 3.91e-02 7.50e-05  -3.8    2.2  1.00e+00 10  1h
2397  1.6056940e+03 2.21e-09 3.91e-02 7.50e-05  -3.8    3.5  1.00e+00  4  1h
2398  1.6056933e+03 4.55e-09 3.91e-02 7.50e-05  -3.8    3.1  1.00e+00  6  1h
2399  1.6056911e+03 4.01e-08 3.91e-02 7.50e-05  -3.8    2.6  1.00e+00 10  1h
iter    objective    inf_pr   inf_du inf_compl lg(mu) lg(rg) alpha_pr ir ls
2400  1.6056902e+03 5.69e-09 3.91e-02 7.50e-05  -3.8    3.0  1.00e+00  6  1h
2401  1.6056899e+03 1.93e-09 3.91e-02 7.50e-05  -3.8    3.4  1.00e+00  3  1h
2402  1.6056890e+03 7.23e-09 3.91e-02 7.50e-05  -3.8    3.0  1.00e+00  5  1h
2403  1.6056886e+03 1.86e-09 3.91e-02 7.50e-05  -3.8    3.4  1.00e+00  4  1h
2404  1.6056875e+03 9.11e-09 3.91e-02 7.50e-05  -3.8    2.9  1.00e+00  8  1h
2405  1.6056871e+03 1.81e-09 3.91e-02 7.50e-05  -3.8    3.3  1.00e+00  5  1h
2406  1.6056859e+03 1.15e-08 3.91e-02 7.50e-05  -3.8    2.9  1.00e+00 10  1h
2407  1.6056824e+03 1.03e-07 3.91e-02 7.50e-05  -3.8    2.4  1.00e+00 10  1h
2408  1.6056810e+03 1.46e-08 3.91e-02 7.50e-05  -3.8    2.8  1.00e+00  4  1h
2409  1.6056770e+03 1.30e-07 3.91e-02 7.50e-05  -3.8    2.3  1.00e+00  9  1h
iter    objective    inf_pr   inf_du inf_compl lg(mu) lg(rg) alpha_pr ir ls
2410  1.6056650e+03 1.17e-06 3.91e-02 7.50e-05  -3.8    1.9  1.00e+00 10  1h
2411  1.6056296e+03 1.05e-05 3.92e-02 7.50e-05  -3.8    1.4  1.00e+00 10  1h
2412  1.6056279e+03 2.97e-08 3.93e-02 7.50e-05  -3.8    2.7  1.00e+00  5  1h
2413  1.6056273e+03 9.95e-09 3.92e-02 7.50e-05  -3.8    3.1  1.00e+00  4  1h
2414  1.6056254e+03 3.27e-08 3.92e-02 7.50e-05  -3.8    2.7  1.00e+00  6  1h
2415  1.6056247e+03 8.68e-09 3.92e-02 7.50e-05  -3.8    3.1  1.00e+00  6  1h
2416  1.6056226e+03 4.00e-08 3.93e-02 7.50e-05  -3.8    2.6  1.00e+00  6  1h
2417  1.6056162e+03 3.41e-07 3.93e-02 7.50e-05  -3.8    2.1  1.00e+00 10  1h
2418  1.6056139e+03 4.70e-08 3.93e-02 7.50e-05  -3.8    2.6  1.00e+00  8  1h
2419  1.6056068e+03 4.20e-07 3.93e-02 7.50e-05  -3.8    2.1  1.00e+00 10  1h
iter    objective    inf_pr   inf_du inf_compl lg(mu) lg(rg) alpha_pr ir ls
2420  1.6056041e+03 5.89e-08 3.93e-02 7.50e-05  -3.8    2.5  1.00e+00  4  1h
2421  1.6055962e+03 5.31e-07 3.93e-02 7.50e-05  -3.8    2.0  1.00e+00  8  1h
2422  1.6055958e+03 6.67e-09 3.93e-02 7.50e-05  -3.8    3.4  1.00e+00  3  1h
2423  1.6055947e+03 1.10e-08 3.93e-02 7.50e-05  -3.8    2.9  1.00e+00  4  1h
2424  1.6055942e+03 6.44e-09 3.93e-02 7.50e-05  -3.8    3.3  1.00e+00  4  1h
2425  1.6055930e+03 1.41e-08 3.94e-02 7.50e-05  -3.8    2.8  1.00e+00  5  1h
2426  1.6055925e+03 6.07e-09 3.94e-02 7.50e-05  -3.8    3.3  1.00e+00  5  1h
2427  1.6055911e+03 1.80e-08 3.95e-02 7.50e-05  -3.8    2.8  1.00e+00  8  1h
2428  1.6055868e+03 1.60e-07 3.95e-02 7.50e-05  -3.8    2.3  1.00e+00 10  1h
2429  1.6055866e+03 5.20e-09 3.94e-02 7.50e-05  -3.8    3.6  1.00e+00  3  1h
iter    objective    inf_pr   inf_du inf_compl lg(mu) lg(rg) alpha_pr ir ls
2430  1.6055860e+03 5.03e-09 3.95e-02 7.50e-05  -3.8    3.2  1.00e+00  8  1h
2431  1.6055842e+03 2.90e-08 3.95e-02 7.50e-05  -3.8    2.7  1.00e+00 10  1h
2432  1.6055789e+03 2.58e-07 3.95e-02 7.50e-05  -3.8    2.2  1.00e+00 10  1h
2433  1.6055629e+03 2.29e-06 3.94e-02 7.50e-05  -3.8    1.7  1.00e+00 10  1h
2434  1.6055157e+03 2.02e-05 3.95e-02 7.50e-05  -3.8    1.2  1.00e+00 10  1h
2435  1.6055135e+03 6.03e-08 3.95e-02 7.50e-05  -3.8    2.6  1.00e+00 10  1h
2436  1.6055068e+03 4.13e-07 3.94e-02 7.50e-05  -3.8    2.1  1.00e+00 10  1h
2437  1.6055065e+03 1.12e-08 3.95e-02 7.50e-05  -3.8    3.4  1.00e+00  3  1h
2438  1.6055056e+03 1.06e-08 3.96e-02 7.50e-05  -3.8    3.0  1.00e+00 10  1h
2439  1.6055052e+03 1.02e-08 3.97e-02 7.50e-05  -3.8    3.4  1.00e+00  3  1h
iter    objective    inf_pr   inf_du inf_compl lg(mu) lg(rg) alpha_pr ir ls
2440  1.6055042e+03 1.16e-08 3.98e-02 7.50e-05  -3.8    2.9  1.00e+00  6  1h
2441  1.6055038e+03 8.92e-09 3.99e-02 7.50e-05  -3.8    3.3  1.00e+00  3  1h
2442  1.6055026e+03 1.43e-08 3.99e-02 7.50e-05  -3.8    2.8  1.00e+00  7  1h
2443  1.6055021e+03 7.75e-09 3.99e-02 7.50e-05  -3.8    3.3  1.00e+00  5  1h
2444  1.6055007e+03 1.75e-08 3.99e-02 7.50e-05  -3.8    2.8  1.00e+00 10  1h
2445  1.6054967e+03 1.52e-07 3.99e-02 7.50e-05  -3.8    2.3  1.00e+00 10  1h
2446  1.6054847e+03 1.28e-06 3.99e-02 7.50e-05  -3.8    1.8  1.00e+00 10  1h
2447  1.6054842e+03 6.88e-09 3.98e-02 7.50e-05  -3.8    3.2  1.00e+00  4  1h
2448  1.6054825e+03 2.50e-08 3.98e-02 7.50e-05  -3.8    2.7  1.00e+00  8  1h
2449  1.6054818e+03 6.49e-09 3.99e-02 7.50e-05  -3.8    3.1  1.00e+00  3  1h
iter    objective    inf_pr   inf_du inf_compl lg(mu) lg(rg) alpha_pr ir ls
2450  1.6054799e+03 3.36e-08 3.99e-02 7.50e-05  -3.8    2.6  1.00e+00 10  1h
2451  1.6054743e+03 3.03e-07 3.99e-02 7.50e-05  -3.8    2.2  1.00e+00 10  1h
2452  1.6054721e+03 4.33e-08 3.99e-02 7.50e-05  -3.8    2.6  1.00e+00  8  1h
2453  1.6054713e+03 6.39e-09 3.99e-02 7.50e-05  -3.8    3.0  1.00e+00  4  1h
2454  1.6054710e+03 6.25e-09 3.99e-02 7.50e-05  -3.8    3.4  1.00e+00  4  1h
2455  1.6054701e+03 8.03e-09 4.00e-02 7.50e-05  -3.8    3.0  1.00e+00  5  1h
2456  1.6054674e+03 7.00e-08 4.00e-02 7.50e-05  -3.8    2.5  1.00e+00 10  1h
2457  1.6054664e+03 9.92e-09 4.00e-02 7.50e-05  -3.8    2.9  1.00e+00  6  1h
2458  1.6054660e+03 5.73e-09 4.00e-02 7.50e-05  -3.8    3.3  1.00e+00  4  1h
2459  1.6054649e+03 1.26e-08 4.00e-02 7.50e-05  -3.8    2.9  1.00e+00  6  1h
iter    objective    inf_pr   inf_du inf_compl lg(mu) lg(rg) alpha_pr ir ls
2460  1.6054644e+03 5.46e-09 4.00e-02 7.50e-05  -3.8    3.3  1.00e+00  3  1h
2461  1.6054632e+03 1.59e-08 4.00e-02 7.50e-05  -3.8    2.8  1.00e+00 10  1h
2462  1.6054593e+03 1.40e-07 4.00e-02 7.50e-05  -3.8    2.3  1.00e+00 10  1h
2463  1.6054579e+03 1.98e-08 4.00e-02 7.50e-05  -3.8    2.8  1.00e+00  7  1h
2464  1.6054536e+03 1.76e-07 3.99e-02 7.50e-05  -3.8    2.3  1.00e+00 10  1h
2465  1.6054534e+03 5.11e-09 3.99e-02 7.50e-05  -3.8    3.6  1.00e+00  4  1h
2466  1.6054527e+03 4.98e-09 3.99e-02 7.50e-05  -3.8    3.1  1.00e+00  4  1h
2467  1.6054509e+03 3.10e-08 3.99e-02 7.50e-05  -3.8    2.7  1.00e+00 10  1h
2468  1.6054502e+03 4.79e-09 4.00e-02 7.50e-05  -3.8    3.1  1.00e+00  4  1h
2469  1.6054482e+03 3.88e-08 3.99e-02 7.50e-05  -3.8    2.6  1.00e+00  6  1h
iter    objective    inf_pr   inf_du inf_compl lg(mu) lg(rg) alpha_pr ir ls
2470  1.6054474e+03 5.49e-09 3.99e-02 7.50e-05  -3.8    3.0  1.00e+00  4  1h
2471  1.6054451e+03 4.86e-08 3.99e-02 7.50e-05  -3.8    2.6  1.00e+00  3  1h
2472  1.6054443e+03 6.87e-09 3.99e-02 7.50e-05  -3.8    3.0  1.00e+00  7  1h
2473  1.6054417e+03 6.10e-08 3.99e-02 7.50e-05  -3.8    2.5  1.00e+00  7  1h
2474  1.6054407e+03 8.62e-09 3.99e-02 7.50e-05  -3.8    2.9  1.00e+00  5  1h
2475  1.6054403e+03 4.49e-09 3.99e-02 7.50e-05  -3.8    3.4  1.00e+00  5  1h
2476  1.6054392e+03 1.08e-08 3.99e-02 7.50e-05  -3.8    2.9  1.00e+00  6  1h
2477  1.6054360e+03 9.60e-08 3.99e-02 7.50e-05  -3.8    2.4  1.00e+00  6  1h
2478  1.6054262e+03 8.69e-07 3.99e-02 7.50e-05  -3.8    1.9  1.00e+00 10  1h
2479  1.6054258e+03 4.88e-09 3.99e-02 7.50e-05  -3.8    3.3  1.00e+00  5  1h
iter    objective    inf_pr   inf_du inf_compl lg(mu) lg(rg) alpha_pr ir ls
2480  1.6054244e+03 1.75e-08 3.99e-02 7.50e-05  -3.8    2.8  1.00e+00  5  1h
2481  1.6054239e+03 4.57e-09 3.99e-02 7.50e-05  -3.8    3.2  1.00e+00  5  1h
2482  1.6054223e+03 2.17e-08 3.99e-02 7.50e-05  -3.8    2.7  1.00e+00 10  1h
2483  1.6054217e+03 4.37e-09 3.99e-02 7.50e-05  -3.8    3.2  1.00e+00 10  1h
2484  1.6054200e+03 2.73e-08 3.99e-02 7.50e-05  -3.8    2.7  1.00e+00 10  1h
2485  1.6054148e+03 2.43e-07 3.99e-02 7.50e-05  -3.8    2.2  1.00e+00 10  1h
2486  1.6054146e+03 4.44e-09 3.99e-02 7.50e-05  -3.8    3.5  1.00e+00  3  1h
2487  1.6054138e+03 4.93e-09 3.99e-02 7.50e-05  -3.8    3.1  1.00e+00 10  1h
2488  1.6054116e+03 4.34e-08 3.99e-02 7.50e-05  -3.8    2.6  1.00e+00 10  1h
2489  1.6054108e+03 6.13e-09 3.99e-02 7.50e-05  -3.8    3.0  1.00e+00  6  1h
iter    objective    inf_pr   inf_du inf_compl lg(mu) lg(rg) alpha_pr ir ls
2490  1.6054105e+03 4.17e-09 3.99e-02 7.50e-05  -3.8    3.4  1.00e+00  3  1h
2491  1.6054096e+03 7.81e-09 3.99e-02 7.50e-05  -3.8    2.9  1.00e+00  7  1h
2492  1.6054068e+03 6.96e-08 3.99e-02 7.50e-05  -3.8    2.5  1.00e+00  6  1h
2493  1.6054058e+03 9.80e-09 3.99e-02 7.50e-05  -3.8    2.9  1.00e+00 10  1h
2494  1.6054026e+03 8.76e-08 3.99e-02 7.50e-05  -3.8    2.4  1.00e+00  8  1h
2495  1.6054015e+03 1.24e-08 3.99e-02 7.50e-05  -3.8    2.8  1.00e+00  5  1h
2496  1.6053980e+03 1.11e-07 3.99e-02 7.50e-05  -3.8    2.4  1.00e+00  9  1h
2497  1.6053978e+03 4.08e-09 3.99e-02 7.50e-05  -3.8    3.7  1.00e+00  4  1h
2498  1.6053973e+03 3.97e-09 3.99e-02 7.50e-05  -3.8    3.2  1.00e+00  5  1h
2499  1.6053958e+03 2.00e-08 3.99e-02 7.50e-05  -3.8    2.7  1.00e+00  7  1h
iter    objective    inf_pr   inf_du inf_compl lg(mu) lg(rg) alpha_pr ir ls
2500  1.6053914e+03 1.77e-07 3.99e-02 7.50e-05  -3.8    2.3  1.00e+00 10  1h
2501  1.6053898e+03 2.52e-08 3.99e-02 7.50e-05  -3.8    2.7  1.00e+00  7  1h
2502  1.6053891e+03 3.89e-09 3.99e-02 7.50e-05  -3.8    3.1  1.00e+00  4  1h
2503  1.6053873e+03 3.19e-08 3.99e-02 7.50e-05  -3.8    2.6  1.00e+00 10  1h
2504  1.6053866e+03 4.52e-09 3.99e-02 7.50e-05  -3.8    3.1  1.00e+00  7  1h
2505  1.6053863e+03 3.69e-09 3.99e-02 7.50e-05  -3.8    3.5  1.00e+00  4  1h
2506  1.6053855e+03 5.75e-09 3.99e-02 7.50e-05  -3.8    3.0  1.00e+00  5  1h
2507  1.6053832e+03 5.09e-08 3.99e-02 7.50e-05  -3.8    2.5  1.00e+00 10  1h
2508  1.6053823e+03 7.18e-09 3.99e-02 7.50e-05  -3.8    3.0  1.00e+00  5  1h
2509  1.6053820e+03 3.46e-09 3.99e-02 7.50e-05  -3.8    3.4  1.00e+00  3  1h
iter    objective    inf_pr   inf_du inf_compl lg(mu) lg(rg) alpha_pr ir ls
2510  1.6053810e+03 9.12e-09 3.99e-02 7.50e-05  -3.8    2.9  1.00e+00  4  1h
2511  1.6053806e+03 3.34e-09 3.99e-02 7.50e-05  -3.8    3.3  1.00e+00  4  1h
2512  1.6053795e+03 1.15e-08 3.99e-02 7.50e-05  -3.8    2.9  1.00e+00  6  1h
2513  1.6053761e+03 1.02e-07 3.99e-02 7.50e-05  -3.8    2.4  1.00e+00 10  1h
2514  1.6053749e+03 1.45e-08 3.99e-02 7.50e-05  -3.8    2.8  1.00e+00  6  1h
2515  1.6053711e+03 1.30e-07 4.00e-02 7.50e-05  -3.8    2.3  1.00e+00  6  1h
2516  1.6053697e+03 1.85e-08 4.00e-02 7.50e-05  -3.8    2.8  1.00e+00  6  1h
2517  1.6053692e+03 3.25e-09 4.00e-02 7.50e-05  -3.8    3.2  1.00e+00  3  1h
2518  1.6053676e+03 2.34e-08 4.00e-02 7.50e-05  -3.8    2.7  1.00e+00  9  1h
2519  1.6053628e+03 2.09e-07 4.00e-02 7.50e-05  -3.8    2.2  1.00e+00  9  1h
iter    objective    inf_pr   inf_du inf_compl lg(mu) lg(rg) alpha_pr ir ls
2520  1.6053487e+03 1.88e-06 4.00e-02 7.50e-05  -3.8    1.8  1.00e+00 10  1h
2521  1.6053434e+03 2.69e-07 4.00e-02 7.50e-05  -3.8    2.2  1.00e+00  9  1h
2522  1.6053414e+03 3.80e-08 4.00e-02 7.50e-05  -3.8    2.6  1.00e+00  6  1h
2523  1.6053406e+03 5.54e-09 4.00e-02 7.50e-05  -3.8    3.0  1.00e+00  6  1h
2524  1.6053404e+03 3.85e-09 4.00e-02 7.50e-05  -3.8    3.5  1.00e+00  5  1h
2525  1.6053395e+03 7.16e-09 4.01e-02 7.50e-05  -3.8    3.0  1.00e+00 10  1h
2526  1.6053370e+03 6.13e-08 4.01e-02 7.50e-05  -3.8    2.5  1.00e+00  9  1h
2527  1.6053295e+03 5.33e-07 4.01e-02 7.50e-05  -3.8    2.0  1.00e+00  9  1h
2528  1.6053266e+03 7.50e-08 4.01e-02 7.50e-05  -3.8    2.5  1.00e+00 10  1h
2529  1.6053256e+03 1.07e-08 4.01e-02 7.50e-05  -3.8    2.9  1.00e+00  5  1h
iter    objective    inf_pr   inf_du inf_compl lg(mu) lg(rg) alpha_pr ir ls
2530  1.6053252e+03 3.66e-09 4.01e-02 7.50e-05  -3.8    3.3  1.00e+00  4  1h
2531  1.6053240e+03 1.36e-08 4.02e-02 7.50e-05  -3.8    2.8  1.00e+00  5  1h
2532  1.6053235e+03 3.54e-09 4.02e-02 7.50e-05  -3.8    3.3  1.00e+00  5  1h
2533  1.6053222e+03 1.73e-08 4.02e-02 7.50e-05  -3.8    2.8  1.00e+00  7  1h
2534  1.6053217e+03 3.35e-09 4.02e-02 7.50e-05  -3.8    3.2  1.00e+00  5  1h
2535  1.6053215e+03 3.27e-09 4.02e-02 7.50e-05  -3.8    3.6  1.00e+00  3  1h
2536  1.6053209e+03 3.15e-09 4.02e-02 7.50e-05  -3.8    3.2  1.00e+00  4  1h
2537  1.6053192e+03 2.77e-08 4.03e-02 7.50e-05  -3.8    2.7  1.00e+00 10  1h
2538  1.6053186e+03 3.91e-09 4.03e-02 7.50e-05  -3.8    3.1  1.00e+00  5  1h
2539  1.6053167e+03 3.51e-08 4.03e-02 7.50e-05  -3.8    2.6  1.00e+00  6  1h
iter    objective    inf_pr   inf_du inf_compl lg(mu) lg(rg) alpha_pr ir ls
2540  1.6053110e+03 3.15e-07 4.03e-02 7.50e-05  -3.8    2.1  1.00e+00 10  1h
2541  1.6053088e+03 4.46e-08 4.02e-02 7.50e-05  -3.8    2.6  1.00e+00  7  1h
2542  1.6053080e+03 6.31e-09 4.03e-02 7.50e-05  -3.8    3.0  1.00e+00  5  1h
2543  1.6053056e+03 5.64e-08 4.03e-02 7.50e-05  -3.8    2.5  1.00e+00 10  1h
2544  1.6053047e+03 8.00e-09 4.03e-02 7.50e-05  -3.8    2.9  1.00e+00  8  1h
2545  1.6053020e+03 7.13e-08 4.03e-02 7.50e-05  -3.8    2.5  1.00e+00  5  1h
2546  1.6053010e+03 1.01e-08 4.03e-02 7.50e-05  -3.8    2.9  1.00e+00  6  1h
2547  1.6053006e+03 2.79e-09 4.03e-02 7.50e-05  -3.8    3.3  1.00e+00  6  1h
2548  1.6052995e+03 1.28e-08 4.03e-02 7.50e-05  -3.8    2.8  1.00e+00  6  1h
2549  1.6052961e+03 1.14e-07 4.03e-02 7.50e-05  -3.8    2.4  1.00e+00  8  1h
iter    objective    inf_pr   inf_du inf_compl lg(mu) lg(rg) alpha_pr ir ls
2550  1.6052959e+03 2.67e-09 4.03e-02 7.50e-05  -3.8    3.7  1.00e+00  3  1h
2551  1.6052954e+03 2.58e-09 4.03e-02 7.50e-05  -3.8    3.2  1.00e+00  5  1h
2552  1.6052952e+03 2.51e-09 4.03e-02 7.50e-05  -3.8    3.6  1.00e+00  4  1h
2553  1.6052947e+03 2.92e-09 4.03e-02 7.50e-05  -3.8    3.2  1.00e+00  5  1h
2554  1.6052931e+03 2.56e-08 4.03e-02 7.50e-05  -3.8    2.7  1.00e+00  6  1h
2555  1.6052882e+03 2.29e-07 4.03e-02 7.50e-05  -3.8    2.2  1.00e+00 10  1h
2556  1.6052864e+03 3.25e-08 4.03e-02 7.50e-05  -3.8    2.6  1.00e+00 10  1h
2557  1.6052857e+03 4.60e-09 4.03e-02 7.50e-05  -3.8    3.1  1.00e+00  4  1h
2558  1.6052836e+03 4.10e-08 4.03e-02 7.50e-05  -3.8    2.6  1.00e+00 10  1h
2559  1.6052829e+03 5.81e-09 4.03e-02 7.50e-05  -3.8    3.0  1.00e+00  6  1h
iter    objective    inf_pr   inf_du inf_compl lg(mu) lg(rg) alpha_pr ir ls
2560  1.6052806e+03 5.17e-08 4.03e-02 7.50e-05  -3.8    2.5  1.00e+00  4  1h
2561  1.6052797e+03 7.33e-09 4.03e-02 7.50e-05  -3.8    3.0  1.00e+00  7  1h
2562  1.6052794e+03 2.26e-09 4.03e-02 7.50e-05  -3.8    3.4  1.00e+00  4  1h
2563  1.6052784e+03 9.27e-09 4.03e-02 7.50e-05  -3.8    2.9  1.00e+00  5  1h
2564  1.6052780e+03 2.17e-09 4.04e-02 7.50e-05  -3.8    3.3  1.00e+00  5  1h
2565  1.6052769e+03 1.17e-08 4.04e-02 7.50e-05  -3.8    2.9  1.00e+00  4  1h
2566  1.6052765e+03 2.10e-09 4.04e-02 7.50e-05  -3.8    3.3  1.00e+00  7  1h
2567  1.6052753e+03 1.47e-08 4.04e-02 7.50e-05  -3.8    2.8  1.00e+00  6  1h
2568  1.6052748e+03 2.08e-09 4.04e-02 7.50e-05  -3.8    3.2  1.00e+00  4  1h
2569  1.6052747e+03 2.01e-09 4.04e-02 7.50e-05  -3.8    3.7  1.00e+00  3  1h
iter    objective    inf_pr   inf_du inf_compl lg(mu) lg(rg) alpha_pr ir ls
2570  1.6052741e+03 2.65e-09 4.04e-02 7.50e-05  -3.8    3.2  1.00e+00  6  1h
2571  1.6052726e+03 2.35e-08 4.04e-02 7.50e-05  -3.8    2.7  1.00e+00 10  1h
2572  1.6052679e+03 2.11e-07 4.04e-02 7.50e-05  -3.8    2.2  1.00e+00 10  1h
2573  1.6052662e+03 2.99e-08 4.04e-02 7.50e-05  -3.8    2.7  1.00e+00 10  1h
2574  1.6052609e+03 2.68e-07 4.04e-02 7.50e-05  -3.8    2.2  1.00e+00 10  1h
2575  1.6052590e+03 3.80e-08 4.04e-02 7.50e-05  -3.8    2.6  1.00e+00 10  1h
2576  1.6052531e+03 3.39e-07 4.04e-02 7.50e-05  -3.8    2.1  1.00e+00 10  1h
2577  1.6052509e+03 4.82e-08 4.04e-02 7.50e-05  -3.8    2.6  1.00e+00 10  1h
2578  1.6052501e+03 6.86e-09 4.04e-02 7.50e-05  -3.8    3.0  1.00e+00  6  1h
2579  1.6052498e+03 2.80e-09 4.04e-02 7.50e-05  -3.8    3.4  1.00e+00  3  1h
iter    objective    inf_pr   inf_du inf_compl lg(mu) lg(rg) alpha_pr ir ls
2580  1.6052488e+03 8.62e-09 4.04e-02 7.50e-05  -3.8    2.9  1.00e+00 10  1h
2581  1.6052461e+03 7.55e-08 4.04e-02 7.50e-05  -3.8    2.5  1.00e+00  7  1h
2582  1.6052378e+03 6.80e-07 4.04e-02 7.50e-05  -3.8    2.0  1.00e+00 10  1h
2583  1.6052132e+03 6.17e-06 4.05e-02 7.50e-05  -3.8    1.5  1.00e+00 10  1h
2584  1.6052120e+03 1.66e-08 4.04e-02 7.50e-05  -3.8    2.8  1.00e+00  8  1h
2585  1.6052085e+03 1.23e-07 4.05e-02 7.50e-05  -3.8    2.4  1.00e+00 10  1h
2586  1.6051981e+03 1.08e-06 4.05e-02 7.50e-05  -3.8    1.9  1.00e+00 10  1h
2587  1.6051976e+03 9.59e-09 4.05e-02 7.50e-05  -3.8    3.2  1.00e+00  5  1h
2588  1.6051962e+03 2.23e-08 4.06e-02 7.50e-05  -3.8    2.7  1.00e+00 10  1h
2589  1.6051918e+03 1.95e-07 4.06e-02 7.50e-05  -3.8    2.2  1.00e+00  5  1h
iter    objective    inf_pr   inf_du inf_compl lg(mu) lg(rg) alpha_pr ir ls
2590  1.6051902e+03 2.75e-08 4.06e-02 7.50e-05  -3.8    2.7  1.00e+00  6  1h
2591  1.6051852e+03 2.46e-07 4.06e-02 7.50e-05  -3.8    2.2  1.00e+00  6  1h
2592  1.6051834e+03 3.50e-08 4.07e-02 7.50e-05  -3.8    2.6  1.00e+00  6  1h
2593  1.6051827e+03 5.45e-09 4.07e-02 7.50e-05  -3.8    3.1  1.00e+00  6  1h
2594  1.6051824e+03 5.32e-09 4.07e-02 7.50e-05  -3.8    3.5  1.00e+00  4  1h
2595  1.6051817e+03 6.46e-09 4.08e-02 7.50e-05  -3.8    3.0  1.00e+00  4  1h
2596  1.6051814e+03 4.99e-09 4.08e-02 7.50e-05  -3.8    3.4  1.00e+00  4  1h
2597  1.6051805e+03 8.33e-09 4.08e-02 7.50e-05  -3.8    2.9  1.00e+00  5  1h
2598  1.6051802e+03 4.58e-09 4.08e-02 7.50e-05  -3.8    3.4  1.00e+00  4  1h
2599  1.6051792e+03 1.06e-08 4.08e-02 7.50e-05  -3.8    2.9  1.00e+00  5  1h
iter    objective    inf_pr   inf_du inf_compl lg(mu) lg(rg) alpha_pr ir ls
2600  1.6051762e+03 9.30e-08 4.08e-02 7.50e-05  -3.8    2.4  1.00e+00 10  1h
2601  1.6051751e+03 1.31e-08 4.08e-02 7.50e-05  -3.8    2.8  1.00e+00  9  1h
2602  1.6051718e+03 1.18e-07 4.08e-02 7.50e-05  -3.8    2.4  1.00e+00  6  1h
2603  1.6051618e+03 1.06e-06 4.08e-02 7.50e-05  -3.8    1.9  1.00e+00 10  1h
2604  1.6051581e+03 1.49e-07 4.08e-02 7.50e-05  -3.8    2.3  1.00e+00 10  1h
2605  1.6051567e+03 2.10e-08 4.08e-02 7.50e-05  -3.8    2.7  1.00e+00  4  1h
2606  1.6051562e+03 3.78e-09 4.08e-02 7.50e-05  -3.8    3.2  1.00e+00  4  1h
2607  1.6051546e+03 2.64e-08 4.08e-02 7.50e-05  -3.8    2.7  1.00e+00  8  1h
2608  1.6051540e+03 3.75e-09 4.08e-02 7.50e-05  -3.8    3.1  1.00e+00  7  1h
2609  1.6051523e+03 3.30e-08 4.08e-02 7.50e-05  -3.8    2.6  1.00e+00 10  1h
iter    objective    inf_pr   inf_du inf_compl lg(mu) lg(rg) alpha_pr ir ls
2610  1.6051470e+03 2.95e-07 4.08e-02 7.50e-05  -3.8    2.2  1.00e+00 10  1h
2611  1.6051450e+03 4.18e-08 4.08e-02 7.50e-05  -3.8    2.6  1.00e+00  5  1h
2612  1.6051442e+03 5.92e-09 4.08e-02 7.50e-05  -3.8    3.0  1.00e+00  5  1h
2613  1.6051420e+03 5.25e-08 4.08e-02 7.50e-05  -3.8    2.5  1.00e+00  8  1h
2614  1.6051353e+03 4.71e-07 4.09e-02 7.50e-05  -3.8    2.1  1.00e+00 10  1h
2615  1.6051328e+03 6.69e-08 4.09e-02 7.50e-05  -3.8    2.5  1.00e+00 10  1h
2616  1.6051253e+03 5.97e-07 4.09e-02 7.50e-05  -3.8    2.0  1.00e+00 10  1h
2617  1.6051225e+03 8.49e-08 4.09e-02 7.50e-05  -3.8    2.4  1.00e+00 10  1h
2618  1.6051215e+03 1.21e-08 4.09e-02 7.50e-05  -3.8    2.9  1.00e+00  6  1h
2619  1.6051183e+03 1.06e-07 4.09e-02 7.50e-05  -3.8    2.4  1.00e+00  6  1h
iter    objective    inf_pr   inf_du inf_compl lg(mu) lg(rg) alpha_pr ir ls
2620  1.6051171e+03 1.51e-08 4.09e-02 7.50e-05  -3.8    2.8  1.00e+00 10  1h
2621  1.6051167e+03 4.79e-09 4.09e-02 7.50e-05  -3.8    3.2  1.00e+00  3  1h
2622  1.6051154e+03 1.89e-08 4.09e-02 7.50e-05  -3.8    2.8  1.00e+00 10  1h
2623  1.6051149e+03 3.90e-09 4.09e-02 7.50e-05  -3.8    3.2  1.00e+00  4  1h
2624  1.6051134e+03 2.37e-08 4.09e-02 7.50e-05  -3.8    2.7  1.00e+00  5  1h
2625  1.6051089e+03 2.12e-07 4.09e-02 7.50e-05  -3.8    2.2  1.00e+00 10  1h
2626  1.6050955e+03 1.93e-06 4.10e-02 7.50e-05  -3.8    1.8  1.00e+00 10  1h
2627  1.6050949e+03 7.70e-09 4.09e-02 7.50e-05  -3.8    3.1  1.00e+00  4  1h
2628  1.6050930e+03 3.88e-08 4.10e-02 7.50e-05  -3.8    2.6  1.00e+00 10  1h
2629  1.6050874e+03 3.44e-07 4.10e-02 7.50e-05  -3.8    2.1  1.00e+00 10  1h
iter    objective    inf_pr   inf_du inf_compl lg(mu) lg(rg) alpha_pr ir ls
2630  1.6050871e+03 6.57e-09 4.10e-02 7.50e-05  -3.8    3.5  1.00e+00  3  1h
2631  1.6050863e+03 7.04e-09 4.10e-02 7.50e-05  -3.8    3.0  1.00e+00  6  1h
2632  1.6050860e+03 5.64e-09 4.10e-02 7.50e-05  -3.8    3.4  1.00e+00  4  1h
2633  1.6050851e+03 8.79e-09 4.10e-02 7.50e-05  -3.8    2.9  1.00e+00  5  1h
2634  1.6050824e+03 7.70e-08 4.10e-02 7.50e-05  -3.8    2.5  1.00e+00 10  1h
2635  1.6050814e+03 1.09e-08 4.10e-02 7.50e-05  -3.8    2.9  1.00e+00  4  1h
2636  1.6050811e+03 4.25e-09 4.10e-02 7.50e-05  -3.8    3.3  1.00e+00  5  1h
2637  1.6050799e+03 1.38e-08 4.11e-02 7.50e-05  -3.8    2.8  1.00e+00  8  1h
2638  1.6050765e+03 1.24e-07 4.11e-02 7.50e-05  -3.8    2.4  1.00e+00  8  1h
2639  1.6050753e+03 1.75e-08 4.11e-02 7.50e-05  -3.8    2.8  1.00e+00 10  1h
iter    objective    inf_pr   inf_du inf_compl lg(mu) lg(rg) alpha_pr ir ls
2640  1.6050748e+03 4.12e-09 4.11e-02 7.50e-05  -3.8    3.2  1.00e+00  6  1h
2641  1.6050734e+03 2.22e-08 4.11e-02 7.50e-05  -3.8    2.7  1.00e+00 10  1h
2642  1.6050728e+03 3.98e-09 4.11e-02 7.50e-05  -3.8    3.2  1.00e+00  6  1h
2643  1.6050712e+03 2.82e-08 4.11e-02 7.50e-05  -3.8    2.7  1.00e+00 10  1h
2644  1.6050706e+03 3.99e-09 4.11e-02 7.50e-05  -3.8    3.1  1.00e+00  3  1h
2645  1.6050688e+03 3.56e-08 4.11e-02 7.50e-05  -3.8    2.6  1.00e+00 10  1h
2646  1.6050634e+03 3.20e-07 4.11e-02 7.50e-05  -3.8    2.1  1.00e+00 10  1h
2647  1.6050614e+03 4.54e-08 4.11e-02 7.50e-05  -3.8    2.6  1.00e+00  7  1h
2648  1.6050606e+03 6.43e-09 4.11e-02 7.50e-05  -3.8    3.0  1.00e+00  5  1h
2649  1.6050603e+03 3.91e-09 4.11e-02 7.50e-05  -3.8    3.4  1.00e+00  3  1h
iter    objective    inf_pr   inf_du inf_compl lg(mu) lg(rg) alpha_pr ir ls
2650  1.6050595e+03 8.12e-09 4.11e-02 7.50e-05  -3.8    2.9  1.00e+00 10  1h
2651  1.6050569e+03 7.18e-08 4.11e-02 7.50e-05  -3.8    2.5  1.00e+00 10  1h
2652  1.6050492e+03 6.47e-07 4.11e-02 7.50e-05  -3.8    2.0  1.00e+00 10  1h
2653  1.6050489e+03 5.60e-09 4.11e-02 7.50e-05  -3.8    3.3  1.00e+00  4  1h
2654  1.6050478e+03 1.30e-08 4.11e-02 7.50e-05  -3.8    2.8  1.00e+00 10  1h
2655  1.6050445e+03 1.15e-07 4.11e-02 7.50e-05  -3.8    2.4  1.00e+00 10  1h
2656  1.6050444e+03 4.35e-09 4.11e-02 7.50e-05  -3.8    3.7  1.00e+00  3  1h
2657  1.6050439e+03 4.04e-09 4.11e-02 7.50e-05  -3.8    3.2  1.00e+00  6  1h
2658  1.6050426e+03 2.04e-08 4.11e-02 7.50e-05  -3.8    2.7  1.00e+00 10  1h
2659  1.6050420e+03 3.61e-09 4.11e-02 7.50e-05  -3.8    3.2  1.00e+00  5  1h
iter    objective    inf_pr   inf_du inf_compl lg(mu) lg(rg) alpha_pr ir ls
2660  1.6050419e+03 3.54e-09 4.11e-02 7.50e-05  -3.8    3.6  1.00e+00  3  1h
2661  1.6050413e+03 3.65e-09 4.11e-02 7.50e-05  -3.8    3.1  1.00e+00  5  1h
2662  1.6050395e+03 3.22e-08 4.11e-02 7.50e-05  -3.8    2.6  1.00e+00 10  1h
2663  1.6050389e+03 4.56e-09 4.11e-02 7.50e-05  -3.8    3.1  1.00e+00  4  1h
2664  1.6050369e+03 4.08e-08 4.11e-02 7.50e-05  -3.8    2.6  1.00e+00 10  1h
2665  1.6050362e+03 5.77e-09 4.11e-02 7.50e-05  -3.8    3.0  1.00e+00  5  1h
2666  1.6050340e+03 5.18e-08 4.11e-02 7.50e-05  -3.8    2.5  1.00e+00  7  1h
2667  1.6050332e+03 7.33e-09 4.11e-02 7.50e-05  -3.8    3.0  1.00e+00  5  1h
2668  1.6050329e+03 3.28e-09 4.11e-02 7.50e-05  -3.8    3.4  1.00e+00  4  1h
2669  1.6050320e+03 9.29e-09 4.11e-02 7.50e-05  -3.8    2.9  1.00e+00 10  1h
iter    objective    inf_pr   inf_du inf_compl lg(mu) lg(rg) alpha_pr ir ls
2670  1.6050292e+03 8.32e-08 4.12e-02 7.50e-05  -3.8    2.4  1.00e+00  7  1h
2671  1.6050282e+03 1.18e-08 4.12e-02 7.50e-05  -3.8    2.9  1.00e+00  8  1h
2672  1.6050251e+03 1.06e-07 4.12e-02 7.50e-05  -3.8    2.4  1.00e+00  5  1h
2673  1.6050239e+03 1.50e-08 4.12e-02 7.50e-05  -3.8    2.8  1.00e+00  7  1h
2674  1.6050235e+03 3.38e-09 4.12e-02 7.50e-05  -3.8    3.2  1.00e+00  4  1h
2675  1.6050221e+03 1.89e-08 4.12e-02 7.50e-05  -3.8    2.8  1.00e+00  7  1h
2676  1.6050217e+03 3.17e-09 4.12e-02 7.50e-05  -3.8    3.2  1.00e+00  6  1h
2677  1.6050202e+03 2.39e-08 4.12e-02 7.50e-05  -3.8    2.7  1.00e+00 10  1h
2678  1.6050196e+03 3.38e-09 4.12e-02 7.50e-05  -3.8    3.1  1.00e+00  5  1h
2679  1.6050180e+03 3.01e-08 4.12e-02 7.50e-05  -3.8    2.7  1.00e+00  7  1h
iter    objective    inf_pr   inf_du inf_compl lg(mu) lg(rg) alpha_pr ir ls
2680  1.6050130e+03 2.71e-07 4.12e-02 7.50e-05  -3.8    2.2  1.00e+00  6  1h
2681  1.6050111e+03 3.85e-08 4.12e-02 7.50e-05  -3.8    2.6  1.00e+00  8  1h
2682  1.6050104e+03 5.46e-09 4.12e-02 7.50e-05  -3.8    3.0  1.00e+00  5  1h
2683  1.6050084e+03 4.84e-08 4.12e-02 7.50e-05  -3.8    2.6  1.00e+00 10  1h
2684  1.6050021e+03 4.35e-07 4.12e-02 7.50e-05  -3.8    2.1  1.00e+00 10  1h
2685  1.6050018e+03 5.64e-09 4.12e-02 7.50e-05  -3.8    3.4  1.00e+00  5  1h
2686  1.6050009e+03 8.78e-09 4.12e-02 7.50e-05  -3.8    2.9  1.00e+00  7  1h
2687  1.6050006e+03 4.72e-09 4.12e-02 7.50e-05  -3.8    3.4  1.00e+00  5  1h
2688  1.6049996e+03 1.10e-08 4.12e-02 7.50e-05  -3.8    2.9  1.00e+00  5  1h
2689  1.6049992e+03 4.09e-09 4.12e-02 7.50e-05  -3.8    3.3  1.00e+00  4  1h
iter    objective    inf_pr   inf_du inf_compl lg(mu) lg(rg) alpha_pr ir ls
2690  1.6049981e+03 1.37e-08 4.12e-02 7.50e-05  -3.8    2.8  1.00e+00 10  1h
2691  1.6049948e+03 1.23e-07 4.12e-02 7.50e-05  -3.8    2.4  1.00e+00  9  1h
2692  1.6049848e+03 1.11e-06 4.13e-02 7.50e-05  -3.8    1.9  1.00e+00 10  1h
2693  1.6049844e+03 7.81e-09 4.12e-02 7.50e-05  -3.8    3.2  1.00e+00  4  1h
2694  1.6049829e+03 2.23e-08 4.12e-02 7.50e-05  -3.8    2.7  1.00e+00  7  1h
2695  1.6049787e+03 1.99e-07 4.13e-02 7.50e-05  -3.8    2.2  1.00e+00 10  1h
2696  1.6049772e+03 2.82e-08 4.13e-02 7.50e-05  -3.8    2.7  1.00e+00 10  1h
2697  1.6049766e+03 6.45e-09 4.13e-02 7.50e-05  -3.8    3.1  1.00e+00  5  1h
2698  1.6049748e+03 3.55e-08 4.13e-02 7.50e-05  -3.8    2.6  1.00e+00 10  1h
2699  1.6049741e+03 5.88e-09 4.13e-02 7.50e-05  -3.8    3.0  1.00e+00  6  1h
iter    objective    inf_pr   inf_du inf_compl lg(mu) lg(rg) alpha_pr ir ls
2700  1.6049722e+03 4.47e-08 4.13e-02 7.50e-05  -3.8    2.6  1.00e+00 10  1h
2701  1.6049714e+03 6.35e-09 4.13e-02 7.50e-05  -3.8    3.0  1.00e+00 10  1h
2702  1.6049692e+03 5.66e-08 4.13e-02 7.50e-05  -3.8    2.5  1.00e+00 10  1h
2703  1.6049683e+03 8.02e-09 4.13e-02 7.50e-05  -3.8    2.9  1.00e+00  6  1h
2704  1.6049680e+03 4.88e-09 4.13e-02 7.50e-05  -3.8    3.4  1.00e+00  3  1h
2705  1.6049671e+03 1.02e-08 4.13e-02 7.50e-05  -3.8    2.9  1.00e+00  7  1h
2706  1.6049642e+03 9.09e-08 4.13e-02 7.50e-05  -3.8    2.4  1.00e+00 10  1h
2707  1.6049632e+03 1.29e-08 4.13e-02 7.50e-05  -3.8    2.8  1.00e+00  8  1h
2708  1.6049628e+03 4.27e-09 4.13e-02 7.50e-05  -3.8    3.3  1.00e+00  4  1h
2709  1.6049616e+03 1.63e-08 4.14e-02 7.50e-05  -3.8    2.8  1.00e+00 10  1h
iter    objective    inf_pr   inf_du inf_compl lg(mu) lg(rg) alpha_pr ir ls
2710  1.6049580e+03 1.46e-07 4.14e-02 7.50e-05  -3.8    2.3  1.00e+00  9  1h
2711  1.6049578e+03 4.67e-09 4.14e-02 7.50e-05  -3.8    3.6  1.00e+00  4  1h
2712  1.6049573e+03 4.06e-09 4.14e-02 7.50e-05  -3.8    3.2  1.00e+00  7  1h
2713  1.6049558e+03 2.62e-08 4.14e-02 7.50e-05  -3.8    2.7  1.00e+00 10  1h
2714  1.6049552e+03 3.89e-09 4.14e-02 7.50e-05  -3.8    3.1  1.00e+00  5  1h
2715  1.6049535e+03 3.31e-08 4.14e-02 7.50e-05  -3.8    2.6  1.00e+00 10  1h
2716  1.6049529e+03 4.69e-09 4.14e-02 7.50e-05  -3.8    3.1  1.00e+00  6  1h
2717  1.6049527e+03 3.43e-09 4.14e-02 7.50e-05  -3.8    3.5  1.00e+00  4  1h
2718  1.6049519e+03 5.94e-09 4.14e-02 7.50e-05  -3.8    3.0  1.00e+00  4  1h
2719  1.6049517e+03 3.10e-09 4.14e-02 7.50e-05  -3.8    3.4  1.00e+00  5  1h
iter    objective    inf_pr   inf_du inf_compl lg(mu) lg(rg) alpha_pr ir ls
2720  1.6049509e+03 7.50e-09 4.14e-02 7.50e-05  -3.8    3.0  1.00e+00 10  1h
2721  1.6049484e+03 6.69e-08 4.14e-02 7.50e-05  -3.8    2.5  1.00e+00 10  1h
2722  1.6049475e+03 9.46e-09 4.14e-02 7.50e-05  -3.8    2.9  1.00e+00 10  1h
2723  1.6049448e+03 8.48e-08 4.14e-02 7.50e-05  -3.8    2.4  1.00e+00 10  1h
2724  1.6049438e+03 1.20e-08 4.14e-02 7.50e-05  -3.8    2.9  1.00e+00 10  1h
2725  1.6049407e+03 1.07e-07 4.14e-02 7.50e-05  -3.8    2.4  1.00e+00 10  1h
2726  1.6049406e+03 4.17e-09 4.14e-02 7.50e-05  -3.8    3.7  1.00e+00  3  1h
2727  1.6049402e+03 3.62e-09 4.14e-02 7.50e-05  -3.8    3.2  1.00e+00  5  1h
2728  1.6049389e+03 1.91e-08 4.14e-02 7.50e-05  -3.8    2.8  1.00e+00 10  1h
2729  1.6049384e+03 3.41e-09 4.14e-02 7.50e-05  -3.8    3.2  1.00e+00  5  1h
iter    objective    inf_pr   inf_du inf_compl lg(mu) lg(rg) alpha_pr ir ls
2730  1.6049369e+03 2.41e-08 4.14e-02 7.50e-05  -3.8    2.7  1.00e+00  8  1h
2731  1.6049364e+03 3.41e-09 4.14e-02 7.50e-05  -3.8    3.1  1.00e+00  7  1h
2732  1.6049362e+03 2.98e-09 4.14e-02 7.50e-05  -3.8    3.6  1.00e+00  4  1h
2733  1.6049356e+03 4.31e-09 4.14e-02 7.50e-05  -3.8    3.1  1.00e+00  9  1h
2734  1.6049337e+03 3.83e-08 4.14e-02 7.50e-05  -3.8    2.6  1.00e+00  9  1h
2735  1.6049283e+03 3.46e-07 4.15e-02 7.50e-05  -3.8    2.1  1.00e+00  6  1h
2736  1.6049280e+03 4.96e-09 4.14e-02 7.50e-05  -3.8    3.5  1.00e+00  4  1h
2737  1.6049272e+03 6.93e-09 4.14e-02 7.50e-05  -3.8    3.0  1.00e+00  4  1h
2738  1.6049249e+03 6.16e-08 4.15e-02 7.50e-05  -3.8    2.5  1.00e+00  5  1h
2739  1.6049241e+03 8.72e-09 4.15e-02 7.50e-05  -3.8    2.9  1.00e+00 10  1h
iter    objective    inf_pr   inf_du inf_compl lg(mu) lg(rg) alpha_pr ir ls
2740  1.6049215e+03 7.79e-08 4.15e-02 7.50e-05  -3.8    2.5  1.00e+00  5  1h
2741  1.6049205e+03 1.10e-08 4.15e-02 7.50e-05  -3.8    2.9  1.00e+00  5  1h
2742  1.6049201e+03 4.07e-09 4.15e-02 7.50e-05  -3.8    3.3  1.00e+00  4  1h
2743  1.6049190e+03 1.39e-08 4.15e-02 7.50e-05  -3.8    2.8  1.00e+00 10  1h
2744  1.6049186e+03 3.79e-09 4.15e-02 7.50e-05  -3.8    3.3  1.00e+00  7  1h
2745  1.6049174e+03 1.75e-08 4.15e-02 7.50e-05  -3.8    2.8  1.00e+00  8  1h
2746  1.6049137e+03 1.57e-07 4.15e-02 7.50e-05  -3.8    2.3  1.00e+00 10  1h
2747  1.6049123e+03 2.23e-08 4.15e-02 7.50e-05  -3.8    2.7  1.00e+00 10  1h
2748  1.6049118e+03 4.38e-09 4.15e-02 7.50e-05  -3.8    3.2  1.00e+00  5  1h
2749  1.6049102e+03 2.82e-08 4.15e-02 7.50e-05  -3.8    2.7  1.00e+00 10  1h
iter    objective    inf_pr   inf_du inf_compl lg(mu) lg(rg) alpha_pr ir ls
2750  1.6049056e+03 2.53e-07 4.15e-02 7.50e-05  -3.8    2.2  1.00e+00  6  1h
2751  1.6049038e+03 3.59e-08 4.15e-02 7.50e-05  -3.8    2.6  1.00e+00 10  1h
2752  1.6049032e+03 5.22e-09 4.15e-02 7.50e-05  -3.8    3.0  1.00e+00  6  1h
2753  1.6049012e+03 4.52e-08 4.15e-02 7.50e-05  -3.8    2.6  1.00e+00 10  1h
2754  1.6049005e+03 6.41e-09 4.15e-02 7.50e-05  -3.8    3.0  1.00e+00  5  1h
2755  1.6048982e+03 5.71e-08 4.15e-02 7.50e-05  -3.8    2.5  1.00e+00 10  1h
2756  1.6048916e+03 5.14e-07 4.16e-02 7.50e-05  -3.8    2.0  1.00e+00 10  1h
2757  1.6048913e+03 6.59e-09 4.15e-02 7.50e-05  -3.8    3.4  1.00e+00  4  1h
2758  1.6048904e+03 1.03e-08 4.15e-02 7.50e-05  -3.8    2.9  1.00e+00  4  1h
2759  1.6048876e+03 9.15e-08 4.16e-02 7.50e-05  -3.8    2.4  1.00e+00 10  1h
iter    objective    inf_pr   inf_du inf_compl lg(mu) lg(rg) alpha_pr ir ls
2760  1.6048793e+03 8.24e-07 4.16e-02 7.50e-05  -3.8    1.9  1.00e+00 10  1h
2761  1.6048762e+03 1.17e-07 4.16e-02 7.50e-05  -3.8    2.4  1.00e+00 10  1h
2762  1.6048669e+03 1.05e-06 4.16e-02 7.50e-05  -3.8    1.9  1.00e+00 10  1h
2763  1.6048634e+03 1.49e-07 4.16e-02 7.50e-05  -3.8    2.3  1.00e+00 10  1h
2764  1.6048621e+03 2.11e-08 4.16e-02 7.50e-05  -3.8    2.7  1.00e+00  6  1h
2765  1.6048616e+03 1.06e-08 4.17e-02 7.50e-05  -3.8    3.2  1.00e+00  6  1h
2766  1.6048601e+03 2.63e-08 4.17e-02 7.50e-05  -3.8    2.7  1.00e+00  5  1h
2767  1.6048596e+03 9.33e-09 4.17e-02 7.50e-05  -3.8    3.1  1.00e+00  3  1h
2768  1.6048579e+03 3.29e-08 4.17e-02 7.50e-05  -3.8    2.6  1.00e+00  7  1h
2769  1.6048530e+03 2.95e-07 4.17e-02 7.50e-05  -3.8    2.2  1.00e+00 10  1h
iter    objective    inf_pr   inf_du inf_compl lg(mu) lg(rg) alpha_pr ir ls
2770  1.6048511e+03 4.19e-08 4.17e-02 7.50e-05  -3.8    2.6  1.00e+00  7  1h
2771  1.6048455e+03 3.77e-07 4.17e-02 7.50e-05  -3.8    2.1  1.00e+00 10  1h
2772  1.6048290e+03 3.43e-06 4.18e-02 7.50e-05  -3.8    1.6  1.00e+00 10  1h
2773  1.6048282e+03 1.40e-08 4.18e-02 7.50e-05  -3.8    3.0  1.00e+00  4  1h
2774  1.6048259e+03 6.83e-08 4.18e-02 7.50e-05  -3.8    2.5  1.00e+00 10  1h
2775  1.6048250e+03 1.22e-08 4.18e-02 7.50e-05  -3.8    2.9  1.00e+00  5  1h
2776  1.6048247e+03 1.17e-08 4.18e-02 7.50e-05  -3.8    3.3  1.00e+00  4  1h
2777  1.6048237e+03 1.23e-08 4.18e-02 7.50e-05  -3.8    2.9  1.00e+00  7  1h
2778  1.6048207e+03 1.07e-07 4.19e-02 7.50e-05  -3.8    2.4  1.00e+00 10  1h
2779  1.6048119e+03 9.70e-07 4.19e-02 7.50e-05  -3.8    1.9  1.00e+00 10  1h
iter    objective    inf_pr   inf_du inf_compl lg(mu) lg(rg) alpha_pr ir ls
2780  1.6048115e+03 1.08e-08 4.19e-02 7.50e-05  -3.8    3.2  1.00e+00  6  1h
2781  1.6048102e+03 1.95e-08 4.19e-02 7.50e-05  -3.8    2.8  1.00e+00  6  1h
2782  1.6048098e+03 9.40e-09 4.19e-02 7.50e-05  -3.8    3.2  1.00e+00  4  1h
2783  1.6048083e+03 2.48e-08 4.19e-02 7.50e-05  -3.8    2.7  1.00e+00  8  1h
2784  1.6048042e+03 2.22e-07 4.20e-02 7.50e-05  -3.8    2.2  1.00e+00 10  1h
2785  1.6048026e+03 3.15e-08 4.20e-02 7.50e-05  -3.8    2.7  1.00e+00  8  1h
2786  1.6048020e+03 7.85e-09 4.20e-02 7.50e-05  -3.8    3.1  1.00e+00  6  1h
2787  1.6048002e+03 3.98e-08 4.20e-02 7.50e-05  -3.8    2.6  1.00e+00  8  1h
2788  1.6047996e+03 7.08e-09 4.20e-02 7.50e-05  -3.8    3.0  1.00e+00  6  1h
2789  1.6047976e+03 5.04e-08 4.20e-02 7.50e-05  -3.8    2.6  1.00e+00 10  1h
iter    objective    inf_pr   inf_du inf_compl lg(mu) lg(rg) alpha_pr ir ls
2790  1.6047968e+03 7.15e-09 4.20e-02 7.50e-05  -3.8    3.0  1.00e+00  5  1h
2791  1.6047965e+03 6.11e-09 4.20e-02 7.50e-05  -3.8    3.4  1.00e+00  3  1h
2792  1.6047957e+03 9.07e-09 4.20e-02 7.50e-05  -3.8    2.9  1.00e+00  4  1h
2793  1.6047932e+03 8.06e-08 4.20e-02 7.50e-05  -3.8    2.5  1.00e+00  7  1h
2794  1.6047922e+03 1.14e-08 4.20e-02 7.50e-05  -3.8    2.9  1.00e+00  9  1h
2795  1.6047894e+03 1.02e-07 4.20e-02 7.50e-05  -3.8    2.4  1.00e+00 10  1h
2796  1.6047883e+03 1.44e-08 4.20e-02 7.50e-05  -3.8    2.8  1.00e+00  6  1h
2797  1.6047879e+03 4.53e-09 4.20e-02 7.50e-05  -3.8    3.3  1.00e+00  5  1h
2798  1.6047867e+03 1.82e-08 4.20e-02 7.50e-05  -3.8    2.8  1.00e+00  6  1h
2799  1.6047831e+03 1.63e-07 4.20e-02 7.50e-05  -3.8    2.3  1.00e+00  8  1h
iter    objective    inf_pr   inf_du inf_compl lg(mu) lg(rg) alpha_pr ir ls
2800  1.6047818e+03 2.30e-08 4.20e-02 7.50e-05  -3.8    2.7  1.00e+00 10  1h
2801  1.6047778e+03 2.06e-07 4.21e-02 7.50e-05  -3.8    2.2  1.00e+00 10  1h
2802  1.6047658e+03 1.86e-06 4.21e-02 7.50e-05  -3.8    1.8  1.00e+00 10  1h
2803  1.6047652e+03 8.83e-09 4.20e-02 7.50e-05  -3.8    3.1  1.00e+00  4  1h
2804  1.6047635e+03 3.68e-08 4.21e-02 7.50e-05  -3.8    2.6  1.00e+00  6  1h
2805  1.6047629e+03 6.87e-09 4.21e-02 7.50e-05  -3.8    3.0  1.00e+00  4  1h
2806  1.6047610e+03 4.55e-08 4.21e-02 7.50e-05  -3.8    2.6  1.00e+00  6  1h
2807  1.6047603e+03 6.45e-09 4.21e-02 7.50e-05  -3.8    3.0  1.00e+00  4  1h
2808  1.6047600e+03 6.10e-09 4.21e-02 7.50e-05  -3.8    3.4  1.00e+00  4  1h
2809  1.6047592e+03 8.12e-09 4.21e-02 7.50e-05  -3.8    2.9  1.00e+00  6  1h
iter    objective    inf_pr   inf_du inf_compl lg(mu) lg(rg) alpha_pr ir ls
2810  1.6047589e+03 5.39e-09 4.21e-02 7.50e-05  -3.8    3.4  1.00e+00  4  1h
2811  1.6047580e+03 1.03e-08 4.21e-02 7.50e-05  -3.8    2.9  1.00e+00  7  1h
2812  1.6047553e+03 9.21e-08 4.21e-02 7.50e-05  -3.8    2.4  1.00e+00  7  1h
2813  1.6047543e+03 1.29e-08 4.21e-02 7.50e-05  -3.8    2.8  1.00e+00 10  1h
2814  1.6047513e+03 1.16e-07 4.21e-02 7.50e-05  -3.8    2.4  1.00e+00 10  1h
2815  1.6047501e+03 1.63e-08 4.21e-02 7.50e-05  -3.8    2.8  1.00e+00  8  1h
2816  1.6047467e+03 1.47e-07 4.21e-02 7.50e-05  -3.8    2.3  1.00e+00 10  1h
2817  1.6047455e+03 2.09e-08 4.21e-02 7.50e-05  -3.8    2.7  1.00e+00 10  1h
2818  1.6047450e+03 4.59e-09 4.21e-02 7.50e-05  -3.8    3.2  1.00e+00  6  1h
2819  1.6047435e+03 2.64e-08 4.21e-02 7.50e-05  -3.8    2.7  1.00e+00  8  1h
iter    objective    inf_pr   inf_du inf_compl lg(mu) lg(rg) alpha_pr ir ls
2820  1.6047430e+03 4.35e-09 4.21e-02 7.50e-05  -3.8    3.1  1.00e+00  4  1h
2821  1.6047414e+03 3.35e-08 4.21e-02 7.50e-05  -3.8    2.6  1.00e+00  5  1h
2822  1.6047408e+03 4.75e-09 4.21e-02 7.50e-05  -3.8    3.1  1.00e+00  4  1h
2823  1.6047390e+03 4.24e-08 4.21e-02 7.50e-05  -3.8    2.6  1.00e+00 10  1h
2824  1.6047383e+03 6.01e-09 4.21e-02 7.50e-05  -3.8    3.0  1.00e+00  6  1h
2825  1.6047362e+03 5.36e-08 4.21e-02 7.50e-05  -3.8    2.5  1.00e+00  6  1h
2826  1.6047355e+03 7.60e-09 4.21e-02 7.50e-05  -3.8    3.0  1.00e+00  9  1h
2827  1.6047332e+03 6.79e-08 4.21e-02 7.50e-05  -3.8    2.5  1.00e+00  6  1h
2828  1.6047263e+03 6.13e-07 4.22e-02 7.50e-05  -3.8    2.0  1.00e+00 10  1h
2829  1.6047260e+03 5.51e-09 4.21e-02 7.50e-05  -3.8    3.3  1.00e+00  4  1h
iter    objective    inf_pr   inf_du inf_compl lg(mu) lg(rg) alpha_pr ir ls
2830  1.6047250e+03 1.23e-08 4.21e-02 7.50e-05  -3.8    2.9  1.00e+00  7  1h
2831  1.6047246e+03 4.89e-09 4.21e-02 7.50e-05  -3.8    3.3  1.00e+00  3  1h
2832  1.6047236e+03 1.53e-08 4.21e-02 7.50e-05  -3.8    2.8  1.00e+00  9  1h
2833  1.6047203e+03 1.37e-07 4.22e-02 7.50e-05  -3.8    2.3  1.00e+00  8  1h
2834  1.6047191e+03 1.94e-08 4.22e-02 7.50e-05  -3.8    2.8  1.00e+00  6  1h
2835  1.6047186e+03 4.65e-09 4.21e-02 7.50e-05  -3.8    3.2  1.00e+00  3  1h
2836  1.6047172e+03 2.44e-08 4.22e-02 7.50e-05  -3.8    2.7  1.00e+00  9  1h
2837  1.6047131e+03 2.19e-07 4.22e-02 7.50e-05  -3.8    2.2  1.00e+00 10  1h
2838  1.6047009e+03 1.99e-06 4.23e-02 7.50e-05  -3.8    1.8  1.00e+00 10  1h
2839  1.6047003e+03 8.21e-09 4.22e-02 7.50e-05  -3.8    3.1  1.00e+00  7  1h
iter    objective    inf_pr   inf_du inf_compl lg(mu) lg(rg) alpha_pr ir ls
2840  1.6046986e+03 3.96e-08 4.22e-02 7.50e-05  -3.8    2.6  1.00e+00 10  1h
2841  1.6046934e+03 3.53e-07 4.22e-02 7.50e-05  -3.8    2.1  1.00e+00 10  1h
2842  1.6046915e+03 4.99e-08 4.22e-02 7.50e-05  -3.8    2.6  1.00e+00  9  1h
2843  1.6046908e+03 7.94e-09 4.22e-02 7.50e-05  -3.8    3.0  1.00e+00  6  1h
2844  1.6046886e+03 6.35e-08 4.23e-02 7.50e-05  -3.8    2.5  1.00e+00  4  1h
2845  1.6046878e+03 8.93e-09 4.23e-02 7.50e-05  -3.8    2.9  1.00e+00  9  1h
2846  1.6046853e+03 8.06e-08 4.23e-02 7.50e-05  -3.8    2.4  1.00e+00  5  1h
2847  1.6046844e+03 1.13e-08 4.23e-02 7.50e-05  -3.8    2.9  1.00e+00  7  1h
2848  1.6046817e+03 1.02e-07 4.23e-02 7.50e-05  -3.8    2.4  1.00e+00 10  1h
2849  1.6046806e+03 1.43e-08 4.23e-02 7.50e-05  -3.8    2.8  1.00e+00 10  1h
iter    objective    inf_pr   inf_du inf_compl lg(mu) lg(rg) alpha_pr ir ls
2850  1.6046775e+03 1.29e-07 4.23e-02 7.50e-05  -3.8    2.3  1.00e+00 10  1h
2851  1.6046764e+03 1.81e-08 4.23e-02 7.50e-05  -3.8    2.8  1.00e+00 10  1h
2852  1.6046759e+03 5.84e-09 4.23e-02 7.50e-05  -3.8    3.2  1.00e+00  4  1h
2853  1.6046746e+03 2.31e-08 4.23e-02 7.50e-05  -3.8    2.7  1.00e+00  6  1h
2854  1.6046741e+03 5.31e-09 4.23e-02 7.50e-05  -3.8    3.1  1.00e+00  6  1h
2855  1.6046727e+03 2.94e-08 4.23e-02 7.50e-05  -3.8    2.7  1.00e+00  7  1h
2856  1.6046683e+03 2.63e-07 4.24e-02 7.50e-05  -3.8    2.2  1.00e+00  7  1h
2857  1.6046552e+03 2.36e-06 4.24e-02 7.50e-05  -3.8    1.7  1.00e+00 10  1h
2858  1.6046546e+03 9.11e-09 4.23e-02 7.50e-05  -3.8    3.0  1.00e+00  9  1h
2859  1.6046528e+03 4.74e-08 4.24e-02 7.50e-05  -3.8    2.6  1.00e+00 10  1h
iter    objective    inf_pr   inf_du inf_compl lg(mu) lg(rg) alpha_pr ir ls
2860  1.6046472e+03 4.24e-07 4.24e-02 7.50e-05  -3.8    2.1  1.00e+00  9  1h
2861  1.6046470e+03 8.12e-09 4.24e-02 7.50e-05  -3.8    3.4  1.00e+00  3  1h
2862  1.6046462e+03 8.49e-09 4.24e-02 7.50e-05  -3.8    2.9  1.00e+00 10  1h
2863  1.6046459e+03 7.43e-09 4.24e-02 7.50e-05  -3.8    3.4  1.00e+00  3  1h
2864  1.6046450e+03 1.08e-08 4.24e-02 7.50e-05  -3.8    2.9  1.00e+00  7  1h
2865  1.6046424e+03 9.73e-08 4.24e-02 7.50e-05  -3.8    2.4  1.00e+00 10  1h
2866  1.6046414e+03 1.36e-08 4.24e-02 7.50e-05  -3.8    2.8  1.00e+00  6  1h
2867  1.6046411e+03 5.72e-09 4.24e-02 7.50e-05  -3.8    3.3  1.00e+00  3  1h
2868  1.6046399e+03 1.73e-08 4.24e-02 7.50e-05  -3.8    2.8  1.00e+00 10  1h
2869  1.6046395e+03 5.18e-09 4.24e-02 7.50e-05  -3.8    3.2  1.00e+00  5  1h
iter    objective    inf_pr   inf_du inf_compl lg(mu) lg(rg) alpha_pr ir ls
2870  1.6046394e+03 5.04e-09 4.25e-02 7.50e-05  -3.8    3.6  1.00e+00  3  1h
2871  1.6046389e+03 4.68e-09 4.25e-02 7.50e-05  -3.8    3.2  1.00e+00  6  1h
2872  1.6046375e+03 2.79e-08 4.25e-02 7.50e-05  -3.8    2.7  1.00e+00 10  1h
2873  1.6046333e+03 2.50e-07 4.25e-02 7.50e-05  -3.8    2.2  1.00e+00 10  1h
2874  1.6046317e+03 3.50e-08 4.25e-02 7.50e-05  -3.8    2.6  1.00e+00  8  1h
2875  1.6046311e+03 4.95e-09 4.25e-02 7.50e-05  -3.8    3.1  1.00e+00  8  1h
2876  1.6046294e+03 4.46e-08 4.25e-02 7.50e-05  -3.8    2.6  1.00e+00 10  1h
2877  1.6046287e+03 6.27e-09 4.25e-02 7.50e-05  -3.8    3.0  1.00e+00  7  1h
2878  1.6046285e+03 3.67e-09 4.25e-02 7.50e-05  -3.8    3.4  1.00e+00  3  1h
2879  1.6046277e+03 7.97e-09 4.25e-02 7.50e-05  -3.8    3.0  1.00e+00  5  1h
iter    objective    inf_pr   inf_du inf_compl lg(mu) lg(rg) alpha_pr ir ls
2880  1.6046274e+03 3.48e-09 4.25e-02 7.50e-05  -3.8    3.4  1.00e+00  4  1h
2881  1.6046266e+03 1.01e-08 4.25e-02 7.50e-05  -3.8    2.9  1.00e+00  6  1h
2882  1.6046263e+03 3.32e-09 4.25e-02 7.50e-05  -3.8    3.3  1.00e+00  4  1h
2883  1.6046253e+03 1.28e-08 4.25e-02 7.50e-05  -3.8    2.9  1.00e+00  4  1h
2884  1.6046250e+03 3.20e-09 4.25e-02 7.50e-05  -3.8    3.3  1.00e+00  4  1h
2885  1.6046239e+03 1.62e-08 4.25e-02 7.50e-05  -3.8    2.8  1.00e+00  5  1h
2886  1.6046235e+03 3.10e-09 4.25e-02 7.50e-05  -3.8    3.2  1.00e+00  6  1h
2887  1.6046223e+03 2.05e-08 4.25e-02 7.50e-05  -3.8    2.8  1.00e+00  6  1h
2888  1.6046218e+03 3.01e-09 4.25e-02 7.50e-05  -3.8    3.2  1.00e+00  5  1h
2889  1.6046217e+03 2.95e-09 4.25e-02 7.50e-05  -3.8    3.6  1.00e+00  3  1h
iter    objective    inf_pr   inf_du inf_compl lg(mu) lg(rg) alpha_pr ir ls
2890  1.6046212e+03 3.65e-09 4.25e-02 7.50e-05  -3.8    3.1  1.00e+00  5  1h
2891  1.6046210e+03 2.82e-09 4.25e-02 7.50e-05  -3.8    3.6  1.00e+00  4  1h
2892  1.6046204e+03 4.62e-09 4.25e-02 7.50e-05  -3.8    3.1  1.00e+00  5  1h
2893  1.6046187e+03 4.15e-08 4.25e-02 7.50e-05  -3.8    2.6  1.00e+00  6  1h
2894  1.6046181e+03 5.82e-09 4.25e-02 7.50e-05  -3.8    3.0  1.00e+00  5  1h
2895  1.6046162e+03 5.24e-08 4.25e-02 7.50e-05  -3.8    2.6  1.00e+00 10  1h
2896  1.6046154e+03 7.36e-09 4.25e-02 7.50e-05  -3.8    3.0  1.00e+00  7  1h
2897  1.6046152e+03 2.70e-09 4.25e-02 7.50e-05  -3.8    3.4  1.00e+00  5  1h
2898  1.6046144e+03 9.33e-09 4.25e-02 7.50e-05  -3.8    2.9  1.00e+00  4  1h
2899  1.6046140e+03 2.58e-09 4.25e-02 7.50e-05  -3.8    3.4  1.00e+00  5  1h
iter    objective    inf_pr   inf_du inf_compl lg(mu) lg(rg) alpha_pr ir ls
2900  1.6046131e+03 1.18e-08 4.25e-02 7.50e-05  -3.8    2.9  1.00e+00  8  1h
2901  1.6046128e+03 2.48e-09 4.25e-02 7.50e-05  -3.8    3.3  1.00e+00  5  1h
2902  1.6046118e+03 1.49e-08 4.25e-02 7.50e-05  -3.8    2.8  1.00e+00  8  1h
2903  1.6046087e+03 1.34e-07 4.25e-02 7.50e-05  -3.8    2.3  1.00e+00  6  1h
2904  1.6046076e+03 1.88e-08 4.25e-02 7.50e-05  -3.8    2.8  1.00e+00 10  1h
2905  1.6046041e+03 1.69e-07 4.25e-02 7.50e-05  -3.8    2.3  1.00e+00 10  1h
2906  1.6045939e+03 1.51e-06 4.26e-02 7.50e-05  -3.8    1.8  1.00e+00 10  1h
2907  1.6045934e+03 6.68e-09 4.25e-02 7.50e-05  -3.8    3.1  1.00e+00  5  1h
2908  1.6045920e+03 3.03e-08 4.25e-02 7.50e-05  -3.8    2.7  1.00e+00  8  1h
2909  1.6045914e+03 5.38e-09 4.25e-02 7.50e-05  -3.8    3.1  1.00e+00  6  1h
iter    objective    inf_pr   inf_du inf_compl lg(mu) lg(rg) alpha_pr ir ls
2910  1.6045898e+03 3.84e-08 4.25e-02 7.50e-05  -3.8    2.6  1.00e+00  9  1h
2911  1.6045892e+03 5.40e-09 4.25e-02 7.50e-05  -3.8    3.0  1.00e+00  5  1h
2912  1.6045889e+03 4.89e-09 4.25e-02 7.50e-05  -3.8    3.5  1.00e+00  4  1h
2913  1.6045883e+03 6.88e-09 4.25e-02 7.50e-05  -3.8    3.0  1.00e+00  6  1h
2914  1.6045880e+03 4.39e-09 4.25e-02 7.50e-05  -3.8    3.4  1.00e+00  4  1h
2915  1.6045872e+03 8.71e-09 4.25e-02 7.50e-05  -3.8    2.9  1.00e+00  9  1h
2916  1.6045849e+03 7.80e-08 4.25e-02 7.50e-05  -3.8    2.5  1.00e+00 10  1h
2917  1.6045841e+03 1.09e-08 4.25e-02 7.50e-05  -3.8    2.9  1.00e+00  7  1h
2918  1.6045837e+03 3.54e-09 4.25e-02 7.50e-05  -3.8    3.3  1.00e+00  5  1h
2919  1.6045828e+03 1.38e-08 4.25e-02 7.50e-05  -3.8    2.8  1.00e+00  6  1h
iter    objective    inf_pr   inf_du inf_compl lg(mu) lg(rg) alpha_pr ir ls
2920  1.6045798e+03 1.24e-07 4.26e-02 7.50e-05  -3.8    2.4  1.00e+00  4  1h
2921  1.6045787e+03 1.74e-08 4.25e-02 7.50e-05  -3.8    2.8  1.00e+00  8  1h
2922  1.6045755e+03 1.57e-07 4.26e-02 7.50e-05  -3.8    2.3  1.00e+00 10  1h
2923  1.6045753e+03 4.13e-09 4.26e-02 7.50e-05  -3.8    3.6  1.00e+00  3  1h
2924  1.6045749e+03 3.66e-09 4.26e-02 7.50e-05  -3.8    3.2  1.00e+00  3  1h
2925  1.6045747e+03 3.58e-09 4.26e-02 7.50e-05  -3.8    3.6  1.00e+00  4  1h
2926  1.6045742e+03 3.96e-09 4.26e-02 7.50e-05  -3.8    3.1  1.00e+00  5  1h
2927  1.6045726e+03 3.55e-08 4.26e-02 7.50e-05  -3.8    2.6  1.00e+00  8  1h
2928  1.6045720e+03 4.99e-09 4.25e-02 7.50e-05  -3.8    3.1  1.00e+00  3  1h
2929  1.6045703e+03 4.49e-08 4.26e-02 7.50e-05  -3.8    2.6  1.00e+00  7  1h
iter    objective    inf_pr   inf_du inf_compl lg(mu) lg(rg) alpha_pr ir ls
2930  1.6045696e+03 6.31e-09 4.26e-02 7.50e-05  -3.8    3.0  1.00e+00  4  1h
2931  1.6045677e+03 5.68e-08 4.26e-02 7.50e-05  -3.8    2.5  1.00e+00 10  1h
2932  1.6045669e+03 7.98e-09 4.26e-02 7.50e-05  -3.8    3.0  1.00e+00  7  1h
2933  1.6045666e+03 3.15e-09 4.26e-02 7.50e-05  -3.8    3.4  1.00e+00  3  1h
2934  1.6045658e+03 1.01e-08 4.26e-02 7.50e-05  -3.8    2.9  1.00e+00 10  1h
2935  1.6045633e+03 9.11e-08 4.26e-02 7.50e-05  -3.8    2.4  1.00e+00 10  1h
2936  1.6045624e+03 1.28e-08 4.26e-02 7.50e-05  -3.8    2.9  1.00e+00  4  1h
2937  1.6045620e+03 3.13e-09 4.26e-02 7.50e-05  -3.8    3.3  1.00e+00  4  1h
2938  1.6045610e+03 1.63e-08 4.26e-02 7.50e-05  -3.8    2.8  1.00e+00  6  1h
2939  1.6045579e+03 1.46e-07 4.26e-02 7.50e-05  -3.8    2.3  1.00e+00  9  1h
iter    objective    inf_pr   inf_du inf_compl lg(mu) lg(rg) alpha_pr ir ls
2940  1.6045567e+03 2.05e-08 4.26e-02 7.50e-05  -3.8    2.8  1.00e+00 10  1h
2941  1.6045532e+03 1.85e-07 4.26e-02 7.50e-05  -3.8    2.3  1.00e+00 10  1h
2942  1.6045518e+03 2.59e-08 4.26e-02 7.50e-05  -3.8    2.7  1.00e+00  6  1h
2943  1.6045513e+03 4.21e-09 4.26e-02 7.50e-05  -3.8    3.1  1.00e+00  6  1h
2944  1.6045498e+03 3.31e-08 4.26e-02 7.50e-05  -3.8    2.7  1.00e+00 10  1h
2945  1.6045493e+03 4.66e-09 4.26e-02 7.50e-05  -3.8    3.1  1.00e+00  6  1h
2946  1.6045476e+03 4.20e-08 4.26e-02 7.50e-05  -3.8    2.6  1.00e+00 10  1h
2947  1.6045470e+03 5.90e-09 4.26e-02 7.50e-05  -3.8    3.0  1.00e+00  5  1h
2948  1.6045451e+03 5.32e-08 4.26e-02 7.50e-05  -3.8    2.6  1.00e+00 10  1h
2949  1.6045444e+03 7.47e-09 4.26e-02 7.50e-05  -3.8    3.0  1.00e+00 10  1h
iter    objective    inf_pr   inf_du inf_compl lg(mu) lg(rg) alpha_pr ir ls
2950  1.6045423e+03 6.74e-08 4.26e-02 7.50e-05  -3.8    2.5  1.00e+00  7  1h
2951  1.6045415e+03 9.46e-09 4.26e-02 7.50e-05  -3.8    2.9  1.00e+00  6  1h
2952  1.6045412e+03 3.65e-09 4.26e-02 7.50e-05  -3.8    3.4  1.00e+00  5  1h
2953  1.6045403e+03 1.20e-08 4.26e-02 7.50e-05  -3.8    2.9  1.00e+00  7  1h
2954  1.6045400e+03 3.41e-09 4.26e-02 7.50e-05  -3.8    3.3  1.00e+00  3  1h
2955  1.6045390e+03 1.53e-08 4.27e-02 7.50e-05  -3.8    2.8  1.00e+00  6  1h
2956  1.6045360e+03 1.37e-07 4.27e-02 7.50e-05  -3.8    2.3  1.00e+00  6  1h
2957  1.6045348e+03 1.92e-08 4.27e-02 7.50e-05  -3.8    2.8  1.00e+00  5  1h
2958  1.6045344e+03 3.77e-09 4.27e-02 7.50e-05  -3.8    3.2  1.00e+00  5  1h
2959  1.6045332e+03 2.45e-08 4.27e-02 7.50e-05  -3.8    2.7  1.00e+00 10  1h
iter    objective    inf_pr   inf_du inf_compl lg(mu) lg(rg) alpha_pr ir ls
2960  1.6045294e+03 2.20e-07 4.27e-02 7.50e-05  -3.8    2.2  1.00e+00 10  1h
2961  1.6045181e+03 1.97e-06 4.28e-02 7.50e-05  -3.8    1.8  1.00e+00 10  1h
2962  1.6045175e+03 8.42e-09 4.27e-02 7.50e-05  -3.8    3.1  1.00e+00 10  1h
2963  1.6045160e+03 3.97e-08 4.27e-02 7.50e-05  -3.8    2.6  1.00e+00  5  1h
2964  1.6045154e+03 6.69e-09 4.27e-02 7.50e-05  -3.8    3.0  1.00e+00  4  1h
2965  1.6045151e+03 6.20e-09 4.27e-02 7.50e-05  -3.8    3.5  1.00e+00  4  1h
2966  1.6045145e+03 7.17e-09 4.27e-02 7.50e-05  -3.8    3.0  1.00e+00  7  1h
2967  1.6045124e+03 6.44e-08 4.27e-02 7.50e-05  -3.8    2.5  1.00e+00 10  1h
2968  1.6045117e+03 9.04e-09 4.27e-02 7.50e-05  -3.8    2.9  1.00e+00  7  1h
2969  1.6045094e+03 8.13e-08 4.27e-02 7.50e-05  -3.8    2.5  1.00e+00 10  1h
iter    objective    inf_pr   inf_du inf_compl lg(mu) lg(rg) alpha_pr ir ls
2970  1.6045086e+03 1.14e-08 4.28e-02 7.50e-05  -3.8    2.9  1.00e+00  5  1h
2971  1.6045060e+03 1.03e-07 4.28e-02 7.50e-05  -3.8    2.4  1.00e+00  9  1h
2972  1.6044984e+03 9.19e-07 4.28e-02 7.50e-05  -3.8    1.9  1.00e+00 10  1h
2973  1.6044956e+03 1.28e-07 4.28e-02 7.50e-05  -3.8    2.4  1.00e+00  7  1h
2974  1.6044871e+03 1.16e-06 4.29e-02 7.50e-05  -3.8    1.9  1.00e+00 10  1h
2975  1.6044867e+03 9.82e-09 4.28e-02 7.50e-05  -3.8    3.2  1.00e+00  4  1h
2976  1.6044855e+03 2.34e-08 4.28e-02 7.50e-05  -3.8    2.7  1.00e+00  5  1h
2977  1.6044819e+03 2.10e-07 4.29e-02 7.50e-05  -3.8    2.3  1.00e+00 10  1h
2978  1.6044805e+03 2.95e-08 4.29e-02 7.50e-05  -3.8    2.7  1.00e+00 10  1h
2979  1.6044800e+03 7.94e-09 4.29e-02 7.50e-05  -3.8    3.1  1.00e+00  4  1h
iter    objective    inf_pr   inf_du inf_compl lg(mu) lg(rg) alpha_pr ir ls
2980  1.6044798e+03 7.74e-09 4.29e-02 7.50e-05  -3.8    3.5  1.00e+00  4  1h
2981  1.6044793e+03 7.24e-09 4.29e-02 7.50e-05  -3.8    3.1  1.00e+00  5  1h
2982  1.6044775e+03 4.81e-08 4.29e-02 7.50e-05  -3.8    2.6  1.00e+00 10  1h
2983  1.6044769e+03 6.76e-09 4.29e-02 7.50e-05  -3.8    3.0  1.00e+00  9  1h
2984  1.6044750e+03 6.09e-08 4.29e-02 7.50e-05  -3.8    2.5  1.00e+00  5  1h
2985  1.6044743e+03 8.56e-09 4.29e-02 7.50e-05  -3.8    3.0  1.00e+00  5  1h
2986  1.6044721e+03 7.71e-08 4.29e-02 7.50e-05  -3.8    2.5  1.00e+00  6  1h
2987  1.6044656e+03 6.90e-07 4.30e-02 7.50e-05  -3.8    2.0  1.00e+00 10  1h
2988  1.6044632e+03 9.64e-08 4.30e-02 7.50e-05  -3.8    2.4  1.00e+00 10  1h
2989  1.6044623e+03 1.37e-08 4.30e-02 7.50e-05  -3.8    2.9  1.00e+00  8  1h
iter    objective    inf_pr   inf_du inf_compl lg(mu) lg(rg) alpha_pr ir ls
2990  1.6044596e+03 1.23e-07 4.30e-02 7.50e-05  -3.8    2.4  1.00e+00  9  1h
2991  1.6044586e+03 1.73e-08 4.30e-02 7.50e-05  -3.8    2.8  1.00e+00  7  1h
2992  1.6044582e+03 6.64e-09 4.30e-02 7.50e-05  -3.8    3.2  1.00e+00  4  1h
2993  1.6044570e+03 2.21e-08 4.30e-02 7.50e-05  -3.8    2.8  1.00e+00  8  1h
2994  1.6044536e+03 1.98e-07 4.30e-02 7.50e-05  -3.8    2.3  1.00e+00  6  1h
2995  1.6044523e+03 2.78e-08 4.30e-02 7.50e-05  -3.8    2.7  1.00e+00  5  1h
2996  1.6044518e+03 6.37e-09 4.30e-02 7.50e-05  -3.8    3.1  1.00e+00  4  1h
2997  1.6044504e+03 3.54e-08 4.30e-02 7.50e-05  -3.8    2.7  1.00e+00 10  1h
2998  1.6044460e+03 3.18e-07 4.30e-02 7.50e-05  -3.8    2.2  1.00e+00 10  1h
2999  1.6044458e+03 6.87e-09 4.30e-02 7.50e-05  -3.8    3.5  1.00e+00  4  1h
iter    objective    inf_pr   inf_du inf_compl lg(mu) lg(rg) alpha_pr ir ls
3000  1.6044452e+03 6.32e-09 4.30e-02 7.50e-05  -3.8    3.0  1.00e+00  6  1h
3001  1.6044434e+03 5.68e-08 4.30e-02 7.50e-05  -3.8    2.5  1.00e+00 10  1h
3002  1.6044427e+03 7.98e-09 4.30e-02 7.50e-05  -3.8    3.0  1.00e+00  4  1h
3003  1.6044406e+03 7.19e-08 4.30e-02 7.50e-05  -3.8    2.5  1.00e+00 10  1h
3004  1.6044398e+03 1.01e-08 4.30e-02 7.50e-05  -3.8    2.9  1.00e+00  6  1h
3005  1.6044396e+03 5.29e-09 4.30e-02 7.50e-05  -3.8    3.4  1.00e+00  4  1h
3006  1.6044387e+03 1.29e-08 4.30e-02 7.50e-05  -3.8    2.9  1.00e+00  9  1h
3007  1.6044384e+03 4.68e-09 4.30e-02 7.50e-05  -3.8    3.3  1.00e+00  4  1h
3008  1.6044374e+03 1.63e-08 4.30e-02 7.50e-05  -3.8    2.8  1.00e+00  6  1h
3009  1.6044370e+03 4.41e-09 4.30e-02 7.50e-05  -3.8    3.2  1.00e+00  5  1h
iter    objective    inf_pr   inf_du inf_compl lg(mu) lg(rg) alpha_pr ir ls
3010  1.6044369e+03 3.94e-09 4.30e-02 7.50e-05  -3.8    3.7  1.00e+00  3  1h
3011  1.6044365e+03 3.73e-09 4.30e-02 7.50e-05  -3.8    3.2  1.00e+00  5  1h
3012  1.6044352e+03 2.61e-08 4.30e-02 7.50e-05  -3.8    2.7  1.00e+00  5  1h
3013  1.6044347e+03 4.05e-09 4.30e-02 7.50e-05  -3.8    3.1  1.00e+00  4  1h
3014  1.6044333e+03 3.31e-08 4.30e-02 7.50e-05  -3.8    2.7  1.00e+00  7  1h
3015  1.6044328e+03 4.65e-09 4.30e-02 7.50e-05  -3.8    3.1  1.00e+00  5  1h
3016  1.6044312e+03 4.18e-08 4.30e-02 7.50e-05  -3.8    2.6  1.00e+00 10  1h
3017  1.6044266e+03 3.75e-07 4.30e-02 7.50e-05  -3.8    2.1  1.00e+00 10  1h
3018  1.6044263e+03 5.69e-09 4.30e-02 7.50e-05  -3.8    3.5  1.00e+00  3  1h
3019  1.6044257e+03 7.45e-09 4.30e-02 7.50e-05  -3.8    3.0  1.00e+00  6  1h
iter    objective    inf_pr   inf_du inf_compl lg(mu) lg(rg) alpha_pr ir ls
3020  1.6044237e+03 6.69e-08 4.30e-02 7.50e-05  -3.8    2.5  1.00e+00  8  1h
3021  1.6044229e+03 9.39e-09 4.30e-02 7.50e-05  -3.8    2.9  1.00e+00  5  1h
3022  1.6044207e+03 8.46e-08 4.30e-02 7.50e-05  -3.8    2.5  1.00e+00 10  1h
3023  1.6044199e+03 1.19e-08 4.30e-02 7.50e-05  -3.8    2.9  1.00e+00  6  1h
3024  1.6044174e+03 1.07e-07 4.31e-02 7.50e-05  -3.8    2.4  1.00e+00 10  1h
3025  1.6044164e+03 1.50e-08 4.31e-02 7.50e-05  -3.8    2.8  1.00e+00  6  1h
3026  1.6044136e+03 1.35e-07 4.31e-02 7.50e-05  -3.8    2.4  1.00e+00  8  1h
3027  1.6044135e+03 5.11e-09 4.31e-02 7.50e-05  -3.8    3.7  1.00e+00  4  1h
3028  1.6044131e+03 4.63e-09 4.30e-02 7.50e-05  -3.8    3.2  1.00e+00  4  1h
3029  1.6044119e+03 2.42e-08 4.31e-02 7.50e-05  -3.8    2.7  1.00e+00  7  1h
iter    objective    inf_pr   inf_du inf_compl lg(mu) lg(rg) alpha_pr ir ls
3030  1.6044115e+03 4.40e-09 4.30e-02 7.50e-05  -3.8    3.2  1.00e+00  5  1h
3031  1.6044101e+03 3.06e-08 4.31e-02 7.50e-05  -3.8    2.7  1.00e+00  7  1h
3032  1.6044096e+03 4.33e-09 4.30e-02 7.50e-05  -3.8    3.1  1.00e+00  4  1h
3033  1.6044094e+03 3.83e-09 4.30e-02 7.50e-05  -3.8    3.5  1.00e+00  3  1h
3034  1.6044089e+03 5.45e-09 4.30e-02 7.50e-05  -3.8    3.1  1.00e+00  5  1h
3035  1.6044072e+03 4.90e-08 4.30e-02 7.50e-05  -3.8    2.6  1.00e+00  8  1h
3036  1.6044065e+03 6.87e-09 4.30e-02 7.50e-05  -3.8    3.0  1.00e+00  6  1h
3037  1.6044063e+03 3.73e-09 4.30e-02 7.50e-05  -3.8    3.4  1.00e+00  3  1h
3038  1.6044056e+03 8.72e-09 4.30e-02 7.50e-05  -3.8    3.0  1.00e+00  6  1h
3039  1.6044035e+03 7.83e-08 4.31e-02 7.50e-05  -3.8    2.5  1.00e+00  7  1h
iter    objective    inf_pr   inf_du inf_compl lg(mu) lg(rg) alpha_pr ir ls
3040  1.6044027e+03 1.10e-08 4.30e-02 7.50e-05  -3.8    2.9  1.00e+00  4  1h
3041  1.6044003e+03 9.89e-08 4.31e-02 7.50e-05  -3.8    2.4  1.00e+00 10  1h
3042  1.6043994e+03 1.39e-08 4.31e-02 7.50e-05  -3.8    2.9  1.00e+00  8  1h
3043  1.6043990e+03 4.28e-09 4.31e-02 7.50e-05  -3.8    3.3  1.00e+00  4  1h
3044  1.6043980e+03 1.77e-08 4.31e-02 7.50e-05  -3.8    2.8  1.00e+00  6  1h
3045  1.6043976e+03 3.88e-09 4.31e-02 7.50e-05  -3.8    3.2  1.00e+00  6  1h
3046  1.6043965e+03 2.24e-08 4.31e-02 7.50e-05  -3.8    2.8  1.00e+00  6  1h
3047  1.6043931e+03 2.01e-07 4.31e-02 7.50e-05  -3.8    2.3  1.00e+00 10  1h
3048  1.6043829e+03 1.80e-06 4.32e-02 7.50e-05  -3.8    1.8  1.00e+00 10  1h
3049  1.6043791e+03 2.51e-07 4.32e-02 7.50e-05  -3.8    2.2  1.00e+00 10  1h
iter    objective    inf_pr   inf_du inf_compl lg(mu) lg(rg) alpha_pr ir ls
3050  1.6043777e+03 3.58e-08 4.31e-02 7.50e-05  -3.8    2.7  1.00e+00  6  1h
3051  1.6043772e+03 7.93e-09 4.31e-02 7.50e-05  -3.8    3.1  1.00e+00  5  1h
3052  1.6043756e+03 4.60e-08 4.31e-02 7.50e-05  -3.8    2.6  1.00e+00  6  1h
3053  1.6043750e+03 7.09e-09 4.31e-02 7.50e-05  -3.8    3.0  1.00e+00  5  1h
3054  1.6043747e+03 6.29e-09 4.31e-02 7.50e-05  -3.8    3.5  1.00e+00  3  1h
3055  1.6043740e+03 8.28e-09 4.31e-02 7.50e-05  -3.8    3.0  1.00e+00  4  1h
3056  1.6043720e+03 7.43e-08 4.31e-02 7.50e-05  -3.8    2.5  1.00e+00 10  1h
3057  1.6043712e+03 1.04e-08 4.31e-02 7.50e-05  -3.8    2.9  1.00e+00  6  1h
3058  1.6043690e+03 9.36e-08 4.31e-02 7.50e-05  -3.8    2.4  1.00e+00 10  1h
3059  1.6043681e+03 1.31e-08 4.31e-02 7.50e-05  -3.8    2.9  1.00e+00 10  1h
iter    objective    inf_pr   inf_du inf_compl lg(mu) lg(rg) alpha_pr ir ls
3060  1.6043655e+03 1.18e-07 4.32e-02 7.50e-05  -3.8    2.4  1.00e+00  8  1h
3061  1.6043579e+03 1.06e-06 4.32e-02 7.50e-05  -3.8    1.9  1.00e+00 10  1h
3062  1.6043352e+03 9.52e-06 4.34e-02 7.50e-05  -3.8    1.4  1.00e+00 10  1h
3063  1.6043267e+03 1.32e-06 4.34e-02 7.50e-05  -3.8    1.9  1.00e+00 10  1h
3064  1.6043016e+03 1.23e-05 4.36e-02 7.50e-05  -3.8    1.4  1.00e+00 10  1h
3065  1.6042289e+03 1.15e-04 4.41e-02 7.50e-05  -3.8    0.9  1.00e+00 10  1h
3066  1.6042254e+03 3.66e-07 4.39e-02 7.50e-05  -3.8    2.2  1.00e+00  6  1h
3067  1.6042149e+03 2.64e-06 4.43e-02 7.50e-05  -3.8    1.8  1.00e+00 10  1h
3068  1.6042144e+03 5.20e-08 4.46e-02 7.50e-05  -3.8    3.1  1.00e+00  3  1h
3069  1.6042130e+03 5.73e-08 4.49e-02 7.50e-05  -3.8    2.6  1.00e+00 10  1h
iter    objective    inf_pr   inf_du inf_compl lg(mu) lg(rg) alpha_pr ir ls
3070  1.6042085e+03 5.18e-07 4.51e-02 7.50e-05  -3.8    2.1  1.00e+00 10  1h
3071  1.6041953e+03 4.46e-06 4.51e-02 7.50e-05  -3.8    1.7  1.00e+00 10  1h
3072  1.6041565e+03 3.76e-05 4.49e-02 7.50e-05  -3.8    1.2  1.00e+00 10  1h
3073  1.6040461e+03 3.41e-04 1.04e-01 7.50e-05  -3.8    0.7  1.00e+00 10  1h
3074  1.6040407e+03 1.24e-06 4.55e-02 7.50e-05  -3.8    2.0  1.00e+00  6  1h
3075  1.6040248e+03 7.69e-06 4.61e-02 7.50e-05  -3.8    1.6  1.00e+00 10  1h
3076  1.6039786e+03 6.57e-05 4.63e-02 7.50e-05  -3.8    1.1  1.00e+00 10  1h
3077  1.6039612e+03 8.70e-06 4.64e-02 7.50e-05  -3.8    1.5  1.00e+00 10  1h
3078  1.6039546e+03 1.30e-06 4.66e-02 7.50e-05  -3.8    1.9  1.00e+00  8  1h
3079  1.6039350e+03 1.19e-05 4.68e-02 7.50e-05  -3.8    1.5  1.00e+00 10  1h
iter    objective    inf_pr   inf_du inf_compl lg(mu) lg(rg) alpha_pr ir ls
3080  1.6038780e+03 1.07e-04 4.81e-02 7.50e-05  -3.8    1.0  1.00e+00 10  1h
3081  1.6038752e+03 2.78e-07 4.70e-02 7.50e-05  -3.8    2.3  1.00e+00  6  1h
3082  1.6038669e+03 2.26e-06 4.75e-02 7.50e-05  -3.8    1.8  1.00e+00 10  1h
3083  1.6038426e+03 1.96e-05 4.75e-02 7.50e-05  -3.8    1.4  1.00e+00 10  1h
3084  1.6038335e+03 2.63e-06 4.75e-02 7.50e-05  -3.8    1.8  1.00e+00 10  1h
3085  1.6038064e+03 2.40e-05 4.76e-02 7.50e-05  -3.8    1.3  1.00e+00 10  1h
3086  1.6037288e+03 2.19e-04 1.09e-01 7.50e-05  -3.8    0.8  1.00e+00 10  1h
3087  1.6037250e+03 7.00e-07 4.82e-02 7.50e-05  -3.8    2.2  1.00e+00  7  1h
3088  1.6037248e+03 6.26e-08 4.96e-02 7.50e-05  -3.8    3.5  1.00e+00  2  1h
3089  1.6037242e+03 5.52e-08 5.06e-02 7.50e-05  -3.8    3.0  1.00e+00 10  1h
iter    objective    inf_pr   inf_du inf_compl lg(mu) lg(rg) alpha_pr ir ls
3090  1.6037225e+03 1.42e-07 5.03e-02 7.50e-05  -3.8    2.5  1.00e+00  5  1h
3091  1.6037219e+03 5.59e-08 5.06e-02 7.50e-05  -3.8    3.0  1.00e+00  4  1h
3092  1.6037200e+03 1.63e-07 5.05e-02 7.50e-05  -3.8    2.5  1.00e+00 10  1h
3093  1.6037193e+03 5.13e-08 5.03e-02 7.50e-05  -3.8    2.9  1.00e+00  4  1h
3094  1.6037171e+03 1.99e-07 5.01e-02 7.50e-05  -3.8    2.4  1.00e+00  5  1h
3095  1.6037108e+03 1.63e-06 4.96e-02 7.50e-05  -3.8    2.0  1.00e+00 10  1h
3096  1.6037085e+03 2.18e-07 4.91e-02 7.50e-05  -3.8    2.4  1.00e+00  6  1h
3097  1.6037076e+03 4.55e-08 4.86e-02 7.50e-05  -3.8    2.8  1.00e+00  7  1h
3098  1.6037049e+03 2.54e-07 4.84e-02 7.50e-05  -3.8    2.3  1.00e+00  5  1h
3099  1.6037039e+03 3.91e-08 4.82e-02 7.50e-05  -3.8    2.8  1.00e+00  7  1h
iter    objective    inf_pr   inf_du inf_compl lg(mu) lg(rg) alpha_pr ir ls
3100  1.6037035e+03 3.79e-08 4.80e-02 7.50e-05  -3.8    3.2  1.00e+00  5  1h
3101  1.6037024e+03 4.24e-08 4.79e-02 7.50e-05  -3.8    2.7  1.00e+00  7  1h
3102  1.6037019e+03 3.45e-08 4.78e-02 7.50e-05  -3.8    3.1  1.00e+00  4  1h
3103  1.6037006e+03 5.20e-08 4.78e-02 7.50e-05  -3.8    2.6  1.00e+00  9  1h
3104  1.6037001e+03 3.24e-08 4.77e-02 7.50e-05  -3.8    3.1  1.00e+00  4  1h
3105  1.6036987e+03 6.50e-08 4.77e-02 7.50e-05  -3.8    2.6  1.00e+00  7  1h
3106  1.6036981e+03 3.17e-08 4.76e-02 7.50e-05  -3.8    3.0  1.00e+00  2  1h
3107  1.6036964e+03 8.18e-08 4.76e-02 7.50e-05  -3.8    2.5  1.00e+00  9  1h
3108  1.6036914e+03 7.22e-07 4.76e-02 7.50e-05  -3.8    2.1  1.00e+00  8  1h
3109  1.6036895e+03 1.01e-07 4.75e-02 7.50e-05  -3.8    2.5  1.00e+00  8  1h
iter    objective    inf_pr   inf_du inf_compl lg(mu) lg(rg) alpha_pr ir ls
3110  1.6036839e+03 8.91e-07 4.74e-02 7.50e-05  -3.8    2.0  1.00e+00 10  1h
3111  1.6036818e+03 1.24e-07 4.73e-02 7.50e-05  -3.8    2.4  1.00e+00  5  1h
3112  1.6036755e+03 1.09e-06 4.72e-02 7.50e-05  -3.8    2.0  1.00e+00 10  1h
3113  1.6036571e+03 9.64e-06 4.71e-02 7.50e-05  -3.8    1.5  1.00e+00 10  1h
3114  1.6036045e+03 8.66e-05 4.72e-02 7.50e-05  -3.8    1.0  1.00e+00 10  1h
3115  1.6036042e+03 5.29e-08 4.97e-02 7.50e-05  -3.8    3.2  1.00e+00  3  1h
3116  1.6036032e+03 4.75e-08 4.85e-02 7.50e-05  -3.8    2.8  1.00e+00 10  1h
3117  1.6036004e+03 3.03e-07 4.73e-02 7.50e-05  -3.8    2.3  1.00e+00 10  1h
3118  1.6035993e+03 3.85e-08 4.74e-02 7.50e-05  -3.8    2.7  1.00e+00  5  1h
3119  1.6035961e+03 3.25e-07 4.71e-02 7.50e-05  -3.8    2.2  1.00e+00  4  1h
iter    objective    inf_pr   inf_du inf_compl lg(mu) lg(rg) alpha_pr ir ls
3120  1.6035868e+03 2.70e-06 4.66e-02 7.50e-05  -3.8    1.8  1.00e+00 10  1h
3121  1.6035597e+03 2.33e-05 4.64e-02 7.50e-05  -3.8    1.3  1.00e+00 10  1h
3122  1.6034823e+03 2.13e-04 9.18e-02 7.50e-05  -3.8    0.8  1.00e+00 10  1h
3123  1.6032721e+03 2.28e-03 9.77e-01 7.50e-05  -3.8    0.3  1.00e+00 10  1h
3124  1.6032613e+03 2.08e-05 1.78e-01 7.52e-05  -3.8    1.7  1.00e+00 10  1h
3125  1.6032303e+03 6.80e-05 2.62e-01 7.50e-05  -3.8    1.2  1.00e+00 10  1h
3126  1.6031418e+03 4.54e-04 5.07e-01 7.50e-05  -3.8    0.7  1.00e+00 10  1h
3127  1.6031374e+03 1.62e-06 5.00e-02 7.50e-05  -3.8    2.0  1.00e+00 10  1h
3128  1.6031241e+03 8.74e-06 5.68e-02 7.50e-05  -3.8    1.6  1.00e+00 10  1h
3129  1.6031235e+03 3.48e-07 4.81e-02 7.50e-05  -3.8    2.9  1.00e+00  3  1h
iter    objective    inf_pr   inf_du inf_compl lg(mu) lg(rg) alpha_pr ir ls
3130  1.6031215e+03 3.22e-07 4.89e-02 7.50e-05  -3.8    2.4  1.00e+00 10  1h
3131  1.6031207e+03 2.91e-07 5.01e-02 7.50e-05  -3.8    2.8  1.00e+00  3  1h
3132  1.6031183e+03 3.65e-07 5.09e-02 7.50e-05  -3.8    2.4  1.00e+00  6  1h
3133  1.6031174e+03 2.16e-07 5.32e-02 7.50e-05  -3.8    2.8  1.00e+00  6  1h
3134  1.6031146e+03 5.74e-07 5.38e-02 7.50e-05  -3.8    2.3  1.00e+00  7  1h
3135  1.6031062e+03 4.94e-06 5.20e-02 7.50e-05  -3.8    1.8  1.00e+00 10  1h
3136  1.6031058e+03 1.27e-07 5.12e-02 7.50e-05  -3.8    3.2  1.00e+00  3  1h
3137  1.6031046e+03 1.17e-07 5.30e-02 7.50e-05  -3.8    2.7  1.00e+00 10  1h
3138  1.6031010e+03 9.12e-07 5.28e-02 7.50e-05  -3.8    2.2  1.00e+00  9  1h
3139  1.6030996e+03 1.39e-07 5.27e-02 7.50e-05  -3.8    2.6  1.00e+00  3  1h
iter    objective    inf_pr   inf_du inf_compl lg(mu) lg(rg) alpha_pr ir ls
3140  1.6030954e+03 1.20e-06 5.24e-02 7.50e-05  -3.8    2.2  1.00e+00  8  1h
3141  1.6030831e+03 8.49e-06 5.06e-02 7.50e-05  -3.8    1.7  1.00e+00 10  1h
3142  1.6030785e+03 9.07e-07 4.88e-02 7.50e-05  -3.8    2.1  1.00e+00  8  1h
3143  1.6030650e+03 6.70e-06 4.74e-02 7.50e-05  -3.8    1.6  1.00e+00 10  1h
3144  1.6030643e+03 1.05e-07 4.53e-02 7.50e-05  -3.8    3.0  1.00e+00  3  1h
3145  1.6030624e+03 1.24e-07 4.43e-02 7.50e-05  -3.8    2.5  1.00e+00  8  1h
3146  1.6030568e+03 8.41e-07 4.39e-02 7.50e-05  -3.8    2.0  1.00e+00 10  1h
3147  1.6030406e+03 6.98e-06 4.38e-02 7.50e-05  -3.8    1.5  1.00e+00 10  1h
3148  1.6029957e+03 6.34e-05 7.00e-02 7.50e-05  -3.8    1.0  1.00e+00 10  1h
3149  1.6028782e+03 5.08e-04 3.97e-01 7.50e-05  -3.8    0.6  1.00e+00 10  1h
iter    objective    inf_pr   inf_du inf_compl lg(mu) lg(rg) alpha_pr ir ls
3150  1.6028725e+03 2.64e-06 5.16e-02 7.50e-05  -3.8    1.9  1.00e+00  6  1h
3151  1.6028722e+03 2.04e-07 4.44e-02 7.50e-05  -3.8    3.2  1.00e+00  3  1h
3152  1.6028714e+03 1.87e-07 4.23e-02 7.50e-05  -3.8    2.8  1.00e+00  4  1h
3153  1.6028711e+03 1.74e-07 4.27e-02 7.50e-05  -3.8    3.2  1.00e+00  3  1h
3154  1.6028701e+03 1.72e-07 4.10e-02 7.50e-05  -3.8    2.7  1.00e+00 10  1h
3155  1.6028698e+03 1.70e-07 4.04e-02 7.50e-05  -3.8    3.1  1.00e+00  3  1h
3156  1.6028688e+03 1.70e-07 3.81e-02 7.50e-05  -3.8    2.6  1.00e+00  3  1h
3157  1.6028684e+03 1.66e-07 3.70e-02 7.50e-05  -3.8    3.1  1.00e+00  3  1h
3158  1.6028673e+03 1.63e-07 3.47e-02 7.50e-05  -3.8    2.6  1.00e+00 10  1h
3159  1.6028669e+03 1.58e-07 3.35e-02 7.50e-05  -3.8    3.0  1.00e+00  3  1h
iter    objective    inf_pr   inf_du inf_compl lg(mu) lg(rg) alpha_pr ir ls
3160  1.6028659e+03 1.53e-07 3.14e-02 7.50e-05  -3.8    2.5  1.00e+00  3  1h
3161  1.6028655e+03 1.47e-07 3.03e-02 7.50e-05  -3.8    3.0  1.00e+00  4  1h
3162  1.6028653e+03 1.40e-07 3.03e-02 7.50e-05  -3.8    3.4  1.00e+00  3  1h
3163  1.6028649e+03 1.32e-07 2.92e-02 7.50e-05  -3.8    2.9  1.00e+00  3  1h
3164  1.6028637e+03 1.24e-07 2.85e-02 7.50e-05  -3.8    2.4  1.00e+00  4  1h
3165  1.6028602e+03 7.09e-07 2.73e-02 7.50e-05  -3.8    2.0  1.00e+00 10  1h
3166  1.6028589e+03 1.05e-07 2.69e-02 7.50e-05  -3.8    2.4  1.00e+00  4  1h
3167  1.6028584e+03 9.79e-08 2.75e-02 7.50e-05  -3.8    2.8  1.00e+00  3  1h
3168  1.6028582e+03 9.23e-08 2.86e-02 7.50e-05  -3.8    3.2  1.00e+00  5  1h
3169  1.6028577e+03 8.82e-08 2.98e-02 7.50e-05  -3.8    2.8  1.00e+00  7  1h
iter    objective    inf_pr   inf_du inf_compl lg(mu) lg(rg) alpha_pr ir ls
3170  1.6028560e+03 1.49e-07 3.02e-02 7.50e-05  -3.8    2.3  1.00e+00 10  1h
3171  1.6028554e+03 7.81e-08 3.05e-02 7.50e-05  -3.8    2.7  1.00e+00  6  1h
3172  1.6028534e+03 1.88e-07 3.07e-02 7.50e-05  -3.8    2.2  1.00e+00  4  1h
3173  1.6028476e+03 1.73e-06 3.07e-02 7.50e-05  -3.8    1.8  1.00e+00 10  1h
3174  1.6028473e+03 6.44e-08 3.05e-02 7.50e-05  -3.8    3.1  1.00e+00  3  1h
3175  1.6028465e+03 6.30e-08 3.10e-02 7.50e-05  -3.8    2.6  1.00e+00  6  1h
3176  1.6028462e+03 6.21e-08 3.14e-02 7.50e-05  -3.8    3.0  1.00e+00  3  1h
3177  1.6028452e+03 5.79e-08 3.21e-02 7.50e-05  -3.8    2.6  1.00e+00  6  1h
3178  1.6028422e+03 3.94e-07 3.26e-02 7.50e-05  -3.8    2.1  1.00e+00  8  1h
3179  1.6028411e+03 5.43e-08 3.30e-02 7.50e-05  -3.8    2.5  1.00e+00  3  1h
iter    objective    inf_pr   inf_du inf_compl lg(mu) lg(rg) alpha_pr ir ls
3180  1.6028407e+03 5.39e-08 3.35e-02 7.50e-05  -3.8    2.9  1.00e+00  4  1h
3181  1.6028405e+03 5.35e-08 3.40e-02 7.50e-05  -3.8    3.4  1.00e+00  4  1h
3182  1.6028400e+03 5.29e-08 3.46e-02 7.50e-05  -3.8    2.9  1.00e+00  4  1h
3183  1.6028385e+03 8.68e-08 3.51e-02 7.50e-05  -3.8    2.4  1.00e+00 10  1h
3184  1.6028379e+03 5.07e-08 3.55e-02 7.50e-05  -3.8    2.8  1.00e+00  5  1h
3185  1.6028362e+03 1.11e-07 3.59e-02 7.50e-05  -3.8    2.4  1.00e+00  7  1h
3186  1.6028356e+03 4.75e-08 3.62e-02 7.50e-05  -3.8    2.8  1.00e+00  6  1h
3187  1.6028336e+03 1.53e-07 3.65e-02 7.50e-05  -3.8    2.3  1.00e+00  8  1h
3188  1.6028328e+03 4.41e-08 3.67e-02 7.50e-05  -3.8    2.7  1.00e+00  9  1h
3189  1.6028306e+03 2.04e-07 3.69e-02 7.50e-05  -3.8    2.3  1.00e+00 10  1h
iter    objective    inf_pr   inf_du inf_compl lg(mu) lg(rg) alpha_pr ir ls
3190  1.6028238e+03 1.78e-06 3.68e-02 7.50e-05  -3.8    1.8  1.00e+00 10  1h
3191  1.6028040e+03 1.45e-05 3.65e-02 7.50e-05  -3.8    1.3  1.00e+00 10  1h
3192  1.6027966e+03 2.02e-06 3.63e-02 7.50e-05  -3.8    1.7  1.00e+00  8  1h
3193  1.6027938e+03 2.96e-07 3.64e-02 7.50e-05  -3.8    2.2  1.00e+00 10  1h
3194  1.6027855e+03 2.67e-06 3.67e-02 7.50e-05  -3.8    1.7  1.00e+00 10  1h
3195  1.6027851e+03 6.93e-08 3.68e-02 7.50e-05  -3.8    3.0  1.00e+00  3  1h
3196  1.6027850e+03 6.94e-08 3.71e-02 7.50e-05  -3.8    3.4  1.00e+00  3  1h
3197  1.6027845e+03 6.90e-08 3.78e-02 7.50e-05  -3.8    3.0  1.00e+00  5  1h
3198  1.6027831e+03 9.78e-08 3.89e-02 7.50e-05  -3.8    2.5  1.00e+00  8  1h
3199  1.6027790e+03 8.22e-07 3.89e-02 7.50e-05  -3.8    2.0  1.00e+00 10  1h
iter    objective    inf_pr   inf_du inf_compl lg(mu) lg(rg) alpha_pr ir ls
3200  1.6027668e+03 6.07e-06 3.83e-02 7.50e-05  -3.8    1.5  1.00e+00 10  1h
3201  1.6027310e+03 5.08e-05 5.19e-02 7.50e-05  -3.8    1.0  1.00e+00 10  1h
3202  1.6027292e+03 1.45e-07 3.75e-02 7.50e-05  -3.8    2.4  1.00e+00 10  1h
3203  1.6027286e+03 5.14e-08 3.75e-02 7.50e-05  -3.8    2.8  1.00e+00  5  1h
3204  1.6027266e+03 1.62e-07 3.76e-02 7.50e-05  -3.8    2.3  1.00e+00 10  1h
3205  1.6027258e+03 4.21e-08 3.77e-02 7.50e-05  -3.8    2.8  1.00e+00 10  1h
3206  1.6027236e+03 1.97e-07 3.80e-02 7.50e-05  -3.8    2.3  1.00e+00  9  1h
3207  1.6027168e+03 1.68e-06 3.79e-02 7.50e-05  -3.8    1.8  1.00e+00 10  1h
3208  1.6027143e+03 2.27e-07 3.81e-02 7.50e-05  -3.8    2.2  1.00e+00  9  1h
3209  1.6027133e+03 3.81e-08 3.84e-02 7.50e-05  -3.8    2.6  1.00e+00 10  1h
iter    objective    inf_pr   inf_du inf_compl lg(mu) lg(rg) alpha_pr ir ls
3210  1.6027104e+03 2.90e-07 3.87e-02 7.50e-05  -3.8    2.2  1.00e+00  7  1h
3211  1.6027094e+03 4.28e-08 3.90e-02 7.50e-05  -3.8    2.6  1.00e+00  6  1h
3212  1.6027090e+03 3.52e-08 3.94e-02 7.50e-05  -3.8    3.0  1.00e+00  4  1h
3213  1.6027077e+03 5.83e-08 3.98e-02 7.50e-05  -3.8    2.5  1.00e+00  7  1h
3214  1.6027073e+03 3.38e-08 4.01e-02 7.50e-05  -3.8    3.0  1.00e+00 10  1h
3215  1.6027059e+03 7.66e-08 4.04e-02 7.50e-05  -3.8    2.5  1.00e+00  8  1h
3216  1.6027054e+03 3.24e-08 4.06e-02 7.50e-05  -3.8    2.9  1.00e+00  5  1h
3217  1.6027038e+03 1.05e-07 4.08e-02 7.50e-05  -3.8    2.4  1.00e+00 10  1h
3218  1.6027032e+03 3.08e-08 4.10e-02 7.50e-05  -3.8    2.9  1.00e+00  8  1h
3219  1.6027015e+03 1.35e-07 4.10e-02 7.50e-05  -3.8    2.4  1.00e+00 10  1h
iter    objective    inf_pr   inf_du inf_compl lg(mu) lg(rg) alpha_pr ir ls
3220  1.6027008e+03 2.91e-08 4.11e-02 7.50e-05  -3.8    2.8  1.00e+00  7  1h
3221  1.6026988e+03 1.67e-07 4.10e-02 7.50e-05  -3.8    2.3  1.00e+00  4  1h
3222  1.6026981e+03 2.71e-08 4.10e-02 7.50e-05  -3.8    2.8  1.00e+00  9  1h
3223  1.6026959e+03 2.00e-07 4.08e-02 7.50e-05  -3.8    2.3  1.00e+00  4  1h
3224  1.6026950e+03 2.73e-08 4.07e-02 7.50e-05  -3.8    2.7  1.00e+00 10  1h
3225  1.6026947e+03 2.43e-08 4.07e-02 7.50e-05  -3.8    3.1  1.00e+00  5  1h
3226  1.6026938e+03 3.37e-08 4.07e-02 7.50e-05  -3.8    2.7  1.00e+00  8  1h
3227  1.6026934e+03 2.26e-08 4.07e-02 7.50e-05  -3.8    3.1  1.00e+00  6  1h
3228  1.6026924e+03 4.26e-08 4.07e-02 7.50e-05  -3.8    2.6  1.00e+00 10  1h
3229  1.6026893e+03 3.74e-07 4.05e-02 7.50e-05  -3.8    2.1  1.00e+00 10  1h
iter    objective    inf_pr   inf_du inf_compl lg(mu) lg(rg) alpha_pr ir ls
3230  1.6026881e+03 5.07e-08 4.03e-02 7.50e-05  -3.8    2.6  1.00e+00 10  1h
3231  1.6026846e+03 4.36e-07 4.01e-02 7.50e-05  -3.8    2.1  1.00e+00 10  1h
3232  1.6026743e+03 3.86e-06 3.97e-02 7.50e-05  -3.8    1.6  1.00e+00 10  1h
3233  1.6026446e+03 3.54e-05 3.94e-02 7.50e-05  -3.8    1.1  1.00e+00 10  1h
3234  1.6025623e+03 3.39e-04 1.19e-01 7.50e-05  -3.8    0.7  1.00e+00 10  1h
3235  1.6025320e+03 4.59e-05 5.61e-02 7.50e-05  -3.8    1.1  1.00e+00 10  1h
3236  1.6024470e+03 4.57e-04 2.00e-01 7.50e-05  -3.8    0.6  1.00e+00 10  1h
3237  1.6022184e+03 5.05e-03 2.37e+00 7.50e-05  -3.8    0.1  1.00e+00 10  1h
3238  1.6022063e+03 8.44e-05 6.48e-01 7.51e-05  -3.8    1.5  1.00e+00 10  1h
3239  1.6022056e+03 6.19e-07 6.37e-02 7.50e-05  -3.8    2.8  1.00e+00  6  1h
iter    objective    inf_pr   inf_du inf_compl lg(mu) lg(rg) alpha_pr ir ls
3240  1.6022054e+03 5.95e-07 6.91e-02 7.50e-05  -3.8    3.2  1.00e+00  2  1h
3241  1.6022045e+03 6.40e-07 6.72e-02 7.50e-05  -3.8    2.7  1.00e+00  4  1h
3242  1.6022021e+03 3.42e-06 6.03e-02 7.50e-05  -3.8    2.3  1.00e+00  5  1h
3243  1.6022012e+03 4.66e-07 5.90e-02 7.50e-05  -3.8    2.7  1.00e+00  4  1h
3244  1.6021985e+03 1.66e-06 5.75e-02 7.50e-05  -3.8    2.2  1.00e+00 10  1h
3245  1.6021975e+03 3.86e-07 5.77e-02 7.50e-05  -3.8    2.6  1.00e+00  4  1h
3246  1.6021946e+03 1.50e-06 5.61e-02 7.50e-05  -3.8    2.2  1.00e+00 10  1h
3247  1.6021934e+03 3.08e-07 5.68e-02 7.50e-05  -3.8    2.6  1.00e+00  4  1h
3248  1.6021900e+03 1.90e-06 5.53e-02 7.50e-05  -3.8    2.1  1.00e+00  6  1h
3249  1.6021899e+03 2.34e-07 6.64e-02 7.50e-05  -3.8    3.4  1.00e+00  3  1h
iter    objective    inf_pr   inf_du inf_compl lg(mu) lg(rg) alpha_pr ir ls
3250  1.6021894e+03 2.04e-07 6.66e-02 7.50e-05  -3.8    3.0  1.00e+00  4  1h
3251  1.6021879e+03 6.81e-07 6.27e-02 7.50e-05  -3.8    2.5  1.00e+00 10  1h
3252  1.6021833e+03 4.12e-06 5.80e-02 7.50e-05  -3.8    2.0  1.00e+00 10  1h
3253  1.6021815e+03 5.04e-07 5.66e-02 7.50e-05  -3.8    2.4  1.00e+00  6  1h
3254  1.6021809e+03 8.87e-08 5.65e-02 7.50e-05  -3.8    2.9  1.00e+00  4  1h
3255  1.6021789e+03 5.69e-07 5.45e-02 7.50e-05  -3.8    2.4  1.00e+00 10  1h
3256  1.6021781e+03 8.19e-08 5.39e-02 7.50e-05  -3.8    2.8  1.00e+00  9  1h
3257  1.6021758e+03 6.26e-07 5.26e-02 7.50e-05  -3.8    2.3  1.00e+00 10  1h
3258  1.6021688e+03 4.22e-06 5.18e-02 7.50e-05  -3.8    1.8  1.00e+00 10  1h
3259  1.6021661e+03 4.76e-07 4.70e-02 7.50e-05  -3.8    2.3  1.00e+00  5  1h
iter    objective    inf_pr   inf_du inf_compl lg(mu) lg(rg) alpha_pr ir ls
3260  1.6021583e+03 3.34e-06 4.45e-02 7.50e-05  -3.8    1.8  1.00e+00 10  1h
3261  1.6021359e+03 2.11e-05 1.47e-01 7.50e-05  -3.8    1.3  1.00e+00 10  1h
3262  1.6020768e+03 1.46e-04 4.24e-01 7.50e-05  -3.8    0.8  1.00e+00 10  1h
3263  1.6020556e+03 2.02e-05 1.08e-01 7.50e-05  -3.8    1.3  1.00e+00 10  1h
3264  1.6020479e+03 3.15e-06 3.13e-02 7.50e-05  -3.8    1.7  1.00e+00 10  1h
3265  1.6020263e+03 2.84e-05 3.07e-02 7.50e-05  -3.8    1.2  1.00e+00 10  1h
3266  1.6020253e+03 2.15e-07 2.98e-02 7.50e-05  -3.8    2.5  1.00e+00  4  1h
3267  1.6020224e+03 6.24e-07 2.92e-02 7.50e-05  -3.8    2.1  1.00e+00 10  1h
3268  1.6020142e+03 5.38e-06 3.00e-02 7.50e-05  -3.8    1.6  1.00e+00 10  1h
3269  1.6019911e+03 4.74e-05 3.20e-02 7.50e-05  -3.8    1.1  1.00e+00 10  1h
iter    objective    inf_pr   inf_du inf_compl lg(mu) lg(rg) alpha_pr ir ls
3270  1.6019901e+03 1.39e-07 3.20e-02 7.50e-05  -3.8    2.4  1.00e+00 10  1h
3271  1.6019870e+03 1.08e-06 3.16e-02 7.50e-05  -3.8    2.0  1.00e+00 10  1h
3272  1.6019783e+03 9.11e-06 3.20e-02 7.50e-05  -3.8    1.5  1.00e+00 10  1h
3273  1.6019528e+03 8.00e-05 3.26e-02 7.50e-05  -3.8    1.0  1.00e+00 10  1h
3274  1.6019516e+03 1.94e-07 3.28e-02 7.50e-05  -3.8    2.3  1.00e+00 10  1h
3275  1.6019511e+03 1.06e-07 3.23e-02 7.50e-05  -3.8    2.8  1.00e+00  4  1h
3276  1.6019498e+03 3.00e-07 3.19e-02 7.50e-05  -3.8    2.3  1.00e+00 10  1h
3277  1.6019459e+03 2.37e-06 3.21e-02 7.50e-05  -3.8    1.8  1.00e+00 10  1h
3278  1.6019445e+03 3.09e-07 3.21e-02 7.50e-05  -3.8    2.2  1.00e+00  8  1h
3279  1.6019439e+03 8.04e-08 3.21e-02 7.50e-05  -3.8    2.7  1.00e+00  4  1h
iter    objective    inf_pr   inf_du inf_compl lg(mu) lg(rg) alpha_pr ir ls
3280  1.6019437e+03 7.83e-08 3.20e-02 7.50e-05  -3.8    3.1  1.00e+00  3  1h
3281  1.6019432e+03 7.57e-08 3.21e-02 7.50e-05  -3.8    2.6  1.00e+00  4  1h
3282  1.6019414e+03 4.83e-07 3.26e-02 7.50e-05  -3.8    2.1  1.00e+00 10  1h
3283  1.6019408e+03 7.15e-08 3.29e-02 7.50e-05  -3.8    2.6  1.00e+00  7  1h
3284  1.6019388e+03 6.02e-07 3.32e-02 7.50e-05  -3.8    2.1  1.00e+00  5  1h
3285  1.6019381e+03 8.44e-08 3.35e-02 7.50e-05  -3.8    2.5  1.00e+00  3  1h
3286  1.6019359e+03 7.53e-07 3.37e-02 7.50e-05  -3.8    2.0  1.00e+00 10  1h
3287  1.6019351e+03 1.06e-07 3.39e-02 7.50e-05  -3.8    2.5  1.00e+00  9  1h
3288  1.6019326e+03 9.41e-07 3.40e-02 7.50e-05  -3.8    2.0  1.00e+00  7  1h
3289  1.6019249e+03 8.24e-06 3.41e-02 7.50e-05  -3.8    1.5  1.00e+00 10  1h
iter    objective    inf_pr   inf_du inf_compl lg(mu) lg(rg) alpha_pr ir ls
3290  1.6019220e+03 1.15e-06 3.41e-02 7.50e-05  -3.8    1.9  1.00e+00 10  1h
3291  1.6019131e+03 1.04e-05 3.42e-02 7.50e-05  -3.8    1.5  1.00e+00 10  1h
3292  1.6019127e+03 5.27e-08 3.40e-02 7.50e-05  -3.8    2.8  1.00e+00  4  1h
3293  1.6019114e+03 2.24e-07 3.41e-02 7.50e-05  -3.8    2.3  1.00e+00 10  1h
3294  1.6019075e+03 1.93e-06 3.42e-02 7.50e-05  -3.8    1.8  1.00e+00 10  1h
3295  1.6019060e+03 2.68e-07 3.42e-02 7.50e-05  -3.8    2.3  1.00e+00 10  1h
3296  1.6019015e+03 2.37e-06 3.43e-02 7.50e-05  -3.8    1.8  1.00e+00 10  1h
3297  1.6018880e+03 2.11e-05 3.43e-02 7.50e-05  -3.8    1.3  1.00e+00 10  1h
3298  1.6018873e+03 1.07e-07 3.43e-02 7.50e-05  -3.8    2.6  1.00e+00  5  1h
3299  1.6018871e+03 1.04e-07 3.41e-02 7.50e-05  -3.8    3.1  1.00e+00  3  1h
iter    objective    inf_pr   inf_du inf_compl lg(mu) lg(rg) alpha_pr ir ls
3300  1.6018863e+03 1.02e-07 3.44e-02 7.50e-05  -3.8    2.6  1.00e+00  5  1h
3301  1.6018841e+03 6.03e-07 3.44e-02 7.50e-05  -3.8    2.1  1.00e+00 10  1h
3302  1.6018832e+03 1.01e-07 3.42e-02 7.50e-05  -3.8    2.5  1.00e+00  4  1h
3303  1.6018829e+03 9.92e-08 3.40e-02 7.50e-05  -3.8    3.0  1.00e+00  5  1h
3304  1.6018819e+03 1.04e-07 3.40e-02 7.50e-05  -3.8    2.5  1.00e+00 10  1h
3305  1.6018815e+03 9.49e-08 3.40e-02 7.50e-05  -3.8    2.9  1.00e+00  3  1h
3306  1.6018804e+03 1.31e-07 3.41e-02 7.50e-05  -3.8    2.4  1.00e+00  7  1h
3307  1.6018770e+03 1.14e-06 3.35e-02 7.50e-05  -3.8    1.9  1.00e+00 10  1h
3308  1.6018757e+03 1.58e-07 3.32e-02 7.50e-05  -3.8    2.4  1.00e+00  5  1h
3309  1.6018718e+03 1.41e-06 3.27e-02 7.50e-05  -3.8    1.9  1.00e+00 10  1h
iter    objective    inf_pr   inf_du inf_compl lg(mu) lg(rg) alpha_pr ir ls
3310  1.6018703e+03 1.98e-07 3.25e-02 7.50e-05  -3.8    2.3  1.00e+00 10  1h
3311  1.6018698e+03 7.81e-08 3.25e-02 7.50e-05  -3.8    2.7  1.00e+00  6  1h
3312  1.6018681e+03 2.56e-07 3.24e-02 7.50e-05  -3.8    2.3  1.00e+00  7  1h
3313  1.6018631e+03 2.26e-06 3.21e-02 7.50e-05  -3.8    1.8  1.00e+00 10  1h
3314  1.6018612e+03 3.17e-07 3.19e-02 7.50e-05  -3.8    2.2  1.00e+00 10  1h
3315  1.6018605e+03 6.69e-08 3.19e-02 7.50e-05  -3.8    2.6  1.00e+00 10  1h
3316  1.6018602e+03 6.55e-08 3.20e-02 7.50e-05  -3.8    3.1  1.00e+00  3  1h
3317  1.6018594e+03 6.36e-08 3.20e-02 7.50e-05  -3.8    2.6  1.00e+00  4  1h
3318  1.6018569e+03 5.24e-07 3.18e-02 7.50e-05  -3.8    2.1  1.00e+00 10  1h
3319  1.6018497e+03 4.58e-06 3.14e-02 7.50e-05  -3.8    1.6  1.00e+00 10  1h
iter    objective    inf_pr   inf_du inf_compl lg(mu) lg(rg) alpha_pr ir ls
3320  1.6018494e+03 5.33e-08 3.13e-02 7.50e-05  -3.8    3.0  1.00e+00  6  1h
3321  1.6018483e+03 9.36e-08 3.12e-02 7.50e-05  -3.8    2.5  1.00e+00 10  1h
3322  1.6018479e+03 5.01e-08 3.12e-02 7.50e-05  -3.8    2.9  1.00e+00  3  1h
3323  1.6018468e+03 1.19e-07 3.12e-02 7.50e-05  -3.8    2.4  1.00e+00  6  1h
3324  1.6018463e+03 4.69e-08 3.12e-02 7.50e-05  -3.8    2.9  1.00e+00  4  1h
3325  1.6018450e+03 1.51e-07 3.11e-02 7.50e-05  -3.8    2.4  1.00e+00  9  1h
3326  1.6018411e+03 1.33e-06 3.08e-02 7.50e-05  -3.8    1.9  1.00e+00 10  1h
3327  1.6018396e+03 1.84e-07 3.07e-02 7.50e-05  -3.8    2.3  1.00e+00 10  1h
3328  1.6018391e+03 3.61e-08 3.06e-02 7.50e-05  -3.8    2.8  1.00e+00  4  1h
3329  1.6018374e+03 2.36e-07 3.05e-02 7.50e-05  -3.8    2.3  1.00e+00 10  1h
iter    objective    inf_pr   inf_du inf_compl lg(mu) lg(rg) alpha_pr ir ls
3330  1.6018324e+03 2.10e-06 3.03e-02 7.50e-05  -3.8    1.8  1.00e+00  7  1h
3331  1.6018306e+03 2.95e-07 3.02e-02 7.50e-05  -3.8    2.2  1.00e+00 10  1h
3332  1.6018299e+03 4.25e-08 3.01e-02 7.50e-05  -3.8    2.7  1.00e+00  8  1h
3333  1.6018296e+03 2.30e-08 3.01e-02 7.50e-05  -3.8    3.1  1.00e+00  7  1h
3334  1.6018288e+03 5.54e-08 3.01e-02 7.50e-05  -3.8    2.6  1.00e+00  4  1h
3335  1.6018285e+03 2.09e-08 3.01e-02 7.50e-05  -3.8    3.0  1.00e+00  4  1h
3336  1.6018277e+03 7.05e-08 3.00e-02 7.50e-05  -3.8    2.6  1.00e+00  4  1h
3337  1.6018273e+03 1.88e-08 2.99e-02 7.50e-05  -3.8    3.0  1.00e+00  4  1h
3338  1.6018263e+03 8.86e-08 2.99e-02 7.50e-05  -3.8    2.5  1.00e+00  9  1h
3339  1.6018259e+03 1.64e-08 2.98e-02 7.50e-05  -3.8    2.9  1.00e+00  7  1h
iter    objective    inf_pr   inf_du inf_compl lg(mu) lg(rg) alpha_pr ir ls
3340  1.6018248e+03 1.11e-07 2.97e-02 7.50e-05  -3.8    2.5  1.00e+00 10  1h
3341  1.6018244e+03 1.55e-08 2.97e-02 7.50e-05  -3.8    2.9  1.00e+00  5  1h
3342  1.6018231e+03 1.39e-07 2.96e-02 7.50e-05  -3.8    2.4  1.00e+00 10  1h
3343  1.6018227e+03 1.94e-08 2.95e-02 7.50e-05  -3.8    2.8  1.00e+00  5  1h
3344  1.6018225e+03 1.08e-08 2.95e-02 7.50e-05  -3.8    3.3  1.00e+00  4  1h
3345  1.6018220e+03 2.48e-08 2.95e-02 7.50e-05  -3.8    2.8  1.00e+00 10  1h
3346  1.6018204e+03 2.21e-07 2.95e-02 7.50e-05  -3.8    2.3  1.00e+00  5  1h
3347  1.6018198e+03 3.10e-08 2.94e-02 7.50e-05  -3.8    2.7  1.00e+00  6  1h
3348  1.6018180e+03 2.78e-07 2.93e-02 7.50e-05  -3.8    2.3  1.00e+00 10  1h
3349  1.6018173e+03 3.91e-08 2.93e-02 7.50e-05  -3.8    2.7  1.00e+00  9  1h
iter    objective    inf_pr   inf_du inf_compl lg(mu) lg(rg) alpha_pr ir ls
3350  1.6018153e+03 3.51e-07 2.92e-02 7.50e-05  -3.8    2.2  1.00e+00 10  1h
3351  1.6018146e+03 4.94e-08 2.92e-02 7.50e-05  -3.8    2.6  1.00e+00 10  1h
3352  1.6018123e+03 4.44e-07 2.91e-02 7.50e-05  -3.8    2.2  1.00e+00 10  1h
3353  1.6018115e+03 6.26e-08 2.90e-02 7.50e-05  -3.8    2.6  1.00e+00 10  1h
3354  1.6018090e+03 5.63e-07 2.90e-02 7.50e-05  -3.8    2.1  1.00e+00 10  1h
3355  1.6018081e+03 7.94e-08 2.89e-02 7.50e-05  -3.8    2.5  1.00e+00 10  1h
3356  1.6018077e+03 1.13e-08 2.89e-02 7.50e-05  -3.8    3.0  1.00e+00  5  1h
3357  1.6018067e+03 1.02e-07 2.88e-02 7.50e-05  -3.8    2.5  1.00e+00  7  1h
3358  1.6018063e+03 1.44e-08 2.87e-02 7.50e-05  -3.8    2.9  1.00e+00  6  1h
3359  1.6018051e+03 1.30e-07 2.87e-02 7.50e-05  -3.8    2.4  1.00e+00 10  1h
iter    objective    inf_pr   inf_du inf_compl lg(mu) lg(rg) alpha_pr ir ls
3360  1.6018046e+03 1.82e-08 2.86e-02 7.50e-05  -3.8    2.8  1.00e+00  5  1h
3361  1.6018033e+03 1.63e-07 2.86e-02 7.50e-05  -3.8    2.4  1.00e+00  7  1h
3362  1.6017994e+03 1.45e-06 2.86e-02 7.50e-05  -3.8    1.9  1.00e+00 10  1h
3363  1.6017879e+03 1.29e-05 2.87e-02 7.50e-05  -3.8    1.4  1.00e+00 10  1h
3364  1.6017835e+03 1.82e-06 2.86e-02 7.50e-05  -3.8    1.8  1.00e+00 10  1h
3365  1.6017819e+03 2.69e-07 2.85e-02 7.50e-05  -3.8    2.3  1.00e+00 10  1h
3366  1.6017813e+03 3.93e-08 2.83e-02 7.50e-05  -3.8    2.7  1.00e+00  8  1h
3367  1.6017795e+03 3.53e-07 2.82e-02 7.50e-05  -3.8    2.2  1.00e+00  7  1h
3368  1.6017788e+03 4.97e-08 2.82e-02 7.50e-05  -3.8    2.6  1.00e+00  9  1h
3369  1.6017768e+03 4.39e-07 2.81e-02 7.50e-05  -3.8    2.2  1.00e+00 10  1h
iter    objective    inf_pr   inf_du inf_compl lg(mu) lg(rg) alpha_pr ir ls
3370  1.6017708e+03 3.81e-06 2.82e-02 7.50e-05  -3.8    1.7  1.00e+00 10  1h
3371  1.6017685e+03 5.29e-07 2.82e-02 7.50e-05  -3.8    2.1  1.00e+00 10  1h
3372  1.6017619e+03 4.79e-06 2.83e-02 7.50e-05  -3.8    1.6  1.00e+00 10  1h
3373  1.6017425e+03 4.34e-05 2.85e-02 7.50e-05  -3.8    1.2  1.00e+00 10  1h
3374  1.6017353e+03 6.15e-06 2.85e-02 7.50e-05  -3.8    1.6  1.00e+00 10  1h
3375  1.6017140e+03 5.72e-05 2.86e-02 7.50e-05  -3.8    1.1  1.00e+00 10  1h
3376  1.6017130e+03 1.03e-07 2.86e-02 7.50e-05  -3.8    2.4  1.00e+00  7  1h
3377  1.6017100e+03 1.31e-06 2.85e-02 7.50e-05  -3.8    2.0  1.00e+00 10  1h
3378  1.6017010e+03 1.07e-05 2.86e-02 7.50e-05  -3.8    1.5  1.00e+00 10  1h
3379  1.6016977e+03 1.46e-06 2.87e-02 7.50e-05  -3.8    1.9  1.00e+00 10  1h
iter    objective    inf_pr   inf_du inf_compl lg(mu) lg(rg) alpha_pr ir ls
3380  1.6016975e+03 1.69e-08 2.87e-02 7.50e-05  -3.8    3.2  1.00e+00  3  1h
3381  1.6016970e+03 3.24e-08 2.88e-02 7.50e-05  -3.8    2.8  1.00e+00  6  1h
3382  1.6016956e+03 2.87e-07 2.90e-02 7.50e-05  -3.8    2.3  1.00e+00  7  1h
3383  1.6016914e+03 2.45e-06 2.91e-02 7.50e-05  -3.8    1.8  1.00e+00 10  1h
3384  1.6016898e+03 3.36e-07 2.92e-02 7.50e-05  -3.8    2.2  1.00e+00 10  1h
3385  1.6016892e+03 4.81e-08 2.93e-02 7.50e-05  -3.8    2.7  1.00e+00  5  1h
3386  1.6016874e+03 4.32e-07 2.94e-02 7.50e-05  -3.8    2.2  1.00e+00  9  1h
3387  1.6016868e+03 6.11e-08 2.95e-02 7.50e-05  -3.8    2.6  1.00e+00  5  1h
3388  1.6016848e+03 5.47e-07 2.96e-02 7.50e-05  -3.8    2.1  1.00e+00 10  1h
3389  1.6016840e+03 7.68e-08 2.96e-02 7.50e-05  -3.8    2.6  1.00e+00  8  1h
iter    objective    inf_pr   inf_du inf_compl lg(mu) lg(rg) alpha_pr ir ls
3390  1.6016818e+03 6.86e-07 2.97e-02 7.50e-05  -3.8    2.1  1.00e+00  9  1h
3391  1.6016809e+03 9.61e-08 2.97e-02 7.50e-05  -3.8    2.5  1.00e+00  3  1h
3392  1.6016806e+03 1.37e-08 2.98e-02 7.50e-05  -3.8    2.9  1.00e+00  6  1h
3393  1.6016797e+03 1.24e-07 2.99e-02 7.50e-05  -3.8    2.5  1.00e+00 10  1h
3394  1.6016768e+03 1.09e-06 2.98e-02 7.50e-05  -3.8    2.0  1.00e+00 10  1h
3395  1.6016684e+03 9.47e-06 2.97e-02 7.50e-05  -3.8    1.5  1.00e+00 10  1h
3396  1.6016680e+03 1.83e-08 2.96e-02 7.50e-05  -3.8    2.8  1.00e+00 10  1h
3397  1.6016669e+03 1.96e-07 2.96e-02 7.50e-05  -3.8    2.4  1.00e+00 10  1h
3398  1.6016633e+03 1.71e-06 2.96e-02 7.50e-05  -3.8    1.9  1.00e+00 10  1h
3399  1.6016632e+03 1.36e-08 2.96e-02 7.50e-05  -3.8    3.2  1.00e+00  4  1h
iter    objective    inf_pr   inf_du inf_compl lg(mu) lg(rg) alpha_pr ir ls
3400  1.6016627e+03 3.52e-08 2.97e-02 7.50e-05  -3.8    2.7  1.00e+00 10  1h
3401  1.6016612e+03 3.12e-07 2.97e-02 7.50e-05  -3.8    2.3  1.00e+00 10  1h
3402  1.6016606e+03 4.36e-08 2.98e-02 7.50e-05  -3.8    2.7  1.00e+00  5  1h
3403  1.6016589e+03 3.87e-07 2.98e-02 7.50e-05  -3.8    2.2  1.00e+00 10  1h
3404  1.6016540e+03 3.37e-06 2.98e-02 7.50e-05  -3.8    1.7  1.00e+00 10  1h
3405  1.6016393e+03 2.98e-05 2.97e-02 7.50e-05  -3.8    1.2  1.00e+00 10  1h
3406  1.6015967e+03 2.77e-04 4.54e-02 7.50e-05  -3.8    0.8  1.00e+00 10  1h
3407  1.6015965e+03 1.02e-07 3.15e-02 7.50e-05  -3.8    3.0  1.00e+00  5  1h
3408  1.6015963e+03 6.07e-08 3.14e-02 7.50e-05  -3.8    3.4  1.00e+00  4  1h
3409  1.6015960e+03 5.61e-08 3.09e-02 7.50e-05  -3.8    3.0  1.00e+00  4  1h
iter    objective    inf_pr   inf_du inf_compl lg(mu) lg(rg) alpha_pr ir ls
3410  1.6015951e+03 2.55e-07 3.01e-02 7.50e-05  -3.8    2.5  1.00e+00  9  1h
3411  1.6015924e+03 1.59e-06 2.96e-02 7.50e-05  -3.8    2.0  1.00e+00  7  1h
3412  1.6015914e+03 1.71e-07 2.96e-02 7.50e-05  -3.8    2.4  1.00e+00 10  1h
3413  1.6015884e+03 1.28e-06 2.97e-02 7.50e-05  -3.8    1.9  1.00e+00  8  1h
3414  1.6015873e+03 1.59e-07 2.99e-02 7.50e-05  -3.8    2.4  1.00e+00  6  1h
3415  1.6015869e+03 3.01e-08 3.01e-02 7.50e-05  -3.8    2.8  1.00e+00  4  1h
3416  1.6015856e+03 1.93e-07 3.02e-02 7.50e-05  -3.8    2.3  1.00e+00 10  1h
3417  1.6015851e+03 2.75e-08 3.04e-02 7.50e-05  -3.8    2.7  1.00e+00  5  1h
3418  1.6015837e+03 2.61e-07 3.04e-02 7.50e-05  -3.8    2.3  1.00e+00  8  1h
3419  1.6015795e+03 2.42e-06 3.03e-02 7.50e-05  -3.8    1.8  1.00e+00 10  1h
iter    objective    inf_pr   inf_du inf_compl lg(mu) lg(rg) alpha_pr ir ls
3420  1.6015793e+03 1.89e-08 3.02e-02 7.50e-05  -3.8    3.1  1.00e+00  4  1h
3421  1.6015787e+03 5.20e-08 3.03e-02 7.50e-05  -3.8    2.6  1.00e+00  6  1h
3422  1.6015784e+03 1.72e-08 3.04e-02 7.50e-05  -3.8    3.1  1.00e+00  4  1h
3423  1.6015778e+03 6.86e-08 3.05e-02 7.50e-05  -3.8    2.6  1.00e+00  8  1h
3424  1.6015775e+03 1.56e-08 3.06e-02 7.50e-05  -3.8    3.0  1.00e+00  4  1h
3425  1.6015767e+03 8.65e-08 3.07e-02 7.50e-05  -3.8    2.5  1.00e+00 10  1h
3426  1.6015764e+03 1.38e-08 3.07e-02 7.50e-05  -3.8    3.0  1.00e+00  5  1h
3427  1.6015756e+03 1.06e-07 3.07e-02 7.50e-05  -3.8    2.5  1.00e+00 10  1h
3428  1.6015752e+03 1.46e-08 3.07e-02 7.50e-05  -3.8    2.9  1.00e+00 10  1h
3429  1.6015743e+03 1.29e-07 3.06e-02 7.50e-05  -3.8    2.4  1.00e+00 10  1h
iter    objective    inf_pr   inf_du inf_compl lg(mu) lg(rg) alpha_pr ir ls
3430  1.6015739e+03 1.78e-08 3.06e-02 7.50e-05  -3.8    2.9  1.00e+00  4  1h
3431  1.6015728e+03 1.58e-07 3.05e-02 7.50e-05  -3.8    2.4  1.00e+00  8  1h
3432  1.6015694e+03 1.39e-06 3.03e-02 7.50e-05  -3.8    1.9  1.00e+00 10  1h
3433  1.6015596e+03 1.21e-05 3.01e-02 7.50e-05  -3.8    1.4  1.00e+00 10  1h
3434  1.6015592e+03 2.23e-08 2.98e-02 7.50e-05  -3.8    2.8  1.00e+00  7  1h
3435  1.6015578e+03 2.45e-07 2.98e-02 7.50e-05  -3.8    2.3  1.00e+00 10  1h
3436  1.6015536e+03 2.16e-06 2.98e-02 7.50e-05  -3.8    1.8  1.00e+00  8  1h
3437  1.6015415e+03 1.91e-05 2.98e-02 7.50e-05  -3.8    1.3  1.00e+00 10  1h
3438  1.6015409e+03 3.43e-08 2.97e-02 7.50e-05  -3.8    2.7  1.00e+00  5  1h
3439  1.6015392e+03 3.96e-07 2.96e-02 7.50e-05  -3.8    2.2  1.00e+00 10  1h
iter    objective    inf_pr   inf_du inf_compl lg(mu) lg(rg) alpha_pr ir ls
3440  1.6015386e+03 5.60e-08 2.95e-02 7.50e-05  -3.8    2.6  1.00e+00  8  1h
3441  1.6015366e+03 5.04e-07 2.95e-02 7.50e-05  -3.8    2.1  1.00e+00 10  1h
3442  1.6015309e+03 4.35e-06 2.95e-02 7.50e-05  -3.8    1.7  1.00e+00 10  1h
3443  1.6015306e+03 8.32e-09 2.95e-02 7.50e-05  -3.8    3.0  1.00e+00  3  1h
3444  1.6015298e+03 8.58e-08 2.95e-02 7.50e-05  -3.8    2.5  1.00e+00 10  1h
3445  1.6015295e+03 1.21e-08 2.94e-02 7.50e-05  -3.8    2.9  1.00e+00  5  1h
3446  1.6015294e+03 6.65e-09 2.94e-02 7.50e-05  -3.8    3.4  1.00e+00  3  1h
3447  1.6015290e+03 1.61e-08 2.94e-02 7.50e-05  -3.8    2.9  1.00e+00 10  1h
3448  1.6015289e+03 5.91e-09 2.94e-02 7.50e-05  -3.8    3.3  1.00e+00  4  1h
3449  1.6015285e+03 2.11e-08 2.94e-02 7.50e-05  -3.8    2.8  1.00e+00  5  1h
iter    objective    inf_pr   inf_du inf_compl lg(mu) lg(rg) alpha_pr ir ls
3450  1.6015284e+03 5.11e-09 2.93e-02 7.50e-05  -3.8    3.3  1.00e+00  4  1h
3451  1.6015279e+03 2.70e-08 2.93e-02 7.50e-05  -3.8    2.8  1.00e+00  6  1h
3452  1.6015266e+03 2.36e-07 2.93e-02 7.50e-05  -3.8    2.3  1.00e+00  8  1h
3453  1.6015228e+03 2.00e-06 2.94e-02 7.50e-05  -3.8    1.8  1.00e+00  8  1h
3454  1.6015115e+03 1.73e-05 2.95e-02 7.50e-05  -3.8    1.3  1.00e+00 10  1h
3455  1.6014785e+03 1.56e-04 2.96e-02 7.50e-05  -3.8    0.9  1.00e+00 10  1h
3456  1.6014769e+03 2.64e-07 2.95e-02 7.50e-05  -3.8    2.2  1.00e+00 10  1h
3457  1.6014763e+03 6.16e-08 2.92e-02 7.50e-05  -3.8    2.6  1.00e+00  6  1h
3458  1.6014745e+03 5.33e-07 2.90e-02 7.50e-05  -3.8    2.1  1.00e+00  9  1h
3459  1.6014691e+03 4.16e-06 2.91e-02 7.50e-05  -3.8    1.7  1.00e+00 10  1h
iter    objective    inf_pr   inf_du inf_compl lg(mu) lg(rg) alpha_pr ir ls
3460  1.6014688e+03 1.78e-08 2.91e-02 7.50e-05  -3.8    3.0  1.00e+00  4  1h
3461  1.6014681e+03 7.36e-08 2.92e-02 7.50e-05  -3.8    2.5  1.00e+00  7  1h
3462  1.6014658e+03 6.70e-07 2.93e-02 7.50e-05  -3.8    2.0  1.00e+00 10  1h
3463  1.6014591e+03 5.97e-06 2.93e-02 7.50e-05  -3.8    1.6  1.00e+00 10  1h
3464  1.6014395e+03 5.34e-05 2.94e-02 7.50e-05  -3.8    1.1  1.00e+00 10  1h
3465  1.6014386e+03 8.30e-08 2.93e-02 7.50e-05  -3.8    2.4  1.00e+00  7  1h
3466  1.6014357e+03 1.12e-06 2.93e-02 7.50e-05  -3.8    1.9  1.00e+00 10  1h
3467  1.6014356e+03 1.71e-08 2.93e-02 7.50e-05  -3.8    3.3  1.00e+00  3  1h
3468  1.6014352e+03 2.30e-08 2.94e-02 7.50e-05  -3.8    2.8  1.00e+00  7  1h
3469  1.6014340e+03 2.15e-07 2.95e-02 7.50e-05  -3.8    2.3  1.00e+00  5  1h
iter    objective    inf_pr   inf_du inf_compl lg(mu) lg(rg) alpha_pr ir ls
3470  1.6014335e+03 2.98e-08 2.95e-02 7.50e-05  -3.8    2.7  1.00e+00  4  1h
3471  1.6014322e+03 2.66e-07 2.95e-02 7.50e-05  -3.8    2.3  1.00e+00 10  1h
3472  1.6014321e+03 1.23e-08 2.95e-02 7.50e-05  -3.8    3.6  1.00e+00  3  1h
3473  1.6014319e+03 1.17e-08 2.96e-02 7.50e-05  -3.8    3.1  1.00e+00  4  1h
3474  1.6014313e+03 4.69e-08 2.97e-02 7.50e-05  -3.8    2.6  1.00e+00  7  1h
3475  1.6014296e+03 4.11e-07 2.96e-02 7.50e-05  -3.8    2.2  1.00e+00 10  1h
3476  1.6014289e+03 5.50e-08 2.96e-02 7.50e-05  -3.8    2.6  1.00e+00  5  1h
3477  1.6014270e+03 4.88e-07 2.95e-02 7.50e-05  -3.8    2.1  1.00e+00 10  1h
3478  1.6014262e+03 6.61e-08 2.95e-02 7.50e-05  -3.8    2.5  1.00e+00  6  1h
3479  1.6014260e+03 1.03e-08 2.94e-02 7.50e-05  -3.8    3.0  1.00e+00 10  1h
iter    objective    inf_pr   inf_du inf_compl lg(mu) lg(rg) alpha_pr ir ls
3480  1.6014258e+03 1.01e-08 2.94e-02 7.50e-05  -3.8    3.4  1.00e+00  5  1h
3481  1.6014255e+03 1.16e-08 2.95e-02 7.50e-05  -3.8    2.9  1.00e+00 10  1h
3482  1.6014246e+03 1.06e-07 2.95e-02 7.50e-05  -3.8    2.4  1.00e+00  6  1h
3483  1.6014217e+03 9.49e-07 2.94e-02 7.50e-05  -3.8    2.0  1.00e+00 10  1h
3484  1.6014207e+03 1.31e-07 2.93e-02 7.50e-05  -3.8    2.4  1.00e+00 10  1h
3485  1.6014175e+03 1.18e-06 2.93e-02 7.50e-05  -3.8    1.9  1.00e+00 10  1h
3486  1.6014081e+03 1.05e-05 2.92e-02 7.50e-05  -3.8    1.4  1.00e+00 10  1h
3487  1.6014077e+03 1.87e-08 2.90e-02 7.50e-05  -3.8    2.8  1.00e+00  9  1h
3488  1.6014064e+03 2.06e-07 2.89e-02 7.50e-05  -3.8    2.3  1.00e+00  5  1h
3489  1.6014024e+03 1.85e-06 2.89e-02 7.50e-05  -3.8    1.8  1.00e+00 10  1h
iter    objective    inf_pr   inf_du inf_compl lg(mu) lg(rg) alpha_pr ir ls
3490  1.6014009e+03 2.55e-07 2.88e-02 7.50e-05  -3.8    2.2  1.00e+00  6  1h
3491  1.6014004e+03 3.59e-08 2.88e-02 7.50e-05  -3.8    2.7  1.00e+00  6  1h
3492  1.6013987e+03 3.29e-07 2.87e-02 7.50e-05  -3.8    2.2  1.00e+00 10  1h
3493  1.6013981e+03 4.57e-08 2.87e-02 7.50e-05  -3.8    2.6  1.00e+00  7  1h
3494  1.6013962e+03 4.16e-07 2.86e-02 7.50e-05  -3.8    2.1  1.00e+00 10  1h
3495  1.6013955e+03 5.75e-08 2.86e-02 7.50e-05  -3.8    2.6  1.00e+00  6  1h
3496  1.6013934e+03 5.21e-07 2.86e-02 7.50e-05  -3.8    2.1  1.00e+00 10  1h
3497  1.6013926e+03 7.20e-08 2.86e-02 7.50e-05  -3.8    2.5  1.00e+00  8  1h
3498  1.6013923e+03 1.01e-08 2.85e-02 7.50e-05  -3.8    2.9  1.00e+00  5  1h
3499  1.6013914e+03 9.24e-08 2.85e-02 7.50e-05  -3.8    2.5  1.00e+00  6  1h
iter    objective    inf_pr   inf_du inf_compl lg(mu) lg(rg) alpha_pr ir ls
3500  1.6013910e+03 1.29e-08 2.85e-02 7.50e-05  -3.8    2.9  1.00e+00  7  1h
3501  1.6013900e+03 1.18e-07 2.85e-02 7.50e-05  -3.8    2.4  1.00e+00 10  1h
3502  1.6013870e+03 1.05e-06 2.85e-02 7.50e-05  -3.8    1.9  1.00e+00 10  1h
3503  1.6013859e+03 1.45e-07 2.84e-02 7.50e-05  -3.8    2.4  1.00e+00 10  1h
3504  1.6013826e+03 1.31e-06 2.84e-02 7.50e-05  -3.8    1.9  1.00e+00 10  1h
3505  1.6013824e+03 9.56e-09 2.84e-02 7.50e-05  -3.8    3.2  1.00e+00  4  1h
3506  1.6013819e+03 2.56e-08 2.83e-02 7.50e-05  -3.8    2.7  1.00e+00 10  1h
3507  1.6013817e+03 8.97e-09 2.83e-02 7.50e-05  -3.8    3.2  1.00e+00  4  1h
3508  1.6013812e+03 3.32e-08 2.83e-02 7.50e-05  -3.8    2.7  1.00e+00  5  1h
3509  1.6013796e+03 3.00e-07 2.83e-02 7.50e-05  -3.8    2.2  1.00e+00  7  1h
iter    objective    inf_pr   inf_du inf_compl lg(mu) lg(rg) alpha_pr ir ls
3510  1.6013790e+03 4.17e-08 2.82e-02 7.50e-05  -3.8    2.6  1.00e+00 10  1h
3511  1.6013788e+03 8.14e-09 2.82e-02 7.50e-05  -3.8    3.1  1.00e+00  6  1h
3512  1.6013781e+03 5.33e-08 2.82e-02 7.50e-05  -3.8    2.6  1.00e+00 10  1h
3513  1.6013778e+03 7.87e-09 2.81e-02 7.50e-05  -3.8    3.0  1.00e+00  6  1h
3514  1.6013771e+03 6.76e-08 2.81e-02 7.50e-05  -3.8    2.5  1.00e+00  7  1h
3515  1.6013748e+03 6.04e-07 2.82e-02 7.50e-05  -3.8    2.0  1.00e+00 10  1h
3516  1.6013680e+03 5.35e-06 2.82e-02 7.50e-05  -3.8    1.6  1.00e+00 10  1h
3517  1.6013481e+03 4.80e-05 2.83e-02 7.50e-05  -3.8    1.1  1.00e+00 10  1h
3518  1.6012916e+03 4.50e-04 7.58e-02 7.50e-05  -3.8    0.6  1.00e+00 10  1h
3519  1.6012912e+03 1.83e-07 3.00e-02 7.50e-05  -3.8    2.8  1.00e+00  4  1h
iter    objective    inf_pr   inf_du inf_compl lg(mu) lg(rg) alpha_pr ir ls
3520  1.6012910e+03 6.27e-08 3.05e-02 7.50e-05  -3.8    3.3  1.00e+00  3  1h
3521  1.6012906e+03 7.73e-08 2.97e-02 7.50e-05  -3.8    2.8  1.00e+00  3  1h
3522  1.6012904e+03 5.44e-08 2.97e-02 7.50e-05  -3.8    3.2  1.00e+00  3  1h
3523  1.6012899e+03 7.41e-08 2.95e-02 7.50e-05  -3.8    2.7  1.00e+00  4  1h
3524  1.6012884e+03 4.71e-07 2.85e-02 7.50e-05  -3.8    2.3  1.00e+00 10  1h
3525  1.6012879e+03 6.99e-08 2.80e-02 7.50e-05  -3.8    2.7  1.00e+00  6  1h
3526  1.6012877e+03 3.58e-08 2.80e-02 7.50e-05  -3.8    3.1  1.00e+00  4  1h
3527  1.6012871e+03 7.23e-08 2.81e-02 7.50e-05  -3.8    2.6  1.00e+00  7  1h
3528  1.6012868e+03 3.23e-08 2.83e-02 7.50e-05  -3.8    3.1  1.00e+00  4  1h
3529  1.6012861e+03 7.06e-08 2.83e-02 7.50e-05  -3.8    2.6  1.00e+00 10  1h
iter    objective    inf_pr   inf_du inf_compl lg(mu) lg(rg) alpha_pr ir ls
3530  1.6012859e+03 2.86e-08 2.85e-02 7.50e-05  -3.8    3.0  1.00e+00  7  1h
3531  1.6012851e+03 7.15e-08 2.86e-02 7.50e-05  -3.8    2.5  1.00e+00 10  1h
3532  1.6012848e+03 2.50e-08 2.87e-02 7.50e-05  -3.8    3.0  1.00e+00  8  1h
3533  1.6012847e+03 2.44e-08 2.89e-02 7.50e-05  -3.8    3.4  1.00e+00  4  1h
3534  1.6012844e+03 2.32e-08 2.90e-02 7.50e-05  -3.8    2.9  1.00e+00  8  1h
3535  1.6012834e+03 9.67e-08 2.91e-02 7.50e-05  -3.8    2.4  1.00e+00  7  1h
3536  1.6012831e+03 1.90e-08 2.91e-02 7.50e-05  -3.8    2.9  1.00e+00  4  1h
3537  1.6012820e+03 1.20e-07 2.90e-02 7.50e-05  -3.8    2.4  1.00e+00  9  1h
3538  1.6012787e+03 1.07e-06 2.87e-02 7.50e-05  -3.8    1.9  1.00e+00 10  1h
3539  1.6012691e+03 9.39e-06 2.81e-02 7.50e-05  -3.8    1.4  1.00e+00 10  1h
iter    objective    inf_pr   inf_du inf_compl lg(mu) lg(rg) alpha_pr ir ls
3540  1.6012417e+03 8.29e-05 3.34e-02 7.50e-05  -3.8    1.0  1.00e+00 10  1h
3541  1.6012404e+03 1.22e-07 2.68e-02 7.50e-05  -3.8    2.3  1.00e+00  7  1h
3542  1.6012399e+03 3.41e-08 2.65e-02 7.50e-05  -3.8    2.7  1.00e+00  9  1h
3543  1.6012397e+03 2.93e-08 2.65e-02 7.50e-05  -3.8    3.1  1.00e+00  5  1h
3544  1.6012391e+03 3.53e-08 2.65e-02 7.50e-05  -3.8    2.7  1.00e+00  5  1h
3545  1.6012389e+03 2.41e-08 2.65e-02 7.50e-05  -3.8    3.1  1.00e+00  5  1h
3546  1.6012383e+03 4.06e-08 2.66e-02 7.50e-05  -3.8    2.6  1.00e+00  5  1h
3547  1.6012365e+03 3.58e-07 2.66e-02 7.50e-05  -3.8    2.1  1.00e+00  8  1h
3548  1.6012358e+03 4.75e-08 2.66e-02 7.50e-05  -3.8    2.6  1.00e+00  6  1h
3549  1.6012355e+03 1.78e-08 2.65e-02 7.50e-05  -3.8    3.0  1.00e+00  4  1h
iter    objective    inf_pr   inf_du inf_compl lg(mu) lg(rg) alpha_pr ir ls
3550  1.6012347e+03 5.85e-08 2.65e-02 7.50e-05  -3.8    2.5  1.00e+00 10  1h
3551  1.6012324e+03 5.30e-07 2.66e-02 7.50e-05  -3.8    2.0  1.00e+00 10  1h
3552  1.6012315e+03 7.21e-08 2.66e-02 7.50e-05  -3.8    2.5  1.00e+00  5  1h
3553  1.6012312e+03 1.43e-08 2.66e-02 7.50e-05  -3.8    2.9  1.00e+00  8  1h
3554  1.6012302e+03 9.16e-08 2.66e-02 7.50e-05  -3.8    2.4  1.00e+00  7  1h
3555  1.6012299e+03 1.30e-08 2.67e-02 7.50e-05  -3.8    2.8  1.00e+00  7  1h
3556  1.6012288e+03 1.19e-07 2.67e-02 7.50e-05  -3.8    2.4  1.00e+00 10  1h
3557  1.6012284e+03 1.68e-08 2.68e-02 7.50e-05  -3.8    2.8  1.00e+00 10  1h
3558  1.6012271e+03 1.55e-07 2.68e-02 7.50e-05  -3.8    2.3  1.00e+00  9  1h
3559  1.6012267e+03 2.18e-08 2.68e-02 7.50e-05  -3.8    2.7  1.00e+00  7  1h
iter    objective    inf_pr   inf_du inf_compl lg(mu) lg(rg) alpha_pr ir ls
3560  1.6012265e+03 1.02e-08 2.68e-02 7.50e-05  -3.8    3.2  1.00e+00  4  1h
3561  1.6012264e+03 1.00e-08 2.68e-02 7.50e-05  -3.8    3.6  1.00e+00  5  1h
3562  1.6012262e+03 9.71e-09 2.68e-02 7.50e-05  -3.8    3.1  1.00e+00  4  1h
3563  1.6012257e+03 3.65e-08 2.69e-02 7.50e-05  -3.8    2.6  1.00e+00  6  1h
3564  1.6012239e+03 3.29e-07 2.69e-02 7.50e-05  -3.8    2.1  1.00e+00 10  1h
3565  1.6012233e+03 4.55e-08 2.68e-02 7.50e-05  -3.8    2.6  1.00e+00  9  1h
3566  1.6012230e+03 7.41e-09 2.68e-02 7.50e-05  -3.8    3.0  1.00e+00  4  1h
3567  1.6012223e+03 5.79e-08 2.68e-02 7.50e-05  -3.8    2.5  1.00e+00 10  1h
3568  1.6012201e+03 5.22e-07 2.68e-02 7.50e-05  -3.8    2.0  1.00e+00 10  1h
3569  1.6012193e+03 7.23e-08 2.67e-02 7.50e-05  -3.8    2.5  1.00e+00  9  1h
iter    objective    inf_pr   inf_du inf_compl lg(mu) lg(rg) alpha_pr ir ls
3570  1.6012190e+03 1.01e-08 2.67e-02 7.50e-05  -3.8    2.9  1.00e+00  8  1h
3571  1.6012181e+03 9.20e-08 2.67e-02 7.50e-05  -3.8    2.4  1.00e+00 10  1h
3572  1.6012177e+03 1.28e-08 2.67e-02 7.50e-05  -3.8    2.8  1.00e+00  5  1h
3573  1.6012167e+03 1.17e-07 2.67e-02 7.50e-05  -3.8    2.4  1.00e+00  8  1h
3574  1.6012163e+03 1.62e-08 2.67e-02 7.50e-05  -3.8    2.8  1.00e+00  8  1h
3575  1.6012162e+03 5.35e-09 2.67e-02 7.50e-05  -3.8    3.2  1.00e+00  4  1h
3576  1.6012157e+03 2.07e-08 2.67e-02 7.50e-05  -3.8    2.7  1.00e+00  6  1h
3577  1.6012144e+03 1.87e-07 2.67e-02 7.50e-05  -3.8    2.3  1.00e+00  9  1h
3578  1.6012139e+03 2.59e-08 2.67e-02 7.50e-05  -3.8    2.7  1.00e+00  7  1h
3579  1.6012125e+03 2.34e-07 2.67e-02 7.50e-05  -3.8    2.2  1.00e+00 10  1h
iter    objective    inf_pr   inf_du inf_compl lg(mu) lg(rg) alpha_pr ir ls
3580  1.6012081e+03 2.10e-06 2.68e-02 7.50e-05  -3.8    1.7  1.00e+00 10  1h
3581  1.6012065e+03 2.87e-07 2.68e-02 7.50e-05  -3.8    2.2  1.00e+00 10  1h
3582  1.6012058e+03 4.00e-08 2.68e-02 7.50e-05  -3.8    2.6  1.00e+00  7  1h
3583  1.6012056e+03 5.78e-09 2.68e-02 7.50e-05  -3.8    3.0  1.00e+00  8  1h
3584  1.6012049e+03 5.14e-08 2.68e-02 7.50e-05  -3.8    2.5  1.00e+00  6  1h
3585  1.6012028e+03 4.69e-07 2.68e-02 7.50e-05  -3.8    2.1  1.00e+00 10  1h
3586  1.6012021e+03 6.52e-08 2.68e-02 7.50e-05  -3.8    2.5  1.00e+00  8  1h
3587  1.6012018e+03 9.12e-09 2.68e-02 7.50e-05  -3.8    2.9  1.00e+00  8  1h
3588  1.6012009e+03 8.37e-08 2.68e-02 7.50e-05  -3.8    2.4  1.00e+00  9  1h
3589  1.6011983e+03 7.54e-07 2.68e-02 7.50e-05  -3.8    2.0  1.00e+00 10  1h
iter    objective    inf_pr   inf_du inf_compl lg(mu) lg(rg) alpha_pr ir ls
3590  1.6011973e+03 1.04e-07 2.68e-02 7.50e-05  -3.8    2.4  1.00e+00 10  1h
3591  1.6011943e+03 9.43e-07 2.68e-02 7.50e-05  -3.8    1.9  1.00e+00 10  1h
3592  1.6011857e+03 8.49e-06 2.69e-02 7.50e-05  -3.8    1.4  1.00e+00 10  1h
3593  1.6011603e+03 7.73e-05 2.70e-02 7.50e-05  -3.8    1.0  1.00e+00 10  1h
3594  1.6011508e+03 1.03e-05 2.71e-02 7.50e-05  -3.8    1.4  1.00e+00 10  1h
3595  1.6011503e+03 3.23e-08 2.71e-02 7.50e-05  -3.8    2.7  1.00e+00  5  1h
3596  1.6011489e+03 2.17e-07 2.71e-02 7.50e-05  -3.8    2.2  1.00e+00 10  1h
3597  1.6011484e+03 3.60e-08 2.72e-02 7.50e-05  -3.8    2.7  1.00e+00 10  1h
3598  1.6011469e+03 2.77e-07 2.72e-02 7.50e-05  -3.8    2.2  1.00e+00 10  1h
3599  1.6011422e+03 2.41e-06 2.72e-02 7.50e-05  -3.8    1.7  1.00e+00 10  1h
iter    objective    inf_pr   inf_du inf_compl lg(mu) lg(rg) alpha_pr ir ls
3600  1.6011287e+03 2.06e-05 2.72e-02 7.50e-05  -3.8    1.2  1.00e+00 10  1h
3601  1.6010897e+03 1.87e-04 3.48e-02 7.50e-05  -3.8    0.7  1.00e+00 10  1h
3602  1.6009806e+03 1.81e-03 5.24e-01 7.50e-05  -3.8    0.3  1.00e+00 10  1h
3603  1.6007438e+03 1.20e-02 9.72e+01 7.59e-05  -3.8   -0.2  8.05e-01 10  1h
3604  1.6007266e+03 2.02e-04 1.51e+00 1.65e-04  -3.8    1.1  1.00e+00 10  1h
3605  1.6007256e+03 1.31e-06 1.79e-01 7.50e-05  -3.8    2.5  1.00e+00 10  1h
3606  1.6007252e+03 6.52e-07 5.88e-02 7.90e-05  -3.8    2.9  1.00e+00  3  1h
3607  1.6007238e+03 2.10e-06 1.15e-01 7.50e-05  -3.8    2.4  1.00e+00 10  1h
3608  1.6007233e+03 5.30e-07 6.78e-02 7.50e-05  -3.8    2.8  1.00e+00  6  1h
3609  1.6007230e+03 5.11e-07 7.39e-02 7.50e-05  -3.8    3.3  1.00e+00  2  1h
iter    objective    inf_pr   inf_du inf_compl lg(mu) lg(rg) alpha_pr ir ls
3610  1.6007223e+03 7.61e-07 7.83e-02 7.50e-05  -3.8    2.8  1.00e+00  3  1h
3611  1.6007203e+03 6.32e-06 7.96e-02 7.50e-05  -3.8    2.3  1.00e+00  5  1h
3612  1.6007196e+03 8.74e-07 8.08e-02 7.50e-05  -3.8    2.7  1.00e+00  4  1h
3613  1.6007174e+03 6.96e-06 7.98e-02 7.50e-05  -3.8    2.2  1.00e+00  6  1h
3614  1.6007166e+03 8.65e-07 7.84e-02 7.50e-05  -3.8    2.7  1.00e+00  6  1h
3615  1.6007163e+03 1.70e-07 7.72e-02 7.50e-05  -3.8    3.1  1.00e+00  3  1h
3616  1.6007154e+03 8.58e-07 7.62e-02 7.50e-05  -3.8    2.6  1.00e+00  4  1h
3617  1.6007150e+03 1.58e-07 7.53e-02 7.50e-05  -3.8    3.0  1.00e+00  6  1h
3618  1.6007140e+03 1.01e-06 7.48e-02 7.50e-05  -3.8    2.6  1.00e+00 10  1h
3619  1.6007136e+03 1.41e-07 7.42e-02 7.50e-05  -3.8    3.0  1.00e+00  4  1h
iter    objective    inf_pr   inf_du inf_compl lg(mu) lg(rg) alpha_pr ir ls
3620  1.6007123e+03 1.19e-06 7.38e-02 7.50e-05  -3.8    2.5  1.00e+00  8  1h
3621  1.6007085e+03 1.01e-05 7.26e-02 7.50e-05  -3.8    2.0  1.00e+00 10  1h
3622  1.6006966e+03 6.86e-05 4.79e-01 7.50e-05  -3.8    1.6  1.00e+00 10  1h
3623  1.6006960e+03 3.11e-07 6.08e-02 7.51e-05  -3.8    2.9  1.00e+00  5  1h
3624  1.6006943e+03 5.38e-07 5.37e-02 7.50e-05  -3.8    2.4  1.00e+00 10  1h
3625  1.6006937e+03 3.06e-07 4.83e-02 7.50e-05  -3.8    2.8  1.00e+00  5  1h
3626  1.6006934e+03 2.98e-07 4.45e-02 7.50e-05  -3.8    3.3  1.00e+00  2  1h
3627  1.6006927e+03 2.81e-07 3.97e-02 7.50e-05  -3.8    2.8  1.00e+00  5  1h
3628  1.6006925e+03 2.70e-07 3.61e-02 7.50e-05  -3.8    3.2  1.00e+00  3  1h
3629  1.6006917e+03 2.48e-07 3.63e-02 7.50e-05  -3.8    2.7  1.00e+00  5  1h
iter    objective    inf_pr   inf_du inf_compl lg(mu) lg(rg) alpha_pr ir ls
3630  1.6006914e+03 2.36e-07 3.80e-02 7.50e-05  -3.8    3.2  1.00e+00  3  1h
3631  1.6006904e+03 2.11e-07 3.89e-02 7.50e-05  -3.8    2.7  1.00e+00 10  1h
3632  1.6006874e+03 1.07e-06 3.78e-02 7.51e-05  -3.8    2.2  1.00e+00  7  1h
3633  1.6006862e+03 1.41e-07 3.68e-02 7.51e-05  -3.8    2.6  1.00e+00  3  1h
3634  1.6006827e+03 8.32e-07 3.50e-02 7.51e-05  -3.8    2.2  1.00e+00  7  1h
3635  1.6006814e+03 9.09e-08 3.31e-02 7.51e-05  -3.8    2.6  1.00e+00  7  1h
3636  1.6006809e+03 8.74e-08 3.15e-02 7.51e-05  -3.8    3.0  1.00e+00  4  1h
3637  1.6006795e+03 7.76e-08 3.05e-02 7.51e-05  -3.8    2.5  1.00e+00  5  1h
3638  1.6006753e+03 6.48e-07 3.03e-02 7.51e-05  -3.8    2.1  1.00e+00 10  1h
3639  1.6006638e+03 4.15e-06 3.05e-02 7.51e-05  -3.8    1.6  1.00e+00 10  1h
iter    objective    inf_pr   inf_du inf_compl lg(mu) lg(rg) alpha_pr ir ls
3640  1.6006348e+03 3.04e-05 1.18e-01 7.50e-05  -3.8    1.1  1.00e+00 10  1h
3641  1.6006250e+03 6.54e-06 4.28e-02 7.51e-05  -3.8    1.5  1.00e+00 10  1h
3642  1.6005999e+03 6.36e-05 3.51e-02 7.50e-05  -3.8    1.1  1.00e+00 10  1h
3643  1.6005988e+03 2.38e-07 3.58e-02 7.50e-05  -3.8    2.4  1.00e+00  6  1h
3644  1.6005984e+03 2.34e-07 3.65e-02 7.50e-05  -3.8    2.8  1.00e+00 10  1h
3645  1.6005982e+03 2.31e-07 3.71e-02 7.50e-05  -3.8    3.2  1.00e+00  3  1h
3646  1.6005979e+03 2.17e-07 3.77e-02 7.66e-05  -3.8    2.8  1.00e+00  4  1H
3647  1.6005977e+03 2.14e-07 3.81e-02 7.50e-05  -3.8    3.2  1.00e+00  3  1h
3648  1.6005974e+03 2.00e-07 3.78e-02 7.66e-05  -3.8    2.7  1.00e+00  5  1H
3649  1.6005973e+03 1.96e-07 3.73e-02 7.50e-05  -3.8    3.1  1.00e+00  3  1h
iter    objective    inf_pr   inf_du inf_compl lg(mu) lg(rg) alpha_pr ir ls
3650  1.6005970e+03 2.01e-07 3.62e-02 7.66e-05  -3.8    2.7  1.00e+00  3  1H
3651  1.6005965e+03 2.11e-07 7.23e-02 7.71e-05  -3.8    2.2  1.00e+00  4  1H
3652  1.6005963e+03 2.16e-07 3.09e-02 7.50e-05  -3.8    2.6  1.00e+00  7  1h
3653  1.6005962e+03 2.13e-07 2.94e-02 7.50e-05  -3.8    3.0  1.00e+00  3  1h
3654  1.6005962e+03 2.02e-07 2.74e-02 7.70e-05  -3.8    2.6  1.00e+00  3  1H
3655  1.6005961e+03 2.01e-07 2.77e-02 7.50e-05  -3.8    3.0  1.00e+00  3  1h
3656  1.6005961e+03 1.88e-07 2.81e-02 7.70e-05  -3.8    2.5  1.00e+00  6  1H
3657  1.6005961e+03 1.81e-07 2.83e-02 7.69e-05  -3.8    2.9  1.00e+00  3  1H
3658  1.6005961e+03 1.68e-07 2.84e-02 7.70e-05  -3.8    2.5  1.00e+00  5  1H
3659  1.6005961e+03 1.61e-07 2.84e-02 7.67e-05  -3.8    2.9  1.00e+00  3  1H
iter    objective    inf_pr   inf_du inf_compl lg(mu) lg(rg) alpha_pr ir ls
3660  1.6005962e+03 1.46e-07 2.85e-02 7.67e-05  -3.8    2.4  1.00e+00  5  1H
3662  1.6005961e+03 1.33e-06 2.82e-02 7.50e-05  -3.8     -   1.00e+00 10 22R
3662r 1.6006032e+03 2.65e-23 9.62e+02 2.54e-04  -3.8     -   2.16e-02 10 22f
3663r 1.6006493e+03 7.01e-06 2.90e+00 9.29e-05  -3.8    2.4  1.00e+00  7  1f
3664r 1.6006558e+03 4.95e-06 1.89e+02 9.11e-05  -3.8    2.8  3.09e-01  3  1f
3665r 1.6006647e+03 4.40e-06 2.41e+02 1.52e-04  -3.8    2.3  2.50e-01 10  3f
3666r 1.6006809e+03 5.69e-06 4.98e+01 2.84e-04  -3.8    2.7  1.00e+00  4  1h
3667r 1.6007099e+03 1.59e-05 2.95e-01 1.21e-04  -3.8    2.2  1.00e+00  5  1h
3668r 1.6007368e+03 1.55e-05 8.24e+01 8.45e-05  -3.8    1.8  5.00e-01 10  2h
3669r 1.6007577e+03 4.70e-06 1.28e-01 8.54e-05  -3.8    2.2  1.00e+00  8  1h
iter    objective    inf_pr   inf_du inf_compl lg(mu) lg(rg) alpha_pr ir ls
3670r 1.6008029e+03 9.81e-06 2.10e-01 7.55e-05  -3.8    1.7  1.00e+00 10  1f
3671r 1.6008180e+03 4.80e-07 2.79e-02 7.56e-05  -3.8    2.1  1.00e+00 10  1h
3672r 1.6008234e+03 4.18e-08 2.64e-02 7.55e-05  -3.8    2.6  1.00e+00 10  1h
3673r 1.6008383e+03 2.60e-07 2.43e-02 7.55e-05  -3.8    2.1  1.00e+00 10  1h
3674r 1.6008437e+03 3.20e-08 2.33e-02 7.55e-05  -3.8    2.5  1.00e+00  9  1h
3675r 1.6008588e+03 2.66e-07 2.17e-02 7.55e-05  -3.8    2.0  1.00e+00 10  1h
3676r 1.6008973e+03 1.94e-06 1.83e-02 7.55e-05  -3.8    1.6  1.00e+00 10  1f
3677r 1.6009811e+03 1.12e-05 2.61e-02 7.55e-05  -3.8    1.1  1.00e+00 10  1f
3678r 1.6011348e+03 5.52e-05 7.31e-02 7.55e-05  -3.8    0.6  1.00e+00 10  1h
3679r 1.6011417e+03 2.60e-07 1.12e-02 8.53e-05  -3.8    1.9  1.00e+00  6  1h
iter    objective    inf_pr   inf_du inf_compl lg(mu) lg(rg) alpha_pr ir ls
3680r 1.6011610e+03 1.44e-06 1.05e-02 7.55e-05  -3.8    1.5  1.00e+00 10  1h
3681r 1.6012112e+03 1.02e-05 1.85e-02 7.55e-05  -3.8    1.0  1.00e+00 10  1h
3682r 1.6012289e+03 1.43e-06 9.21e-03 7.55e-05  -3.8    1.4  1.00e+00 10  1h
3683r 1.6012353e+03 1.98e-07 9.05e-03 7.55e-05  -3.8    1.8  1.00e+00 10  1h
3684r 1.6012356e+03 3.07e-09 9.03e-03 7.55e-05  -3.8    3.2  1.00e+00  4  1h
3685r 1.6012365e+03 4.14e-09 9.01e-03 7.55e-05  -3.8    2.7  1.00e+00 10  1h
3686r 1.6012369e+03 5.67e-10 9.00e-03 7.55e-05  -3.8    3.1  1.00e+00  4  1h
3687r 1.6012379e+03 4.97e-09 8.98e-03 7.55e-05  -3.8    2.6  1.00e+00  5  1h
3688r 1.6012409e+03 4.42e-08 8.91e-03 7.55e-05  -3.8    2.2  1.00e+00  7  1h
3689r 1.6012497e+03 3.87e-07 8.76e-03 7.55e-05  -3.8    1.7  1.00e+00 10  1h
iter    objective    inf_pr   inf_du inf_compl lg(mu) lg(rg) alpha_pr ir ls
3690r 1.6012744e+03 3.30e-06 8.40e-03 7.55e-05  -3.8    1.2  1.00e+00 10  1h
3691r 1.6013383e+03 2.59e-05 2.33e-02 7.55e-05  -3.8    0.7  1.00e+00 10  1h
3692r 1.6014899e+03 1.58e-04 7.60e-02 7.55e-05  -3.8    0.3  1.00e+00 10  1h
3693r 1.6018332e+03 5.75e-04 1.73e-01 7.55e-05  -3.8   -0.2  1.00e+00 10  1h
3694r 1.6018333e+03 5.73e-07 5.81e-02 2.90e-04  -3.8    2.9  1.00e+00  3  1h
3695r 1.6018338e+03 1.67e-07 1.81e-02 1.14e-04  -3.8    2.4  1.00e+00  8  1h
3696r 1.6018340e+03 9.63e-08 1.36e-02 7.77e-05  -3.8    2.9  1.00e+00  6  1h
3697r 1.6018349e+03 2.24e-08 7.26e-03 7.55e-05  -3.8    2.4  1.00e+00  9  1h
3698r 1.6018352e+03 9.25e-09 6.20e-03 7.55e-05  -3.8    2.8  1.00e+00  6  1h
3699r 1.6018353e+03 3.47e-09 6.05e-03 7.55e-05  -3.8    3.2  1.00e+00  4  1h
iter    objective    inf_pr   inf_du inf_compl lg(mu) lg(rg) alpha_pr ir ls
3700r 1.6018357e+03 2.15e-09 6.05e-03 7.55e-05  -3.8    2.8  1.00e+00 10  1h
3701r 1.6018358e+03 1.13e-09 6.05e-03 7.55e-05  -3.8    3.2  1.00e+00  5  1h
3702r 1.6018362e+03 2.12e-09 6.03e-03 7.55e-05  -3.8    2.7  1.00e+00  6  1h
3703r 1.6018363e+03 1.13e-09 6.01e-03 7.55e-05  -3.8    3.1  1.00e+00  5  1h
3704r 1.6018368e+03 2.11e-09 5.97e-03 7.55e-05  -3.8    2.7  1.00e+00 10  1h
3705r 1.6018382e+03 1.36e-08 5.85e-03 7.55e-05  -3.8    2.2  1.00e+00 10  1h
3706r 1.6018387e+03 2.47e-09 5.79e-03 7.55e-05  -3.8    2.6  1.00e+00  6  1h
3707r 1.6018389e+03 1.02e-09 5.77e-03 7.55e-05  -3.8    3.0  1.00e+00  7  1h
3708r 1.6018394e+03 1.94e-09 5.72e-03 7.55e-05  -3.8    2.6  1.00e+00  5  1h
3709r 1.6018396e+03 8.44e-10 5.70e-03 7.55e-05  -3.8    3.0  1.00e+00  4  1h
iter    objective    inf_pr   inf_du inf_compl lg(mu) lg(rg) alpha_pr ir ls
3710r 1.6018403e+03 2.19e-09 5.65e-03 7.55e-05  -3.8    2.5  1.00e+00  9  1h
3711r 1.6018405e+03 8.21e-10 5.62e-03 7.55e-05  -3.8    2.9  1.00e+00  6  1h
3712r 1.6018412e+03 2.48e-09 5.57e-03 7.55e-05  -3.8    2.5  1.00e+00  8  1h
3713r 1.6018415e+03 8.07e-10 5.55e-03 7.55e-05  -3.8    2.9  1.00e+00  7  1h
3714r 1.6018423e+03 2.81e-09 5.49e-03 7.55e-05  -3.8    2.4  1.00e+00 10  1h
3715r 1.6018447e+03 2.41e-08 5.36e-03 7.55e-05  -3.8    1.9  1.00e+00 10  1h
3716r 1.6018456e+03 3.26e-09 5.30e-03 7.55e-05  -3.8    2.3  1.00e+00  9  1h
3717r 1.6018459e+03 7.27e-10 5.28e-03 7.55e-05  -3.8    2.8  1.00e+00  9  1h
3718r 1.6018469e+03 4.00e-09 5.24e-03 7.55e-05  -3.8    2.3  1.00e+00 10  1h
3719r 1.6018499e+03 3.47e-08 5.12e-03 7.55e-05  -3.8    1.8  1.00e+00 10  1h
iter    objective    inf_pr   inf_du inf_compl lg(mu) lg(rg) alpha_pr ir ls
3720r 1.6018501e+03 6.45e-10 5.10e-03 7.55e-05  -3.8    3.2  1.00e+00  4  1h
3721r 1.6018505e+03 6.59e-10 5.09e-03 7.55e-05  -3.8    2.7  1.00e+00  5  1h
3722r 1.6018518e+03 5.86e-09 5.04e-03 7.55e-05  -3.8    2.2  1.00e+00 10  1h
3723r 1.6018555e+03 5.15e-08 4.93e-03 7.55e-05  -3.8    1.7  1.00e+00 10  1h
3724r 1.6018569e+03 7.12e-09 4.89e-03 7.55e-05  -3.8    2.1  1.00e+00  9  1h
3725r 1.6018611e+03 6.22e-08 4.79e-03 7.55e-05  -3.8    1.7  1.00e+00 10  1h
3726r 1.6018613e+03 6.33e-10 4.78e-03 7.55e-05  -3.8    3.0  1.00e+00  5  1h
3727r 1.6018613e+03 2.41e-10 4.78e-03 7.55e-05  -3.8    3.4  1.00e+00  4  1h
3728r 1.6018616e+03 1.68e-10 4.77e-03 7.55e-05  -3.8    2.9  1.00e+00  5  1h
3729r 1.6018622e+03 1.50e-09 4.76e-03 7.55e-05  -3.8    2.5  1.00e+00 10  1h
iter    objective    inf_pr   inf_du inf_compl lg(mu) lg(rg) alpha_pr ir ls
3730r 1.6018625e+03 2.12e-10 4.75e-03 7.55e-05  -3.8    2.9  1.00e+00  5  1h
3731r 1.6018625e+03 8.08e-11 4.75e-03 7.55e-05  -3.8    3.3  1.00e+00  5  1h
3732r 1.6018628e+03 2.67e-10 4.74e-03 7.55e-05  -3.8    2.8  1.00e+00  7  1h
3733r 1.6018629e+03 6.85e-11 4.74e-03 7.55e-05  -3.8    3.3  1.00e+00  5  1h
3734r 1.6018632e+03 3.37e-10 4.73e-03 7.55e-05  -3.8    2.8  1.00e+00  8  1h
3735r 1.6018642e+03 3.03e-09 4.72e-03 7.55e-05  -3.8    2.3  1.00e+00  9  1h
3736r 1.6018670e+03 2.70e-08 4.67e-03 7.55e-05  -3.8    1.8  1.00e+00 10  1h
3737r 1.6018671e+03 3.80e-10 4.66e-03 7.55e-05  -3.8    3.2  1.00e+00  5  1h
3738r 1.6018675e+03 5.29e-10 4.66e-03 7.55e-05  -3.8    2.7  1.00e+00 10  1h
3739r 1.6018676e+03 1.24e-10 4.65e-03 7.55e-05  -3.8    3.1  1.00e+00  5  1h
iter    objective    inf_pr   inf_du inf_compl lg(mu) lg(rg) alpha_pr ir ls
3740r 1.6018681e+03 6.65e-10 4.65e-03 7.55e-05  -3.8    2.6  1.00e+00 10  1h
3741r 1.6018682e+03 1.06e-10 4.64e-03 7.55e-05  -3.8    3.1  1.00e+00  8  1h
3742r 1.6018687e+03 8.39e-10 4.63e-03 7.55e-05  -3.8    2.6  1.00e+00 10  1h
3743r 1.6018689e+03 1.18e-10 4.63e-03 7.55e-05  -3.8    3.0  1.00e+00  8  1h
3744r 1.6018695e+03 1.06e-09 4.62e-03 7.55e-05  -3.8    2.5  1.00e+00 10  1h
3745r 1.6018697e+03 1.49e-10 4.62e-03 7.55e-05  -3.8    3.0  1.00e+00  8  1h
3746r 1.6018703e+03 1.33e-09 4.61e-03 7.55e-05  -3.8    2.5  1.00e+00 10  1h
3747r 1.6018705e+03 1.88e-10 4.61e-03 7.55e-05  -3.8    2.9  1.00e+00  7  1h
3748r 1.6018712e+03 1.68e-09 4.60e-03 7.55e-05  -3.8    2.4  1.00e+00 10  1h
3749r 1.6018715e+03 2.37e-10 4.59e-03 7.55e-05  -3.8    2.9  1.00e+00  8  1h
iter    objective    inf_pr   inf_du inf_compl lg(mu) lg(rg) alpha_pr ir ls
3750r 1.6018716e+03 8.73e-11 4.59e-03 7.55e-05  -3.8    3.3  1.00e+00  4  1h
3751r 1.6018719e+03 2.98e-10 4.59e-03 7.55e-05  -3.8    2.8  1.00e+00  5  1h
3752r 1.6018728e+03 2.67e-09 4.57e-03 7.55e-05  -3.8    2.3  1.00e+00 10  1h
3753r 1.6018731e+03 3.76e-10 4.57e-03 7.55e-05  -3.8    2.8  1.00e+00  6  1h
3754r 1.6018741e+03 3.37e-09 4.56e-03 7.55e-05  -3.8    2.3  1.00e+00 10  1h
3755r 1.6018745e+03 4.73e-10 4.55e-03 7.55e-05  -3.8    2.7  1.00e+00 10  1h
3756r 1.6018746e+03 1.22e-10 4.55e-03 7.55e-05  -3.8    3.1  1.00e+00  5  1h
3757r 1.6018751e+03 5.95e-10 4.55e-03 7.55e-05  -3.8    2.7  1.00e+00  8  1h
3758r 1.6018763e+03 5.33e-09 4.53e-03 7.55e-05  -3.8    2.2  1.00e+00 10  1h
3759r 1.6018768e+03 7.50e-10 4.53e-03 7.55e-05  -3.8    2.6  1.00e+00 10  1h
iter    objective    inf_pr   inf_du inf_compl lg(mu) lg(rg) alpha_pr ir ls
3760r 1.6018782e+03 6.70e-09 4.51e-03 7.55e-05  -3.8    2.1  1.00e+00 10  1h
3761r 1.6018787e+03 9.41e-10 4.51e-03 7.55e-05  -3.8    2.6  1.00e+00 10  1h
3762r 1.6018789e+03 1.70e-10 4.50e-03 7.55e-05  -3.8    3.0  1.00e+00  5  1h
3763r 1.6018795e+03 1.18e-09 4.50e-03 7.55e-05  -3.8    2.5  1.00e+00  7  1h
3764r 1.6018813e+03 1.06e-08 4.48e-03 7.55e-05  -3.8    2.0  1.00e+00 10  1h
3765r 1.6018820e+03 1.49e-09 4.47e-03 7.55e-05  -3.8    2.5  1.00e+00 10  1h
3766r 1.6018822e+03 2.09e-10 4.47e-03 7.55e-05  -3.8    2.9  1.00e+00  5  1h
3767r 1.6018830e+03 1.86e-09 4.47e-03 7.55e-05  -3.8    2.4  1.00e+00 10  1h
3768r 1.6018832e+03 2.62e-10 4.46e-03 7.55e-05  -3.8    2.8  1.00e+00  9  1h
3769r 1.6018834e+03 9.16e-11 4.46e-03 7.55e-05  -3.8    3.3  1.00e+00  4  1h
iter    objective    inf_pr   inf_du inf_compl lg(mu) lg(rg) alpha_pr ir ls
3770r 1.6018837e+03 3.30e-10 4.46e-03 7.55e-05  -3.8    2.8  1.00e+00  8  1h
3771r 1.6018846e+03 2.96e-09 4.45e-03 7.55e-05  -3.8    2.3  1.00e+00 10  1h
3772r 1.6018875e+03 2.65e-08 4.43e-03 7.55e-05  -3.8    1.8  1.00e+00 10  1h
3773r 1.6018885e+03 3.72e-09 4.42e-03 7.55e-05  -3.8    2.2  1.00e+00 10  1h
3774r 1.6018889e+03 5.21e-10 4.42e-03 7.55e-05  -3.8    2.7  1.00e+00 10  1h
3775r 1.6018901e+03 4.65e-09 4.41e-03 7.55e-05  -3.8    2.2  1.00e+00 10  1h
3776r 1.6018906e+03 6.54e-10 4.41e-03 7.55e-05  -3.8    2.6  1.00e+00  6  1h
3777r 1.6018907e+03 1.43e-10 4.41e-03 7.55e-05  -3.8    3.0  1.00e+00  4  1h
3778r 1.6018912e+03 8.21e-10 4.41e-03 7.55e-05  -3.8    2.6  1.00e+00  9  1h
3779r 1.6018927e+03 7.37e-09 4.40e-03 7.55e-05  -3.8    2.1  1.00e+00 10  1h
iter    objective    inf_pr   inf_du inf_compl lg(mu) lg(rg) alpha_pr ir ls
3780r 1.6018933e+03 1.04e-09 4.39e-03 7.55e-05  -3.8    2.5  1.00e+00 10  1h
3781r 1.6018950e+03 9.27e-09 4.39e-03 7.55e-05  -3.8    2.0  1.00e+00 10  1h
3782r 1.6018956e+03 1.30e-09 4.38e-03 7.55e-05  -3.8    2.5  1.00e+00 10  1h
3783r 1.6018959e+03 1.97e-10 4.38e-03 7.55e-05  -3.8    2.9  1.00e+00  7  1h
3784r 1.6018960e+03 9.35e-11 4.38e-03 7.55e-05  -3.8    3.3  1.00e+00  5  1h
3785r 1.6018962e+03 2.30e-10 4.38e-03 7.55e-05  -3.8    2.8  1.00e+00  7  1h
3786r 1.6018970e+03 2.07e-09 4.38e-03 7.55e-05  -3.8    2.4  1.00e+00 10  1h
3787r 1.6018994e+03 1.85e-08 4.36e-03 7.55e-05  -3.8    1.9  1.00e+00 10  1h
3788r 1.6019066e+03 1.64e-07 4.34e-03 7.55e-05  -3.8    1.4  1.00e+00 10  1h
3789r 1.6019069e+03 8.94e-10 4.34e-03 7.55e-05  -3.8    2.7  1.00e+00  4  1h
[ Info: instance 0/1 on GPU 1 (Quadro GV100)
[ Info: instance 0: 24 models assigned, 8 remaining
[ Info: warmup: JIT build+solve on Bruno_JExpBot2016 ...
[ Info: warmup done
[ Info: [Brannmark_JBC2010] SGM skipped (solve term=SEARCH_DIRECTION_BECOMES_TOO_SMALL, not SOLVE_SUCCEEDED)
[ Info: [Brannmark_JBC2010] done
[ Info: [Fujita_SciSignal2010] compiling (K=6, compile_limit=14400.0s)...
┌ Warning: Simulation condition id condition_pulse_00_1 does not appear in the measurements table. Therefore no measurement corresponds to this id.
└ @ PEtab ~/.julia/packages/PEtab/PnGbI/src/petab_files/conditions/check_input.jl:13
┌ Warning: Simulation condition id condition_pulse_00_3 does not appear in the measurements table. Therefore no measurement corresponds to this id.
└ @ PEtab ~/.julia/packages/PEtab/PnGbI/src/petab_files/conditions/check_input.jl:13
┌ Warning: Simulation condition id condition_pulse_01_0 does not appear in the measurements table. Therefore no measurement corresponds to this id.
└ @ PEtab ~/.julia/packages/PEtab/PnGbI/src/petab_files/conditions/check_input.jl:13
┌ Warning: Simulation condition id condition_pulse_03_0 does not appear in the measurements table. Therefore no measurement corresponds to this id.
└ @ PEtab ~/.julia/packages/PEtab/PnGbI/src/petab_files/conditions/check_input.jl:13
┌ Warning: Simulation condition id condition_pulse_10_0 does not appear in the measurements table. Therefore no measurement corresponds to this id.
└ @ PEtab ~/.julia/packages/PEtab/PnGbI/src/petab_files/conditions/check_input.jl:13
┌ Warning: Simulation condition id condition_pulse_30_0 does not appear in the measurements table. Therefore no measurement corresponds to this id.
└ @ PEtab ~/.julia/packages/PEtab/PnGbI/src/petab_files/conditions/check_input.jl:13
┌ Warning: Simulation condition id condition_ramp_8_3Enegative06 does not appear in the measurements table. Therefore no measurement corresponds to this id.
└ @ PEtab ~/.julia/packages/PEtab/PnGbI/src/petab_files/conditions/check_input.jl:13
┌ Warning: Simulation condition id condition_ramp_8_3Enegative05 does not appear in the measurements table. Therefore no measurement corresponds to this id.
└ @ PEtab ~/.julia/packages/PEtab/PnGbI/src/petab_files/conditions/check_input.jl:13
┌ Warning: Simulation condition id condition_ramp_8_3Enegative04 does not appear in the measurements table. Therefore no measurement corresponds to this id.
└ @ PEtab ~/.julia/packages/PEtab/PnGbI/src/petab_files/conditions/check_input.jl:13
┌ Warning: Simulation condition id condition_ramp_8_3Enegative03 does not appear in the measurements table. Therefore no measurement corresponds to this id.
└ @ PEtab ~/.julia/packages/PEtab/PnGbI/src/petab_files/conditions/check_input.jl:13
┌ Warning: Simulation condition id condition_pulse_00_1 does not appear in the measurements table. Therefore no measurement corresponds to this id.
└ @ PEtab ~/.julia/packages/PEtab/PnGbI/src/petab_files/conditions/check_input.jl:13
┌ Warning: Simulation condition id condition_pulse_00_3 does not appear in the measurements table. Therefore no measurement corresponds to this id.
└ @ PEtab ~/.julia/packages/PEtab/PnGbI/src/petab_files/conditions/check_input.jl:13
┌ Warning: Simulation condition id condition_pulse_01_0 does not appear in the measurements table. Therefore no measurement corresponds to this id.
└ @ PEtab ~/.julia/packages/PEtab/PnGbI/src/petab_files/conditions/check_input.jl:13
┌ Warning: Simulation condition id condition_pulse_03_0 does not appear in the measurements table. Therefore no measurement corresponds to this id.
└ @ PEtab ~/.julia/packages/PEtab/PnGbI/src/petab_files/conditions/check_input.jl:13
┌ Warning: Simulation condition id condition_pulse_10_0 does not appear in the measurements table. Therefore no measurement corresponds to this id.
└ @ PEtab ~/.julia/packages/PEtab/PnGbI/src/petab_files/conditions/check_input.jl:13
┌ Warning: Simulation condition id condition_pulse_30_0 does not appear in the measurements table. Therefore no measurement corresponds to this id.
└ @ PEtab ~/.julia/packages/PEtab/PnGbI/src/petab_files/conditions/check_input.jl:13
┌ Warning: Simulation condition id condition_ramp_8_3Enegative06 does not appear in the measurements table. Therefore no measurement corresponds to this id.
└ @ PEtab ~/.julia/packages/PEtab/PnGbI/src/petab_files/conditions/check_input.jl:13
┌ Warning: Simulation condition id condition_ramp_8_3Enegative05 does not appear in the measurements table. Therefore no measurement corresponds to this id.
└ @ PEtab ~/.julia/packages/PEtab/PnGbI/src/petab_files/conditions/check_input.jl:13
┌ Warning: Simulation condition id condition_ramp_8_3Enegative04 does not appear in the measurements table. Therefore no measurement corresponds to this id.
└ @ PEtab ~/.julia/packages/PEtab/PnGbI/src/petab_files/conditions/check_input.jl:13
┌ Warning: Simulation condition id condition_ramp_8_3Enegative03 does not appear in the measurements table. Therefore no measurement corresponds to this id.
└ @ PEtab ~/.julia/packages/PEtab/PnGbI/src/petab_files/conditions/check_input.jl:13
[ Info: [Fujita_SciSignal2010] solving with MadNLP (max_wall_time=7200.0s)...
[ Info: [Fujita_SciSignal2010] SGM solve 1/3 ...
[ Info: [Fujita_SciSignal2010] SGM solve 2/3 ...
[ Info: [Fujita_SciSignal2010] SGM solve 3/3 ...
[ Info: [Fujita_SciSignal2010] SGM done: solve=21.45 s (n=3)
[ Info: [Fujita_SciSignal2010] done
[ Info: [Giordano_Nature2020] compiling (K=6, compile_limit=14400.0s)...
┌ Warning: Simulation condition id pred2 does not appear in the measurements table. Therefore no measurement corresponds to this id.
└ @ PEtab ~/.julia/packages/PEtab/PnGbI/src/petab_files/conditions/check_input.jl:13
┌ Warning: Simulation condition id pred3 does not appear in the measurements table. Therefore no measurement corresponds to this id.
└ @ PEtab ~/.julia/packages/PEtab/PnGbI/src/petab_files/conditions/check_input.jl:13
┌ Warning: Simulation condition id pred4 does not appear in the measurements table. Therefore no measurement corresponds to this id.
└ @ PEtab ~/.julia/packages/PEtab/PnGbI/src/petab_files/conditions/check_input.jl:13
┌ Warning: Simulation condition id pred5 does not appear in the measurements table. Therefore no measurement corresponds to this id.
└ @ PEtab ~/.julia/packages/PEtab/PnGbI/src/petab_files/conditions/check_input.jl:13
┌ Warning: Simulation condition id pred2 does not appear in the measurements table. Therefore no measurement corresponds to this id.
└ @ PEtab ~/.julia/packages/PEtab/PnGbI/src/petab_files/conditions/check_input.jl:13
┌ Warning: Simulation condition id pred3 does not appear in the measurements table. Therefore no measurement corresponds to this id.
└ @ PEtab ~/.julia/packages/PEtab/PnGbI/src/petab_files/conditions/check_input.jl:13
┌ Warning: Simulation condition id pred4 does not appear in the measurements table. Therefore no measurement corresponds to this id.
└ @ PEtab ~/.julia/packages/PEtab/PnGbI/src/petab_files/conditions/check_input.jl:13
┌ Warning: Simulation condition id pred5 does not appear in the measurements table. Therefore no measurement corresponds to this id.
└ @ PEtab ~/.julia/packages/PEtab/PnGbI/src/petab_files/conditions/check_input.jl:13
[ Info: [Giordano_Nature2020] solving with MadNLP (max_wall_time=7200.0s)...
[ Info: [Giordano_Nature2020] SGM skipped (solve term=INFEASIBLE_PROBLEM_DETECTED, not SOLVE_SUCCEEDED)
[ Info: [Giordano_Nature2020] done
[ Info: [Isensee_JCB2018] compiling (K=6, compile_limit=14400.0s)...
┌ Error: [Isensee_JCB2018] compile failed
│   exception =
│    Condition 'model1_data3' has a fixed-time event at t=45.0 that does not coincide with a collocation mesh node; mid-interval events are not supported. (Mesh nodes come from measurement times; add a measurement/tstop at t=45.0 to support it.)
│    Stacktrace:
│      [1] error(s::String)
│        @ Base ./error.jl:44
│      [2] _get_gate_vals(PEmodel::PEtabModel, PEprob::PEtabODEProblem{PEtab.var"#_get_nllh##0#_get_nllh##1"{PEtab.var"#_get_nllh##2#_get_nllh##3"{PEtab.PEtabODEProblemInfo{ODESolver, ODESolver, PEtab.PEtabODEProblemCache{Vector{Float64}, PreallocationTools.DiffCache{Vector{Float64}, Vector{Float64}}, Vector{Float64}, Matrix{Float64}, Dict{Symbol, PreallocationTools.DiffCache}, Dict{Symbol, PreallocationTools.DiffCache}, Dict{Symbol, PreallocationTools.DiffCache}, Vector{Float64}}}, PEtab.ModelInfo, Bool, PEtab.var"#_get_prior##0#_get_prior##1"{PEtab.Priors, PEtab.ParameterIndices}}}, PEtab.var"#_get_grad##0#_get_grad##1"{PEtab.var"#_get_grad##2#_get_grad##3"{PEtab.var"#_get_grad_forward_AD##0#_get_grad_forward_AD##1"{PEtab.var"#297#298"{Bool, Bool, Bool, PEtab.PEtabODEProblemInfo{ODESolver, ODESolver, PEtab.PEtabODEProblemCache{Vector{Float64}, PreallocationTools.DiffCache{Vector{Float64}, Vector{Float64}}, Vector{Float64}, Matrix{Float64}, Dict{Symbol, PreallocationTools.DiffCache}, Dict{Symbol, PreallocationTools.DiffCache}, Dict{Symbol, PreallocationTools.DiffCache}, Vector{Float64}}}, PEtab.ModelInfo}, PEtab.var"#302#303"{Bool, PEtab.PEtabODEProblemInfo{ODESolver, ODESolver, PEtab.PEtabODEProblemCache{Vector{Float64}, PreallocationTools.DiffCache{Vector{Float64}, Vector{Float64}}, Vector{Float64}, Matrix{Float64}, Dict{Symbol, PreallocationTools.DiffCache}, Dict{Symbol, PreallocationTools.DiffCache}, Dict{Symbol, PreallocationTools.DiffCache}, Vector{Float64}}}, PEtab.PEtabODEProblemInfo{ODESolver, ODESolver, PEtab.PEtabODEProblemCache{Vector{Float64}, PreallocationTools.DiffCache{Vector{Float64}, Vector{Float64}}, Vector{Float64}, Matrix{Float64}, Dict{Symbol, PreallocationTools.DiffCache}, Dict{Symbol, PreallocationTools.DiffCache}, Dict{Symbol, PreallocationTools.DiffCache}, Vector{Float64}}}, Vector{Float64}, Vector{Float64}, Vector{Float64}, PEtab.ModelInfo}, ForwardDiff.GradientConfig{ForwardDiff.Tag{PEtab.var"#302#303"{Bool, PEtab.PEtabODEProblemInfo{ODESolver, ODESolver, PEtab.PEtabODEProblemCache{Vector{Float64}, PreallocationTools.DiffCache{Vector{Float64}, Vector{Float64}}, Vector{Float64}, Matrix{Float64}, Dict{Symbol, PreallocationTools.DiffCache}, Dict{Symbol, PreallocationTools.DiffCache}, Dict{Symbol, PreallocationTools.DiffCache}, Vector{Float64}}}, PEtab.PEtabODEProblemInfo{ODESolver, ODESolver, PEtab.PEtabODEProblemCache{Vector{Float64}, PreallocationTools.DiffCache{Vector{Float64}, Vector{Float64}}, Vector{Float64}, Matrix{Float64}, Dict{Symbol, PreallocationTools.DiffCache}, Dict{Symbol, PreallocationTools.DiffCache}, Dict{Symbol, PreallocationTools.DiffCache}, Vector{Float64}}}, Vector{Float64}, Vector{Float64}, Vector{Float64}, PEtab.ModelInfo}, Float64}, Float64, 11, Vector{ForwardDiff.Dual{ForwardDiff.Tag{PEtab.var"#302#303"{Bool, PEtab.PEtabODEProblemInfo{ODESolver, ODESolver, PEtab.PEtabODEProblemCache{Vector{Float64}, PreallocationTools.DiffCache{Vector{Float64}, Vector{Float64}}, Vector{Float64}, Matrix{Float64}, Dict{Symbol, PreallocationTools.DiffCache}, Dict{Symbol, PreallocationTools.DiffCache}, Dict{Symbol, PreallocationTools.DiffCache}, Vector{Float64}}}, PEtab.PEtabODEProblemInfo{ODESolver, ODESolver, PEtab.PEtabODEProblemCache{Vector{Float64}, PreallocationTools.DiffCache{Vector{Float64}, Vector{Float64}}, Vector{Float64}, Matrix{Float64}, Dict{Symbol, PreallocationTools.DiffCache}, Dict{Symbol, PreallocationTools.DiffCache}, Dict{Symbol, PreallocationTools.DiffCache}, Vector{Float64}}}, Vector{Float64}, Vector{Float64}, Vector{Float64}, PEtab.ModelInfo}, Float64}, Float64, 11}}}, PEtab.ModelInfo, PEtab.PEtabODEProblemInfo{ODESolver, ODESolver, PEtab.PEtabODEProblemCache{Vector{Float64}, PreallocationTools.DiffCache{Vector{Float64}, Vector{Float64}}, Vector{Float64}, Matrix{Float64}, Dict{Symbol, PreallocationTools.DiffCache}, Dict{Symbol, PreallocationTools.DiffCache}, Dict{Symbol, PreallocationTools.DiffCache}, Vector{Float64}}}}, PEtab.var"#_get_prior##2#_get_prior##3"{PEtab.var"#_get_prior##0#_get_prior##1"{PEtab.Priors, PEtab.ParameterIndices}}}}, PEtab.var"#262#263"{PEtab.var"#264#265"{Bool, PEtab.var"#_get_hess_gaussnewton##6#_get_hess_gaussnewton##7"{PEtab.var"#_get_hess_gaussnewton##4#_get_hess_gaussnewton##5"{PEtab.PEtabODEProblemInfo{ODESolver, ODESolver, PEtab.PEtabODEProblemCache{Vector{Float64}, PreallocationTools.DiffCache{Vector{Float64}, Vector{Float64}}, Vector{Float64}, Matrix{Float64}, Dict{Symbol, PreallocationTools.DiffCache}, Dict{Symbol, PreallocationTools.DiffCache}, Dict{Symbol, PreallocationTools.DiffCache}, Vector{Float64}}}, PEtab.ModelInfo}, PEtab.PEtabODEProblemInfo{ODESolver, ODESolver, PEtab.PEtabODEProblemCache{Vector{Float64}, PreallocationTools.DiffCache{Vector{Float64}, Vector{Float64}}, Vector{Float64}, Matrix{Float64}, Dict{Symbol, PreallocationTools.DiffCache}, Dict{Symbol, PreallocationTools.DiffCache}, Dict{Symbol, PreallocationTools.DiffCache}, Vector{Float64}}}, PEtab.ModelInfo, ForwardDiff.JacobianConfig{ForwardDiff.Tag{PEtab.var"#_get_hess_gaussnewton##0#_get_hess_gaussnewton##1"{PEtab.PEtabODEProblemInfo{ODESolver, ODESolver, PEtab.PEtabODEProblemCache{Vector{Float64}, PreallocationTools.DiffCache{Vector{Float64}, Vector{Float64}}, Vector{Float64}, Matrix{Float64}, Dict{Symbol, PreallocationTools.DiffCache}, Dict{Symbol, PreallocationTools.DiffCache}, Dict{Symbol, PreallocationTools.DiffCache}, Vector{Float64}}}, PEtab.ModelInfo}, Float64}, Float64, 11, Tuple{Matrix{ForwardDiff.Dual{ForwardDiff.Tag{PEtab.var"#_get_hess_gaussnewton##0#_get_hess_gaussnewton##1"{PEtab.PEtabODEProblemInfo{ODESolver, ODESolver, PEtab.PEtabODEProblemCache{Vector{Float64}, PreallocationTools.DiffCache{Vector{Float64}, Vector{Float64}}, Vector{Float64}, Matrix{Float64}, Dict{Symbol, PreallocationTools.DiffCache}, Dict{Symbol, PreallocationTools.DiffCache}, Dict{Symbol, PreallocationTools.DiffCache}, Vector{Float64}}}, PEtab.ModelInfo}, Float64}, Float64, 11}}, Vector{ForwardDiff.Dual{ForwardDiff.Tag{PEtab.var"#_get_hess_gaussnewton##0#_get_hess_gaussnewton##1"{PEtab.PEtabODEProblemInfo{ODESolver, ODESolver, PEtab.PEtabODEProblemCache{Vector{Float64}, PreallocationTools.DiffCache{Vector{Float64}, Vector{Float64}}, Vector{Float64}, Matrix{Float64}, Dict{Symbol, PreallocationTools.DiffCache}, Dict{Symbol, PreallocationTools.DiffCache}, Dict{Symbol, PreallocationTools.DiffCache}, Vector{Float64}}}, PEtab.ModelInfo}, Float64}, Float64, 11}}}}, ForwardDiff.JacobianConfig{ForwardDiff.Tag{PEtab.var"#_get_hess_gaussnewton##4#_get_hess_gaussnewton##5"{PEtab.PEtabODEProblemInfo{ODESolver, ODESolver, PEtab.PEtabODEProblemCache{Vector{Float64}, PreallocationTools.DiffCache{Vector{Float64}, Vector{Float64}}, Vector{Float64}, Matrix{Float64}, Dict{Symbol, PreallocationTools.DiffCache}, Dict{Symbol, PreallocationTools.DiffCache}, Dict{Symbol, PreallocationTools.DiffCache}, Vector{Float64}}}, PEtab.ModelInfo}, Float64}, Float64, 7, Tuple{Vector{ForwardDiff.Dual{ForwardDiff.Tag{PEtab.var"#_get_hess_gaussnewton##4#_get_hess_gaussnewton##5"{PEtab.PEtabODEProblemInfo{ODESolver, ODESolver, PEtab.PEtabODEProblemCache{Vector{Float64}, PreallocationTools.DiffCache{Vector{Float64}, Vector{Float64}}, Vector{Float64}, Matrix{Float64}, Dict{Symbol, PreallocationTools.DiffCache}, Dict{Symbol, PreallocationTools.DiffCache}, Dict{Symbol, PreallocationTools.DiffCache}, Vector{Float64}}}, PEtab.ModelInfo}, Float64}, Float64, 7}}, Vector{ForwardDiff.Dual{ForwardDiff.Tag{PEtab.var"#_get_hess_gaussnewton##4#_get_hess_gaussnewton##5"{PEtab.PEtabODEProblemInfo{ODESolver, ODESolver, PEtab.PEtabODEProblemCache{Vector{Float64}, PreallocationTools.DiffCache{Vector{Float64}, Vector{Float64}}, Vector{Float64}, Matrix{Float64}, Dict{Symbol, PreallocationTools.DiffCache}, Dict{Symbol, PreallocationTools.DiffCache}, Dict{Symbol, PreallocationTools.DiffCache}, Vector{Float64}}}, PEtab.ModelInfo}, Float64}, Float64, 7}}}}, Bool, PEtab.var"#_get_hess_gaussnewton##0#_get_hess_gaussnewton##1"{PEtab.PEtabODEProblemInfo{ODESolver, ODESolver, PEtab.PEtabODEProblemCache{Vector{Float64}, PreallocationTools.DiffCache{Vector{Float64}, Vector{Float64}}, Vector{Float64}, Matrix{Float64}, Dict{Symbol, PreallocationTools.DiffCache}, Dict{Symbol, PreallocationTools.DiffCache}, Dict{Symbol, PreallocationTools.DiffCache}, Vector{Float64}}}, PEtab.ModelInfo}}, PEtab.var"#_get_prior##4#_get_prior##5"{PEtab.var"#_get_prior##0#_get_prior##1"{PEtab.Priors, PEtab.ParameterIndices}}}}}, gate_syms::Vector{Symbolics.Num}, h::Vector{Float64}, taus::Vector{Float64})
│        @ ExaModelsPEtab ~/.julia/dev/ExaModelsPEtab-benchmark/src/utils.jl:372
│      [3] _create_variables(c::ExaCore{Float64, CuArray{Float64, 1, CUDA.DeviceMemory}, CUDABackend, Nothing, Tuple{}, Tuple{}, Tuple{}, Tuple{}, @NamedTuple{}, Tuple{}, Tuple{}, Tuple{}}, PEmodel::PEtabModel, PEprob::PEtabODEProblem{PEtab.var"#_get_nllh##0#_get_nllh##1"{PEtab.var"#_get_nllh##2#_get_nllh##3"{PEtab.PEtabODEProblemInfo{ODESolver, ODESolver, PEtab.PEtabODEProblemCache{Vector{Float64}, PreallocationTools.DiffCache{Vector{Float64}, Vector{Float64}}, Vector{Float64}, Matrix{Float64}, Dict{Symbol, PreallocationTools.DiffCache}, Dict{Symbol, PreallocationTools.DiffCache}, Dict{Symbol, PreallocationTools.DiffCache}, Vector{Float64}}}, PEtab.ModelInfo, Bool, PEtab.var"#_get_prior##0#_get_prior##1"{PEtab.Priors, PEtab.ParameterIndices}}}, PEtab.var"#_get_grad##0#_get_grad##1"{PEtab.var"#_get_grad##2#_get_grad##3"{PEtab.var"#_get_grad_forward_AD##0#_get_grad_forward_AD##1"{PEtab.var"#297#298"{Bool, Bool, Bool, PEtab.PEtabODEProblemInfo{ODESolver, ODESolver, PEtab.PEtabODEProblemCache{Vector{Float64}, PreallocationTools.DiffCache{Vector{Float64}, Vector{Float64}}, Vector{Float64}, Matrix{Float64}, Dict{Symbol, PreallocationTools.DiffCache}, Dict{Symbol, PreallocationTools.DiffCache}, Dict{Symbol, PreallocationTools.DiffCache}, Vector{Float64}}}, PEtab.ModelInfo}, PEtab.var"#302#303"{Bool, PEtab.PEtabODEProblemInfo{ODESolver, ODESolver, PEtab.PEtabODEProblemCache{Vector{Float64}, PreallocationTools.DiffCache{Vector{Float64}, Vector{Float64}}, Vector{Float64}, Matrix{Float64}, Dict{Symbol, PreallocationTools.DiffCache}, Dict{Symbol, PreallocationTools.DiffCache}, Dict{Symbol, PreallocationTools.DiffCache}, Vector{Float64}}}, PEtab.PEtabODEProblemInfo{ODESolver, ODESolver, PEtab.PEtabODEProblemCache{Vector{Float64}, PreallocationTools.DiffCache{Vector{Float64}, Vector{Float64}}, Vector{Float64}, Matrix{Float64}, Dict{Symbol, PreallocationTools.DiffCache}, Dict{Symbol, PreallocationTools.DiffCache}, Dict{Symbol, PreallocationTools.DiffCache}, Vector{Float64}}}, Vector{Float64}, Vector{Float64}, Vector{Float64}, PEtab.ModelInfo}, ForwardDiff.GradientConfig{ForwardDiff.Tag{PEtab.var"#302#303"{Bool, PEtab.PEtabODEProblemInfo{ODESolver, ODESolver, PEtab.PEtabODEProblemCache{Vector{Float64}, PreallocationTools.DiffCache{Vector{Float64}, Vector{Float64}}, Vector{Float64}, Matrix{Float64}, Dict{Symbol, PreallocationTools.DiffCache}, Dict{Symbol, PreallocationTools.DiffCache}, Dict{Symbol, PreallocationTools.DiffCache}, Vector{Float64}}}, PEtab.PEtabODEProblemInfo{ODESolver, ODESolver, PEtab.PEtabODEProblemCache{Vector{Float64}, PreallocationTools.DiffCache{Vector{Float64}, Vector{Float64}}, Vector{Float64}, Matrix{Float64}, Dict{Symbol, PreallocationTools.DiffCache}, Dict{Symbol, PreallocationTools.DiffCache}, Dict{Symbol, PreallocationTools.DiffCache}, Vector{Float64}}}, Vector{Float64}, Vector{Float64}, Vector{Float64}, PEtab.ModelInfo}, Float64}, Float64, 11, Vector{ForwardDiff.Dual{ForwardDiff.Tag{PEtab.var"#302#303"{Bool, PEtab.PEtabODEProblemInfo{ODESolver, ODESolver, PEtab.PEtabODEProblemCache{Vector{Float64}, PreallocationTools.DiffCache{Vector{Float64}, Vector{Float64}}, Vector{Float64}, Matrix{Float64}, Dict{Symbol, PreallocationTools.DiffCache}, Dict{Symbol, PreallocationTools.DiffCache}, Dict{Symbol, PreallocationTools.DiffCache}, Vector{Float64}}}, PEtab.PEtabODEProblemInfo{ODESolver, ODESolver, PEtab.PEtabODEProblemCache{Vector{Float64}, PreallocationTools.DiffCache{Vector{Float64}, Vector{Float64}}, Vector{Float64}, Matrix{Float64}, Dict{Symbol, PreallocationTools.DiffCache}, Dict{Symbol, PreallocationTools.DiffCache}, Dict{Symbol, PreallocationTools.DiffCache}, Vector{Float64}}}, Vector{Float64}, Vector{Float64}, Vector{Float64}, PEtab.ModelInfo}, Float64}, Float64, 11}}}, PEtab.ModelInfo, PEtab.PEtabODEProblemInfo{ODESolver, ODESolver, PEtab.PEtabODEProblemCache{Vector{Float64}, PreallocationTools.DiffCache{Vector{Float64}, Vector{Float64}}, Vector{Float64}, Matrix{Float64}, Dict{Symbol, PreallocationTools.DiffCache}, Dict{Symbol, PreallocationTools.DiffCache}, Dict{Symbol, PreallocationTools.DiffCache}, Vector{Float64}}}}, PEtab.var"#_get_prior##2#_get_prior##3"{PEtab.var"#_get_prior##0#_get_prior##1"{PEtab.Priors, PEtab.ParameterIndices}}}}, PEtab.var"#262#263"{PEtab.var"#264#265"{Bool, PEtab.var"#_get_hess_gaussnewton##6#_get_hess_gaussnewton##7"{PEtab.var"#_get_hess_gaussnewton##4#_get_hess_gaussnewton##5"{PEtab.PEtabODEProblemInfo{ODESolver, ODESolver, PEtab.PEtabODEProblemCache{Vector{Float64}, PreallocationTools.DiffCache{Vector{Float64}, Vector{Float64}}, Vector{Float64}, Matrix{Float64}, Dict{Symbol, PreallocationTools.DiffCache}, Dict{Symbol, PreallocationTools.DiffCache}, Dict{Symbol, PreallocationTools.DiffCache}, Vector{Float64}}}, PEtab.ModelInfo}, PEtab.PEtabODEProblemInfo{ODESolver, ODESolver, PEtab.PEtabODEProblemCache{Vector{Float64}, PreallocationTools.DiffCache{Vector{Float64}, Vector{Float64}}, Vector{Float64}, Matrix{Float64}, Dict{Symbol, PreallocationTools.DiffCache}, Dict{Symbol, PreallocationTools.DiffCache}, Dict{Symbol, PreallocationTools.DiffCache}, Vector{Float64}}}, PEtab.ModelInfo, ForwardDiff.JacobianConfig{ForwardDiff.Tag{PEtab.var"#_get_hess_gaussnewton##0#_get_hess_gaussnewton##1"{PEtab.PEtabODEProblemInfo{ODESolver, ODESolver, PEtab.PEtabODEProblemCache{Vector{Float64}, PreallocationTools.DiffCache{Vector{Float64}, Vector{Float64}}, Vector{Float64}, Matrix{Float64}, Dict{Symbol, PreallocationTools.DiffCache}, Dict{Symbol, PreallocationTools.DiffCache}, Dict{Symbol, PreallocationTools.DiffCache}, Vector{Float64}}}, PEtab.ModelInfo}, Float64}, Float64, 11, Tuple{Matrix{ForwardDiff.Dual{ForwardDiff.Tag{PEtab.var"#_get_hess_gaussnewton##0#_get_hess_gaussnewton##1"{PEtab.PEtabODEProblemInfo{ODESolver, ODESolver, PEtab.PEtabODEProblemCache{Vector{Float64}, PreallocationTools.DiffCache{Vector{Float64}, Vector{Float64}}, Vector{Float64}, Matrix{Float64}, Dict{Symbol, PreallocationTools.DiffCache}, Dict{Symbol, PreallocationTools.DiffCache}, Dict{Symbol, PreallocationTools.DiffCache}, Vector{Float64}}}, PEtab.ModelInfo}, Float64}, Float64, 11}}, Vector{ForwardDiff.Dual{ForwardDiff.Tag{PEtab.var"#_get_hess_gaussnewton##0#_get_hess_gaussnewton##1"{PEtab.PEtabODEProblemInfo{ODESolver, ODESolver, PEtab.PEtabODEProblemCache{Vector{Float64}, PreallocationTools.DiffCache{Vector{Float64}, Vector{Float64}}, Vector{Float64}, Matrix{Float64}, Dict{Symbol, PreallocationTools.DiffCache}, Dict{Symbol, PreallocationTools.DiffCache}, Dict{Symbol, PreallocationTools.DiffCache}, Vector{Float64}}}, PEtab.ModelInfo}, Float64}, Float64, 11}}}}, ForwardDiff.JacobianConfig{ForwardDiff.Tag{PEtab.var"#_get_hess_gaussnewton##4#_get_hess_gaussnewton##5"{PEtab.PEtabODEProblemInfo{ODESolver, ODESolver, PEtab.PEtabODEProblemCache{Vector{Float64}, PreallocationTools.DiffCache{Vector{Float64}, Vector{Float64}}, Vector{Float64}, Matrix{Float64}, Dict{Symbol, PreallocationTools.DiffCache}, Dict{Symbol, PreallocationTools.DiffCache}, Dict{Symbol, PreallocationTools.DiffCache}, Vector{Float64}}}, PEtab.ModelInfo}, Float64}, Float64, 7, Tuple{Vector{ForwardDiff.Dual{ForwardDiff.Tag{PEtab.var"#_get_hess_gaussnewton##4#_get_hess_gaussnewton##5"{PEtab.PEtabODEProblemInfo{ODESolver, ODESolver, PEtab.PEtabODEProblemCache{Vector{Float64}, PreallocationTools.DiffCache{Vector{Float64}, Vector{Float64}}, Vector{Float64}, Matrix{Float64}, Dict{Symbol, PreallocationTools.DiffCache}, Dict{Symbol, PreallocationTools.DiffCache}, Dict{Symbol, PreallocationTools.DiffCache}, Vector{Float64}}}, PEtab.ModelInfo}, Float64}, Float64, 7}}, Vector{ForwardDiff.Dual{ForwardDiff.Tag{PEtab.var"#_get_hess_gaussnewton##4#_get_hess_gaussnewton##5"{PEtab.PEtabODEProblemInfo{ODESolver, ODESolver, PEtab.PEtabODEProblemCache{Vector{Float64}, PreallocationTools.DiffCache{Vector{Float64}, Vector{Float64}}, Vector{Float64}, Matrix{Float64}, Dict{Symbol, PreallocationTools.DiffCache}, Dict{Symbol, PreallocationTools.DiffCache}, Dict{Symbol, PreallocationTools.DiffCache}, Vector{Float64}}}, PEtab.ModelInfo}, Float64}, Float64, 7}}}}, Bool, PEtab.var"#_get_hess_gaussnewton##0#_get_hess_gaussnewton##1"{PEtab.PEtabODEProblemInfo{ODESolver, ODESolver, PEtab.PEtabODEProblemCache{Vector{Float64}, PreallocationTools.DiffCache{Vector{Float64}, Vector{Float64}}, Vector{Float64}, Matrix{Float64}, Dict{Symbol, PreallocationTools.DiffCache}, Dict{Symbol, PreallocationTools.DiffCache}, Dict{Symbol, PreallocationTools.DiffCache}, Vector{Float64}}}, PEtab.ModelInfo}}, PEtab.var"#_get_prior##4#_get_prior##5"{PEtab.var"#_get_prior##0#_get_prior##1"{PEtab.Priors, PEtab.ParameterIndices}}}}}, K::Int64)
│        @ ExaModelsPEtab ~/.julia/dev/ExaModelsPEtab-benchmark/src/variables.jl:19
│      [4] build_model(yaml::String, t_origin::Float64)
│        @ Main ~/.julia/dev/ExaModelsPEtab-benchmark/examples/Benchmarks/benchmark_examodels.jl:120
│      [5] #bench_one##0
│        @ ~/.julia/dev/ExaModelsPEtab-benchmark/examples/Benchmarks/benchmark_examodels.jl:197 [inlined]
│      [6] with_hard_deadline(f::var"#bench_one##0#bench_one##1"{String, Float64}, seconds::Float64)
│        @ Main ~/.julia/dev/ExaModelsPEtab-benchmark/examples/Benchmarks/benchmark_examodels.jl:82
│      [7] bench_one(m::String)
│        @ Main ~/.julia/dev/ExaModelsPEtab-benchmark/examples/Benchmarks/benchmark_examodels.jl:196
│      [8] main()
│        @ Main ~/.julia/dev/ExaModelsPEtab-benchmark/examples/Benchmarks/benchmark_examodels.jl:331
│      [9] top-level scope
│        @ ~/.julia/dev/ExaModelsPEtab-benchmark/examples/Benchmarks/benchmark_examodels.jl:336
│     [10] include(mod::Module, _path::String)
│        @ Base ./Base.jl:306
│     [11] exec_options(opts::Base.JLOptions)
│        @ Base ./client.jl:317
│     [12] _start()
│        @ Base ./client.jl:550
└ @ Main ~/.julia/dev/ExaModelsPEtab-benchmark/examples/Benchmarks/benchmark_examodels.jl:213
[ Info: [Lucarelli_CellSystems2018] compiling (K=6, compile_limit=14400.0s)...
┌ Warning: For large models adjoint sensitivity analysis is the best gradient method. To use this method load SciMLSensitivity
└ @ PEtab ~/.julia/packages/PEtab/PnGbI/src/petab_odeproblem/defaults.jl:87
┌ Warning: For large models we strongly recomend to compare different ODE-solvers instead of using default options.
└ @ PEtab ~/.julia/packages/PEtab/PnGbI/src/petab_odeproblem/defaults.jl:135
[ Info: [Lucarelli_CellSystems2018] solving with MadNLP (max_wall_time=7200.0s)...
[ Info: [Lucarelli_CellSystems2018] SGM skipped (solve term=MAXIMUM_WALLTIME_EXCEEDED, not SOLVE_SUCCEEDED)
[ Info: [Lucarelli_CellSystems2018] done
[ Info: [Oliveira_NatCommun2021] compiling (K=6, compile_limit=14400.0s)...
┌ Warning: Noise model for observable 'cumulative_cases' references model states outside the observable formula; it does not follow an expected PEtab noise form (σ as a function of parameters and the observable y). Falling back to a general state-dependent expression.
└ @ ExaModelsPEtab ~/.julia/dev/ExaModelsPEtab-benchmark/src/objective.jl:472
┌ Error: [Oliveira_NatCommun2021] compile failed
│   exception =
│    UndefVarError: `sd_cumulative_cases` not defined in `Symbolics`
│    Suggestion: check for spelling errors or missing imports.
│    Stacktrace:
│      [1] macro expansion
│        @ ~/.julia/packages/Symbolics/0y0te/src/build_function.jl:143 [inlined]
│      [2] macro expansion
│        @ ~/.julia/packages/RuntimeGeneratedFunctions/Ilzci/src/RuntimeGeneratedFunctions.jl:200 [inlined]
│      [3] macro expansion
│        @ ./none:0 [inlined]
│      [4] generated_callfunc
│        @ ./none:0 [inlined]
│      [5] (::RuntimeGeneratedFunctions.RuntimeGeneratedFunction{(:Hospital, :Symptomatic, :Asymptomatic, :Exposed, :ICU, :Recovered, :Deaths, :Susceptible, :Cumulative_cases, :beta_0, :beta_1, :beta_2, :t_1, :t_2, :delta_, :h_hosp_rate, :gamma_h, :gamma_u, :exposed_init_concentration, :asymptomatic_init_concentration, :symptomatic_init_concentration, :beta_2_multiplier), Symbolics.var"#_RGF_ModTag", Symbolics.var"#_RGF_ModTag", (0x9ccb9954, 0x27b85ae8, 0x9f114281, 0xa59a33bf, 0x0e344d1c), Expr})(::Float64, ::Float64, ::Float64, ::Float64, ::Float64, ::Float64, ::Float64, ::Float64, ::Float64, ::Float64, ::Float64, ::Float64, ::Float64, ::Float64, ::Float64, ::Float64, ::Float64, ::Float64, ::Float64, ::Float64, ::Float64, ::Float64)
│        @ RuntimeGeneratedFunctions ~/.julia/packages/RuntimeGeneratedFunctions/Ilzci/src/RuntimeGeneratedFunctions.jl:187
│      [6] _create_objective(c::ExaCore{Float64, CuArray{Float64, 1, CUDA.DeviceMemory}, CUDABackend, Nothing, Tuple{ExaModels.Variable{Tuple{UnitRange{Int64}, UnitRange{Int64}}, Int64, Nothing}, ExaModels.Variable{Tuple{UnitRange{Int64}}, Int64, Nothing}, ExaModels.Variable{Tuple{UnitRange{Int64}}, Int64, Nothing}, ExaModels.Variable{NTuple{4, UnitRange{Int64}}, Int64, Nothing}, ExaModels.Variable{Tuple{UnitRange{Int64}}, Int64, Nothing}}, Tuple{}, Tuple{}, Tuple{ExaModels.Constraint{ExaModels.SIMDFunction{Node2{-,…}, ExaModels.Compressor{Tuple{Int64, Int64}}, ExaModels.Compressor{Tuple{Int64}}}, UnitRange{Int64}, Int64, Tuple{UnitRange{Int64}}, Nothing}, ExaModels.Constraint{ExaModels.SIMDFunction{Node2{-,…}, ExaModels.Compressor{NTuple{4, Int64}}, ExaModels.Compressor{Tuple{Int64, Int64, Int64}}}, UnitRange{Int64}, Int64, Tuple{UnitRange{Int64}}, Nothing}, ExaModels.Constraint{ExaModels.SIMDFunction{Node2{-,…}, ExaModels.Compressor{Tuple{Int64, Int64}}, ExaModels.Compressor{Tuple{Int64}}}, UnitRange{Int64}, Int64, Tuple{UnitRange{Int64}}, Nothing}, ExaModels.Constraint{ExaModels.SIMDFunction{Node2{-,…}, ExaModels.Compressor{Tuple{Int64, Int64}}, ExaModels.Compressor{Tuple{Int64}}}, UnitRange{Int64}, Int64, Tuple{UnitRange{Int64}}, Nothing}, ExaModels.Constraint{ExaModels.SIMDFunction{Node2{-,…}, ExaModels.Compressor{Tuple{Int64, Int64}}, ExaModels.Compressor{Tuple{Int64}}}, UnitRange{Int64}, Int64, Tuple{UnitRange{Int64}}, Nothing}, ExaModels.Constraint{ExaModels.SIMDFunction{Node2{-,…}, ExaModels.Compressor{Tuple{Int64}}, ExaModels.Compressor{Tuple{}}}, CuArray{Tuple{Int64, Int64, Float64}, 1, CUDA.DeviceMemory}, Int64, Tuple{Int64}, Nothing}, ExaModels.ConstraintAugmentation{ExaModels.SIMDFunction{Pair{Tuple{DataIndexed{…}, DataIndexed{…}, DataIndexed{…}}, Node2{*,…}}, ExaModels.Compressor{Tuple{Int64}}, ExaModels.Compressor{Tuple{}}}, CuArray{Tuple{Int64, Int64, Int64, Int64, Float64}, 4, CUDA.DeviceMemory}, Tuple{Int64, Int64, Int64}, Nothing}, ExaModels.Constraint{ExaModels.SIMDFunction{Node1{-,…}, ExaModels.Compressor{Tuple{Int64}}, ExaModels.Compressor{Tuple{}}}, CuArray{Tuple{Int64, Int64, Int64}, 3, CUDA.DeviceMemory}, Int64, Tuple{Int64, Int64, Int64}, Nothing}, ExaModels.Constraint{ExaModels.SIMDFunction{Node2{-,…}, ExaModels.Compressor{Tuple{Int64}}, ExaModels.Compressor{Tuple{}}}, CuArray{Tuple{Int64, Int64, Float64}, 1, CUDA.DeviceMemory}, Int64, Tuple{Int64}, Nothing}, ExaModels.ConstraintAugmentation{ExaModels.SIMDFunction{Pair{Tuple{DataIndexed{…}, DataIndexed{…}, DataIndexed{…}}, Node2{*,…}}, ExaModels.Compressor{Tuple{Int64}}, ExaModels.Compressor{Tuple{}}}, CuArray{Tuple{Int64, Int64, Int64, Int64, Float64}, 4, CUDA.DeviceMemory}, Tuple{Int64, Int64, Int64}, Nothing}, ExaModels.ConstraintAugmentation{ExaModels.SIMDFunction{Pair{Tuple{DataIndexed{…}, DataIndexed{…}, DataIndexed{…}}, Node2{*,…}}, ExaModels.Compressor{Tuple{Int64}}, ExaModels.Compressor{Tuple{}}}, CuArray{Tuple{Int64, Int64, Int64, Int64, Float64}, 4, CUDA.DeviceMemory}, Tuple{Int64, Int64, Int64}, Nothing}, ExaModels.ConstraintAugmentation{ExaModels.SIMDFunction{Pair{Tuple{DataIndexed{…}, DataIndexed{…}, DataIndexed{…}}, Node2{*,…}}, ExaModels.Compressor{Tuple{Int64}}, ExaModels.Compressor{Tuple{}}}, CuArray{Tuple{Int64, Int64, Int64, Int64, Float64}, 4, CUDA.DeviceMemory}, Tuple{Int64, Int64, Int64}, Nothing}, ExaModels.ConstraintAugmentation{ExaModels.SIMDFunction{Pair{Tuple{DataIndexed{…}, DataIndexed{…}, DataIndexed{…}}, Node2{*,…}}, ExaModels.Compressor{Tuple{Int64}}, ExaModels.Compressor{Tuple{}}}, CuArray{Tuple{Int64, Int64, Int64, Int64, Float64}, 4, CUDA.DeviceMemory}, Tuple{Int64, Int64, Int64}, Nothing}, ExaModels.ConstraintAugmentation{ExaModels.SIMDFunction{Pair{Tuple{DataIndexed{…}, DataIndexed{…}, DataIndexed{…}}, Node2{*,…}}, ExaModels.Compressor{Tuple{Int64}}, ExaModels.Compressor{Tuple{}}}, CuArray{Tuple{Int64, Int64, Int64, Int64, Float64}, 4, CUDA.DeviceMemory}, Tuple{Int64, Int64, Int64}, Nothing}, ExaModels.ConstraintAugmentation{ExaModels.SIMDFunction{Pair{Tuple{DataIndexed{…}, DataIndexed{…}, DataIndexed{…}}, Node2{*,…}}, ExaModels.Compressor{Tuple{Int64}}, ExaModels.Compressor{Tuple{}}}, CuArray{Tuple{Int64, Int64, Int64, Int64, Float64}, 4, CUDA.DeviceMemory}, Tuple{Int64, Int64, Int64}, Nothing}, ExaModels.ConstraintAugmentation{ExaModels.SIMDFunction{Pair{Tuple{DataIndexed{…}, DataIndexed{…}, DataIndexed{…}}, Node2{*,…}}, ExaModels.Compressor{Tuple{Int64}}, ExaModels.Compressor{Tuple{}}}, CuArray{Tuple{Int64, Int64, Int64, Int64, Float64}, 4, CUDA.DeviceMemory}, Tuple{Int64, Int64, Int64}, Nothing}, ExaModels.ConstraintAugmentation{ExaModels.SIMDFunction{Pair{Tuple{DataIndexed{…}, DataIndexed{…}, DataIndexed{…}}, Node2{*,…}}, ExaModels.Compressor{Tuple{Int64}}, ExaModels.Compressor{Tuple{}}}, CuArray{Tuple{Int64, Int64, Int64, Int64, Float64}, 4, CUDA.DeviceMemory}, Tuple{Int64, Int64, Int64}, Nothing}, ExaModels.ConstraintAugmentation{ExaModels.SIMDFunction{Pair{Tuple{DataIndexed{…}, DataIndexed{…}, DataIndexed{…}}, Node2{*,…}}, ExaModels.Compressor{Tuple{Int64}}, ExaModels.Compressor{Tuple{}}}, CuArray{Tuple{Int64, Int64, Int64, Int64, Float64}, 4, CUDA.DeviceMemory}, Tuple{Int64, Int64, Int64}, Nothing}, ExaModels.Constraint{ExaModels.SIMDFunction{Node2{*,…}, ExaModels.Compressor{Tuple{Int64}}, ExaModels.Compressor{Tuple{}}}, CuArray{Tuple{Int64, Int64, Int64, Float64, Float64, Tuple{Float64, Float64}}, 3, CUDA.DeviceMemory}, Int64, Tuple{Int64, Int64, Int64}, Nothing}, ExaModels.Constraint{ExaModels.SIMDFunction{Node2{*,…}, ExaModels.Compressor{NTuple{10, Int64}}, ExaModels.Compressor{NTuple{55, Int64}}}, CuArray{Tuple{Int64, Int64, Int64, Float64, Float64, Tuple{Float64, Float64}}, 3, CUDA.DeviceMemory}, Int64, Tuple{Int64, Int64, Int64}, Nothing}, ExaModels.Constraint{ExaModels.SIMDFunction{Node2{*,…}, ExaModels.Compressor{NTuple{4, Int64}}, ExaModels.Compressor{NTuple{6, Int64}}}, CuArray{Tuple{Int64, Int64, Int64, Float64, Float64, Tuple{Float64, Float64}}, 3, CUDA.DeviceMemory}, Int64, Tuple{Int64, Int64, Int64}, Nothing}, ExaModels.Constraint{ExaModels.SIMDFunction{Node2{*,…}, ExaModels.Compressor{NTuple{5, Int64}}, ExaModels.Compressor{NTuple{6, Int64}}}, CuArray{Tuple{Int64, Int64, Int64, Float64, Float64, Tuple{Float64, Float64}}, 3, CUDA.DeviceMemory}, Int64, Tuple{Int64, Int64, Int64}, Nothing}, ExaModels.Constraint{ExaModels.SIMDFunction{Node2{*,…}, ExaModels.Compressor{NTuple{6, Int64}}, ExaModels.Compressor{NTuple{9, Int64}}}, CuArray{Tuple{Int64, Int64, Int64, Float64, Float64, Tuple{Float64, Float64}}, 3, CUDA.DeviceMemory}, Int64, Tuple{Int64, Int64, Int64}, Nothing}, ExaModels.Constraint{ExaModels.SIMDFunction{Node2{*,…}, ExaModels.Compressor{NTuple{11, Int64}}, ExaModels.Compressor{NTuple{55, Int64}}}, CuArray{Tuple{Int64, Int64, Int64, Float64, Float64, Tuple{Float64, Float64}}, 3, CUDA.DeviceMemory}, Int64, Tuple{Int64, Int64, Int64}, Nothing}, ExaModels.Constraint{ExaModels.SIMDFunction{Node2{*,…}, ExaModels.Compressor{Tuple{Int64, Int64}}, ExaModels.Compressor{Tuple{}}}, CuArray{Tuple{Int64, Int64, Int64, Float64, Float64, Tuple{Float64, Float64}}, 3, CUDA.DeviceMemory}, Int64, Tuple{Int64, Int64, Int64}, Nothing}, ExaModels.Constraint{ExaModels.SIMDFunction{Node2{*,…}, ExaModels.Compressor{NTuple{5, Int64}}, ExaModels.Compressor{NTuple{6, Int64}}}, CuArray{Tuple{Int64, Int64, Int64, Float64, Float64, Tuple{Float64, Float64}}, 3, CUDA.DeviceMemory}, Int64, Tuple{Int64, Int64, Int64}, Nothing}, ExaModels.Constraint{ExaModels.SIMDFunction{Node2{*,…}, ExaModels.Compressor{NTuple{6, Int64}}, ExaModels.Compressor{NTuple{9, Int64}}}, CuArray{Tuple{Int64, Int64, Int64, Float64, Float64, Tuple{Float64, Float64}}, 3, CUDA.DeviceMemory}, Int64, Tuple{Int64, Int64, Int64}, Nothing}}, @NamedTuple{p::ExaModels.Variable{Tuple{UnitRange{Int64}}, Int64, Nothing}, z::ExaModels.Variable{NTuple{4, UnitRange{Int64}}, Int64, Nothing}, y::ExaModels.Variable{Tuple{UnitRange{Int64}}, Int64, Nothing}, sigma::ExaModels.Variable{Tuple{UnitRange{Int64}}, Int64, Nothing}, cv::ExaModels.Variable{Tuple{UnitRange{Int64}, UnitRange{Int64}}, Int64, Nothing}}, Tuple{}, Tuple{}, Tuple{}}, PEmodel::PEtabModel, PEprob::PEtabODEProblem{PEtab.var"#_get_nllh##0#_get_nllh##1"{PEtab.var"#_get_nllh##2#_get_nllh##3"{PEtab.PEtabODEProblemInfo{ODESolver, ODESolver, PEtab.PEtabODEProblemCache{Vector{Float64}, PreallocationTools.DiffCache{Vector{Float64}, Vector{Float64}}, Vector{Float64}, Matrix{Float64}, Dict{Symbol, PreallocationTools.DiffCache}, Dict{Symbol, PreallocationTools.DiffCache}, Dict{Symbol, PreallocationTools.DiffCache}, Vector{Float64}}}, PEtab.ModelInfo, Bool, PEtab.var"#_get_prior##0#_get_prior##1"{PEtab.Priors, PEtab.ParameterIndices}}}, PEtab.var"#_get_grad##0#_get_grad##1"{PEtab.var"#_get_grad##2#_get_grad##3"{PEtab.var"#_get_grad_forward_AD##0#_get_grad_forward_AD##1"{PEtab.var"#297#298"{Bool, Bool, Bool, PEtab.PEtabODEProblemInfo{ODESolver, ODESolver, PEtab.PEtabODEProblemCache{Vector{Float64}, PreallocationTools.DiffCache{Vector{Float64}, Vector{Float64}}, Vector{Float64}, Matrix{Float64}, Dict{Symbol, PreallocationTools.DiffCache}, Dict{Symbol, PreallocationTools.DiffCache}, Dict{Symbol, PreallocationTools.DiffCache}, Vector{Float64}}}, PEtab.ModelInfo}, PEtab.var"#302#303"{Bool, PEtab.PEtabODEProblemInfo{ODESolver, ODESolver, PEtab.PEtabODEProblemCache{Vector{Float64}, PreallocationTools.DiffCache{Vector{Float64}, Vector{Float64}}, Vector{Float64}, Matrix{Float64}, Dict{Symbol, PreallocationTools.DiffCache}, Dict{Symbol, PreallocationTools.DiffCache}, Dict{Symbol, PreallocationTools.DiffCache}, Vector{Float64}}}, PEtab.PEtabODEProblemInfo{ODESolver, ODESolver, PEtab.PEtabODEProblemCache{Vector{Float64}, PreallocationTools.DiffCache{Vector{Float64}, Vector{Float64}}, Vector{Float64}, Matrix{Float64}, Dict{Symbol, PreallocationTools.DiffCache}, Dict{Symbol, PreallocationTools.DiffCache}, Dict{Symbol, PreallocationTools.DiffCache}, Vector{Float64}}}, Vector{Float64}, Vector{Float64}, Vector{Float64}, PEtab.ModelInfo}, ForwardDiff.GradientConfig{ForwardDiff.Tag{PEtab.var"#302#303"{Bool, PEtab.PEtabODEProblemInfo{ODESolver, ODESolver, PEtab.PEtabODEProblemCache{Vector{Float64}, PreallocationTools.DiffCache{Vector{Float64}, Vector{Float64}}, Vector{Float64}, Matrix{Float64}, Dict{Symbol, PreallocationTools.DiffCache}, Dict{Symbol, PreallocationTools.DiffCache}, Dict{Symbol, PreallocationTools.DiffCache}, Vector{Float64}}}, PEtab.PEtabODEProblemInfo{ODESolver, ODESolver, PEtab.PEtabODEProblemCache{Vector{Float64}, PreallocationTools.DiffCache{Vector{Float64}, Vector{Float64}}, Vector{Float64}, Matrix{Float64}, Dict{Symbol, PreallocationTools.DiffCache}, Dict{Symbol, PreallocationTools.DiffCache}, Dict{Symbol, PreallocationTools.DiffCache}, Vector{Float64}}}, Vector{Float64}, Vector{Float64}, Vector{Float64}, PEtab.ModelInfo}, Float64}, Float64, 12, Vector{ForwardDiff.Dual{ForwardDiff.Tag{PEtab.var"#302#303"{Bool, PEtab.PEtabODEProblemInfo{ODESolver, ODESolver, PEtab.PEtabODEProblemCache{Vector{Float64}, PreallocationTools.DiffCache{Vector{Float64}, Vector{Float64}}, Vector{Float64}, Matrix{Float64}, Dict{Symbol, PreallocationTools.DiffCache}, Dict{Symbol, PreallocationTools.DiffCache}, Dict{Symbol, PreallocationTools.DiffCache}, Vector{Float64}}}, PEtab.PEtabODEProblemInfo{ODESolver, ODESolver, PEtab.PEtabODEProblemCache{Vector{Float64}, PreallocationTools.DiffCache{Vector{Float64}, Vector{Float64}}, Vector{Float64}, Matrix{Float64}, Dict{Symbol, PreallocationTools.DiffCache}, Dict{Symbol, PreallocationTools.DiffCache}, Dict{Symbol, PreallocationTools.DiffCache}, Vector{Float64}}}, Vector{Float64}, Vector{Float64}, Vector{Float64}, PEtab.ModelInfo}, Float64}, Float64, 12}}}, PEtab.ModelInfo, PEtab.PEtabODEProblemInfo{ODESolver, ODESolver, PEtab.PEtabODEProblemCache{Vector{Float64}, PreallocationTools.DiffCache{Vector{Float64}, Vector{Float64}}, Vector{Float64}, Matrix{Float64}, Dict{Symbol, PreallocationTools.DiffCache}, Dict{Symbol, PreallocationTools.DiffCache}, Dict{Symbol, PreallocationTools.DiffCache}, Vector{Float64}}}}, PEtab.var"#_get_prior##2#_get_prior##3"{PEtab.var"#_get_prior##0#_get_prior##1"{PEtab.Priors, PEtab.ParameterIndices}}}}, PEtab.var"#262#263"{PEtab.var"#264#265"{Bool, PEtab.var"#_get_hess_forward_AD##2#_get_hess_forward_AD##3"{PEtab.var"#_get_hess_forward_AD##0#_get_hess_forward_AD##1"{PEtab.PEtabODEProblemInfo{ODESolver, ODESolver, PEtab.PEtabODEProblemCache{Vector{Float64}, PreallocationTools.DiffCache{Vector{Float64}, Vector{Float64}}, Vector{Float64}, Matrix{Float64}, Dict{Symbol, PreallocationTools.DiffCache}, Dict{Symbol, PreallocationTools.DiffCache}, Dict{Symbol, PreallocationTools.DiffCache}, Vector{Float64}}}, PEtab.ModelInfo}, ForwardDiff.HessianConfig{ForwardDiff.Tag{PEtab.var"#_get_hess_forward_AD##0#_get_hess_forward_AD##1"{PEtab.PEtabODEProblemInfo{ODESolver, ODESolver, PEtab.PEtabODEProblemCache{Vector{Float64}, PreallocationTools.DiffCache{Vector{Float64}, Vector{Float64}}, Vector{Float64}, Matrix{Float64}, Dict{Symbol, PreallocationTools.DiffCache}, Dict{Symbol, PreallocationTools.DiffCache}, Dict{Symbol, PreallocationTools.DiffCache}, Vector{Float64}}}, PEtab.ModelInfo}, Float64}, Float64, 12, Vector{ForwardDiff.Dual{ForwardDiff.Tag{PEtab.var"#_get_hess_forward_AD##0#_get_hess_forward_AD##1"{PEtab.PEtabODEProblemInfo{ODESolver, ODESolver, PEtab.PEtabODEProblemCache{Vector{Float64}, PreallocationTools.DiffCache{Vector{Float64}, Vector{Float64}}, Vector{Float64}, Matrix{Float64}, Dict{Symbol, PreallocationTools.DiffCache}, Dict{Symbol, PreallocationTools.DiffCache}, Dict{Symbol, PreallocationTools.DiffCache}, Vector{Float64}}}, PEtab.ModelInfo}, Float64}, ForwardDiff.Dual{ForwardDiff.Tag{PEtab.var"#_get_hess_forward_AD##0#_get_hess_forward_AD##1"{PEtab.PEtabODEProblemInfo{ODESolver, ODESolver, PEtab.PEtabODEProblemCache{Vector{Float64}, PreallocationTools.DiffCache{Vector{Float64}, Vector{Float64}}, Vector{Float64}, Matrix{Float64}, Dict{Symbol, PreallocationTools.DiffCache}, Dict{Symbol, PreallocationTools.DiffCache}, Dict{Symbol, PreallocationTools.DiffCache}, Vector{Float64}}}, PEtab.ModelInfo}, Float64}, Float64, 12}, 12}}, Vector{ForwardDiff.Dual{ForwardDiff.Tag{PEtab.var"#_get_hess_forward_AD##0#_get_hess_forward_AD##1"{PEtab.PEtabODEProblemInfo{ODESolver, ODESolver, PEtab.PEtabODEProblemCache{Vector{Float64}, PreallocationTools.DiffCache{Vector{Float64}, Vector{Float64}}, Vector{Float64}, Matrix{Float64}, Dict{Symbol, PreallocationTools.DiffCache}, Dict{Symbol, PreallocationTools.DiffCache}, Dict{Symbol, PreallocationTools.DiffCache}, Vector{Float64}}}, PEtab.ModelInfo}, Float64}, Float64, 12}}}, PEtab.ModelInfo}, PEtab.var"#_get_prior##4#_get_prior##5"{PEtab.var"#_get_prior##0#_get_prior##1"{PEtab.Priors, PEtab.ParameterIndices}}}}}, PEinfo::ExaModelsPEtab.PEInfo{Int64})
│        @ ExaModelsPEtab ~/.julia/dev/ExaModelsPEtab-benchmark/src/objective.jl:499
│      [7] build_model(yaml::String, t_origin::Float64)
│        @ Main ~/.julia/dev/ExaModelsPEtab-benchmark/examples/Benchmarks/benchmark_examodels.jl:124
│      [8] #bench_one##0
│        @ ~/.julia/dev/ExaModelsPEtab-benchmark/examples/Benchmarks/benchmark_examodels.jl:197 [inlined]
│      [9] with_hard_deadline(f::var"#bench_one##0#bench_one##1"{String, Float64}, seconds::Float64)
│        @ Main ~/.julia/dev/ExaModelsPEtab-benchmark/examples/Benchmarks/benchmark_examodels.jl:82
│     [10] bench_one(m::String)
│        @ Main ~/.julia/dev/ExaModelsPEtab-benchmark/examples/Benchmarks/benchmark_examodels.jl:196
│     [11] main()
│        @ Main ~/.julia/dev/ExaModelsPEtab-benchmark/examples/Benchmarks/benchmark_examodels.jl:331
│     [12] top-level scope
│        @ ~/.julia/dev/ExaModelsPEtab-benchmark/examples/Benchmarks/benchmark_examodels.jl:336
│     [13] include(mod::Module, _path::String)
│        @ Base ./Base.jl:306
│     [14] exec_options(opts::Base.JLOptions)
│        @ Base ./client.jl:317
│     [15] _start()
│        @ Base ./client.jl:550
└ @ Main ~/.julia/dev/ExaModelsPEtab-benchmark/examples/Benchmarks/benchmark_examodels.jl:213
[ Info: [Raimundez_PCB2020] compiling (K=6, compile_limit=14400.0s)...
┌ Warning: Verbosity toggle: newton_convergence 
│  Newton iteration failed with stale Jacobian, retrying with fresh Jacobian
└ @ OrdinaryDiffEqNonlinearSolve ~/.julia/packages/OrdinaryDiffEqNonlinearSolve/doSPx/src/nlsolve.jl:144
┌ Warning: Verbosity toggle: newton_convergence 
│  Newton iteration diverging: θ = 13.148980540832936 > 2, ndz = 0.37894176238277494, ndzprev = 0.028819098271992003
└ @ OrdinaryDiffEqNonlinearSolve ~/.julia/packages/OrdinaryDiffEqNonlinearSolve/doSPx/src/nlsolve.jl:101
┌ Warning: Verbosity toggle: newton_convergence 
│  Newton iteration failed with stale Jacobian, retrying with fresh Jacobian
└ @ OrdinaryDiffEqNonlinearSolve ~/.julia/packages/OrdinaryDiffEqNonlinearSolve/doSPx/src/nlsolve.jl:144
┌ Warning: Verbosity toggle: newton_convergence 
│  Newton iteration failed with stale Jacobian, retrying with fresh Jacobian
└ @ OrdinaryDiffEqNonlinearSolve ~/.julia/packages/OrdinaryDiffEqNonlinearSolve/doSPx/src/nlsolve.jl:144
┌ Warning: Verbosity toggle: newton_convergence 
│  Newton iteration failed with stale Jacobian, retrying with fresh Jacobian
└ @ OrdinaryDiffEqNonlinearSolve ~/.julia/packages/OrdinaryDiffEqNonlinearSolve/doSPx/src/nlsolve.jl:144
┌ Warning: Verbosity toggle: newton_convergence 
│  Newton iteration failed with stale Jacobian, retrying with fresh Jacobian
└ @ OrdinaryDiffEqNonlinearSolve ~/.julia/packages/OrdinaryDiffEqNonlinearSolve/doSPx/src/nlsolve.jl:144
┌ Warning: Verbosity toggle: newton_convergence 
│  Newton iteration failed with stale Jacobian, retrying with fresh Jacobian
└ @ OrdinaryDiffEqNonlinearSolve ~/.julia/packages/OrdinaryDiffEqNonlinearSolve/doSPx/src/nlsolve.jl:144
┌ Warning: Verbosity toggle: newton_convergence 
│  Newton iteration failed with stale Jacobian, retrying with fresh Jacobian
└ @ OrdinaryDiffEqNonlinearSolve ~/.julia/packages/OrdinaryDiffEqNonlinearSolve/doSPx/src/nlsolve.jl:144
┌ Warning: Verbosity toggle: newton_convergence 
│  Newton iteration failed with stale Jacobian, retrying with fresh Jacobian
└ @ OrdinaryDiffEqNonlinearSolve ~/.julia/packages/OrdinaryDiffEqNonlinearSolve/doSPx/src/nlsolve.jl:144
┌ Warning: Verbosity toggle: newton_convergence 
│  Newton iteration failed with stale Jacobian, retrying with fresh Jacobian
└ @ OrdinaryDiffEqNonlinearSolve ~/.julia/packages/OrdinaryDiffEqNonlinearSolve/doSPx/src/nlsolve.jl:144
┌ Warning: Verbosity toggle: newton_convergence 
│  Newton iteration failed with stale Jacobian, retrying with fresh Jacobian
└ @ OrdinaryDiffEqNonlinearSolve ~/.julia/packages/OrdinaryDiffEqNonlinearSolve/doSPx/src/nlsolve.jl:144
┌ Warning: Verbosity toggle: newton_convergence 
│  Newton iteration failed with stale Jacobian, retrying with fresh Jacobian
└ @ OrdinaryDiffEqNonlinearSolve ~/.julia/packages/OrdinaryDiffEqNonlinearSolve/doSPx/src/nlsolve.jl:144
┌ Warning: Verbosity toggle: newton_convergence 
│  Newton iteration failed with stale Jacobian, retrying with fresh Jacobian
└ @ OrdinaryDiffEqNonlinearSolve ~/.julia/packages/OrdinaryDiffEqNonlinearSolve/doSPx/src/nlsolve.jl:144
┌ Warning: Verbosity toggle: newton_convergence 
│  Newton iteration failed with stale Jacobian, retrying with fresh Jacobian
└ @ OrdinaryDiffEqNonlinearSolve ~/.julia/packages/OrdinaryDiffEqNonlinearSolve/doSPx/src/nlsolve.jl:144
┌ Warning: Verbosity toggle: newton_convergence 
│  Newton iteration failed with stale Jacobian, retrying with fresh Jacobian
└ @ OrdinaryDiffEqNonlinearSolve ~/.julia/packages/OrdinaryDiffEqNonlinearSolve/doSPx/src/nlsolve.jl:144
┌ Warning: Verbosity toggle: newton_convergence 
│  Newton iteration failed with stale Jacobian, retrying with fresh Jacobian
└ @ OrdinaryDiffEqNonlinearSolve ~/.julia/packages/OrdinaryDiffEqNonlinearSolve/doSPx/src/nlsolve.jl:144
┌ Warning: Verbosity toggle: newton_convergence 
│  Newton iteration failed with stale Jacobian, retrying with fresh Jacobian
└ @ OrdinaryDiffEqNonlinearSolve ~/.julia/packages/OrdinaryDiffEqNonlinearSolve/doSPx/src/nlsolve.jl:144
┌ Warning: Verbosity toggle: newton_convergence 
│  Newton iteration failed with stale Jacobian, retrying with fresh Jacobian
└ @ OrdinaryDiffEqNonlinearSolve ~/.julia/packages/OrdinaryDiffEqNonlinearSolve/doSPx/src/nlsolve.jl:144
┌ Warning: Verbosity toggle: newton_convergence 
│  Newton iteration failed with stale Jacobian, retrying with fresh Jacobian
└ @ OrdinaryDiffEqNonlinearSolve ~/.julia/packages/OrdinaryDiffEqNonlinearSolve/doSPx/src/nlsolve.jl:144
┌ Warning: Verbosity toggle: newton_convergence 
│  Newton iteration failed with stale Jacobian, retrying with fresh Jacobian
└ @ OrdinaryDiffEqNonlinearSolve ~/.julia/packages/OrdinaryDiffEqNonlinearSolve/doSPx/src/nlsolve.jl:144
┌ Warning: Verbosity toggle: newton_convergence 
│  Newton iteration failed with stale Jacobian, retrying with fresh Jacobian
└ @ OrdinaryDiffEqNonlinearSolve ~/.julia/packages/OrdinaryDiffEqNonlinearSolve/doSPx/src/nlsolve.jl:144
┌ Warning: Verbosity toggle: newton_convergence 
│  Newton iteration failed with stale Jacobian, retrying with fresh Jacobian
└ @ OrdinaryDiffEqNonlinearSolve ~/.julia/packages/OrdinaryDiffEqNonlinearSolve/doSPx/src/nlsolve.jl:144
┌ Warning: Verbosity toggle: newton_convergence 
│  Newton iteration failed with stale Jacobian, retrying with fresh Jacobian
└ @ OrdinaryDiffEqNonlinearSolve ~/.julia/packages/OrdinaryDiffEqNonlinearSolve/doSPx/src/nlsolve.jl:144
┌ Warning: Verbosity toggle: newton_convergence 
│  Newton iteration failed with stale Jacobian, retrying with fresh Jacobian
└ @ OrdinaryDiffEqNonlinearSolve ~/.julia/packages/OrdinaryDiffEqNonlinearSolve/doSPx/src/nlsolve.jl:144
┌ Warning: Verbosity toggle: newton_convergence 
│  Newton iteration failed with stale Jacobian, retrying with fresh Jacobian
└ @ OrdinaryDiffEqNonlinearSolve ~/.julia/packages/OrdinaryDiffEqNonlinearSolve/doSPx/src/nlsolve.jl:144
┌ Warning: Verbosity toggle: newton_convergence 
│  Newton iteration failed with stale Jacobian, retrying with fresh Jacobian
└ @ OrdinaryDiffEqNonlinearSolve ~/.julia/packages/OrdinaryDiffEqNonlinearSolve/doSPx/src/nlsolve.jl:144
┌ Warning: Verbosity toggle: newton_convergence 
│  Newton iteration failed with stale Jacobian, retrying with fresh Jacobian
└ @ OrdinaryDiffEqNonlinearSolve ~/.julia/packages/OrdinaryDiffEqNonlinearSolve/doSPx/src/nlsolve.jl:144
┌ Warning: Verbosity toggle: newton_convergence 
│  Newton iteration failed with stale Jacobian, retrying with fresh Jacobian
└ @ OrdinaryDiffEqNonlinearSolve ~/.julia/packages/OrdinaryDiffEqNonlinearSolve/doSPx/src/nlsolve.jl:144
┌ Warning: Verbosity toggle: newton_convergence 
│  Newton iteration failed with stale Jacobian, retrying with fresh Jacobian
└ @ OrdinaryDiffEqNonlinearSolve ~/.julia/packages/OrdinaryDiffEqNonlinearSolve/doSPx/src/nlsolve.jl:144
┌ Warning: Verbosity toggle: newton_convergence 
│  Newton iteration failed with stale Jacobian, retrying with fresh Jacobian
└ @ OrdinaryDiffEqNonlinearSolve ~/.julia/packages/OrdinaryDiffEqNonlinearSolve/doSPx/src/nlsolve.jl:144
┌ Warning: Verbosity toggle: newton_convergence 
│  Newton iteration failed with stale Jacobian, retrying with fresh Jacobian
└ @ OrdinaryDiffEqNonlinearSolve ~/.julia/packages/OrdinaryDiffEqNonlinearSolve/doSPx/src/nlsolve.jl:144
┌ Warning: Verbosity toggle: newton_convergence 
│  Newton iteration failed with stale Jacobian, retrying with fresh Jacobian
└ @ OrdinaryDiffEqNonlinearSolve ~/.julia/packages/OrdinaryDiffEqNonlinearSolve/doSPx/src/nlsolve.jl:144
┌ Warning: Verbosity toggle: newton_convergence 
│  Newton iteration failed with stale Jacobian, retrying with fresh Jacobian
└ @ OrdinaryDiffEqNonlinearSolve ~/.julia/packages/OrdinaryDiffEqNonlinearSolve/doSPx/src/nlsolve.jl:144
┌ Warning: Verbosity toggle: newton_convergence 
│  Newton iteration diverging: θ = 13.148980540832936 > 2, ndz = 0.37894176238277494, ndzprev = 0.028819098271992003
└ @ OrdinaryDiffEqNonlinearSolve ~/.julia/packages/OrdinaryDiffEqNonlinearSolve/doSPx/src/nlsolve.jl:101
┌ Warning: Verbosity toggle: newton_convergence 
│  Newton iteration failed with stale Jacobian, retrying with fresh Jacobian
└ @ OrdinaryDiffEqNonlinearSolve ~/.julia/packages/OrdinaryDiffEqNonlinearSolve/doSPx/src/nlsolve.jl:144
┌ Warning: Verbosity toggle: newton_convergence 
│  Newton iteration diverging: θ = 13.148980540832936 > 2, ndz = 0.37894176238277494, ndzprev = 0.028819098271992003
└ @ OrdinaryDiffEqNonlinearSolve ~/.julia/packages/OrdinaryDiffEqNonlinearSolve/doSPx/src/nlsolve.jl:101
┌ Warning: Verbosity toggle: newton_convergence 
│  Newton iteration failed with stale Jacobian, retrying with fresh Jacobian
└ @ OrdinaryDiffEqNonlinearSolve ~/.julia/packages/OrdinaryDiffEqNonlinearSolve/doSPx/src/nlsolve.jl:144
┌ Warning: Verbosity toggle: newton_convergence 
│  Newton iteration diverging: θ = 13.148980540832936 > 2, ndz = 0.37894176238277494, ndzprev = 0.028819098271992003
└ @ OrdinaryDiffEqNonlinearSolve ~/.julia/packages/OrdinaryDiffEqNonlinearSolve/doSPx/src/nlsolve.jl:101
┌ Warning: Verbosity toggle: newton_convergence 
│  Newton iteration failed with stale Jacobian, retrying with fresh Jacobian
└ @ OrdinaryDiffEqNonlinearSolve ~/.julia/packages/OrdinaryDiffEqNonlinearSolve/doSPx/src/nlsolve.jl:144
┌ Warning: Verbosity toggle: newton_convergence 
│  Newton iteration diverging: θ = 13.148980540832936 > 2, ndz = 0.37894176238277494, ndzprev = 0.028819098271992003
└ @ OrdinaryDiffEqNonlinearSolve ~/.julia/packages/OrdinaryDiffEqNonlinearSolve/doSPx/src/nlsolve.jl:101
┌ Warning: Verbosity toggle: newton_convergence 
│  Newton iteration failed with stale Jacobian, retrying with fresh Jacobian
└ @ OrdinaryDiffEqNonlinearSolve ~/.julia/packages/OrdinaryDiffEqNonlinearSolve/doSPx/src/nlsolve.jl:144
┌ Warning: Verbosity toggle: newton_convergence 
│  Newton iteration diverging: θ = 13.148980540832936 > 2, ndz = 0.37894176238277494, ndzprev = 0.028819098271992003
└ @ OrdinaryDiffEqNonlinearSolve ~/.julia/packages/OrdinaryDiffEqNonlinearSolve/doSPx/src/nlsolve.jl:101
┌ Warning: Verbosity toggle: newton_convergence 
│  Newton iteration failed with stale Jacobian, retrying with fresh Jacobian
└ @ OrdinaryDiffEqNonlinearSolve ~/.julia/packages/OrdinaryDiffEqNonlinearSolve/doSPx/src/nlsolve.jl:144
┌ Warning: Verbosity toggle: newton_convergence 
│  Newton iteration diverging: θ = 13.148980540832936 > 2, ndz = 0.37894176238277494, ndzprev = 0.028819098271992003
└ @ OrdinaryDiffEqNonlinearSolve ~/.julia/packages/OrdinaryDiffEqNonlinearSolve/doSPx/src/nlsolve.jl:101
┌ Warning: Verbosity toggle: newton_convergence 
│  Newton iteration failed with stale Jacobian, retrying with fresh Jacobian
└ @ OrdinaryDiffEqNonlinearSolve ~/.julia/packages/OrdinaryDiffEqNonlinearSolve/doSPx/src/nlsolve.jl:144
┌ Warning: Verbosity toggle: newton_convergence 
│  Newton iteration failed with stale Jacobian, retrying with fresh Jacobian
└ @ OrdinaryDiffEqNonlinearSolve ~/.julia/packages/OrdinaryDiffEqNonlinearSolve/doSPx/src/nlsolve.jl:144
┌ Warning: Verbosity toggle: newton_convergence 
│  Newton iteration failed with stale Jacobian, retrying with fresh Jacobian
└ @ OrdinaryDiffEqNonlinearSolve ~/.julia/packages/OrdinaryDiffEqNonlinearSolve/doSPx/src/nlsolve.jl:144
┌ Warning: Verbosity toggle: newton_convergence 
│  Newton iteration failed with stale Jacobian, retrying with fresh Jacobian
└ @ OrdinaryDiffEqNonlinearSolve ~/.julia/packages/OrdinaryDiffEqNonlinearSolve/doSPx/src/nlsolve.jl:144
┌ Warning: Verbosity toggle: newton_convergence 
│  Newton iteration failed with stale Jacobian, retrying with fresh Jacobian
└ @ OrdinaryDiffEqNonlinearSolve ~/.julia/packages/OrdinaryDiffEqNonlinearSolve/doSPx/src/nlsolve.jl:144
┌ Warning: Verbosity toggle: newton_convergence 
│  Newton iteration failed with stale Jacobian, retrying with fresh Jacobian
└ @ OrdinaryDiffEqNonlinearSolve ~/.julia/packages/OrdinaryDiffEqNonlinearSolve/doSPx/src/nlsolve.jl:144
┌ Warning: Verbosity toggle: newton_convergence 
│  Newton iteration failed with stale Jacobian, retrying with fresh Jacobian
└ @ OrdinaryDiffEqNonlinearSolve ~/.julia/packages/OrdinaryDiffEqNonlinearSolve/doSPx/src/nlsolve.jl:144
┌ Warning: Verbosity toggle: newton_convergence 
│  Newton iteration failed with stale Jacobian, retrying with fresh Jacobian
└ @ OrdinaryDiffEqNonlinearSolve ~/.julia/packages/OrdinaryDiffEqNonlinearSolve/doSPx/src/nlsolve.jl:144
┌ Warning: Verbosity toggle: newton_convergence 
│  Newton iteration failed with stale Jacobian, retrying with fresh Jacobian
└ @ OrdinaryDiffEqNonlinearSolve ~/.julia/packages/OrdinaryDiffEqNonlinearSolve/doSPx/src/nlsolve.jl:144
┌ Warning: Verbosity toggle: newton_convergence 
│  Newton iteration failed with stale Jacobian, retrying with fresh Jacobian
└ @ OrdinaryDiffEqNonlinearSolve ~/.julia/packages/OrdinaryDiffEqNonlinearSolve/doSPx/src/nlsolve.jl:144
┌ Warning: Verbosity toggle: newton_convergence 
│  Newton iteration failed with stale Jacobian, retrying with fresh Jacobian
└ @ OrdinaryDiffEqNonlinearSolve ~/.julia/packages/OrdinaryDiffEqNonlinearSolve/doSPx/src/nlsolve.jl:144
┌ Warning: Verbosity toggle: newton_convergence 
│  Newton iteration failed with stale Jacobian, retrying with fresh Jacobian
└ @ OrdinaryDiffEqNonlinearSolve ~/.julia/packages/OrdinaryDiffEqNonlinearSolve/doSPx/src/nlsolve.jl:144
┌ Warning: Verbosity toggle: newton_convergence 
│  Newton iteration failed with stale Jacobian, retrying with fresh Jacobian
└ @ OrdinaryDiffEqNonlinearSolve ~/.julia/packages/OrdinaryDiffEqNonlinearSolve/doSPx/src/nlsolve.jl:144
┌ Warning: Verbosity toggle: newton_convergence 
│  Newton iteration failed with stale Jacobian, retrying with fresh Jacobian
└ @ OrdinaryDiffEqNonlinearSolve ~/.julia/packages/OrdinaryDiffEqNonlinearSolve/doSPx/src/nlsolve.jl:144
┌ Warning: Verbosity toggle: newton_convergence 
│  Newton iteration failed with stale Jacobian, retrying with fresh Jacobian
└ @ OrdinaryDiffEqNonlinearSolve ~/.julia/packages/OrdinaryDiffEqNonlinearSolve/doSPx/src/nlsolve.jl:144
┌ Warning: Verbosity toggle: newton_convergence 
│  Newton iteration failed with stale Jacobian, retrying with fresh Jacobian
└ @ OrdinaryDiffEqNonlinearSolve ~/.julia/packages/OrdinaryDiffEqNonlinearSolve/doSPx/src/nlsolve.jl:144
┌ Warning: Verbosity toggle: newton_convergence 
│  Newton iteration failed with stale Jacobian, retrying with fresh Jacobian
└ @ OrdinaryDiffEqNonlinearSolve ~/.julia/packages/OrdinaryDiffEqNonlinearSolve/doSPx/src/nlsolve.jl:144
┌ Warning: Verbosity toggle: newton_convergence 
│  Newton iteration failed with stale Jacobian, retrying with fresh Jacobian
└ @ OrdinaryDiffEqNonlinearSolve ~/.julia/packages/OrdinaryDiffEqNonlinearSolve/doSPx/src/nlsolve.jl:144
┌ Warning: Verbosity toggle: newton_convergence 
│  Newton iteration failed with stale Jacobian, retrying with fresh Jacobian
└ @ OrdinaryDiffEqNonlinearSolve ~/.julia/packages/OrdinaryDiffEqNonlinearSolve/doSPx/src/nlsolve.jl:144
┌ Warning: Verbosity toggle: newton_convergence 
│  Newton iteration failed with stale Jacobian, retrying with fresh Jacobian
└ @ OrdinaryDiffEqNonlinearSolve ~/.julia/packages/OrdinaryDiffEqNonlinearSolve/doSPx/src/nlsolve.jl:144
┌ Warning: Verbosity toggle: newton_convergence 
│  Newton iteration failed with stale Jacobian, retrying with fresh Jacobian
└ @ OrdinaryDiffEqNonlinearSolve ~/.julia/packages/OrdinaryDiffEqNonlinearSolve/doSPx/src/nlsolve.jl:144
┌ Warning: Verbosity toggle: newton_convergence 
│  Newton iteration failed with stale Jacobian, retrying with fresh Jacobian
└ @ OrdinaryDiffEqNonlinearSolve ~/.julia/packages/OrdinaryDiffEqNonlinearSolve/doSPx/src/nlsolve.jl:144
┌ Warning: Verbosity toggle: newton_convergence 
│  Newton iteration failed with stale Jacobian, retrying with fresh Jacobian
└ @ OrdinaryDiffEqNonlinearSolve ~/.julia/packages/OrdinaryDiffEqNonlinearSolve/doSPx/src/nlsolve.jl:144
┌ Warning: Verbosity toggle: newton_convergence 
│  Newton iteration failed with stale Jacobian, retrying with fresh Jacobian
└ @ OrdinaryDiffEqNonlinearSolve ~/.julia/packages/OrdinaryDiffEqNonlinearSolve/doSPx/src/nlsolve.jl:144
┌ Warning: Verbosity toggle: newton_convergence 
│  Newton iteration failed with stale Jacobian, retrying with fresh Jacobian
└ @ OrdinaryDiffEqNonlinearSolve ~/.julia/packages/OrdinaryDiffEqNonlinearSolve/doSPx/src/nlsolve.jl:144
┌ Warning: Verbosity toggle: newton_convergence 
│  Newton iteration failed with stale Jacobian, retrying with fresh Jacobian
└ @ OrdinaryDiffEqNonlinearSolve ~/.julia/packages/OrdinaryDiffEqNonlinearSolve/doSPx/src/nlsolve.jl:144
┌ Warning: Verbosity toggle: newton_convergence 
│  Newton iteration failed with stale Jacobian, retrying with fresh Jacobian
└ @ OrdinaryDiffEqNonlinearSolve ~/.julia/packages/OrdinaryDiffEqNonlinearSolve/doSPx/src/nlsolve.jl:144
┌ Warning: Verbosity toggle: newton_convergence 
│  Newton iteration failed with stale Jacobian, retrying with fresh Jacobian
└ @ OrdinaryDiffEqNonlinearSolve ~/.julia/packages/OrdinaryDiffEqNonlinearSolve/doSPx/src/nlsolve.jl:144
┌ Warning: Verbosity toggle: newton_convergence 
│  Newton iteration failed with stale Jacobian, retrying with fresh Jacobian
└ @ OrdinaryDiffEqNonlinearSolve ~/.julia/packages/OrdinaryDiffEqNonlinearSolve/doSPx/src/nlsolve.jl:144
┌ Warning: Verbosity toggle: newton_convergence 
│  Newton iteration failed with stale Jacobian, retrying with fresh Jacobian
└ @ OrdinaryDiffEqNonlinearSolve ~/.julia/packages/OrdinaryDiffEqNonlinearSolve/doSPx/src/nlsolve.jl:144
┌ Warning: Verbosity toggle: newton_convergence 
│  Newton iteration failed with stale Jacobian, retrying with fresh Jacobian
└ @ OrdinaryDiffEqNonlinearSolve ~/.julia/packages/OrdinaryDiffEqNonlinearSolve/doSPx/src/nlsolve.jl:144
┌ Warning: Verbosity toggle: newton_convergence 
│  Newton iteration failed with stale Jacobian, retrying with fresh Jacobian
└ @ OrdinaryDiffEqNonlinearSolve ~/.julia/packages/OrdinaryDiffEqNonlinearSolve/doSPx/src/nlsolve.jl:144
┌ Warning: Verbosity toggle: newton_convergence 
│  Newton iteration failed with stale Jacobian, retrying with fresh Jacobian
└ @ OrdinaryDiffEqNonlinearSolve ~/.julia/packages/OrdinaryDiffEqNonlinearSolve/doSPx/src/nlsolve.jl:144
┌ Warning: Verbosity toggle: newton_convergence 
│  Newton iteration failed with stale Jacobian, retrying with fresh Jacobian
└ @ OrdinaryDiffEqNonlinearSolve ~/.julia/packages/OrdinaryDiffEqNonlinearSolve/doSPx/src/nlsolve.jl:144
┌ Warning: Verbosity toggle: newton_convergence 
│  Newton iteration failed with stale Jacobian, retrying with fresh Jacobian
└ @ OrdinaryDiffEqNonlinearSolve ~/.julia/packages/OrdinaryDiffEqNonlinearSolve/doSPx/src/nlsolve.jl:144
┌ Warning: Verbosity toggle: newton_convergence 
│  Newton iteration failed with stale Jacobian, retrying with fresh Jacobian
└ @ OrdinaryDiffEqNonlinearSolve ~/.julia/packages/OrdinaryDiffEqNonlinearSolve/doSPx/src/nlsolve.jl:144
┌ Warning: Verbosity toggle: newton_convergence 
│  Newton iteration failed with stale Jacobian, retrying with fresh Jacobian
└ @ OrdinaryDiffEqNonlinearSolve ~/.julia/packages/OrdinaryDiffEqNonlinearSolve/doSPx/src/nlsolve.jl:144
┌ Warning: Verbosity toggle: newton_convergence 
│  Newton iteration failed with stale Jacobian, retrying with fresh Jacobian
└ @ OrdinaryDiffEqNonlinearSolve ~/.julia/packages/OrdinaryDiffEqNonlinearSolve/doSPx/src/nlsolve.jl:144
┌ Warning: Verbosity toggle: newton_convergence 
│  Newton iteration failed with stale Jacobian, retrying with fresh Jacobian
└ @ OrdinaryDiffEqNonlinearSolve ~/.julia/packages/OrdinaryDiffEqNonlinearSolve/doSPx/src/nlsolve.jl:144
┌ Warning: Verbosity toggle: newton_convergence 
│  Newton iteration failed with stale Jacobian, retrying with fresh Jacobian
└ @ OrdinaryDiffEqNonlinearSolve ~/.julia/packages/OrdinaryDiffEqNonlinearSolve/doSPx/src/nlsolve.jl:144
┌ Warning: Verbosity toggle: newton_convergence 
│  Newton iteration failed with stale Jacobian, retrying with fresh Jacobian
└ @ OrdinaryDiffEqNonlinearSolve ~/.julia/packages/OrdinaryDiffEqNonlinearSolve/doSPx/src/nlsolve.jl:144
┌ Warning: Verbosity toggle: newton_convergence 
│  Newton iteration failed with stale Jacobian, retrying with fresh Jacobian
└ @ OrdinaryDiffEqNonlinearSolve ~/.julia/packages/OrdinaryDiffEqNonlinearSolve/doSPx/src/nlsolve.jl:144
┌ Warning: Verbosity toggle: newton_convergence 
│  Newton iteration failed with stale Jacobian, retrying with fresh Jacobian
└ @ OrdinaryDiffEqNonlinearSolve ~/.julia/packages/OrdinaryDiffEqNonlinearSolve/doSPx/src/nlsolve.jl:144
┌ Warning: Verbosity toggle: newton_convergence 
│  Newton iteration failed with stale Jacobian, retrying with fresh Jacobian
└ @ OrdinaryDiffEqNonlinearSolve ~/.julia/packages/OrdinaryDiffEqNonlinearSolve/doSPx/src/nlsolve.jl:144
┌ Warning: Verbosity toggle: newton_convergence 
│  Newton iteration failed with stale Jacobian, retrying with fresh Jacobian
└ @ OrdinaryDiffEqNonlinearSolve ~/.julia/packages/OrdinaryDiffEqNonlinearSolve/doSPx/src/nlsolve.jl:144
┌ Warning: Verbosity toggle: newton_convergence 
│  Newton iteration failed with stale Jacobian, retrying with fresh Jacobian
└ @ OrdinaryDiffEqNonlinearSolve ~/.julia/packages/OrdinaryDiffEqNonlinearSolve/doSPx/src/nlsolve.jl:144
┌ Warning: Verbosity toggle: newton_convergence 
│  Newton iteration failed with stale Jacobian, retrying with fresh Jacobian
└ @ OrdinaryDiffEqNonlinearSolve ~/.julia/packages/OrdinaryDiffEqNonlinearSolve/doSPx/src/nlsolve.jl:144
┌ Warning: Verbosity toggle: newton_convergence 
│  Newton iteration failed with stale Jacobian, retrying with fresh Jacobian
└ @ OrdinaryDiffEqNonlinearSolve ~/.julia/packages/OrdinaryDiffEqNonlinearSolve/doSPx/src/nlsolve.jl:144
┌ Warning: Verbosity toggle: newton_convergence 
│  Newton iteration failed with stale Jacobian, retrying with fresh Jacobian
└ @ OrdinaryDiffEqNonlinearSolve ~/.julia/packages/OrdinaryDiffEqNonlinearSolve/doSPx/src/nlsolve.jl:144
┌ Warning: Verbosity toggle: newton_convergence 
│  Newton iteration failed with stale Jacobian, retrying with fresh Jacobian
└ @ OrdinaryDiffEqNonlinearSolve ~/.julia/packages/OrdinaryDiffEqNonlinearSolve/doSPx/src/nlsolve.jl:144
┌ Warning: Verbosity toggle: newton_convergence 
│  Newton iteration failed with stale Jacobian, retrying with fresh Jacobian
└ @ OrdinaryDiffEqNonlinearSolve ~/.julia/packages/OrdinaryDiffEqNonlinearSolve/doSPx/src/nlsolve.jl:144
┌ Warning: Verbosity toggle: newton_convergence 
│  Newton iteration failed with stale Jacobian, retrying with fresh Jacobian
└ @ OrdinaryDiffEqNonlinearSolve ~/.julia/packages/OrdinaryDiffEqNonlinearSolve/doSPx/src/nlsolve.jl:144
┌ Warning: Verbosity toggle: newton_convergence 
│  Newton iteration failed with stale Jacobian, retrying with fresh Jacobian
└ @ OrdinaryDiffEqNonlinearSolve ~/.julia/packages/OrdinaryDiffEqNonlinearSolve/doSPx/src/nlsolve.jl:144
┌ Warning: Verbosity toggle: newton_convergence 
│  Newton iteration failed with stale Jacobian, retrying with fresh Jacobian
└ @ OrdinaryDiffEqNonlinearSolve ~/.julia/packages/OrdinaryDiffEqNonlinearSolve/doSPx/src/nlsolve.jl:144
┌ Warning: Verbosity toggle: newton_convergence 
│  Newton iteration failed with stale Jacobian, retrying with fresh Jacobian
└ @ OrdinaryDiffEqNonlinearSolve ~/.julia/packages/OrdinaryDiffEqNonlinearSolve/doSPx/src/nlsolve.jl:144
┌ Warning: Verbosity toggle: newton_convergence 
│  Newton iteration failed with stale Jacobian, retrying with fresh Jacobian
└ @ OrdinaryDiffEqNonlinearSolve ~/.julia/packages/OrdinaryDiffEqNonlinearSolve/doSPx/src/nlsolve.jl:144
┌ Warning: Verbosity toggle: newton_convergence 
│  Newton iteration failed with stale Jacobian, retrying with fresh Jacobian
└ @ OrdinaryDiffEqNonlinearSolve ~/.julia/packages/OrdinaryDiffEqNonlinearSolve/doSPx/src/nlsolve.jl:144
┌ Warning: Verbosity toggle: newton_convergence 
│  Newton iteration failed with stale Jacobian, retrying with fresh Jacobian
└ @ OrdinaryDiffEqNonlinearSolve ~/.julia/packages/OrdinaryDiffEqNonlinearSolve/doSPx/src/nlsolve.jl:144
┌ Warning: Verbosity toggle: newton_convergence 
│  Newton iteration failed with stale Jacobian, retrying with fresh Jacobian
└ @ OrdinaryDiffEqNonlinearSolve ~/.julia/packages/OrdinaryDiffEqNonlinearSolve/doSPx/src/nlsolve.jl:144
┌ Warning: Verbosity toggle: newton_convergence 
│  Newton iteration failed with stale Jacobian, retrying with fresh Jacobian
└ @ OrdinaryDiffEqNonlinearSolve ~/.julia/packages/OrdinaryDiffEqNonlinearSolve/doSPx/src/nlsolve.jl:144
┌ Warning: Verbosity toggle: newton_convergence 
│  Newton iteration failed with stale Jacobian, retrying with fresh Jacobian
└ @ OrdinaryDiffEqNonlinearSolve ~/.julia/packages/OrdinaryDiffEqNonlinearSolve/doSPx/src/nlsolve.jl:144
┌ Warning: Verbosity toggle: newton_convergence 
│  Newton iteration failed with stale Jacobian, retrying with fresh Jacobian
└ @ OrdinaryDiffEqNonlinearSolve ~/.julia/packages/OrdinaryDiffEqNonlinearSolve/doSPx/src/nlsolve.jl:144
┌ Warning: Verbosity toggle: newton_convergence 
│  Newton iteration failed with stale Jacobian, retrying with fresh Jacobian
└ @ OrdinaryDiffEqNonlinearSolve ~/.julia/packages/OrdinaryDiffEqNonlinearSolve/doSPx/src/nlsolve.jl:144
┌ Warning: Verbosity toggle: newton_convergence 
│  Newton iteration failed with stale Jacobian, retrying with fresh Jacobian
└ @ OrdinaryDiffEqNonlinearSolve ~/.julia/packages/OrdinaryDiffEqNonlinearSolve/doSPx/src/nlsolve.jl:144
┌ Warning: Verbosity toggle: newton_convergence 
│  Newton iteration failed with stale Jacobian, retrying with fresh Jacobian
└ @ OrdinaryDiffEqNonlinearSolve ~/.julia/packages/OrdinaryDiffEqNonlinearSolve/doSPx/src/nlsolve.jl:144
┌ Warning: Verbosity toggle: newton_convergence 
│  Newton iteration failed with stale Jacobian, retrying with fresh Jacobian
└ @ OrdinaryDiffEqNonlinearSolve ~/.julia/packages/OrdinaryDiffEqNonlinearSolve/doSPx/src/nlsolve.jl:144
┌ Warning: Verbosity toggle: newton_convergence 
│  Newton iteration failed with stale Jacobian, retrying with fresh Jacobian
└ @ OrdinaryDiffEqNonlinearSolve ~/.julia/packages/OrdinaryDiffEqNonlinearSolve/doSPx/src/nlsolve.jl:144
┌ Warning: Verbosity toggle: newton_convergence 
│  Newton iteration failed with stale Jacobian, retrying with fresh Jacobian
└ @ OrdinaryDiffEqNonlinearSolve ~/.julia/packages/OrdinaryDiffEqNonlinearSolve/doSPx/src/nlsolve.jl:144
┌ Warning: Verbosity toggle: newton_convergence 
│  Newton iteration failed with stale Jacobian, retrying with fresh Jacobian
└ @ OrdinaryDiffEqNonlinearSolve ~/.julia/packages/OrdinaryDiffEqNonlinearSolve/doSPx/src/nlsolve.jl:144
┌ Warning: Verbosity toggle: newton_convergence 
│  Newton iteration failed with stale Jacobian, retrying with fresh Jacobian
└ @ OrdinaryDiffEqNonlinearSolve ~/.julia/packages/OrdinaryDiffEqNonlinearSolve/doSPx/src/nlsolve.jl:144
┌ Warning: Verbosity toggle: newton_convergence 
│  Newton iteration failed with stale Jacobian, retrying with fresh Jacobian
└ @ OrdinaryDiffEqNonlinearSolve ~/.julia/packages/OrdinaryDiffEqNonlinearSolve/doSPx/src/nlsolve.jl:144
┌ Warning: Verbosity toggle: newton_convergence 
│  Newton iteration failed with stale Jacobian, retrying with fresh Jacobian
└ @ OrdinaryDiffEqNonlinearSolve ~/.julia/packages/OrdinaryDiffEqNonlinearSolve/doSPx/src/nlsolve.jl:144
┌ Warning: Verbosity toggle: newton_convergence 
│  Newton iteration failed with stale Jacobian, retrying with fresh Jacobian
└ @ OrdinaryDiffEqNonlinearSolve ~/.julia/packages/OrdinaryDiffEqNonlinearSolve/doSPx/src/nlsolve.jl:144
┌ Warning: Verbosity toggle: newton_convergence 
│  Newton iteration failed with stale Jacobian, retrying with fresh Jacobian
└ @ OrdinaryDiffEqNonlinearSolve ~/.julia/packages/OrdinaryDiffEqNonlinearSolve/doSPx/src/nlsolve.jl:144
┌ Warning: Verbosity toggle: newton_convergence 
│  Newton iteration failed with stale Jacobian, retrying with fresh Jacobian
└ @ OrdinaryDiffEqNonlinearSolve ~/.julia/packages/OrdinaryDiffEqNonlinearSolve/doSPx/src/nlsolve.jl:144
┌ Warning: Verbosity toggle: newton_convergence 
│  Newton iteration failed with stale Jacobian, retrying with fresh Jacobian
└ @ OrdinaryDiffEqNonlinearSolve ~/.julia/packages/OrdinaryDiffEqNonlinearSolve/doSPx/src/nlsolve.jl:144
┌ Warning: Verbosity toggle: newton_convergence 
│  Newton iteration failed with stale Jacobian, retrying with fresh Jacobian
└ @ OrdinaryDiffEqNonlinearSolve ~/.julia/packages/OrdinaryDiffEqNonlinearSolve/doSPx/src/nlsolve.jl:144
┌ Warning: Verbosity toggle: newton_convergence 
│  Newton iteration failed with stale Jacobian, retrying with fresh Jacobian
└ @ OrdinaryDiffEqNonlinearSolve ~/.julia/packages/OrdinaryDiffEqNonlinearSolve/doSPx/src/nlsolve.jl:144
┌ Warning: Verbosity toggle: newton_convergence 
│  Newton iteration failed with stale Jacobian, retrying with fresh Jacobian
└ @ OrdinaryDiffEqNonlinearSolve ~/.julia/packages/OrdinaryDiffEqNonlinearSolve/doSPx/src/nlsolve.jl:144
┌ Warning: Verbosity toggle: newton_convergence 
│  Newton iteration failed with stale Jacobian, retrying with fresh Jacobian
└ @ OrdinaryDiffEqNonlinearSolve ~/.julia/packages/OrdinaryDiffEqNonlinearSolve/doSPx/src/nlsolve.jl:144
┌ Warning: Verbosity toggle: newton_convergence 
│  Newton iteration failed with stale Jacobian, retrying with fresh Jacobian
└ @ OrdinaryDiffEqNonlinearSolve ~/.julia/packages/OrdinaryDiffEqNonlinearSolve/doSPx/src/nlsolve.jl:144
┌ Warning: Verbosity toggle: newton_convergence 
│  Newton iteration failed with stale Jacobian, retrying with fresh Jacobian
└ @ OrdinaryDiffEqNonlinearSolve ~/.julia/packages/OrdinaryDiffEqNonlinearSolve/doSPx/src/nlsolve.jl:144
┌ Warning: Verbosity toggle: newton_convergence 
│  Newton iteration failed with stale Jacobian, retrying with fresh Jacobian
└ @ OrdinaryDiffEqNonlinearSolve ~/.julia/packages/OrdinaryDiffEqNonlinearSolve/doSPx/src/nlsolve.jl:144
┌ Warning: Verbosity toggle: newton_convergence 
│  Newton iteration failed with stale Jacobian, retrying with fresh Jacobian
└ @ OrdinaryDiffEqNonlinearSolve ~/.julia/packages/OrdinaryDiffEqNonlinearSolve/doSPx/src/nlsolve.jl:144
┌ Warning: Verbosity toggle: newton_convergence 
│  Newton iteration failed with stale Jacobian, retrying with fresh Jacobian
└ @ OrdinaryDiffEqNonlinearSolve ~/.julia/packages/OrdinaryDiffEqNonlinearSolve/doSPx/src/nlsolve.jl:144
┌ Warning: Verbosity toggle: newton_convergence 
│  Newton iteration failed with stale Jacobian, retrying with fresh Jacobian
└ @ OrdinaryDiffEqNonlinearSolve ~/.julia/packages/OrdinaryDiffEqNonlinearSolve/doSPx/src/nlsolve.jl:144
┌ Warning: Verbosity toggle: newton_convergence 
│  Newton iteration failed with stale Jacobian, retrying with fresh Jacobian
└ @ OrdinaryDiffEqNonlinearSolve ~/.julia/packages/OrdinaryDiffEqNonlinearSolve/doSPx/src/nlsolve.jl:144
┌ Warning: Verbosity toggle: newton_convergence 
│  Newton iteration failed with stale Jacobian, retrying with fresh Jacobian
└ @ OrdinaryDiffEqNonlinearSolve ~/.julia/packages/OrdinaryDiffEqNonlinearSolve/doSPx/src/nlsolve.jl:144
┌ Warning: Verbosity toggle: newton_convergence 
│  Newton iteration failed with stale Jacobian, retrying with fresh Jacobian
└ @ OrdinaryDiffEqNonlinearSolve ~/.julia/packages/OrdinaryDiffEqNonlinearSolve/doSPx/src/nlsolve.jl:144
┌ Warning: Verbosity toggle: newton_convergence 
│  Newton iteration failed with stale Jacobian, retrying with fresh Jacobian
└ @ OrdinaryDiffEqNonlinearSolve ~/.julia/packages/OrdinaryDiffEqNonlinearSolve/doSPx/src/nlsolve.jl:144
┌ Warning: Verbosity toggle: newton_convergence 
│  Newton iteration failed with stale Jacobian, retrying with fresh Jacobian
└ @ OrdinaryDiffEqNonlinearSolve ~/.julia/packages/OrdinaryDiffEqNonlinearSolve/doSPx/src/nlsolve.jl:144
┌ Warning: Verbosity toggle: newton_convergence 
│  Newton iteration failed with stale Jacobian, retrying with fresh Jacobian
└ @ OrdinaryDiffEqNonlinearSolve ~/.julia/packages/OrdinaryDiffEqNonlinearSolve/doSPx/src/nlsolve.jl:144
┌ Warning: Verbosity toggle: newton_convergence 
│  Newton iteration failed with stale Jacobian, retrying with fresh Jacobian
└ @ OrdinaryDiffEqNonlinearSolve ~/.julia/packages/OrdinaryDiffEqNonlinearSolve/doSPx/src/nlsolve.jl:144
┌ Warning: Verbosity toggle: newton_convergence 
│  Newton iteration failed with stale Jacobian, retrying with fresh Jacobian
└ @ OrdinaryDiffEqNonlinearSolve ~/.julia/packages/OrdinaryDiffEqNonlinearSolve/doSPx/src/nlsolve.jl:144
┌ Warning: Verbosity toggle: newton_convergence 
│  Newton iteration failed with stale Jacobian, retrying with fresh Jacobian
└ @ OrdinaryDiffEqNonlinearSolve ~/.julia/packages/OrdinaryDiffEqNonlinearSolve/doSPx/src/nlsolve.jl:144
┌ Warning: Verbosity toggle: newton_convergence 
│  Newton iteration failed with stale Jacobian, retrying with fresh Jacobian
└ @ OrdinaryDiffEqNonlinearSolve ~/.julia/packages/OrdinaryDiffEqNonlinearSolve/doSPx/src/nlsolve.jl:144
┌ Warning: Verbosity toggle: newton_convergence 
│  Newton iteration failed with stale Jacobian, retrying with fresh Jacobian
└ @ OrdinaryDiffEqNonlinearSolve ~/.julia/packages/OrdinaryDiffEqNonlinearSolve/doSPx/src/nlsolve.jl:144
┌ Warning: Verbosity toggle: newton_convergence 
│  Newton iteration failed with stale Jacobian, retrying with fresh Jacobian
└ @ OrdinaryDiffEqNonlinearSolve ~/.julia/packages/OrdinaryDiffEqNonlinearSolve/doSPx/src/nlsolve.jl:144
┌ Warning: Verbosity toggle: newton_convergence 
│  Newton iteration failed with stale Jacobian, retrying with fresh Jacobian
└ @ OrdinaryDiffEqNonlinearSolve ~/.julia/packages/OrdinaryDiffEqNonlinearSolve/doSPx/src/nlsolve.jl:144
┌ Warning: Verbosity toggle: newton_convergence 
│  Newton iteration failed with stale Jacobian, retrying with fresh Jacobian
└ @ OrdinaryDiffEqNonlinearSolve ~/.julia/packages/OrdinaryDiffEqNonlinearSolve/doSPx/src/nlsolve.jl:144
┌ Warning: Verbosity toggle: newton_convergence 
│  Newton iteration failed with stale Jacobian, retrying with fresh Jacobian
└ @ OrdinaryDiffEqNonlinearSolve ~/.julia/packages/OrdinaryDiffEqNonlinearSolve/doSPx/src/nlsolve.jl:144
┌ Warning: Verbosity toggle: newton_convergence 
│  Newton iteration failed with stale Jacobian, retrying with fresh Jacobian
└ @ OrdinaryDiffEqNonlinearSolve ~/.julia/packages/OrdinaryDiffEqNonlinearSolve/doSPx/src/nlsolve.jl:144
┌ Warning: Verbosity toggle: newton_convergence 
│  Newton iteration failed with stale Jacobian, retrying with fresh Jacobian
└ @ OrdinaryDiffEqNonlinearSolve ~/.julia/packages/OrdinaryDiffEqNonlinearSolve/doSPx/src/nlsolve.jl:144
┌ Warning: Verbosity toggle: newton_convergence 
│  Newton iteration failed with stale Jacobian, retrying with fresh Jacobian
└ @ OrdinaryDiffEqNonlinearSolve ~/.julia/packages/OrdinaryDiffEqNonlinearSolve/doSPx/src/nlsolve.jl:144
┌ Warning: Verbosity toggle: newton_convergence 
│  Newton iteration failed with stale Jacobian, retrying with fresh Jacobian
└ @ OrdinaryDiffEqNonlinearSolve ~/.julia/packages/OrdinaryDiffEqNonlinearSolve/doSPx/src/nlsolve.jl:144
┌ Warning: Verbosity toggle: newton_convergence 
│  Newton iteration failed with stale Jacobian, retrying with fresh Jacobian
└ @ OrdinaryDiffEqNonlinearSolve ~/.julia/packages/OrdinaryDiffEqNonlinearSolve/doSPx/src/nlsolve.jl:144
┌ Warning: Verbosity toggle: newton_convergence 
│  Newton iteration failed with stale Jacobian, retrying with fresh Jacobian
└ @ OrdinaryDiffEqNonlinearSolve ~/.julia/packages/OrdinaryDiffEqNonlinearSolve/doSPx/src/nlsolve.jl:144
┌ Warning: Verbosity toggle: newton_convergence 
│  Newton iteration failed with stale Jacobian, retrying with fresh Jacobian
└ @ OrdinaryDiffEqNonlinearSolve ~/.julia/packages/OrdinaryDiffEqNonlinearSolve/doSPx/src/nlsolve.jl:144
┌ Warning: Verbosity toggle: newton_convergence 
│  Newton iteration failed with stale Jacobian, retrying with fresh Jacobian
└ @ OrdinaryDiffEqNonlinearSolve ~/.julia/packages/OrdinaryDiffEqNonlinearSolve/doSPx/src/nlsolve.jl:144
┌ Warning: Verbosity toggle: newton_convergence 
│  Newton iteration failed with stale Jacobian, retrying with fresh Jacobian
└ @ OrdinaryDiffEqNonlinearSolve ~/.julia/packages/OrdinaryDiffEqNonlinearSolve/doSPx/src/nlsolve.jl:144
┌ Warning: Verbosity toggle: newton_convergence 
│  Newton iteration failed with stale Jacobian, retrying with fresh Jacobian
└ @ OrdinaryDiffEqNonlinearSolve ~/.julia/packages/OrdinaryDiffEqNonlinearSolve/doSPx/src/nlsolve.jl:144
┌ Warning: Verbosity toggle: newton_convergence 
│  Newton iteration failed with stale Jacobian, retrying with fresh Jacobian
└ @ OrdinaryDiffEqNonlinearSolve ~/.julia/packages/OrdinaryDiffEqNonlinearSolve/doSPx/src/nlsolve.jl:144
┌ Warning: Verbosity toggle: newton_convergence 
│  Newton iteration failed with stale Jacobian, retrying with fresh Jacobian
└ @ OrdinaryDiffEqNonlinearSolve ~/.julia/packages/OrdinaryDiffEqNonlinearSolve/doSPx/src/nlsolve.jl:144
┌ Warning: Verbosity toggle: newton_convergence 
│  Newton iteration failed with stale Jacobian, retrying with fresh Jacobian
└ @ OrdinaryDiffEqNonlinearSolve ~/.julia/packages/OrdinaryDiffEqNonlinearSolve/doSPx/src/nlsolve.jl:144
┌ Warning: Verbosity toggle: newton_convergence 
│  Newton iteration failed with stale Jacobian, retrying with fresh Jacobian
└ @ OrdinaryDiffEqNonlinearSolve ~/.julia/packages/OrdinaryDiffEqNonlinearSolve/doSPx/src/nlsolve.jl:144
┌ Warning: Verbosity toggle: newton_convergence 
│  Newton iteration failed with stale Jacobian, retrying with fresh Jacobian
└ @ OrdinaryDiffEqNonlinearSolve ~/.julia/packages/OrdinaryDiffEqNonlinearSolve/doSPx/src/nlsolve.jl:144
┌ Warning: Verbosity toggle: newton_convergence 
│  Newton iteration failed with stale Jacobian, retrying with fresh Jacobian
└ @ OrdinaryDiffEqNonlinearSolve ~/.julia/packages/OrdinaryDiffEqNonlinearSolve/doSPx/src/nlsolve.jl:144
┌ Warning: Verbosity toggle: newton_convergence 
│  Newton iteration failed with stale Jacobian, retrying with fresh Jacobian
└ @ OrdinaryDiffEqNonlinearSolve ~/.julia/packages/OrdinaryDiffEqNonlinearSolve/doSPx/src/nlsolve.jl:144
┌ Warning: Verbosity toggle: newton_convergence 
│  Newton iteration failed with stale Jacobian, retrying with fresh Jacobian
└ @ OrdinaryDiffEqNonlinearSolve ~/.julia/packages/OrdinaryDiffEqNonlinearSolve/doSPx/src/nlsolve.jl:144
┌ Warning: Verbosity toggle: newton_convergence 
│  Newton iteration failed with stale Jacobian, retrying with fresh Jacobian
└ @ OrdinaryDiffEqNonlinearSolve ~/.julia/packages/OrdinaryDiffEqNonlinearSolve/doSPx/src/nlsolve.jl:144
┌ Warning: Verbosity toggle: newton_convergence 
│  Newton iteration failed with stale Jacobian, retrying with fresh Jacobian
└ @ OrdinaryDiffEqNonlinearSolve ~/.julia/packages/OrdinaryDiffEqNonlinearSolve/doSPx/src/nlsolve.jl:144
┌ Warning: Verbosity toggle: newton_convergence 
│  Newton iteration diverging: θ = 13.148980540832936 > 2, ndz = 0.37894176238277494, ndzprev = 0.028819098271992003
└ @ OrdinaryDiffEqNonlinearSolve ~/.julia/packages/OrdinaryDiffEqNonlinearSolve/doSPx/src/nlsolve.jl:101
┌ Warning: Verbosity toggle: newton_convergence 
│  Newton iteration failed with stale Jacobian, retrying with fresh Jacobian
└ @ OrdinaryDiffEqNonlinearSolve ~/.julia/packages/OrdinaryDiffEqNonlinearSolve/doSPx/src/nlsolve.jl:144
┌ Warning: Verbosity toggle: newton_convergence 
│  Newton iteration diverging: θ = 13.148980540832936 > 2, ndz = 0.37894176238277494, ndzprev = 0.028819098271992003
└ @ OrdinaryDiffEqNonlinearSolve ~/.julia/packages/OrdinaryDiffEqNonlinearSolve/doSPx/src/nlsolve.jl:101
┌ Warning: Verbosity toggle: newton_convergence 
│  Newton iteration failed with stale Jacobian, retrying with fresh Jacobian
└ @ OrdinaryDiffEqNonlinearSolve ~/.julia/packages/OrdinaryDiffEqNonlinearSolve/doSPx/src/nlsolve.jl:144
┌ Warning: Verbosity toggle: newton_convergence 
│  Newton iteration diverging: θ = 13.148980540832936 > 2, ndz = 0.37894176238277494, ndzprev = 0.028819098271992003
└ @ OrdinaryDiffEqNonlinearSolve ~/.julia/packages/OrdinaryDiffEqNonlinearSolve/doSPx/src/nlsolve.jl:101
┌ Warning: Verbosity toggle: newton_convergence 
│  Newton iteration failed with stale Jacobian, retrying with fresh Jacobian
└ @ OrdinaryDiffEqNonlinearSolve ~/.julia/packages/OrdinaryDiffEqNonlinearSolve/doSPx/src/nlsolve.jl:144
┌ Warning: Verbosity toggle: newton_convergence 
│  Newton iteration diverging: θ = 13.148980540832936 > 2, ndz = 0.37894176238277494, ndzprev = 0.028819098271992003
└ @ OrdinaryDiffEqNonlinearSolve ~/.julia/packages/OrdinaryDiffEqNonlinearSolve/doSPx/src/nlsolve.jl:101
┌ Warning: Verbosity toggle: newton_convergence 
│  Newton iteration failed with stale Jacobian, retrying with fresh Jacobian
└ @ OrdinaryDiffEqNonlinearSolve ~/.julia/packages/OrdinaryDiffEqNonlinearSolve/doSPx/src/nlsolve.jl:144
┌ Warning: Verbosity toggle: newton_convergence 
│  Newton iteration diverging: θ = 13.148980540832936 > 2, ndz = 0.37894176238277494, ndzprev = 0.028819098271992003
└ @ OrdinaryDiffEqNonlinearSolve ~/.julia/packages/OrdinaryDiffEqNonlinearSolve/doSPx/src/nlsolve.jl:101
┌ Warning: Verbosity toggle: newton_convergence 
│  Newton iteration failed with stale Jacobian, retrying with fresh Jacobian
└ @ OrdinaryDiffEqNonlinearSolve ~/.julia/packages/OrdinaryDiffEqNonlinearSolve/doSPx/src/nlsolve.jl:144
┌ Warning: Verbosity toggle: newton_convergence 
│  Newton iteration diverging: θ = 13.148980540832936 > 2, ndz = 0.37894176238277494, ndzprev = 0.028819098271992003
└ @ OrdinaryDiffEqNonlinearSolve ~/.julia/packages/OrdinaryDiffEqNonlinearSolve/doSPx/src/nlsolve.jl:101
┌ Warning: Verbosity toggle: newton_convergence 
│  Newton iteration failed with stale Jacobian, retrying with fresh Jacobian
└ @ OrdinaryDiffEqNonlinearSolve ~/.julia/packages/OrdinaryDiffEqNonlinearSolve/doSPx/src/nlsolve.jl:144
┌ Warning: Verbosity toggle: newton_convergence 
│  Newton iteration diverging: θ = 13.148980540832936 > 2, ndz = 0.37894176238277494, ndzprev = 0.028819098271992003
└ @ OrdinaryDiffEqNonlinearSolve ~/.julia/packages/OrdinaryDiffEqNonlinearSolve/doSPx/src/nlsolve.jl:101
┌ Warning: Verbosity toggle: newton_convergence 
│  Newton iteration failed with stale Jacobian, retrying with fresh Jacobian
└ @ OrdinaryDiffEqNonlinearSolve ~/.julia/packages/OrdinaryDiffEqNonlinearSolve/doSPx/src/nlsolve.jl:144
┌ Warning: Verbosity toggle: newton_convergence 
│  Newton iteration diverging: θ = 13.148980540832936 > 2, ndz = 0.37894176238277494, ndzprev = 0.028819098271992003
└ @ OrdinaryDiffEqNonlinearSolve ~/.julia/packages/OrdinaryDiffEqNonlinearSolve/doSPx/src/nlsolve.jl:101
┌ Warning: Verbosity toggle: newton_convergence 
│  Newton iteration failed with stale Jacobian, retrying with fresh Jacobian
└ @ OrdinaryDiffEqNonlinearSolve ~/.julia/packages/OrdinaryDiffEqNonlinearSolve/doSPx/src/nlsolve.jl:144
┌ Warning: Verbosity toggle: newton_convergence 
│  Newton iteration diverging: θ = 13.148980540832936 > 2, ndz = 0.37894176238277494, ndzprev = 0.028819098271992003
└ @ OrdinaryDiffEqNonlinearSolve ~/.julia/packages/OrdinaryDiffEqNonlinearSolve/doSPx/src/nlsolve.jl:101
┌ Warning: Verbosity toggle: newton_convergence 
│  Newton iteration failed with stale Jacobian, retrying with fresh Jacobian
└ @ OrdinaryDiffEqNonlinearSolve ~/.julia/packages/OrdinaryDiffEqNonlinearSolve/doSPx/src/nlsolve.jl:144
┌ Warning: Verbosity toggle: newton_convergence 
│  Newton iteration diverging: θ = 13.148980540832936 > 2, ndz = 0.37894176238277494, ndzprev = 0.028819098271992003
└ @ OrdinaryDiffEqNonlinearSolve ~/.julia/packages/OrdinaryDiffEqNonlinearSolve/doSPx/src/nlsolve.jl:101
┌ Warning: Verbosity toggle: newton_convergence 
│  Newton iteration failed with stale Jacobian, retrying with fresh Jacobian
└ @ OrdinaryDiffEqNonlinearSolve ~/.julia/packages/OrdinaryDiffEqNonlinearSolve/doSPx/src/nlsolve.jl:144
┌ Warning: Verbosity toggle: newton_convergence 
│  Newton iteration diverging: θ = 13.148980540832936 > 2, ndz = 0.37894176238277494, ndzprev = 0.028819098271992003
└ @ OrdinaryDiffEqNonlinearSolve ~/.julia/packages/OrdinaryDiffEqNonlinearSolve/doSPx/src/nlsolve.jl:101
┌ Warning: Verbosity toggle: newton_convergence 
│  Newton iteration failed with stale Jacobian, retrying with fresh Jacobian
└ @ OrdinaryDiffEqNonlinearSolve ~/.julia/packages/OrdinaryDiffEqNonlinearSolve/doSPx/src/nlsolve.jl:144
┌ Warning: Verbosity toggle: newton_convergence 
│  Newton iteration diverging: θ = 13.148980540832936 > 2, ndz = 0.37894176238277494, ndzprev = 0.028819098271992003
└ @ OrdinaryDiffEqNonlinearSolve ~/.julia/packages/OrdinaryDiffEqNonlinearSolve/doSPx/src/nlsolve.jl:101
┌ Warning: Verbosity toggle: newton_convergence 
│  Newton iteration failed with stale Jacobian, retrying with fresh Jacobian
└ @ OrdinaryDiffEqNonlinearSolve ~/.julia/packages/OrdinaryDiffEqNonlinearSolve/doSPx/src/nlsolve.jl:144
┌ Warning: Verbosity toggle: newton_convergence 
│  Newton iteration diverging: θ = 13.148980540832936 > 2, ndz = 0.37894176238277494, ndzprev = 0.028819098271992003
└ @ OrdinaryDiffEqNonlinearSolve ~/.julia/packages/OrdinaryDiffEqNonlinearSolve/doSPx/src/nlsolve.jl:101
┌ Warning: Verbosity toggle: newton_convergence 
│  Newton iteration failed with stale Jacobian, retrying with fresh Jacobian
└ @ OrdinaryDiffEqNonlinearSolve ~/.julia/packages/OrdinaryDiffEqNonlinearSolve/doSPx/src/nlsolve.jl:144
┌ Warning: Verbosity toggle: newton_convergence 
│  Newton iteration diverging: θ = 13.148980540832936 > 2, ndz = 0.37894176238277494, ndzprev = 0.028819098271992003
└ @ OrdinaryDiffEqNonlinearSolve ~/.julia/packages/OrdinaryDiffEqNonlinearSolve/doSPx/src/nlsolve.jl:101
┌ Warning: Verbosity toggle: newton_convergence 
│  Newton iteration failed with stale Jacobian, retrying with fresh Jacobian
└ @ OrdinaryDiffEqNonlinearSolve ~/.julia/packages/OrdinaryDiffEqNonlinearSolve/doSPx/src/nlsolve.jl:144
┌ Warning: Verbosity toggle: newton_convergence 
│  Newton iteration diverging: θ = 13.148980540832936 > 2, ndz = 0.37894176238277494, ndzprev = 0.028819098271992003
└ @ OrdinaryDiffEqNonlinearSolve ~/.julia/packages/OrdinaryDiffEqNonlinearSolve/doSPx/src/nlsolve.jl:101
┌ Warning: Verbosity toggle: newton_convergence 
│  Newton iteration failed with stale Jacobian, retrying with fresh Jacobian
└ @ OrdinaryDiffEqNonlinearSolve ~/.julia/packages/OrdinaryDiffEqNonlinearSolve/doSPx/src/nlsolve.jl:144
┌ Warning: Verbosity toggle: newton_convergence 
│  Newton iteration diverging: θ = 13.148980540832936 > 2, ndz = 0.37894176238277494, ndzprev = 0.028819098271992003
└ @ OrdinaryDiffEqNonlinearSolve ~/.julia/packages/OrdinaryDiffEqNonlinearSolve/doSPx/src/nlsolve.jl:101
┌ Warning: Verbosity toggle: newton_convergence 
│  Newton iteration failed with stale Jacobian, retrying with fresh Jacobian
└ @ OrdinaryDiffEqNonlinearSolve ~/.julia/packages/OrdinaryDiffEqNonlinearSolve/doSPx/src/nlsolve.jl:144
┌ Warning: Verbosity toggle: newton_convergence 
│  Newton iteration diverging: θ = 13.148980540832936 > 2, ndz = 0.37894176238277494, ndzprev = 0.028819098271992003
└ @ OrdinaryDiffEqNonlinearSolve ~/.julia/packages/OrdinaryDiffEqNonlinearSolve/doSPx/src/nlsolve.jl:101
┌ Warning: Verbosity toggle: newton_convergence 
│  Newton iteration failed with stale Jacobian, retrying with fresh Jacobian
└ @ OrdinaryDiffEqNonlinearSolve ~/.julia/packages/OrdinaryDiffEqNonlinearSolve/doSPx/src/nlsolve.jl:144
┌ Warning: Verbosity toggle: newton_convergence 
│  Newton iteration diverging: θ = 13.148980540832936 > 2, ndz = 0.37894176238277494, ndzprev = 0.028819098271992003
└ @ OrdinaryDiffEqNonlinearSolve ~/.julia/packages/OrdinaryDiffEqNonlinearSolve/doSPx/src/nlsolve.jl:101
┌ Warning: Verbosity toggle: newton_convergence 
│  Newton iteration failed with stale Jacobian, retrying with fresh Jacobian
└ @ OrdinaryDiffEqNonlinearSolve ~/.julia/packages/OrdinaryDiffEqNonlinearSolve/doSPx/src/nlsolve.jl:144
┌ Warning: Verbosity toggle: newton_convergence 
│  Newton iteration diverging: θ = 13.148980540832936 > 2, ndz = 0.37894176238277494, ndzprev = 0.028819098271992003
└ @ OrdinaryDiffEqNonlinearSolve ~/.julia/packages/OrdinaryDiffEqNonlinearSolve/doSPx/src/nlsolve.jl:101
┌ Warning: Verbosity toggle: newton_convergence 
│  Newton iteration failed with stale Jacobian, retrying with fresh Jacobian
└ @ OrdinaryDiffEqNonlinearSolve ~/.julia/packages/OrdinaryDiffEqNonlinearSolve/doSPx/src/nlsolve.jl:144
┌ Warning: Verbosity toggle: newton_convergence 
│  Newton iteration diverging: θ = 13.148980540832936 > 2, ndz = 0.37894176238277494, ndzprev = 0.028819098271992003
└ @ OrdinaryDiffEqNonlinearSolve ~/.julia/packages/OrdinaryDiffEqNonlinearSolve/doSPx/src/nlsolve.jl:101
┌ Warning: Verbosity toggle: newton_convergence 
│  Newton iteration failed with stale Jacobian, retrying with fresh Jacobian
└ @ OrdinaryDiffEqNonlinearSolve ~/.julia/packages/OrdinaryDiffEqNonlinearSolve/doSPx/src/nlsolve.jl:144
┌ Warning: Verbosity toggle: newton_convergence 
│  Newton iteration diverging: θ = 13.148980540832936 > 2, ndz = 0.37894176238277494, ndzprev = 0.028819098271992003
└ @ OrdinaryDiffEqNonlinearSolve ~/.julia/packages/OrdinaryDiffEqNonlinearSolve/doSPx/src/nlsolve.jl:101
┌ Warning: Verbosity toggle: newton_convergence 
│  Newton iteration failed with stale Jacobian, retrying with fresh Jacobian
└ @ OrdinaryDiffEqNonlinearSolve ~/.julia/packages/OrdinaryDiffEqNonlinearSolve/doSPx/src/nlsolve.jl:144
┌ Warning: Verbosity toggle: newton_convergence 
│  Newton iteration diverging: θ = 13.148980540832936 > 2, ndz = 0.37894176238277494, ndzprev = 0.028819098271992003
└ @ OrdinaryDiffEqNonlinearSolve ~/.julia/packages/OrdinaryDiffEqNonlinearSolve/doSPx/src/nlsolve.jl:101
┌ Warning: Verbosity toggle: newton_convergence 
│  Newton iteration failed with stale Jacobian, retrying with fresh Jacobian
└ @ OrdinaryDiffEqNonlinearSolve ~/.julia/packages/OrdinaryDiffEqNonlinearSolve/doSPx/src/nlsolve.jl:144
┌ Warning: Verbosity toggle: newton_convergence 
│  Newton iteration diverging: θ = 13.148980540832936 > 2, ndz = 0.37894176238277494, ndzprev = 0.028819098271992003
└ @ OrdinaryDiffEqNonlinearSolve ~/.julia/packages/OrdinaryDiffEqNonlinearSolve/doSPx/src/nlsolve.jl:101
┌ Warning: Verbosity toggle: newton_convergence 
│  Newton iteration failed with stale Jacobian, retrying with fresh Jacobian
└ @ OrdinaryDiffEqNonlinearSolve ~/.julia/packages/OrdinaryDiffEqNonlinearSolve/doSPx/src/nlsolve.jl:144
┌ Warning: Verbosity toggle: newton_convergence 
│  Newton iteration diverging: θ = 13.148980540832936 > 2, ndz = 0.37894176238277494, ndzprev = 0.028819098271992003
└ @ OrdinaryDiffEqNonlinearSolve ~/.julia/packages/OrdinaryDiffEqNonlinearSolve/doSPx/src/nlsolve.jl:101
┌ Warning: Verbosity toggle: newton_convergence 
│  Newton iteration failed with stale Jacobian, retrying with fresh Jacobian
└ @ OrdinaryDiffEqNonlinearSolve ~/.julia/packages/OrdinaryDiffEqNonlinearSolve/doSPx/src/nlsolve.jl:144
┌ Warning: Verbosity toggle: newton_convergence 
│  Newton iteration diverging: θ = 13.148980540832936 > 2, ndz = 0.37894176238277494, ndzprev = 0.028819098271992003
└ @ OrdinaryDiffEqNonlinearSolve ~/.julia/packages/OrdinaryDiffEqNonlinearSolve/doSPx/src/nlsolve.jl:101
┌ Warning: Verbosity toggle: newton_convergence 
│  Newton iteration failed with stale Jacobian, retrying with fresh Jacobian
└ @ OrdinaryDiffEqNonlinearSolve ~/.julia/packages/OrdinaryDiffEqNonlinearSolve/doSPx/src/nlsolve.jl:144
┌ Warning: Verbosity toggle: newton_convergence 
│  Newton iteration diverging: θ = 13.148980540832936 > 2, ndz = 0.37894176238277494, ndzprev = 0.028819098271992003
└ @ OrdinaryDiffEqNonlinearSolve ~/.julia/packages/OrdinaryDiffEqNonlinearSolve/doSPx/src/nlsolve.jl:101
┌ Warning: Verbosity toggle: newton_convergence 
│  Newton iteration failed with stale Jacobian, retrying with fresh Jacobian
└ @ OrdinaryDiffEqNonlinearSolve ~/.julia/packages/OrdinaryDiffEqNonlinearSolve/doSPx/src/nlsolve.jl:144
┌ Warning: Verbosity toggle: newton_convergence 
│  Newton iteration diverging: θ = 13.148980540832936 > 2, ndz = 0.37894176238277494, ndzprev = 0.028819098271992003
└ @ OrdinaryDiffEqNonlinearSolve ~/.julia/packages/OrdinaryDiffEqNonlinearSolve/doSPx/src/nlsolve.jl:101
┌ Warning: Verbosity toggle: newton_convergence 
│  Newton iteration failed with stale Jacobian, retrying with fresh Jacobian
└ @ OrdinaryDiffEqNonlinearSolve ~/.julia/packages/OrdinaryDiffEqNonlinearSolve/doSPx/src/nlsolve.jl:144
┌ Warning: Verbosity toggle: newton_convergence 
│  Newton iteration diverging: θ = 13.148980540832936 > 2, ndz = 0.37894176238277494, ndzprev = 0.028819098271992003
└ @ OrdinaryDiffEqNonlinearSolve ~/.julia/packages/OrdinaryDiffEqNonlinearSolve/doSPx/src/nlsolve.jl:101
┌ Warning: Verbosity toggle: newton_convergence 
│  Newton iteration failed with stale Jacobian, retrying with fresh Jacobian
└ @ OrdinaryDiffEqNonlinearSolve ~/.julia/packages/OrdinaryDiffEqNonlinearSolve/doSPx/src/nlsolve.jl:144
┌ Warning: Verbosity toggle: newton_convergence 
│  Newton iteration diverging: θ = 13.148980540832936 > 2, ndz = 0.37894176238277494, ndzprev = 0.028819098271992003
└ @ OrdinaryDiffEqNonlinearSolve ~/.julia/packages/OrdinaryDiffEqNonlinearSolve/doSPx/src/nlsolve.jl:101
┌ Warning: Verbosity toggle: newton_convergence 
│  Newton iteration failed with stale Jacobian, retrying with fresh Jacobian
└ @ OrdinaryDiffEqNonlinearSolve ~/.julia/packages/OrdinaryDiffEqNonlinearSolve/doSPx/src/nlsolve.jl:144
┌ Warning: Verbosity toggle: newton_convergence 
│  Newton iteration diverging: θ = 13.148980540832936 > 2, ndz = 0.37894176238277494, ndzprev = 0.028819098271992003
└ @ OrdinaryDiffEqNonlinearSolve ~/.julia/packages/OrdinaryDiffEqNonlinearSolve/doSPx/src/nlsolve.jl:101
┌ Warning: Verbosity toggle: newton_convergence 
│  Newton iteration failed with stale Jacobian, retrying with fresh Jacobian
└ @ OrdinaryDiffEqNonlinearSolve ~/.julia/packages/OrdinaryDiffEqNonlinearSolve/doSPx/src/nlsolve.jl:144
┌ Warning: Verbosity toggle: newton_convergence 
│  Newton iteration diverging: θ = 13.148980540832936 > 2, ndz = 0.37894176238277494, ndzprev = 0.028819098271992003
└ @ OrdinaryDiffEqNonlinearSolve ~/.julia/packages/OrdinaryDiffEqNonlinearSolve/doSPx/src/nlsolve.jl:101
┌ Warning: Verbosity toggle: newton_convergence 
│  Newton iteration failed with stale Jacobian, retrying with fresh Jacobian
└ @ OrdinaryDiffEqNonlinearSolve ~/.julia/packages/OrdinaryDiffEqNonlinearSolve/doSPx/src/nlsolve.jl:144
┌ Warning: Verbosity toggle: newton_convergence 
│  Newton iteration diverging: θ = 13.148980540832936 > 2, ndz = 0.37894176238277494, ndzprev = 0.028819098271992003
└ @ OrdinaryDiffEqNonlinearSolve ~/.julia/packages/OrdinaryDiffEqNonlinearSolve/doSPx/src/nlsolve.jl:101
┌ Warning: Verbosity toggle: newton_convergence 
│  Newton iteration failed with stale Jacobian, retrying with fresh Jacobian
└ @ OrdinaryDiffEqNonlinearSolve ~/.julia/packages/OrdinaryDiffEqNonlinearSolve/doSPx/src/nlsolve.jl:144
┌ Warning: Verbosity toggle: newton_convergence 
│  Newton iteration diverging: θ = 13.148980540832936 > 2, ndz = 0.37894176238277494, ndzprev = 0.028819098271992003
└ @ OrdinaryDiffEqNonlinearSolve ~/.julia/packages/OrdinaryDiffEqNonlinearSolve/doSPx/src/nlsolve.jl:101
┌ Warning: Verbosity toggle: newton_convergence 
│  Newton iteration failed with stale Jacobian, retrying with fresh Jacobian
└ @ OrdinaryDiffEqNonlinearSolve ~/.julia/packages/OrdinaryDiffEqNonlinearSolve/doSPx/src/nlsolve.jl:144
┌ Warning: Verbosity toggle: newton_convergence 
│  Newton iteration diverging: θ = 13.148980540832936 > 2, ndz = 0.37894176238277494, ndzprev = 0.028819098271992003
└ @ OrdinaryDiffEqNonlinearSolve ~/.julia/packages/OrdinaryDiffEqNonlinearSolve/doSPx/src/nlsolve.jl:101
┌ Warning: Verbosity toggle: newton_convergence 
│  Newton iteration failed with stale Jacobian, retrying with fresh Jacobian
└ @ OrdinaryDiffEqNonlinearSolve ~/.julia/packages/OrdinaryDiffEqNonlinearSolve/doSPx/src/nlsolve.jl:144
┌ Warning: Verbosity toggle: newton_convergence 
│  Newton iteration diverging: θ = 13.148980540832936 > 2, ndz = 0.37894176238277494, ndzprev = 0.028819098271992003
└ @ OrdinaryDiffEqNonlinearSolve ~/.julia/packages/OrdinaryDiffEqNonlinearSolve/doSPx/src/nlsolve.jl:101
┌ Warning: Verbosity toggle: newton_convergence 
│  Newton iteration failed with stale Jacobian, retrying with fresh Jacobian
└ @ OrdinaryDiffEqNonlinearSolve ~/.julia/packages/OrdinaryDiffEqNonlinearSolve/doSPx/src/nlsolve.jl:144
┌ Warning: Verbosity toggle: newton_convergence 
│  Newton iteration diverging: θ = 13.148980540832936 > 2, ndz = 0.37894176238277494, ndzprev = 0.028819098271992003
└ @ OrdinaryDiffEqNonlinearSolve ~/.julia/packages/OrdinaryDiffEqNonlinearSolve/doSPx/src/nlsolve.jl:101
┌ Warning: Verbosity toggle: newton_convergence 
│  Newton iteration failed with stale Jacobian, retrying with fresh Jacobian
└ @ OrdinaryDiffEqNonlinearSolve ~/.julia/packages/OrdinaryDiffEqNonlinearSolve/doSPx/src/nlsolve.jl:144
┌ Warning: Verbosity toggle: newton_convergence 
│  Newton iteration diverging: θ = 13.148980540832936 > 2, ndz = 0.37894176238277494, ndzprev = 0.028819098271992003
└ @ OrdinaryDiffEqNonlinearSolve ~/.julia/packages/OrdinaryDiffEqNonlinearSolve/doSPx/src/nlsolve.jl:101
┌ Warning: Verbosity toggle: newton_convergence 
│  Newton iteration failed with stale Jacobian, retrying with fresh Jacobian
└ @ OrdinaryDiffEqNonlinearSolve ~/.julia/packages/OrdinaryDiffEqNonlinearSolve/doSPx/src/nlsolve.jl:144
┌ Warning: Verbosity toggle: newton_convergence 
│  Newton iteration diverging: θ = 13.148980540832936 > 2, ndz = 0.37894176238277494, ndzprev = 0.028819098271992003
└ @ OrdinaryDiffEqNonlinearSolve ~/.julia/packages/OrdinaryDiffEqNonlinearSolve/doSPx/src/nlsolve.jl:101
┌ Warning: Verbosity toggle: newton_convergence 
│  Newton iteration failed with stale Jacobian, retrying with fresh Jacobian
└ @ OrdinaryDiffEqNonlinearSolve ~/.julia/packages/OrdinaryDiffEqNonlinearSolve/doSPx/src/nlsolve.jl:144
┌ Warning: Verbosity toggle: newton_convergence 
│  Newton iteration diverging: θ = 13.148980540832936 > 2, ndz = 0.37894176238277494, ndzprev = 0.028819098271992003
└ @ OrdinaryDiffEqNonlinearSolve ~/.julia/packages/OrdinaryDiffEqNonlinearSolve/doSPx/src/nlsolve.jl:101
┌ Warning: Verbosity toggle: newton_convergence 
│  Newton iteration failed with stale Jacobian, retrying with fresh Jacobian
└ @ OrdinaryDiffEqNonlinearSolve ~/.julia/packages/OrdinaryDiffEqNonlinearSolve/doSPx/src/nlsolve.jl:144
┌ Warning: Verbosity toggle: newton_convergence 
│  Newton iteration diverging: θ = 13.148980540832936 > 2, ndz = 0.37894176238277494, ndzprev = 0.028819098271992003
└ @ OrdinaryDiffEqNonlinearSolve ~/.julia/packages/OrdinaryDiffEqNonlinearSolve/doSPx/src/nlsolve.jl:101
┌ Warning: Verbosity toggle: newton_convergence 
│  Newton iteration failed with stale Jacobian, retrying with fresh Jacobian
└ @ OrdinaryDiffEqNonlinearSolve ~/.julia/packages/OrdinaryDiffEqNonlinearSolve/doSPx/src/nlsolve.jl:144
┌ Warning: Verbosity toggle: newton_convergence 
│  Newton iteration failed with stale Jacobian, retrying with fresh Jacobian
└ @ OrdinaryDiffEqNonlinearSolve ~/.julia/packages/OrdinaryDiffEqNonlinearSolve/doSPx/src/nlsolve.jl:144
┌ Warning: Verbosity toggle: newton_convergence 
│  Newton iteration failed with stale Jacobian, retrying with fresh Jacobian
└ @ OrdinaryDiffEqNonlinearSolve ~/.julia/packages/OrdinaryDiffEqNonlinearSolve/doSPx/src/nlsolve.jl:144
┌ Warning: Verbosity toggle: newton_convergence 
│  Newton iteration failed with stale Jacobian, retrying with fresh Jacobian
└ @ OrdinaryDiffEqNonlinearSolve ~/.julia/packages/OrdinaryDiffEqNonlinearSolve/doSPx/src/nlsolve.jl:144
┌ Warning: Verbosity toggle: newton_convergence 
│  Newton iteration failed with stale Jacobian, retrying with fresh Jacobian
└ @ OrdinaryDiffEqNonlinearSolve ~/.julia/packages/OrdinaryDiffEqNonlinearSolve/doSPx/src/nlsolve.jl:144
┌ Warning: Verbosity toggle: newton_convergence 
│  Newton iteration failed with stale Jacobian, retrying with fresh Jacobian
└ @ OrdinaryDiffEqNonlinearSolve ~/.julia/packages/OrdinaryDiffEqNonlinearSolve/doSPx/src/nlsolve.jl:144
┌ Warning: Verbosity toggle: newton_convergence 
│  Newton iteration failed with stale Jacobian, retrying with fresh Jacobian
└ @ OrdinaryDiffEqNonlinearSolve ~/.julia/packages/OrdinaryDiffEqNonlinearSolve/doSPx/src/nlsolve.jl:144
┌ Warning: Verbosity toggle: newton_convergence 
│  Newton iteration failed with stale Jacobian, retrying with fresh Jacobian
└ @ OrdinaryDiffEqNonlinearSolve ~/.julia/packages/OrdinaryDiffEqNonlinearSolve/doSPx/src/nlsolve.jl:144
┌ Warning: Verbosity toggle: newton_convergence 
│  Newton iteration failed with stale Jacobian, retrying with fresh Jacobian
└ @ OrdinaryDiffEqNonlinearSolve ~/.julia/packages/OrdinaryDiffEqNonlinearSolve/doSPx/src/nlsolve.jl:144
┌ Warning: Verbosity toggle: newton_convergence 
│  Newton iteration failed with stale Jacobian, retrying with fresh Jacobian
└ @ OrdinaryDiffEqNonlinearSolve ~/.julia/packages/OrdinaryDiffEqNonlinearSolve/doSPx/src/nlsolve.jl:144
┌ Warning: Verbosity toggle: newton_convergence 
│  Newton iteration failed with stale Jacobian, retrying with fresh Jacobian
└ @ OrdinaryDiffEqNonlinearSolve ~/.julia/packages/OrdinaryDiffEqNonlinearSolve/doSPx/src/nlsolve.jl:144
┌ Warning: Verbosity toggle: newton_convergence 
│  Newton iteration failed with stale Jacobian, retrying with fresh Jacobian
└ @ OrdinaryDiffEqNonlinearSolve ~/.julia/packages/OrdinaryDiffEqNonlinearSolve/doSPx/src/nlsolve.jl:144
┌ Warning: Verbosity toggle: newton_convergence 
│  Newton iteration failed with stale Jacobian, retrying with fresh Jacobian
└ @ OrdinaryDiffEqNonlinearSolve ~/.julia/packages/OrdinaryDiffEqNonlinearSolve/doSPx/src/nlsolve.jl:144
┌ Warning: Verbosity toggle: newton_convergence 
│  Newton iteration failed with stale Jacobian, retrying with fresh Jacobian
└ @ OrdinaryDiffEqNonlinearSolve ~/.julia/packages/OrdinaryDiffEqNonlinearSolve/doSPx/src/nlsolve.jl:144
┌ Warning: Verbosity toggle: newton_convergence 
│  Newton iteration failed with stale Jacobian, retrying with fresh Jacobian
└ @ OrdinaryDiffEqNonlinearSolve ~/.julia/packages/OrdinaryDiffEqNonlinearSolve/doSPx/src/nlsolve.jl:144
┌ Warning: Verbosity toggle: newton_convergence 
│  Newton iteration failed with stale Jacobian, retrying with fresh Jacobian
└ @ OrdinaryDiffEqNonlinearSolve ~/.julia/packages/OrdinaryDiffEqNonlinearSolve/doSPx/src/nlsolve.jl:144
┌ Warning: Verbosity toggle: newton_convergence 
│  Newton iteration failed with stale Jacobian, retrying with fresh Jacobian
└ @ OrdinaryDiffEqNonlinearSolve ~/.julia/packages/OrdinaryDiffEqNonlinearSolve/doSPx/src/nlsolve.jl:144
┌ Warning: Verbosity toggle: newton_convergence 
│  Newton iteration failed with stale Jacobian, retrying with fresh Jacobian
└ @ OrdinaryDiffEqNonlinearSolve ~/.julia/packages/OrdinaryDiffEqNonlinearSolve/doSPx/src/nlsolve.jl:144
┌ Warning: Verbosity toggle: newton_convergence 
│  Newton iteration failed with stale Jacobian, retrying with fresh Jacobian
└ @ OrdinaryDiffEqNonlinearSolve ~/.julia/packages/OrdinaryDiffEqNonlinearSolve/doSPx/src/nlsolve.jl:144
┌ Warning: Verbosity toggle: newton_convergence 
│  Newton iteration failed with stale Jacobian, retrying with fresh Jacobian
└ @ OrdinaryDiffEqNonlinearSolve ~/.julia/packages/OrdinaryDiffEqNonlinearSolve/doSPx/src/nlsolve.jl:144
┌ Warning: Verbosity toggle: newton_convergence 
│  Newton iteration failed with stale Jacobian, retrying with fresh Jacobian
└ @ OrdinaryDiffEqNonlinearSolve ~/.julia/packages/OrdinaryDiffEqNonlinearSolve/doSPx/src/nlsolve.jl:144
┌ Warning: Verbosity toggle: newton_convergence 
│  Newton iteration failed with stale Jacobian, retrying with fresh Jacobian
└ @ OrdinaryDiffEqNonlinearSolve ~/.julia/packages/OrdinaryDiffEqNonlinearSolve/doSPx/src/nlsolve.jl:144
┌ Warning: Verbosity toggle: newton_convergence 
│  Newton iteration failed with stale Jacobian, retrying with fresh Jacobian
└ @ OrdinaryDiffEqNonlinearSolve ~/.julia/packages/OrdinaryDiffEqNonlinearSolve/doSPx/src/nlsolve.jl:144
┌ Warning: Verbosity toggle: newton_convergence 
│  Newton iteration failed with stale Jacobian, retrying with fresh Jacobian
└ @ OrdinaryDiffEqNonlinearSolve ~/.julia/packages/OrdinaryDiffEqNonlinearSolve/doSPx/src/nlsolve.jl:144
┌ Warning: Verbosity toggle: newton_convergence 
│  Newton iteration failed with stale Jacobian, retrying with fresh Jacobian
└ @ OrdinaryDiffEqNonlinearSolve ~/.julia/packages/OrdinaryDiffEqNonlinearSolve/doSPx/src/nlsolve.jl:144
┌ Warning: Verbosity toggle: newton_convergence 
│  Newton iteration failed with stale Jacobian, retrying with fresh Jacobian
└ @ OrdinaryDiffEqNonlinearSolve ~/.julia/packages/OrdinaryDiffEqNonlinearSolve/doSPx/src/nlsolve.jl:144
┌ Warning: Verbosity toggle: newton_convergence 
│  Newton iteration failed with stale Jacobian, retrying with fresh Jacobian
└ @ OrdinaryDiffEqNonlinearSolve ~/.julia/packages/OrdinaryDiffEqNonlinearSolve/doSPx/src/nlsolve.jl:144
┌ Warning: Verbosity toggle: newton_convergence 
│  Newton iteration failed with stale Jacobian, retrying with fresh Jacobian
└ @ OrdinaryDiffEqNonlinearSolve ~/.julia/packages/OrdinaryDiffEqNonlinearSolve/doSPx/src/nlsolve.jl:144
┌ Warning: Verbosity toggle: newton_convergence 
│  Newton iteration failed with stale Jacobian, retrying with fresh Jacobian
└ @ OrdinaryDiffEqNonlinearSolve ~/.julia/packages/OrdinaryDiffEqNonlinearSolve/doSPx/src/nlsolve.jl:144
┌ Warning: Verbosity toggle: newton_convergence 
│  Newton iteration failed with stale Jacobian, retrying with fresh Jacobian
└ @ OrdinaryDiffEqNonlinearSolve ~/.julia/packages/OrdinaryDiffEqNonlinearSolve/doSPx/src/nlsolve.jl:144
┌ Warning: Verbosity toggle: newton_convergence 
│  Newton iteration failed with stale Jacobian, retrying with fresh Jacobian
└ @ OrdinaryDiffEqNonlinearSolve ~/.julia/packages/OrdinaryDiffEqNonlinearSolve/doSPx/src/nlsolve.jl:144
┌ Warning: Verbosity toggle: newton_convergence 
│  Newton iteration failed with stale Jacobian, retrying with fresh Jacobian
└ @ OrdinaryDiffEqNonlinearSolve ~/.julia/packages/OrdinaryDiffEqNonlinearSolve/doSPx/src/nlsolve.jl:144
┌ Warning: Verbosity toggle: newton_convergence 
│  Newton iteration failed with stale Jacobian, retrying with fresh Jacobian
└ @ OrdinaryDiffEqNonlinearSolve ~/.julia/packages/OrdinaryDiffEqNonlinearSolve/doSPx/src/nlsolve.jl:144
┌ Warning: Verbosity toggle: newton_convergence 
│  Newton iteration failed with stale Jacobian, retrying with fresh Jacobian
└ @ OrdinaryDiffEqNonlinearSolve ~/.julia/packages/OrdinaryDiffEqNonlinearSolve/doSPx/src/nlsolve.jl:144
┌ Warning: Verbosity toggle: newton_convergence 
│  Newton iteration failed with stale Jacobian, retrying with fresh Jacobian
└ @ OrdinaryDiffEqNonlinearSolve ~/.julia/packages/OrdinaryDiffEqNonlinearSolve/doSPx/src/nlsolve.jl:144
┌ Warning: Verbosity toggle: newton_convergence 
│  Newton iteration failed with stale Jacobian, retrying with fresh Jacobian
└ @ OrdinaryDiffEqNonlinearSolve ~/.julia/packages/OrdinaryDiffEqNonlinearSolve/doSPx/src/nlsolve.jl:144
┌ Warning: Verbosity toggle: newton_convergence 
│  Newton iteration failed with stale Jacobian, retrying with fresh Jacobian
└ @ OrdinaryDiffEqNonlinearSolve ~/.julia/packages/OrdinaryDiffEqNonlinearSolve/doSPx/src/nlsolve.jl:144
┌ Warning: Verbosity toggle: newton_convergence 
│  Newton iteration failed with stale Jacobian, retrying with fresh Jacobian
└ @ OrdinaryDiffEqNonlinearSolve ~/.julia/packages/OrdinaryDiffEqNonlinearSolve/doSPx/src/nlsolve.jl:144
┌ Warning: Verbosity toggle: newton_convergence 
│  Newton iteration failed with stale Jacobian, retrying with fresh Jacobian
└ @ OrdinaryDiffEqNonlinearSolve ~/.julia/packages/OrdinaryDiffEqNonlinearSolve/doSPx/src/nlsolve.jl:144
┌ Warning: Verbosity toggle: newton_convergence 
│  Newton iteration failed with stale Jacobian, retrying with fresh Jacobian
└ @ OrdinaryDiffEqNonlinearSolve ~/.julia/packages/OrdinaryDiffEqNonlinearSolve/doSPx/src/nlsolve.jl:144
┌ Warning: Verbosity toggle: newton_convergence 
│  Newton iteration failed with stale Jacobian, retrying with fresh Jacobian
└ @ OrdinaryDiffEqNonlinearSolve ~/.julia/packages/OrdinaryDiffEqNonlinearSolve/doSPx/src/nlsolve.jl:144
┌ Warning: Verbosity toggle: newton_convergence 
│  Newton iteration failed with stale Jacobian, retrying with fresh Jacobian
└ @ OrdinaryDiffEqNonlinearSolve ~/.julia/packages/OrdinaryDiffEqNonlinearSolve/doSPx/src/nlsolve.jl:144
┌ Warning: Verbosity toggle: newton_convergence 
│  Newton iteration failed with stale Jacobian, retrying with fresh Jacobian
└ @ OrdinaryDiffEqNonlinearSolve ~/.julia/packages/OrdinaryDiffEqNonlinearSolve/doSPx/src/nlsolve.jl:144
┌ Warning: Verbosity toggle: newton_convergence 
│  Newton iteration failed with stale Jacobian, retrying with fresh Jacobian
└ @ OrdinaryDiffEqNonlinearSolve ~/.julia/packages/OrdinaryDiffEqNonlinearSolve/doSPx/src/nlsolve.jl:144
┌ Warning: Verbosity toggle: newton_convergence 
│  Newton iteration failed with stale Jacobian, retrying with fresh Jacobian
└ @ OrdinaryDiffEqNonlinearSolve ~/.julia/packages/OrdinaryDiffEqNonlinearSolve/doSPx/src/nlsolve.jl:144
┌ Warning: Verbosity toggle: newton_convergence 
│  Newton iteration failed with stale Jacobian, retrying with fresh Jacobian
└ @ OrdinaryDiffEqNonlinearSolve ~/.julia/packages/OrdinaryDiffEqNonlinearSolve/doSPx/src/nlsolve.jl:144
┌ Warning: Verbosity toggle: newton_convergence 
│  Newton iteration failed with stale Jacobian, retrying with fresh Jacobian
└ @ OrdinaryDiffEqNonlinearSolve ~/.julia/packages/OrdinaryDiffEqNonlinearSolve/doSPx/src/nlsolve.jl:144
┌ Warning: Verbosity toggle: newton_convergence 
│  Newton iteration failed with stale Jacobian, retrying with fresh Jacobian
└ @ OrdinaryDiffEqNonlinearSolve ~/.julia/packages/OrdinaryDiffEqNonlinearSolve/doSPx/src/nlsolve.jl:144
┌ Warning: Verbosity toggle: newton_convergence 
│  Newton iteration failed with stale Jacobian, retrying with fresh Jacobian
└ @ OrdinaryDiffEqNonlinearSolve ~/.julia/packages/OrdinaryDiffEqNonlinearSolve/doSPx/src/nlsolve.jl:144
┌ Warning: Verbosity toggle: newton_convergence 
│  Newton iteration failed with stale Jacobian, retrying with fresh Jacobian
└ @ OrdinaryDiffEqNonlinearSolve ~/.julia/packages/OrdinaryDiffEqNonlinearSolve/doSPx/src/nlsolve.jl:144
┌ Warning: Verbosity toggle: newton_convergence 
│  Newton iteration failed with stale Jacobian, retrying with fresh Jacobian
└ @ OrdinaryDiffEqNonlinearSolve ~/.julia/packages/OrdinaryDiffEqNonlinearSolve/doSPx/src/nlsolve.jl:144
┌ Warning: Verbosity toggle: newton_convergence 
│  Newton iteration failed with stale Jacobian, retrying with fresh Jacobian
└ @ OrdinaryDiffEqNonlinearSolve ~/.julia/packages/OrdinaryDiffEqNonlinearSolve/doSPx/src/nlsolve.jl:144
┌ Warning: Verbosity toggle: newton_convergence 
│  Newton iteration diverging: θ = 13.148980540832936 > 2, ndz = 0.37894176238277494, ndzprev = 0.028819098271992003
└ @ OrdinaryDiffEqNonlinearSolve ~/.julia/packages/OrdinaryDiffEqNonlinearSolve/doSPx/src/nlsolve.jl:101
┌ Warning: Verbosity toggle: newton_convergence 
│  Newton iteration failed with stale Jacobian, retrying with fresh Jacobian
└ @ OrdinaryDiffEqNonlinearSolve ~/.julia/packages/OrdinaryDiffEqNonlinearSolve/doSPx/src/nlsolve.jl:144
┌ Warning: Verbosity toggle: newton_convergence 
│  Newton iteration diverging: θ = 13.148980540832936 > 2, ndz = 0.37894176238277494, ndzprev = 0.028819098271992003
└ @ OrdinaryDiffEqNonlinearSolve ~/.julia/packages/OrdinaryDiffEqNonlinearSolve/doSPx/src/nlsolve.jl:101
┌ Warning: Verbosity toggle: newton_convergence 
│  Newton iteration failed with stale Jacobian, retrying with fresh Jacobian
└ @ OrdinaryDiffEqNonlinearSolve ~/.julia/packages/OrdinaryDiffEqNonlinearSolve/doSPx/src/nlsolve.jl:144
┌ Warning: Verbosity toggle: newton_convergence 
│  Newton iteration failed with stale Jacobian, retrying with fresh Jacobian
└ @ OrdinaryDiffEqNonlinearSolve ~/.julia/packages/OrdinaryDiffEqNonlinearSolve/doSPx/src/nlsolve.jl:144
┌ Warning: Verbosity toggle: newton_convergence 
│  Newton iteration failed with stale Jacobian, retrying with fresh Jacobian
└ @ OrdinaryDiffEqNonlinearSolve ~/.julia/packages/OrdinaryDiffEqNonlinearSolve/doSPx/src/nlsolve.jl:144
┌ Warning: Verbosity toggle: newton_convergence 
│  Newton iteration diverging: θ = 13.148980540832936 > 2, ndz = 0.37894176238277494, ndzprev = 0.028819098271992003
└ @ OrdinaryDiffEqNonlinearSolve ~/.julia/packages/OrdinaryDiffEqNonlinearSolve/doSPx/src/nlsolve.jl:101
┌ Warning: Verbosity toggle: newton_convergence 
│  Newton iteration failed with stale Jacobian, retrying with fresh Jacobian
└ @ OrdinaryDiffEqNonlinearSolve ~/.julia/packages/OrdinaryDiffEqNonlinearSolve/doSPx/src/nlsolve.jl:144
┌ Warning: Verbosity toggle: newton_convergence 
│  Newton iteration diverging: θ = 13.148980540832936 > 2, ndz = 0.37894176238277494, ndzprev = 0.028819098271992003
└ @ OrdinaryDiffEqNonlinearSolve ~/.julia/packages/OrdinaryDiffEqNonlinearSolve/doSPx/src/nlsolve.jl:101
┌ Warning: Verbosity toggle: newton_convergence 
│  Newton iteration failed with stale Jacobian, retrying with fresh Jacobian
└ @ OrdinaryDiffEqNonlinearSolve ~/.julia/packages/OrdinaryDiffEqNonlinearSolve/doSPx/src/nlsolve.jl:144
┌ Warning: Verbosity toggle: newton_convergence 
│  Newton iteration diverging: θ = 13.148980540832936 > 2, ndz = 0.37894176238277494, ndzprev = 0.028819098271992003
└ @ OrdinaryDiffEqNonlinearSolve ~/.julia/packages/OrdinaryDiffEqNonlinearSolve/doSPx/src/nlsolve.jl:101
┌ Warning: Verbosity toggle: newton_convergence 
│  Newton iteration failed with stale Jacobian, retrying with fresh Jacobian
└ @ OrdinaryDiffEqNonlinearSolve ~/.julia/packages/OrdinaryDiffEqNonlinearSolve/doSPx/src/nlsolve.jl:144
┌ Warning: Verbosity toggle: newton_convergence 
│  Newton iteration diverging: θ = 13.148980540832936 > 2, ndz = 0.37894176238277494, ndzprev = 0.028819098271992003
└ @ OrdinaryDiffEqNonlinearSolve ~/.julia/packages/OrdinaryDiffEqNonlinearSolve/doSPx/src/nlsolve.jl:101
┌ Warning: Verbosity toggle: newton_convergence 
│  Newton iteration failed with stale Jacobian, retrying with fresh Jacobian
└ @ OrdinaryDiffEqNonlinearSolve ~/.julia/packages/OrdinaryDiffEqNonlinearSolve/doSPx/src/nlsolve.jl:144
┌ Warning: Verbosity toggle: newton_convergence 
│  Newton iteration diverging: θ = 13.148980540832936 > 2, ndz = 0.37894176238277494, ndzprev = 0.028819098271992003
└ @ OrdinaryDiffEqNonlinearSolve ~/.julia/packages/OrdinaryDiffEqNonlinearSolve/doSPx/src/nlsolve.jl:101
┌ Warning: Verbosity toggle: newton_convergence 
│  Newton iteration failed with stale Jacobian, retrying with fresh Jacobian
└ @ OrdinaryDiffEqNonlinearSolve ~/.julia/packages/OrdinaryDiffEqNonlinearSolve/doSPx/src/nlsolve.jl:144
┌ Warning: Verbosity toggle: newton_convergence 
│  Newton iteration failed with stale Jacobian, retrying with fresh Jacobian
└ @ OrdinaryDiffEqNonlinearSolve ~/.julia/packages/OrdinaryDiffEqNonlinearSolve/doSPx/src/nlsolve.jl:144
┌ Warning: Verbosity toggle: newton_convergence 
│  Newton iteration failed with stale Jacobian, retrying with fresh Jacobian
└ @ OrdinaryDiffEqNonlinearSolve ~/.julia/packages/OrdinaryDiffEqNonlinearSolve/doSPx/src/nlsolve.jl:144
┌ Warning: Verbosity toggle: newton_convergence 
│  Newton iteration failed with stale Jacobian, retrying with fresh Jacobian
└ @ OrdinaryDiffEqNonlinearSolve ~/.julia/packages/OrdinaryDiffEqNonlinearSolve/doSPx/src/nlsolve.jl:144
┌ Warning: Verbosity toggle: newton_convergence 
│  Newton iteration failed with stale Jacobian, retrying with fresh Jacobian
└ @ OrdinaryDiffEqNonlinearSolve ~/.julia/packages/OrdinaryDiffEqNonlinearSolve/doSPx/src/nlsolve.jl:144
┌ Warning: Verbosity toggle: newton_convergence 
│  Newton iteration failed with stale Jacobian, retrying with fresh Jacobian
└ @ OrdinaryDiffEqNonlinearSolve ~/.julia/packages/OrdinaryDiffEqNonlinearSolve/doSPx/src/nlsolve.jl:144
┌ Warning: Verbosity toggle: newton_convergence 
│  Newton iteration failed with stale Jacobian, retrying with fresh Jacobian
└ @ OrdinaryDiffEqNonlinearSolve ~/.julia/packages/OrdinaryDiffEqNonlinearSolve/doSPx/src/nlsolve.jl:144
┌ Warning: Verbosity toggle: newton_convergence 
│  Newton iteration failed with stale Jacobian, retrying with fresh Jacobian
└ @ OrdinaryDiffEqNonlinearSolve ~/.julia/packages/OrdinaryDiffEqNonlinearSolve/doSPx/src/nlsolve.jl:144
┌ Warning: Verbosity toggle: newton_convergence 
│  Newton iteration failed with stale Jacobian, retrying with fresh Jacobian
└ @ OrdinaryDiffEqNonlinearSolve ~/.julia/packages/OrdinaryDiffEqNonlinearSolve/doSPx/src/nlsolve.jl:144
┌ Warning: Verbosity toggle: newton_convergence 
│  Newton iteration failed with stale Jacobian, retrying with fresh Jacobian
└ @ OrdinaryDiffEqNonlinearSolve ~/.julia/packages/OrdinaryDiffEqNonlinearSolve/doSPx/src/nlsolve.jl:144
┌ Warning: Verbosity toggle: newton_convergence 
│  Newton iteration failed with stale Jacobian, retrying with fresh Jacobian
└ @ OrdinaryDiffEqNonlinearSolve ~/.julia/packages/OrdinaryDiffEqNonlinearSolve/doSPx/src/nlsolve.jl:144
┌ Warning: Verbosity toggle: newton_convergence 
│  Newton iteration failed with stale Jacobian, retrying with fresh Jacobian
└ @ OrdinaryDiffEqNonlinearSolve ~/.julia/packages/OrdinaryDiffEqNonlinearSolve/doSPx/src/nlsolve.jl:144
┌ Warning: Verbosity toggle: newton_convergence 
│  Newton iteration failed with stale Jacobian, retrying with fresh Jacobian
└ @ OrdinaryDiffEqNonlinearSolve ~/.julia/packages/OrdinaryDiffEqNonlinearSolve/doSPx/src/nlsolve.jl:144
┌ Warning: Verbosity toggle: newton_convergence 
│  Newton iteration failed with stale Jacobian, retrying with fresh Jacobian
└ @ OrdinaryDiffEqNonlinearSolve ~/.julia/packages/OrdinaryDiffEqNonlinearSolve/doSPx/src/nlsolve.jl:144
┌ Warning: Verbosity toggle: newton_convergence 
│  Newton iteration diverging: θ = 13.148980540832936 > 2, ndz = 0.37894176238277494, ndzprev = 0.028819098271992003
└ @ OrdinaryDiffEqNonlinearSolve ~/.julia/packages/OrdinaryDiffEqNonlinearSolve/doSPx/src/nlsolve.jl:101
┌ Warning: Verbosity toggle: newton_convergence 
│  Newton iteration failed with stale Jacobian, retrying with fresh Jacobian
└ @ OrdinaryDiffEqNonlinearSolve ~/.julia/packages/OrdinaryDiffEqNonlinearSolve/doSPx/src/nlsolve.jl:144
┌ Warning: Verbosity toggle: newton_convergence 
│  Newton iteration failed with stale Jacobian, retrying with fresh Jacobian
└ @ OrdinaryDiffEqNonlinearSolve ~/.julia/packages/OrdinaryDiffEqNonlinearSolve/doSPx/src/nlsolve.jl:144
┌ Warning: Verbosity toggle: newton_convergence 
│  Newton iteration failed with stale Jacobian, retrying with fresh Jacobian
└ @ OrdinaryDiffEqNonlinearSolve ~/.julia/packages/OrdinaryDiffEqNonlinearSolve/doSPx/src/nlsolve.jl:144
┌ Warning: Verbosity toggle: newton_convergence 
│  Newton iteration failed with stale Jacobian, retrying with fresh Jacobian
└ @ OrdinaryDiffEqNonlinearSolve ~/.julia/packages/OrdinaryDiffEqNonlinearSolve/doSPx/src/nlsolve.jl:144
┌ Warning: Verbosity toggle: newton_convergence 
│  Newton iteration failed with stale Jacobian, retrying with fresh Jacobian
└ @ OrdinaryDiffEqNonlinearSolve ~/.julia/packages/OrdinaryDiffEqNonlinearSolve/doSPx/src/nlsolve.jl:144
┌ Warning: Verbosity toggle: newton_convergence 
│  Newton iteration failed with stale Jacobian, retrying with fresh Jacobian
└ @ OrdinaryDiffEqNonlinearSolve ~/.julia/packages/OrdinaryDiffEqNonlinearSolve/doSPx/src/nlsolve.jl:144
┌ Warning: Verbosity toggle: newton_convergence 
│  Newton iteration failed with stale Jacobian, retrying with fresh Jacobian
└ @ OrdinaryDiffEqNonlinearSolve ~/.julia/packages/OrdinaryDiffEqNonlinearSolve/doSPx/src/nlsolve.jl:144
┌ Warning: Verbosity toggle: newton_convergence 
│  Newton iteration failed with stale Jacobian, retrying with fresh Jacobian
└ @ OrdinaryDiffEqNonlinearSolve ~/.julia/packages/OrdinaryDiffEqNonlinearSolve/doSPx/src/nlsolve.jl:144
┌ Warning: Verbosity toggle: newton_convergence 
│  Newton iteration failed with stale Jacobian, retrying with fresh Jacobian
└ @ OrdinaryDiffEqNonlinearSolve ~/.julia/packages/OrdinaryDiffEqNonlinearSolve/doSPx/src/nlsolve.jl:144
┌ Warning: Verbosity toggle: newton_convergence 
│  Newton iteration failed with stale Jacobian, retrying with fresh Jacobian
└ @ OrdinaryDiffEqNonlinearSolve ~/.julia/packages/OrdinaryDiffEqNonlinearSolve/doSPx/src/nlsolve.jl:144
┌ Warning: Verbosity toggle: newton_convergence 
│  Newton iteration failed with stale Jacobian, retrying with fresh Jacobian
└ @ OrdinaryDiffEqNonlinearSolve ~/.julia/packages/OrdinaryDiffEqNonlinearSolve/doSPx/src/nlsolve.jl:144
┌ Warning: Verbosity toggle: newton_convergence 
│  Newton iteration failed with stale Jacobian, retrying with fresh Jacobian
└ @ OrdinaryDiffEqNonlinearSolve ~/.julia/packages/OrdinaryDiffEqNonlinearSolve/doSPx/src/nlsolve.jl:144
┌ Warning: Verbosity toggle: newton_convergence 
│  Newton iteration failed with stale Jacobian, retrying with fresh Jacobian
└ @ OrdinaryDiffEqNonlinearSolve ~/.julia/packages/OrdinaryDiffEqNonlinearSolve/doSPx/src/nlsolve.jl:144
┌ Warning: Verbosity toggle: newton_convergence 
│  Newton iteration failed with stale Jacobian, retrying with fresh Jacobian
└ @ OrdinaryDiffEqNonlinearSolve ~/.julia/packages/OrdinaryDiffEqNonlinearSolve/doSPx/src/nlsolve.jl:144
┌ Warning: Verbosity toggle: newton_convergence 
│  Newton iteration failed with stale Jacobian, retrying with fresh Jacobian
└ @ OrdinaryDiffEqNonlinearSolve ~/.julia/packages/OrdinaryDiffEqNonlinearSolve/doSPx/src/nlsolve.jl:144
┌ Warning: Verbosity toggle: newton_convergence 
│  Newton iteration failed with stale Jacobian, retrying with fresh Jacobian
└ @ OrdinaryDiffEqNonlinearSolve ~/.julia/packages/OrdinaryDiffEqNonlinearSolve/doSPx/src/nlsolve.jl:144
┌ Warning: Verbosity toggle: newton_convergence 
│  Newton iteration failed with stale Jacobian, retrying with fresh Jacobian
└ @ OrdinaryDiffEqNonlinearSolve ~/.julia/packages/OrdinaryDiffEqNonlinearSolve/doSPx/src/nlsolve.jl:144
┌ Warning: Verbosity toggle: newton_convergence 
│  Newton iteration failed with stale Jacobian, retrying with fresh Jacobian
└ @ OrdinaryDiffEqNonlinearSolve ~/.julia/packages/OrdinaryDiffEqNonlinearSolve/doSPx/src/nlsolve.jl:144
┌ Warning: Verbosity toggle: newton_convergence 
│  Newton iteration failed with stale Jacobian, retrying with fresh Jacobian
└ @ OrdinaryDiffEqNonlinearSolve ~/.julia/packages/OrdinaryDiffEqNonlinearSolve/doSPx/src/nlsolve.jl:144
┌ Warning: Verbosity toggle: newton_convergence 
│  Newton iteration failed with stale Jacobian, retrying with fresh Jacobian
└ @ OrdinaryDiffEqNonlinearSolve ~/.julia/packages/OrdinaryDiffEqNonlinearSolve/doSPx/src/nlsolve.jl:144
┌ Warning: Verbosity toggle: newton_convergence 
│  Newton iteration failed with stale Jacobian, retrying with fresh Jacobian
└ @ OrdinaryDiffEqNonlinearSolve ~/.julia/packages/OrdinaryDiffEqNonlinearSolve/doSPx/src/nlsolve.jl:144
┌ Warning: Verbosity toggle: newton_convergence 
│  Newton iteration failed with stale Jacobian, retrying with fresh Jacobian
└ @ OrdinaryDiffEqNonlinearSolve ~/.julia/packages/OrdinaryDiffEqNonlinearSolve/doSPx/src/nlsolve.jl:144
┌ Warning: Verbosity toggle: newton_convergence 
│  Newton iteration failed with stale Jacobian, retrying with fresh Jacobian
└ @ OrdinaryDiffEqNonlinearSolve ~/.julia/packages/OrdinaryDiffEqNonlinearSolve/doSPx/src/nlsolve.jl:144
┌ Warning: Verbosity toggle: newton_convergence 
│  Newton iteration failed with stale Jacobian, retrying with fresh Jacobian
└ @ OrdinaryDiffEqNonlinearSolve ~/.julia/packages/OrdinaryDiffEqNonlinearSolve/doSPx/src/nlsolve.jl:144
┌ Warning: Verbosity toggle: newton_convergence 
│  Newton iteration failed with stale Jacobian, retrying with fresh Jacobian
└ @ OrdinaryDiffEqNonlinearSolve ~/.julia/packages/OrdinaryDiffEqNonlinearSolve/doSPx/src/nlsolve.jl:144
┌ Warning: Verbosity toggle: newton_convergence 
│  Newton iteration failed with stale Jacobian, retrying with fresh Jacobian
└ @ OrdinaryDiffEqNonlinearSolve ~/.julia/packages/OrdinaryDiffEqNonlinearSolve/doSPx/src/nlsolve.jl:144
┌ Warning: Verbosity toggle: newton_convergence 
│  Newton iteration failed with stale Jacobian, retrying with fresh Jacobian
└ @ OrdinaryDiffEqNonlinearSolve ~/.julia/packages/OrdinaryDiffEqNonlinearSolve/doSPx/src/nlsolve.jl:144
┌ Warning: Verbosity toggle: newton_convergence 
│  Newton iteration failed with stale Jacobian, retrying with fresh Jacobian
└ @ OrdinaryDiffEqNonlinearSolve ~/.julia/packages/OrdinaryDiffEqNonlinearSolve/doSPx/src/nlsolve.jl:144
┌ Warning: Verbosity toggle: newton_convergence 
│  Newton iteration failed with stale Jacobian, retrying with fresh Jacobian
└ @ OrdinaryDiffEqNonlinearSolve ~/.julia/packages/OrdinaryDiffEqNonlinearSolve/doSPx/src/nlsolve.jl:144
┌ Warning: Verbosity toggle: newton_convergence 
│  Newton iteration failed with stale Jacobian, retrying with fresh Jacobian
└ @ OrdinaryDiffEqNonlinearSolve ~/.julia/packages/OrdinaryDiffEqNonlinearSolve/doSPx/src/nlsolve.jl:144
┌ Warning: Verbosity toggle: newton_convergence 
│  Newton iteration failed with stale Jacobian, retrying with fresh Jacobian
└ @ OrdinaryDiffEqNonlinearSolve ~/.julia/packages/OrdinaryDiffEqNonlinearSolve/doSPx/src/nlsolve.jl:144
┌ Warning: Verbosity toggle: newton_convergence 
│  Newton iteration diverging: θ = 13.148980540832936 > 2, ndz = 0.37894176238277494, ndzprev = 0.028819098271992003
└ @ OrdinaryDiffEqNonlinearSolve ~/.julia/packages/OrdinaryDiffEqNonlinearSolve/doSPx/src/nlsolve.jl:101
┌ Warning: Verbosity toggle: newton_convergence 
│  Newton iteration failed with stale Jacobian, retrying with fresh Jacobian
└ @ OrdinaryDiffEqNonlinearSolve ~/.julia/packages/OrdinaryDiffEqNonlinearSolve/doSPx/src/nlsolve.jl:144
┌ Warning: Verbosity toggle: newton_convergence 
│  Newton iteration diverging: θ = 13.148980540832936 > 2, ndz = 0.37894176238277494, ndzprev = 0.028819098271992003
└ @ OrdinaryDiffEqNonlinearSolve ~/.julia/packages/OrdinaryDiffEqNonlinearSolve/doSPx/src/nlsolve.jl:101
┌ Warning: Verbosity toggle: newton_convergence 
│  Newton iteration failed with stale Jacobian, retrying with fresh Jacobian
└ @ OrdinaryDiffEqNonlinearSolve ~/.julia/packages/OrdinaryDiffEqNonlinearSolve/doSPx/src/nlsolve.jl:144
┌ Warning: Verbosity toggle: newton_convergence 
│  Newton iteration diverging: θ = 13.148980540832936 > 2, ndz = 0.37894176238277494, ndzprev = 0.028819098271992003
└ @ OrdinaryDiffEqNonlinearSolve ~/.julia/packages/OrdinaryDiffEqNonlinearSolve/doSPx/src/nlsolve.jl:101
┌ Warning: Verbosity toggle: newton_convergence 
│  Newton iteration failed with stale Jacobian, retrying with fresh Jacobian
└ @ OrdinaryDiffEqNonlinearSolve ~/.julia/packages/OrdinaryDiffEqNonlinearSolve/doSPx/src/nlsolve.jl:144
┌ Warning: Verbosity toggle: newton_convergence 
│  Newton iteration diverging: θ = 13.148980540832936 > 2, ndz = 0.37894176238277494, ndzprev = 0.028819098271992003
└ @ OrdinaryDiffEqNonlinearSolve ~/.julia/packages/OrdinaryDiffEqNonlinearSolve/doSPx/src/nlsolve.jl:101
┌ Warning: Verbosity toggle: newton_convergence 
│  Newton iteration failed with stale Jacobian, retrying with fresh Jacobian
└ @ OrdinaryDiffEqNonlinearSolve ~/.julia/packages/OrdinaryDiffEqNonlinearSolve/doSPx/src/nlsolve.jl:144
┌ Warning: Verbosity toggle: newton_convergence 
│  Newton iteration diverging: θ = 13.148980540832936 > 2, ndz = 0.37894176238277494, ndzprev = 0.028819098271992003
└ @ OrdinaryDiffEqNonlinearSolve ~/.julia/packages/OrdinaryDiffEqNonlinearSolve/doSPx/src/nlsolve.jl:101
┌ Warning: Verbosity toggle: newton_convergence 
│  Newton iteration failed with stale Jacobian, retrying with fresh Jacobian
└ @ OrdinaryDiffEqNonlinearSolve ~/.julia/packages/OrdinaryDiffEqNonlinearSolve/doSPx/src/nlsolve.jl:144
┌ Warning: Verbosity toggle: newton_convergence 
│  Newton iteration diverging: θ = 13.148980540832936 > 2, ndz = 0.37894176238277494, ndzprev = 0.028819098271992003
└ @ OrdinaryDiffEqNonlinearSolve ~/.julia/packages/OrdinaryDiffEqNonlinearSolve/doSPx/src/nlsolve.jl:101
┌ Warning: Verbosity toggle: newton_convergence 
│  Newton iteration failed with stale Jacobian, retrying with fresh Jacobian
└ @ OrdinaryDiffEqNonlinearSolve ~/.julia/packages/OrdinaryDiffEqNonlinearSolve/doSPx/src/nlsolve.jl:144
┌ Warning: Verbosity toggle: newton_convergence 
│  Newton iteration failed with stale Jacobian, retrying with fresh Jacobian
└ @ OrdinaryDiffEqNonlinearSolve ~/.julia/packages/OrdinaryDiffEqNonlinearSolve/doSPx/src/nlsolve.jl:144
┌ Warning: Verbosity toggle: newton_convergence 
│  Newton iteration failed with stale Jacobian, retrying with fresh Jacobian
└ @ OrdinaryDiffEqNonlinearSolve ~/.julia/packages/OrdinaryDiffEqNonlinearSolve/doSPx/src/nlsolve.jl:144
┌ Warning: Verbosity toggle: newton_convergence 
│  Newton iteration failed with stale Jacobian, retrying with fresh Jacobian
└ @ OrdinaryDiffEqNonlinearSolve ~/.julia/packages/OrdinaryDiffEqNonlinearSolve/doSPx/src/nlsolve.jl:144
┌ Warning: Verbosity toggle: newton_convergence 
│  Newton iteration failed with stale Jacobian, retrying with fresh Jacobian
└ @ OrdinaryDiffEqNonlinearSolve ~/.julia/packages/OrdinaryDiffEqNonlinearSolve/doSPx/src/nlsolve.jl:144
┌ Warning: Verbosity toggle: newton_convergence 
│  Newton iteration failed with stale Jacobian, retrying with fresh Jacobian
└ @ OrdinaryDiffEqNonlinearSolve ~/.julia/packages/OrdinaryDiffEqNonlinearSolve/doSPx/src/nlsolve.jl:144
┌ Warning: Verbosity toggle: newton_convergence 
│  Newton iteration failed with stale Jacobian, retrying with fresh Jacobian
└ @ OrdinaryDiffEqNonlinearSolve ~/.julia/packages/OrdinaryDiffEqNonlinearSolve/doSPx/src/nlsolve.jl:144
┌ Warning: Verbosity toggle: newton_convergence 
│  Newton iteration failed with stale Jacobian, retrying with fresh Jacobian
└ @ OrdinaryDiffEqNonlinearSolve ~/.julia/packages/OrdinaryDiffEqNonlinearSolve/doSPx/src/nlsolve.jl:144
┌ Warning: Verbosity toggle: newton_convergence 
│  Newton iteration failed with stale Jacobian, retrying with fresh Jacobian
└ @ OrdinaryDiffEqNonlinearSolve ~/.julia/packages/OrdinaryDiffEqNonlinearSolve/doSPx/src/nlsolve.jl:144
┌ Warning: Verbosity toggle: newton_convergence 
│  Newton iteration failed with stale Jacobian, retrying with fresh Jacobian
└ @ OrdinaryDiffEqNonlinearSolve ~/.julia/packages/OrdinaryDiffEqNonlinearSolve/doSPx/src/nlsolve.jl:144
┌ Warning: Verbosity toggle: newton_convergence 
│  Newton iteration failed with stale Jacobian, retrying with fresh Jacobian
└ @ OrdinaryDiffEqNonlinearSolve ~/.julia/packages/OrdinaryDiffEqNonlinearSolve/doSPx/src/nlsolve.jl:144
┌ Warning: Verbosity toggle: newton_convergence 
│  Newton iteration failed with stale Jacobian, retrying with fresh Jacobian
└ @ OrdinaryDiffEqNonlinearSolve ~/.julia/packages/OrdinaryDiffEqNonlinearSolve/doSPx/src/nlsolve.jl:144
┌ Warning: Verbosity toggle: newton_convergence 
│  Newton iteration failed with stale Jacobian, retrying with fresh Jacobian
└ @ OrdinaryDiffEqNonlinearSolve ~/.julia/packages/OrdinaryDiffEqNonlinearSolve/doSPx/src/nlsolve.jl:144
┌ Warning: Verbosity toggle: newton_convergence 
│  Newton iteration failed with stale Jacobian, retrying with fresh Jacobian
└ @ OrdinaryDiffEqNonlinearSolve ~/.julia/packages/OrdinaryDiffEqNonlinearSolve/doSPx/src/nlsolve.jl:144
┌ Warning: Verbosity toggle: newton_convergence 
│  Newton iteration failed with stale Jacobian, retrying with fresh Jacobian
└ @ OrdinaryDiffEqNonlinearSolve ~/.julia/packages/OrdinaryDiffEqNonlinearSolve/doSPx/src/nlsolve.jl:144
┌ Warning: Verbosity toggle: newton_convergence 
│  Newton iteration failed with stale Jacobian, retrying with fresh Jacobian
└ @ OrdinaryDiffEqNonlinearSolve ~/.julia/packages/OrdinaryDiffEqNonlinearSolve/doSPx/src/nlsolve.jl:144
┌ Warning: Verbosity toggle: newton_convergence 
│  Newton iteration failed with stale Jacobian, retrying with fresh Jacobian
└ @ OrdinaryDiffEqNonlinearSolve ~/.julia/packages/OrdinaryDiffEqNonlinearSolve/doSPx/src/nlsolve.jl:144
┌ Warning: Verbosity toggle: newton_convergence 
│  Newton iteration failed with stale Jacobian, retrying with fresh Jacobian
└ @ OrdinaryDiffEqNonlinearSolve ~/.julia/packages/OrdinaryDiffEqNonlinearSolve/doSPx/src/nlsolve.jl:144
┌ Warning: Verbosity toggle: newton_convergence 
│  Newton iteration failed with stale Jacobian, retrying with fresh Jacobian
└ @ OrdinaryDiffEqNonlinearSolve ~/.julia/packages/OrdinaryDiffEqNonlinearSolve/doSPx/src/nlsolve.jl:144
┌ Warning: Verbosity toggle: newton_convergence 
│  Newton iteration failed with stale Jacobian, retrying with fresh Jacobian
└ @ OrdinaryDiffEqNonlinearSolve ~/.julia/packages/OrdinaryDiffEqNonlinearSolve/doSPx/src/nlsolve.jl:144
┌ Warning: Verbosity toggle: newton_convergence 
│  Newton iteration failed with stale Jacobian, retrying with fresh Jacobian
└ @ OrdinaryDiffEqNonlinearSolve ~/.julia/packages/OrdinaryDiffEqNonlinearSolve/doSPx/src/nlsolve.jl:144
┌ Warning: Verbosity toggle: newton_convergence 
│  Newton iteration failed with stale Jacobian, retrying with fresh Jacobian
└ @ OrdinaryDiffEqNonlinearSolve ~/.julia/packages/OrdinaryDiffEqNonlinearSolve/doSPx/src/nlsolve.jl:144
┌ Warning: Verbosity toggle: newton_convergence 
│  Newton iteration failed with stale Jacobian, retrying with fresh Jacobian
└ @ OrdinaryDiffEqNonlinearSolve ~/.julia/packages/OrdinaryDiffEqNonlinearSolve/doSPx/src/nlsolve.jl:144
┌ Warning: Verbosity toggle: newton_convergence 
│  Newton iteration failed with stale Jacobian, retrying with fresh Jacobian
└ @ OrdinaryDiffEqNonlinearSolve ~/.julia/packages/OrdinaryDiffEqNonlinearSolve/doSPx/src/nlsolve.jl:144
┌ Warning: Verbosity toggle: newton_convergence 
│  Newton iteration failed with stale Jacobian, retrying with fresh Jacobian
└ @ OrdinaryDiffEqNonlinearSolve ~/.julia/packages/OrdinaryDiffEqNonlinearSolve/doSPx/src/nlsolve.jl:144
┌ Warning: Verbosity toggle: newton_convergence 
│  Newton iteration failed with stale Jacobian, retrying with fresh Jacobian
└ @ OrdinaryDiffEqNonlinearSolve ~/.julia/packages/OrdinaryDiffEqNonlinearSolve/doSPx/src/nlsolve.jl:144
┌ Warning: Verbosity toggle: newton_convergence 
│  Newton iteration failed with stale Jacobian, retrying with fresh Jacobian
└ @ OrdinaryDiffEqNonlinearSolve ~/.julia/packages/OrdinaryDiffEqNonlinearSolve/doSPx/src/nlsolve.jl:144
┌ Warning: Verbosity toggle: newton_convergence 
│  Newton iteration failed with stale Jacobian, retrying with fresh Jacobian
└ @ OrdinaryDiffEqNonlinearSolve ~/.julia/packages/OrdinaryDiffEqNonlinearSolve/doSPx/src/nlsolve.jl:144
┌ Warning: Verbosity toggle: newton_convergence 
│  Newton iteration failed with stale Jacobian, retrying with fresh Jacobian
└ @ OrdinaryDiffEqNonlinearSolve ~/.julia/packages/OrdinaryDiffEqNonlinearSolve/doSPx/src/nlsolve.jl:144
┌ Warning: Verbosity toggle: newton_convergence 
│  Newton iteration failed with stale Jacobian, retrying with fresh Jacobian
└ @ OrdinaryDiffEqNonlinearSolve ~/.julia/packages/OrdinaryDiffEqNonlinearSolve/doSPx/src/nlsolve.jl:144
┌ Warning: Verbosity toggle: newton_convergence 
│  Newton iteration failed with stale Jacobian, retrying with fresh Jacobian
└ @ OrdinaryDiffEqNonlinearSolve ~/.julia/packages/OrdinaryDiffEqNonlinearSolve/doSPx/src/nlsolve.jl:144
┌ Warning: Verbosity toggle: newton_convergence 
│  Newton iteration failed with stale Jacobian, retrying with fresh Jacobian
└ @ OrdinaryDiffEqNonlinearSolve ~/.julia/packages/OrdinaryDiffEqNonlinearSolve/doSPx/src/nlsolve.jl:144
┌ Warning: Verbosity toggle: newton_convergence 
│  Newton iteration failed with stale Jacobian, retrying with fresh Jacobian
└ @ OrdinaryDiffEqNonlinearSolve ~/.julia/packages/OrdinaryDiffEqNonlinearSolve/doSPx/src/nlsolve.jl:144
┌ Warning: Verbosity toggle: newton_convergence 
│  Newton iteration failed with stale Jacobian, retrying with fresh Jacobian
└ @ OrdinaryDiffEqNonlinearSolve ~/.julia/packages/OrdinaryDiffEqNonlinearSolve/doSPx/src/nlsolve.jl:144
┌ Warning: Verbosity toggle: newton_convergence 
│  Newton iteration failed with stale Jacobian, retrying with fresh Jacobian
└ @ OrdinaryDiffEqNonlinearSolve ~/.julia/packages/OrdinaryDiffEqNonlinearSolve/doSPx/src/nlsolve.jl:144
┌ Warning: Verbosity toggle: newton_convergence 
│  Newton iteration failed with stale Jacobian, retrying with fresh Jacobian
└ @ OrdinaryDiffEqNonlinearSolve ~/.julia/packages/OrdinaryDiffEqNonlinearSolve/doSPx/src/nlsolve.jl:144
┌ Warning: Verbosity toggle: newton_convergence 
│  Newton iteration failed with stale Jacobian, retrying with fresh Jacobian
└ @ OrdinaryDiffEqNonlinearSolve ~/.julia/packages/OrdinaryDiffEqNonlinearSolve/doSPx/src/nlsolve.jl:144
┌ Warning: Verbosity toggle: newton_convergence 
│  Newton iteration failed with stale Jacobian, retrying with fresh Jacobian
└ @ OrdinaryDiffEqNonlinearSolve ~/.julia/packages/OrdinaryDiffEqNonlinearSolve/doSPx/src/nlsolve.jl:144
┌ Warning: Verbosity toggle: newton_convergence 
│  Newton iteration failed with stale Jacobian, retrying with fresh Jacobian
└ @ OrdinaryDiffEqNonlinearSolve ~/.julia/packages/OrdinaryDiffEqNonlinearSolve/doSPx/src/nlsolve.jl:144
┌ Warning: Verbosity toggle: newton_convergence 
│  Newton iteration failed with stale Jacobian, retrying with fresh Jacobian
└ @ OrdinaryDiffEqNonlinearSolve ~/.julia/packages/OrdinaryDiffEqNonlinearSolve/doSPx/src/nlsolve.jl:144
┌ Warning: Verbosity toggle: newton_convergence 
│  Newton iteration failed with stale Jacobian, retrying with fresh Jacobian
└ @ OrdinaryDiffEqNonlinearSolve ~/.julia/packages/OrdinaryDiffEqNonlinearSolve/doSPx/src/nlsolve.jl:144
┌ Warning: Verbosity toggle: newton_convergence 
│  Newton iteration failed with stale Jacobian, retrying with fresh Jacobian
└ @ OrdinaryDiffEqNonlinearSolve ~/.julia/packages/OrdinaryDiffEqNonlinearSolve/doSPx/src/nlsolve.jl:144
┌ Warning: Verbosity toggle: newton_convergence 
│  Newton iteration failed with stale Jacobian, retrying with fresh Jacobian
└ @ OrdinaryDiffEqNonlinearSolve ~/.julia/packages/OrdinaryDiffEqNonlinearSolve/doSPx/src/nlsolve.jl:144
┌ Warning: Verbosity toggle: newton_convergence 
│  Newton iteration failed with stale Jacobian, retrying with fresh Jacobian
└ @ OrdinaryDiffEqNonlinearSolve ~/.julia/packages/OrdinaryDiffEqNonlinearSolve/doSPx/src/nlsolve.jl:144
┌ Warning: Verbosity toggle: newton_convergence 
│  Newton iteration failed with stale Jacobian, retrying with fresh Jacobian
└ @ OrdinaryDiffEqNonlinearSolve ~/.julia/packages/OrdinaryDiffEqNonlinearSolve/doSPx/src/nlsolve.jl:144
┌ Warning: Verbosity toggle: newton_convergence 
│  Newton iteration failed with stale Jacobian, retrying with fresh Jacobian
└ @ OrdinaryDiffEqNonlinearSolve ~/.julia/packages/OrdinaryDiffEqNonlinearSolve/doSPx/src/nlsolve.jl:144
┌ Warning: Verbosity toggle: newton_convergence 
│  Newton iteration failed with stale Jacobian, retrying with fresh Jacobian
└ @ OrdinaryDiffEqNonlinearSolve ~/.julia/packages/OrdinaryDiffEqNonlinearSolve/doSPx/src/nlsolve.jl:144
┌ Warning: Verbosity toggle: newton_convergence 
│  Newton iteration failed with stale Jacobian, retrying with fresh Jacobian
└ @ OrdinaryDiffEqNonlinearSolve ~/.julia/packages/OrdinaryDiffEqNonlinearSolve/doSPx/src/nlsolve.jl:144
┌ Warning: Verbosity toggle: newton_convergence 
│  Newton iteration failed with stale Jacobian, retrying with fresh Jacobian
└ @ OrdinaryDiffEqNonlinearSolve ~/.julia/packages/OrdinaryDiffEqNonlinearSolve/doSPx/src/nlsolve.jl:144
┌ Warning: Verbosity toggle: newton_convergence 
│  Newton iteration failed with stale Jacobian, retrying with fresh Jacobian
└ @ OrdinaryDiffEqNonlinearSolve ~/.julia/packages/OrdinaryDiffEqNonlinearSolve/doSPx/src/nlsolve.jl:144
┌ Warning: Verbosity toggle: newton_convergence 
│  Newton iteration failed with stale Jacobian, retrying with fresh Jacobian
└ @ OrdinaryDiffEqNonlinearSolve ~/.julia/packages/OrdinaryDiffEqNonlinearSolve/doSPx/src/nlsolve.jl:144
┌ Warning: Verbosity toggle: newton_convergence 
│  Newton iteration failed with stale Jacobian, retrying with fresh Jacobian
└ @ OrdinaryDiffEqNonlinearSolve ~/.julia/packages/OrdinaryDiffEqNonlinearSolve/doSPx/src/nlsolve.jl:144
┌ Warning: Verbosity toggle: newton_convergence 
│  Newton iteration failed with stale Jacobian, retrying with fresh Jacobian
└ @ OrdinaryDiffEqNonlinearSolve ~/.julia/packages/OrdinaryDiffEqNonlinearSolve/doSPx/src/nlsolve.jl:144
┌ Warning: Verbosity toggle: newton_convergence 
│  Newton iteration failed with stale Jacobian, retrying with fresh Jacobian
└ @ OrdinaryDiffEqNonlinearSolve ~/.julia/packages/OrdinaryDiffEqNonlinearSolve/doSPx/src/nlsolve.jl:144
┌ Warning: Verbosity toggle: newton_convergence 
│  Newton iteration failed with stale Jacobian, retrying with fresh Jacobian
└ @ OrdinaryDiffEqNonlinearSolve ~/.julia/packages/OrdinaryDiffEqNonlinearSolve/doSPx/src/nlsolve.jl:144
┌ Warning: Verbosity toggle: newton_convergence 
│  Newton iteration failed with stale Jacobian, retrying with fresh Jacobian
└ @ OrdinaryDiffEqNonlinearSolve ~/.julia/packages/OrdinaryDiffEqNonlinearSolve/doSPx/src/nlsolve.jl:144
┌ Warning: Verbosity toggle: newton_convergence 
│  Newton iteration failed with stale Jacobian, retrying with fresh Jacobian
└ @ OrdinaryDiffEqNonlinearSolve ~/.julia/packages/OrdinaryDiffEqNonlinearSolve/doSPx/src/nlsolve.jl:144
┌ Warning: Verbosity toggle: newton_convergence 
│  Newton iteration failed with stale Jacobian, retrying with fresh Jacobian
└ @ OrdinaryDiffEqNonlinearSolve ~/.julia/packages/OrdinaryDiffEqNonlinearSolve/doSPx/src/nlsolve.jl:144
┌ Warning: Verbosity toggle: newton_convergence 
│  Newton iteration failed with stale Jacobian, retrying with fresh Jacobian
└ @ OrdinaryDiffEqNonlinearSolve ~/.julia/packages/OrdinaryDiffEqNonlinearSolve/doSPx/src/nlsolve.jl:144
┌ Warning: Verbosity toggle: newton_convergence 
│  Newton iteration failed with stale Jacobian, retrying with fresh Jacobian
└ @ OrdinaryDiffEqNonlinearSolve ~/.julia/packages/OrdinaryDiffEqNonlinearSolve/doSPx/src/nlsolve.jl:144
┌ Warning: Verbosity toggle: newton_convergence 
│  Newton iteration failed with stale Jacobian, retrying with fresh Jacobian
└ @ OrdinaryDiffEqNonlinearSolve ~/.julia/packages/OrdinaryDiffEqNonlinearSolve/doSPx/src/nlsolve.jl:144
┌ Warning: Verbosity toggle: newton_convergence 
│  Newton iteration failed with stale Jacobian, retrying with fresh Jacobian
└ @ OrdinaryDiffEqNonlinearSolve ~/.julia/packages/OrdinaryDiffEqNonlinearSolve/doSPx/src/nlsolve.jl:144
┌ Warning: Verbosity toggle: newton_convergence 
│  Newton iteration failed with stale Jacobian, retrying with fresh Jacobian
└ @ OrdinaryDiffEqNonlinearSolve ~/.julia/packages/OrdinaryDiffEqNonlinearSolve/doSPx/src/nlsolve.jl:144
┌ Warning: Verbosity toggle: newton_convergence 
│  Newton iteration failed with stale Jacobian, retrying with fresh Jacobian
└ @ OrdinaryDiffEqNonlinearSolve ~/.julia/packages/OrdinaryDiffEqNonlinearSolve/doSPx/src/nlsolve.jl:144
┌ Warning: Verbosity toggle: newton_convergence 
│  Newton iteration failed with stale Jacobian, retrying with fresh Jacobian
└ @ OrdinaryDiffEqNonlinearSolve ~/.julia/packages/OrdinaryDiffEqNonlinearSolve/doSPx/src/nlsolve.jl:144
┌ Warning: Verbosity toggle: newton_convergence 
│  Newton iteration failed with stale Jacobian, retrying with fresh Jacobian
└ @ OrdinaryDiffEqNonlinearSolve ~/.julia/packages/OrdinaryDiffEqNonlinearSolve/doSPx/src/nlsolve.jl:144
┌ Warning: Verbosity toggle: newton_convergence 
│  Newton iteration failed with stale Jacobian, retrying with fresh Jacobian
└ @ OrdinaryDiffEqNonlinearSolve ~/.julia/packages/OrdinaryDiffEqNonlinearSolve/doSPx/src/nlsolve.jl:144
┌ Warning: Verbosity toggle: newton_convergence 
│  Newton iteration failed with stale Jacobian, retrying with fresh Jacobian
└ @ OrdinaryDiffEqNonlinearSolve ~/.julia/packages/OrdinaryDiffEqNonlinearSolve/doSPx/src/nlsolve.jl:144
┌ Warning: Verbosity toggle: newton_convergence 
│  Newton iteration failed with stale Jacobian, retrying with fresh Jacobian
└ @ OrdinaryDiffEqNonlinearSolve ~/.julia/packages/OrdinaryDiffEqNonlinearSolve/doSPx/src/nlsolve.jl:144
┌ Warning: Verbosity toggle: newton_convergence 
│  Newton iteration failed with stale Jacobian, retrying with fresh Jacobian
└ @ OrdinaryDiffEqNonlinearSolve ~/.julia/packages/OrdinaryDiffEqNonlinearSolve/doSPx/src/nlsolve.jl:144
┌ Warning: Verbosity toggle: newton_convergence 
│  Newton iteration failed with stale Jacobian, retrying with fresh Jacobian
└ @ OrdinaryDiffEqNonlinearSolve ~/.julia/packages/OrdinaryDiffEqNonlinearSolve/doSPx/src/nlsolve.jl:144
┌ Warning: Verbosity toggle: newton_convergence 
│  Newton iteration failed with stale Jacobian, retrying with fresh Jacobian
└ @ OrdinaryDiffEqNonlinearSolve ~/.julia/packages/OrdinaryDiffEqNonlinearSolve/doSPx/src/nlsolve.jl:144
┌ Warning: Verbosity toggle: newton_convergence 
│  Newton iteration failed with stale Jacobian, retrying with fresh Jacobian
└ @ OrdinaryDiffEqNonlinearSolve ~/.julia/packages/OrdinaryDiffEqNonlinearSolve/doSPx/src/nlsolve.jl:144
┌ Warning: Verbosity toggle: newton_convergence 
│  Newton iteration failed with stale Jacobian, retrying with fresh Jacobian
└ @ OrdinaryDiffEqNonlinearSolve ~/.julia/packages/OrdinaryDiffEqNonlinearSolve/doSPx/src/nlsolve.jl:144
┌ Warning: Verbosity toggle: newton_convergence 
│  Newton iteration failed with stale Jacobian, retrying with fresh Jacobian
└ @ OrdinaryDiffEqNonlinearSolve ~/.julia/packages/OrdinaryDiffEqNonlinearSolve/doSPx/src/nlsolve.jl:144
┌ Warning: Verbosity toggle: newton_convergence 
│  Newton iteration failed with stale Jacobian, retrying with fresh Jacobian
└ @ OrdinaryDiffEqNonlinearSolve ~/.julia/packages/OrdinaryDiffEqNonlinearSolve/doSPx/src/nlsolve.jl:144
┌ Warning: Verbosity toggle: newton_convergence 
│  Newton iteration failed with stale Jacobian, retrying with fresh Jacobian
└ @ OrdinaryDiffEqNonlinearSolve ~/.julia/packages/OrdinaryDiffEqNonlinearSolve/doSPx/src/nlsolve.jl:144
┌ Warning: Verbosity toggle: newton_convergence 
│  Newton iteration failed with stale Jacobian, retrying with fresh Jacobian
└ @ OrdinaryDiffEqNonlinearSolve ~/.julia/packages/OrdinaryDiffEqNonlinearSolve/doSPx/src/nlsolve.jl:144
┌ Warning: Verbosity toggle: newton_convergence 
│  Newton iteration failed with stale Jacobian, retrying with fresh Jacobian
└ @ OrdinaryDiffEqNonlinearSolve ~/.julia/packages/OrdinaryDiffEqNonlinearSolve/doSPx/src/nlsolve.jl:144
┌ Warning: Verbosity toggle: newton_convergence 
│  Newton iteration failed with stale Jacobian, retrying with fresh Jacobian
└ @ OrdinaryDiffEqNonlinearSolve ~/.julia/packages/OrdinaryDiffEqNonlinearSolve/doSPx/src/nlsolve.jl:144
┌ Warning: Verbosity toggle: newton_convergence 
│  Newton iteration failed with stale Jacobian, retrying with fresh Jacobian
└ @ OrdinaryDiffEqNonlinearSolve ~/.julia/packages/OrdinaryDiffEqNonlinearSolve/doSPx/src/nlsolve.jl:144
┌ Warning: Verbosity toggle: newton_convergence 
│  Newton iteration failed with stale Jacobian, retrying with fresh Jacobian
└ @ OrdinaryDiffEqNonlinearSolve ~/.julia/packages/OrdinaryDiffEqNonlinearSolve/doSPx/src/nlsolve.jl:144
┌ Warning: Verbosity toggle: newton_convergence 
│  Newton iteration failed with stale Jacobian, retrying with fresh Jacobian
└ @ OrdinaryDiffEqNonlinearSolve ~/.julia/packages/OrdinaryDiffEqNonlinearSolve/doSPx/src/nlsolve.jl:144
┌ Warning: Verbosity toggle: newton_convergence 
│  Newton iteration failed with stale Jacobian, retrying with fresh Jacobian
└ @ OrdinaryDiffEqNonlinearSolve ~/.julia/packages/OrdinaryDiffEqNonlinearSolve/doSPx/src/nlsolve.jl:144
┌ Warning: Verbosity toggle: newton_convergence 
│  Newton iteration failed with stale Jacobian, retrying with fresh Jacobian
└ @ OrdinaryDiffEqNonlinearSolve ~/.julia/packages/OrdinaryDiffEqNonlinearSolve/doSPx/src/nlsolve.jl:144
┌ Warning: Verbosity toggle: newton_convergence 
│  Newton iteration failed with stale Jacobian, retrying with fresh Jacobian
└ @ OrdinaryDiffEqNonlinearSolve ~/.julia/packages/OrdinaryDiffEqNonlinearSolve/doSPx/src/nlsolve.jl:144
┌ Warning: Verbosity toggle: newton_convergence 
│  Newton iteration failed with stale Jacobian, retrying with fresh Jacobian
└ @ OrdinaryDiffEqNonlinearSolve ~/.julia/packages/OrdinaryDiffEqNonlinearSolve/doSPx/src/nlsolve.jl:144
┌ Warning: Verbosity toggle: newton_convergence 
│  Newton iteration failed with stale Jacobian, retrying with fresh Jacobian
└ @ OrdinaryDiffEqNonlinearSolve ~/.julia/packages/OrdinaryDiffEqNonlinearSolve/doSPx/src/nlsolve.jl:144
┌ Warning: Verbosity toggle: newton_convergence 
│  Newton iteration failed with stale Jacobian, retrying with fresh Jacobian
└ @ OrdinaryDiffEqNonlinearSolve ~/.julia/packages/OrdinaryDiffEqNonlinearSolve/doSPx/src/nlsolve.jl:144
┌ Warning: Verbosity toggle: newton_convergence 
│  Newton iteration failed with stale Jacobian, retrying with fresh Jacobian
└ @ OrdinaryDiffEqNonlinearSolve ~/.julia/packages/OrdinaryDiffEqNonlinearSolve/doSPx/src/nlsolve.jl:144
┌ Warning: Verbosity toggle: newton_convergence 
│  Newton iteration failed with stale Jacobian, retrying with fresh Jacobian
└ @ OrdinaryDiffEqNonlinearSolve ~/.julia/packages/OrdinaryDiffEqNonlinearSolve/doSPx/src/nlsolve.jl:144
┌ Warning: Verbosity toggle: newton_convergence 
│  Newton iteration failed with stale Jacobian, retrying with fresh Jacobian
└ @ OrdinaryDiffEqNonlinearSolve ~/.julia/packages/OrdinaryDiffEqNonlinearSolve/doSPx/src/nlsolve.jl:144
┌ Warning: Verbosity toggle: newton_convergence 
│  Newton iteration failed with stale Jacobian, retrying with fresh Jacobian
└ @ OrdinaryDiffEqNonlinearSolve ~/.julia/packages/OrdinaryDiffEqNonlinearSolve/doSPx/src/nlsolve.jl:144
┌ Warning: Verbosity toggle: newton_convergence 
│  Newton iteration failed with stale Jacobian, retrying with fresh Jacobian
└ @ OrdinaryDiffEqNonlinearSolve ~/.julia/packages/OrdinaryDiffEqNonlinearSolve/doSPx/src/nlsolve.jl:144
┌ Warning: Verbosity toggle: newton_convergence 
│  Newton iteration failed with stale Jacobian, retrying with fresh Jacobian
└ @ OrdinaryDiffEqNonlinearSolve ~/.julia/packages/OrdinaryDiffEqNonlinearSolve/doSPx/src/nlsolve.jl:144
┌ Warning: Verbosity toggle: newton_convergence 
│  Newton iteration failed with stale Jacobian, retrying with fresh Jacobian
└ @ OrdinaryDiffEqNonlinearSolve ~/.julia/packages/OrdinaryDiffEqNonlinearSolve/doSPx/src/nlsolve.jl:144
┌ Warning: Verbosity toggle: newton_convergence 
│  Newton iteration failed with stale Jacobian, retrying with fresh Jacobian
└ @ OrdinaryDiffEqNonlinearSolve ~/.julia/packages/OrdinaryDiffEqNonlinearSolve/doSPx/src/nlsolve.jl:144
┌ Warning: Verbosity toggle: newton_convergence 
│  Newton iteration failed with stale Jacobian, retrying with fresh Jacobian
└ @ OrdinaryDiffEqNonlinearSolve ~/.julia/packages/OrdinaryDiffEqNonlinearSolve/doSPx/src/nlsolve.jl:144
┌ Warning: Verbosity toggle: newton_convergence 
│  Newton iteration failed with stale Jacobian, retrying with fresh Jacobian
└ @ OrdinaryDiffEqNonlinearSolve ~/.julia/packages/OrdinaryDiffEqNonlinearSolve/doSPx/src/nlsolve.jl:144
┌ Warning: Verbosity toggle: newton_convergence 
│  Newton iteration failed with stale Jacobian, retrying with fresh Jacobian
└ @ OrdinaryDiffEqNonlinearSolve ~/.julia/packages/OrdinaryDiffEqNonlinearSolve/doSPx/src/nlsolve.jl:144
┌ Warning: Verbosity toggle: newton_convergence 
│  Newton iteration failed with stale Jacobian, retrying with fresh Jacobian
└ @ OrdinaryDiffEqNonlinearSolve ~/.julia/packages/OrdinaryDiffEqNonlinearSolve/doSPx/src/nlsolve.jl:144
┌ Warning: Verbosity toggle: newton_convergence 
│  Newton iteration failed with stale Jacobian, retrying with fresh Jacobian
└ @ OrdinaryDiffEqNonlinearSolve ~/.julia/packages/OrdinaryDiffEqNonlinearSolve/doSPx/src/nlsolve.jl:144
┌ Warning: Verbosity toggle: newton_convergence 
│  Newton iteration failed with stale Jacobian, retrying with fresh Jacobian
└ @ OrdinaryDiffEqNonlinearSolve ~/.julia/packages/OrdinaryDiffEqNonlinearSolve/doSPx/src/nlsolve.jl:144
┌ Warning: Verbosity toggle: newton_convergence 
│  Newton iteration failed with stale Jacobian, retrying with fresh Jacobian
└ @ OrdinaryDiffEqNonlinearSolve ~/.julia/packages/OrdinaryDiffEqNonlinearSolve/doSPx/src/nlsolve.jl:144
┌ Warning: Verbosity toggle: newton_convergence 
│  Newton iteration failed with stale Jacobian, retrying with fresh Jacobian
└ @ OrdinaryDiffEqNonlinearSolve ~/.julia/packages/OrdinaryDiffEqNonlinearSolve/doSPx/src/nlsolve.jl:144
┌ Warning: Verbosity toggle: newton_convergence 
│  Newton iteration failed with stale Jacobian, retrying with fresh Jacobian
└ @ OrdinaryDiffEqNonlinearSolve ~/.julia/packages/OrdinaryDiffEqNonlinearSolve/doSPx/src/nlsolve.jl:144
┌ Warning: Verbosity toggle: newton_convergence 
│  Newton iteration failed with stale Jacobian, retrying with fresh Jacobian
└ @ OrdinaryDiffEqNonlinearSolve ~/.julia/packages/OrdinaryDiffEqNonlinearSolve/doSPx/src/nlsolve.jl:144
┌ Warning: Verbosity toggle: newton_convergence 
│  Newton iteration failed with stale Jacobian, retrying with fresh Jacobian
└ @ OrdinaryDiffEqNonlinearSolve ~/.julia/packages/OrdinaryDiffEqNonlinearSolve/doSPx/src/nlsolve.jl:144
┌ Warning: Verbosity toggle: newton_convergence 
│  Newton iteration failed with stale Jacobian, retrying with fresh Jacobian
└ @ OrdinaryDiffEqNonlinearSolve ~/.julia/packages/OrdinaryDiffEqNonlinearSolve/doSPx/src/nlsolve.jl:144
┌ Warning: Verbosity toggle: newton_convergence 
│  Newton iteration failed with stale Jacobian, retrying with fresh Jacobian
└ @ OrdinaryDiffEqNonlinearSolve ~/.julia/packages/OrdinaryDiffEqNonlinearSolve/doSPx/src/nlsolve.jl:144
┌ Warning: Verbosity toggle: newton_convergence 
│  Newton iteration failed with stale Jacobian, retrying with fresh Jacobian
└ @ OrdinaryDiffEqNonlinearSolve ~/.julia/packages/OrdinaryDiffEqNonlinearSolve/doSPx/src/nlsolve.jl:144
┌ Warning: Verbosity toggle: newton_convergence 
│  Newton iteration failed with stale Jacobian, retrying with fresh Jacobian
└ @ OrdinaryDiffEqNonlinearSolve ~/.julia/packages/OrdinaryDiffEqNonlinearSolve/doSPx/src/nlsolve.jl:144
┌ Warning: Verbosity toggle: newton_convergence 
│  Newton iteration failed with stale Jacobian, retrying with fresh Jacobian
└ @ OrdinaryDiffEqNonlinearSolve ~/.julia/packages/OrdinaryDiffEqNonlinearSolve/doSPx/src/nlsolve.jl:144
┌ Warning: Verbosity toggle: newton_convergence 
│  Newton iteration failed with stale Jacobian, retrying with fresh Jacobian
└ @ OrdinaryDiffEqNonlinearSolve ~/.julia/packages/OrdinaryDiffEqNonlinearSolve/doSPx/src/nlsolve.jl:144
┌ Warning: Verbosity toggle: newton_convergence 
│  Newton iteration failed with stale Jacobian, retrying with fresh Jacobian
└ @ OrdinaryDiffEqNonlinearSolve ~/.julia/packages/OrdinaryDiffEqNonlinearSolve/doSPx/src/nlsolve.jl:144
┌ Warning: Verbosity toggle: newton_convergence 
│  Newton iteration failed with stale Jacobian, retrying with fresh Jacobian
└ @ OrdinaryDiffEqNonlinearSolve ~/.julia/packages/OrdinaryDiffEqNonlinearSolve/doSPx/src/nlsolve.jl:144
┌ Warning: Verbosity toggle: newton_convergence 
│  Newton iteration failed with stale Jacobian, retrying with fresh Jacobian
└ @ OrdinaryDiffEqNonlinearSolve ~/.julia/packages/OrdinaryDiffEqNonlinearSolve/doSPx/src/nlsolve.jl:144
┌ Warning: Verbosity toggle: newton_convergence 
│  Newton iteration failed with stale Jacobian, retrying with fresh Jacobian
└ @ OrdinaryDiffEqNonlinearSolve ~/.julia/packages/OrdinaryDiffEqNonlinearSolve/doSPx/src/nlsolve.jl:144
┌ Warning: Verbosity toggle: newton_convergence 
│  Newton iteration failed with stale Jacobian, retrying with fresh Jacobian
└ @ OrdinaryDiffEqNonlinearSolve ~/.julia/packages/OrdinaryDiffEqNonlinearSolve/doSPx/src/nlsolve.jl:144
┌ Warning: Verbosity toggle: newton_convergence 
│  Newton iteration failed with stale Jacobian, retrying with fresh Jacobian
└ @ OrdinaryDiffEqNonlinearSolve ~/.julia/packages/OrdinaryDiffEqNonlinearSolve/doSPx/src/nlsolve.jl:144
┌ Warning: Verbosity toggle: newton_convergence 
│  Newton iteration failed with stale Jacobian, retrying with fresh Jacobian
└ @ OrdinaryDiffEqNonlinearSolve ~/.julia/packages/OrdinaryDiffEqNonlinearSolve/doSPx/src/nlsolve.jl:144
┌ Warning: Verbosity toggle: newton_convergence 
│  Newton iteration diverging: θ = 13.148980540832936 > 2, ndz = 0.37894176238277494, ndzprev = 0.028819098271992003
└ @ OrdinaryDiffEqNonlinearSolve ~/.julia/packages/OrdinaryDiffEqNonlinearSolve/doSPx/src/nlsolve.jl:101
┌ Warning: Verbosity toggle: newton_convergence 
│  Newton iteration failed with stale Jacobian, retrying with fresh Jacobian
└ @ OrdinaryDiffEqNonlinearSolve ~/.julia/packages/OrdinaryDiffEqNonlinearSolve/doSPx/src/nlsolve.jl:144
┌ Warning: Verbosity toggle: newton_convergence 
│  Newton iteration diverging: θ = 13.148980540832936 > 2, ndz = 0.37894176238277494, ndzprev = 0.028819098271992003
└ @ OrdinaryDiffEqNonlinearSolve ~/.julia/packages/OrdinaryDiffEqNonlinearSolve/doSPx/src/nlsolve.jl:101
┌ Warning: Verbosity toggle: newton_convergence 
│  Newton iteration failed with stale Jacobian, retrying with fresh Jacobian
└ @ OrdinaryDiffEqNonlinearSolve ~/.julia/packages/OrdinaryDiffEqNonlinearSolve/doSPx/src/nlsolve.jl:144
┌ Warning: Verbosity toggle: newton_convergence 
│  Newton iteration diverging: θ = 13.148980540832936 > 2, ndz = 0.37894176238277494, ndzprev = 0.028819098271992003
└ @ OrdinaryDiffEqNonlinearSolve ~/.julia/packages/OrdinaryDiffEqNonlinearSolve/doSPx/src/nlsolve.jl:101
┌ Warning: Verbosity toggle: newton_convergence 
│  Newton iteration failed with stale Jacobian, retrying with fresh Jacobian
└ @ OrdinaryDiffEqNonlinearSolve ~/.julia/packages/OrdinaryDiffEqNonlinearSolve/doSPx/src/nlsolve.jl:144
┌ Warning: Verbosity toggle: newton_convergence 
│  Newton iteration diverging: θ = 13.148980540832936 > 2, ndz = 0.37894176238277494, ndzprev = 0.028819098271992003
└ @ OrdinaryDiffEqNonlinearSolve ~/.julia/packages/OrdinaryDiffEqNonlinearSolve/doSPx/src/nlsolve.jl:101
┌ Warning: Verbosity toggle: newton_convergence 
│  Newton iteration failed with stale Jacobian, retrying with fresh Jacobian
└ @ OrdinaryDiffEqNonlinearSolve ~/.julia/packages/OrdinaryDiffEqNonlinearSolve/doSPx/src/nlsolve.jl:144
┌ Warning: Verbosity toggle: newton_convergence 
│  Newton iteration diverging: θ = 13.148980540832936 > 2, ndz = 0.37894176238277494, ndzprev = 0.028819098271992003
└ @ OrdinaryDiffEqNonlinearSolve ~/.julia/packages/OrdinaryDiffEqNonlinearSolve/doSPx/src/nlsolve.jl:101
┌ Warning: Verbosity toggle: newton_convergence 
│  Newton iteration failed with stale Jacobian, retrying with fresh Jacobian
└ @ OrdinaryDiffEqNonlinearSolve ~/.julia/packages/OrdinaryDiffEqNonlinearSolve/doSPx/src/nlsolve.jl:144
┌ Warning: Verbosity toggle: newton_convergence 
│  Newton iteration diverging: θ = 13.148980540832936 > 2, ndz = 0.37894176238277494, ndzprev = 0.028819098271992003
└ @ OrdinaryDiffEqNonlinearSolve ~/.julia/packages/OrdinaryDiffEqNonlinearSolve/doSPx/src/nlsolve.jl:101
┌ Warning: Verbosity toggle: newton_convergence 
│  Newton iteration failed with stale Jacobian, retrying with fresh Jacobian
└ @ OrdinaryDiffEqNonlinearSolve ~/.julia/packages/OrdinaryDiffEqNonlinearSolve/doSPx/src/nlsolve.jl:144
┌ Warning: Verbosity toggle: newton_convergence 
│  Newton iteration diverging: θ = 13.148980540832936 > 2, ndz = 0.37894176238277494, ndzprev = 0.028819098271992003
└ @ OrdinaryDiffEqNonlinearSolve ~/.julia/packages/OrdinaryDiffEqNonlinearSolve/doSPx/src/nlsolve.jl:101
┌ Warning: Verbosity toggle: newton_convergence 
│  Newton iteration failed with stale Jacobian, retrying with fresh Jacobian
└ @ OrdinaryDiffEqNonlinearSolve ~/.julia/packages/OrdinaryDiffEqNonlinearSolve/doSPx/src/nlsolve.jl:144
┌ Warning: Verbosity toggle: newton_convergence 
│  Newton iteration diverging: θ = 13.148980540832936 > 2, ndz = 0.37894176238277494, ndzprev = 0.028819098271992003
└ @ OrdinaryDiffEqNonlinearSolve ~/.julia/packages/OrdinaryDiffEqNonlinearSolve/doSPx/src/nlsolve.jl:101
┌ Warning: Verbosity toggle: newton_convergence 
│  Newton iteration failed with stale Jacobian, retrying with fresh Jacobian
└ @ OrdinaryDiffEqNonlinearSolve ~/.julia/packages/OrdinaryDiffEqNonlinearSolve/doSPx/src/nlsolve.jl:144
┌ Warning: Verbosity toggle: newton_convergence 
│  Newton iteration diverging: θ = 13.148980540832936 > 2, ndz = 0.37894176238277494, ndzprev = 0.028819098271992003
└ @ OrdinaryDiffEqNonlinearSolve ~/.julia/packages/OrdinaryDiffEqNonlinearSolve/doSPx/src/nlsolve.jl:101
┌ Warning: Verbosity toggle: newton_convergence 
│  Newton iteration failed with stale Jacobian, retrying with fresh Jacobian
└ @ OrdinaryDiffEqNonlinearSolve ~/.julia/packages/OrdinaryDiffEqNonlinearSolve/doSPx/src/nlsolve.jl:144
┌ Warning: Verbosity toggle: newton_convergence 
│  Newton iteration diverging: θ = 13.148980540832936 > 2, ndz = 0.37894176238277494, ndzprev = 0.028819098271992003
└ @ OrdinaryDiffEqNonlinearSolve ~/.julia/packages/OrdinaryDiffEqNonlinearSolve/doSPx/src/nlsolve.jl:101
┌ Warning: Verbosity toggle: newton_convergence 
│  Newton iteration failed with stale Jacobian, retrying with fresh Jacobian
└ @ OrdinaryDiffEqNonlinearSolve ~/.julia/packages/OrdinaryDiffEqNonlinearSolve/doSPx/src/nlsolve.jl:144
┌ Warning: Verbosity toggle: newton_convergence 
│  Newton iteration diverging: θ = 13.148980540832936 > 2, ndz = 0.37894176238277494, ndzprev = 0.028819098271992003
└ @ OrdinaryDiffEqNonlinearSolve ~/.julia/packages/OrdinaryDiffEqNonlinearSolve/doSPx/src/nlsolve.jl:101
┌ Warning: Verbosity toggle: newton_convergence 
│  Newton iteration failed with stale Jacobian, retrying with fresh Jacobian
└ @ OrdinaryDiffEqNonlinearSolve ~/.julia/packages/OrdinaryDiffEqNonlinearSolve/doSPx/src/nlsolve.jl:144
┌ Warning: Verbosity toggle: newton_convergence 
│  Newton iteration diverging: θ = 13.148980540832936 > 2, ndz = 0.37894176238277494, ndzprev = 0.028819098271992003
└ @ OrdinaryDiffEqNonlinearSolve ~/.julia/packages/OrdinaryDiffEqNonlinearSolve/doSPx/src/nlsolve.jl:101
┌ Warning: Verbosity toggle: newton_convergence 
│  Newton iteration failed with stale Jacobian, retrying with fresh Jacobian
└ @ OrdinaryDiffEqNonlinearSolve ~/.julia/packages/OrdinaryDiffEqNonlinearSolve/doSPx/src/nlsolve.jl:144
┌ Warning: Verbosity toggle: newton_convergence 
│  Newton iteration diverging: θ = 13.148980540832936 > 2, ndz = 0.37894176238277494, ndzprev = 0.028819098271992003
└ @ OrdinaryDiffEqNonlinearSolve ~/.julia/packages/OrdinaryDiffEqNonlinearSolve/doSPx/src/nlsolve.jl:101
┌ Warning: Verbosity toggle: newton_convergence 
│  Newton iteration failed with stale Jacobian, retrying with fresh Jacobian
└ @ OrdinaryDiffEqNonlinearSolve ~/.julia/packages/OrdinaryDiffEqNonlinearSolve/doSPx/src/nlsolve.jl:144
┌ Warning: Verbosity toggle: newton_convergence 
│  Newton iteration diverging: θ = 13.148980540832936 > 2, ndz = 0.37894176238277494, ndzprev = 0.028819098271992003
└ @ OrdinaryDiffEqNonlinearSolve ~/.julia/packages/OrdinaryDiffEqNonlinearSolve/doSPx/src/nlsolve.jl:101
┌ Warning: Verbosity toggle: newton_convergence 
│  Newton iteration failed with stale Jacobian, retrying with fresh Jacobian
└ @ OrdinaryDiffEqNonlinearSolve ~/.julia/packages/OrdinaryDiffEqNonlinearSolve/doSPx/src/nlsolve.jl:144
┌ Warning: Verbosity toggle: newton_convergence 
│  Newton iteration diverging: θ = 13.148980540832936 > 2, ndz = 0.37894176238277494, ndzprev = 0.028819098271992003
└ @ OrdinaryDiffEqNonlinearSolve ~/.julia/packages/OrdinaryDiffEqNonlinearSolve/doSPx/src/nlsolve.jl:101
┌ Warning: Verbosity toggle: newton_convergence 
│  Newton iteration failed with stale Jacobian, retrying with fresh Jacobian
└ @ OrdinaryDiffEqNonlinearSolve ~/.julia/packages/OrdinaryDiffEqNonlinearSolve/doSPx/src/nlsolve.jl:144
┌ Warning: Verbosity toggle: newton_convergence 
│  Newton iteration diverging: θ = 13.148980540832936 > 2, ndz = 0.37894176238277494, ndzprev = 0.028819098271992003
└ @ OrdinaryDiffEqNonlinearSolve ~/.julia/packages/OrdinaryDiffEqNonlinearSolve/doSPx/src/nlsolve.jl:101
┌ Warning: Verbosity toggle: newton_convergence 
│  Newton iteration failed with stale Jacobian, retrying with fresh Jacobian
└ @ OrdinaryDiffEqNonlinearSolve ~/.julia/packages/OrdinaryDiffEqNonlinearSolve/doSPx/src/nlsolve.jl:144
┌ Warning: Verbosity toggle: newton_convergence 
│  Newton iteration diverging: θ = 13.148980540832936 > 2, ndz = 0.37894176238277494, ndzprev = 0.028819098271992003
└ @ OrdinaryDiffEqNonlinearSolve ~/.julia/packages/OrdinaryDiffEqNonlinearSolve/doSPx/src/nlsolve.jl:101
┌ Warning: Verbosity toggle: newton_convergence 
│  Newton iteration failed with stale Jacobian, retrying with fresh Jacobian
└ @ OrdinaryDiffEqNonlinearSolve ~/.julia/packages/OrdinaryDiffEqNonlinearSolve/doSPx/src/nlsolve.jl:144
┌ Warning: Verbosity toggle: newton_convergence 
│  Newton iteration diverging: θ = 13.148980540832936 > 2, ndz = 0.37894176238277494, ndzprev = 0.028819098271992003
└ @ OrdinaryDiffEqNonlinearSolve ~/.julia/packages/OrdinaryDiffEqNonlinearSolve/doSPx/src/nlsolve.jl:101
┌ Warning: Verbosity toggle: newton_convergence 
│  Newton iteration failed with stale Jacobian, retrying with fresh Jacobian
└ @ OrdinaryDiffEqNonlinearSolve ~/.julia/packages/OrdinaryDiffEqNonlinearSolve/doSPx/src/nlsolve.jl:144
┌ Warning: Verbosity toggle: newton_convergence 
│  Newton iteration diverging: θ = 13.148980540832936 > 2, ndz = 0.37894176238277494, ndzprev = 0.028819098271992003
└ @ OrdinaryDiffEqNonlinearSolve ~/.julia/packages/OrdinaryDiffEqNonlinearSolve/doSPx/src/nlsolve.jl:101
┌ Warning: Verbosity toggle: newton_convergence 
│  Newton iteration failed with stale Jacobian, retrying with fresh Jacobian
└ @ OrdinaryDiffEqNonlinearSolve ~/.julia/packages/OrdinaryDiffEqNonlinearSolve/doSPx/src/nlsolve.jl:144
┌ Warning: Verbosity toggle: newton_convergence 
│  Newton iteration diverging: θ = 13.148980540832936 > 2, ndz = 0.37894176238277494, ndzprev = 0.028819098271992003
└ @ OrdinaryDiffEqNonlinearSolve ~/.julia/packages/OrdinaryDiffEqNonlinearSolve/doSPx/src/nlsolve.jl:101
┌ Warning: Verbosity toggle: newton_convergence 
│  Newton iteration failed with stale Jacobian, retrying with fresh Jacobian
└ @ OrdinaryDiffEqNonlinearSolve ~/.julia/packages/OrdinaryDiffEqNonlinearSolve/doSPx/src/nlsolve.jl:144
┌ Warning: Verbosity toggle: newton_convergence 
│  Newton iteration diverging: θ = 13.148980540832936 > 2, ndz = 0.37894176238277494, ndzprev = 0.028819098271992003
└ @ OrdinaryDiffEqNonlinearSolve ~/.julia/packages/OrdinaryDiffEqNonlinearSolve/doSPx/src/nlsolve.jl:101
┌ Warning: Verbosity toggle: newton_convergence 
│  Newton iteration failed with stale Jacobian, retrying with fresh Jacobian
└ @ OrdinaryDiffEqNonlinearSolve ~/.julia/packages/OrdinaryDiffEqNonlinearSolve/doSPx/src/nlsolve.jl:144
┌ Warning: Verbosity toggle: newton_convergence 
│  Newton iteration diverging: θ = 13.148980540832936 > 2, ndz = 0.37894176238277494, ndzprev = 0.028819098271992003
└ @ OrdinaryDiffEqNonlinearSolve ~/.julia/packages/OrdinaryDiffEqNonlinearSolve/doSPx/src/nlsolve.jl:101
┌ Warning: Verbosity toggle: newton_convergence 
│  Newton iteration failed with stale Jacobian, retrying with fresh Jacobian
└ @ OrdinaryDiffEqNonlinearSolve ~/.julia/packages/OrdinaryDiffEqNonlinearSolve/doSPx/src/nlsolve.jl:144
┌ Warning: Verbosity toggle: newton_convergence 
│  Newton iteration diverging: θ = 13.148980540832936 > 2, ndz = 0.37894176238277494, ndzprev = 0.028819098271992003
└ @ OrdinaryDiffEqNonlinearSolve ~/.julia/packages/OrdinaryDiffEqNonlinearSolve/doSPx/src/nlsolve.jl:101
┌ Warning: Verbosity toggle: newton_convergence 
│  Newton iteration failed with stale Jacobian, retrying with fresh Jacobian
└ @ OrdinaryDiffEqNonlinearSolve ~/.julia/packages/OrdinaryDiffEqNonlinearSolve/doSPx/src/nlsolve.jl:144
┌ Warning: Verbosity toggle: newton_convergence 
│  Newton iteration diverging: θ = 13.148980540832936 > 2, ndz = 0.37894176238277494, ndzprev = 0.028819098271992003
└ @ OrdinaryDiffEqNonlinearSolve ~/.julia/packages/OrdinaryDiffEqNonlinearSolve/doSPx/src/nlsolve.jl:101
┌ Warning: Verbosity toggle: newton_convergence 
│  Newton iteration failed with stale Jacobian, retrying with fresh Jacobian
└ @ OrdinaryDiffEqNonlinearSolve ~/.julia/packages/OrdinaryDiffEqNonlinearSolve/doSPx/src/nlsolve.jl:144
┌ Warning: Verbosity toggle: newton_convergence 
│  Newton iteration diverging: θ = 13.148980540832936 > 2, ndz = 0.37894176238277494, ndzprev = 0.028819098271992003
└ @ OrdinaryDiffEqNonlinearSolve ~/.julia/packages/OrdinaryDiffEqNonlinearSolve/doSPx/src/nlsolve.jl:101
┌ Warning: Verbosity toggle: newton_convergence 
│  Newton iteration failed with stale Jacobian, retrying with fresh Jacobian
└ @ OrdinaryDiffEqNonlinearSolve ~/.julia/packages/OrdinaryDiffEqNonlinearSolve/doSPx/src/nlsolve.jl:144
┌ Warning: Verbosity toggle: newton_convergence 
│  Newton iteration diverging: θ = 13.148980540832936 > 2, ndz = 0.37894176238277494, ndzprev = 0.028819098271992003
└ @ OrdinaryDiffEqNonlinearSolve ~/.julia/packages/OrdinaryDiffEqNonlinearSolve/doSPx/src/nlsolve.jl:101
┌ Warning: Verbosity toggle: newton_convergence 
│  Newton iteration failed with stale Jacobian, retrying with fresh Jacobian
└ @ OrdinaryDiffEqNonlinearSolve ~/.julia/packages/OrdinaryDiffEqNonlinearSolve/doSPx/src/nlsolve.jl:144
┌ Warning: Verbosity toggle: newton_convergence 
│  Newton iteration diverging: θ = 13.148980540832936 > 2, ndz = 0.37894176238277494, ndzprev = 0.028819098271992003
└ @ OrdinaryDiffEqNonlinearSolve ~/.julia/packages/OrdinaryDiffEqNonlinearSolve/doSPx/src/nlsolve.jl:101
┌ Warning: Verbosity toggle: newton_convergence 
│  Newton iteration failed with stale Jacobian, retrying with fresh Jacobian
└ @ OrdinaryDiffEqNonlinearSolve ~/.julia/packages/OrdinaryDiffEqNonlinearSolve/doSPx/src/nlsolve.jl:144
┌ Warning: Verbosity toggle: newton_convergence 
│  Newton iteration diverging: θ = 13.148980540832936 > 2, ndz = 0.37894176238277494, ndzprev = 0.028819098271992003
└ @ OrdinaryDiffEqNonlinearSolve ~/.julia/packages/OrdinaryDiffEqNonlinearSolve/doSPx/src/nlsolve.jl:101
┌ Warning: Verbosity toggle: newton_convergence 
│  Newton iteration failed with stale Jacobian, retrying with fresh Jacobian
└ @ OrdinaryDiffEqNonlinearSolve ~/.julia/packages/OrdinaryDiffEqNonlinearSolve/doSPx/src/nlsolve.jl:144
┌ Warning: Verbosity toggle: newton_convergence 
│  Newton iteration diverging: θ = 13.148980540832936 > 2, ndz = 0.37894176238277494, ndzprev = 0.028819098271992003
└ @ OrdinaryDiffEqNonlinearSolve ~/.julia/packages/OrdinaryDiffEqNonlinearSolve/doSPx/src/nlsolve.jl:101
┌ Warning: Verbosity toggle: newton_convergence 
│  Newton iteration failed with stale Jacobian, retrying with fresh Jacobian
└ @ OrdinaryDiffEqNonlinearSolve ~/.julia/packages/OrdinaryDiffEqNonlinearSolve/doSPx/src/nlsolve.jl:144
┌ Warning: Verbosity toggle: newton_convergence 
│  Newton iteration diverging: θ = 13.148980540832936 > 2, ndz = 0.37894176238277494, ndzprev = 0.028819098271992003
└ @ OrdinaryDiffEqNonlinearSolve ~/.julia/packages/OrdinaryDiffEqNonlinearSolve/doSPx/src/nlsolve.jl:101
┌ Warning: Verbosity toggle: newton_convergence 
│  Newton iteration failed with stale Jacobian, retrying with fresh Jacobian
└ @ OrdinaryDiffEqNonlinearSolve ~/.julia/packages/OrdinaryDiffEqNonlinearSolve/doSPx/src/nlsolve.jl:144
┌ Warning: Verbosity toggle: newton_convergence 
│  Newton iteration diverging: θ = 13.148980540832936 > 2, ndz = 0.37894176238277494, ndzprev = 0.028819098271992003
└ @ OrdinaryDiffEqNonlinearSolve ~/.julia/packages/OrdinaryDiffEqNonlinearSolve/doSPx/src/nlsolve.jl:101
┌ Warning: Verbosity toggle: newton_convergence 
│  Newton iteration failed with stale Jacobian, retrying with fresh Jacobian
└ @ OrdinaryDiffEqNonlinearSolve ~/.julia/packages/OrdinaryDiffEqNonlinearSolve/doSPx/src/nlsolve.jl:144
┌ Warning: Verbosity toggle: newton_convergence 
│  Newton iteration diverging: θ = 13.148980540832936 > 2, ndz = 0.37894176238277494, ndzprev = 0.028819098271992003
└ @ OrdinaryDiffEqNonlinearSolve ~/.julia/packages/OrdinaryDiffEqNonlinearSolve/doSPx/src/nlsolve.jl:101
┌ Warning: Verbosity toggle: newton_convergence 
│  Newton iteration failed with stale Jacobian, retrying with fresh Jacobian
└ @ OrdinaryDiffEqNonlinearSolve ~/.julia/packages/OrdinaryDiffEqNonlinearSolve/doSPx/src/nlsolve.jl:144
┌ Warning: Verbosity toggle: newton_convergence 
│  Newton iteration diverging: θ = 13.148980540832936 > 2, ndz = 0.37894176238277494, ndzprev = 0.028819098271992003
└ @ OrdinaryDiffEqNonlinearSolve ~/.julia/packages/OrdinaryDiffEqNonlinearSolve/doSPx/src/nlsolve.jl:101
┌ Warning: Verbosity toggle: newton_convergence 
│  Newton iteration failed with stale Jacobian, retrying with fresh Jacobian
└ @ OrdinaryDiffEqNonlinearSolve ~/.julia/packages/OrdinaryDiffEqNonlinearSolve/doSPx/src/nlsolve.jl:144
┌ Warning: Verbosity toggle: newton_convergence 
│  Newton iteration diverging: θ = 13.148980540832936 > 2, ndz = 0.37894176238277494, ndzprev = 0.028819098271992003
└ @ OrdinaryDiffEqNonlinearSolve ~/.julia/packages/OrdinaryDiffEqNonlinearSolve/doSPx/src/nlsolve.jl:101
┌ Warning: Verbosity toggle: newton_convergence 
│  Newton iteration failed with stale Jacobian, retrying with fresh Jacobian
└ @ OrdinaryDiffEqNonlinearSolve ~/.julia/packages/OrdinaryDiffEqNonlinearSolve/doSPx/src/nlsolve.jl:144
┌ Warning: Verbosity toggle: newton_convergence 
│  Newton iteration diverging: θ = 13.148980540832936 > 2, ndz = 0.37894176238277494, ndzprev = 0.028819098271992003
└ @ OrdinaryDiffEqNonlinearSolve ~/.julia/packages/OrdinaryDiffEqNonlinearSolve/doSPx/src/nlsolve.jl:101
┌ Warning: Verbosity toggle: newton_convergence 
│  Newton iteration failed with stale Jacobian, retrying with fresh Jacobian
└ @ OrdinaryDiffEqNonlinearSolve ~/.julia/packages/OrdinaryDiffEqNonlinearSolve/doSPx/src/nlsolve.jl:144
┌ Warning: Verbosity toggle: newton_convergence 
│  Newton iteration diverging: θ = 13.148980540832936 > 2, ndz = 0.37894176238277494, ndzprev = 0.028819098271992003
└ @ OrdinaryDiffEqNonlinearSolve ~/.julia/packages/OrdinaryDiffEqNonlinearSolve/doSPx/src/nlsolve.jl:101
┌ Warning: Verbosity toggle: newton_convergence 
│  Newton iteration failed with stale Jacobian, retrying with fresh Jacobian
└ @ OrdinaryDiffEqNonlinearSolve ~/.julia/packages/OrdinaryDiffEqNonlinearSolve/doSPx/src/nlsolve.jl:144
┌ Warning: Verbosity toggle: newton_convergence 
│  Newton iteration diverging: θ = 13.148980540832936 > 2, ndz = 0.37894176238277494, ndzprev = 0.028819098271992003
└ @ OrdinaryDiffEqNonlinearSolve ~/.julia/packages/OrdinaryDiffEqNonlinearSolve/doSPx/src/nlsolve.jl:101
┌ Warning: Verbosity toggle: newton_convergence 
│  Newton iteration failed with stale Jacobian, retrying with fresh Jacobian
└ @ OrdinaryDiffEqNonlinearSolve ~/.julia/packages/OrdinaryDiffEqNonlinearSolve/doSPx/src/nlsolve.jl:144
┌ Warning: Verbosity toggle: newton_convergence 
│  Newton iteration diverging: θ = 13.148980540832936 > 2, ndz = 0.37894176238277494, ndzprev = 0.028819098271992003
└ @ OrdinaryDiffEqNonlinearSolve ~/.julia/packages/OrdinaryDiffEqNonlinearSolve/doSPx/src/nlsolve.jl:101
┌ Warning: Verbosity toggle: newton_convergence 
│  Newton iteration failed with stale Jacobian, retrying with fresh Jacobian
└ @ OrdinaryDiffEqNonlinearSolve ~/.julia/packages/OrdinaryDiffEqNonlinearSolve/doSPx/src/nlsolve.jl:144
┌ Warning: Verbosity toggle: newton_convergence 
│  Newton iteration diverging: θ = 13.148980540832936 > 2, ndz = 0.37894176238277494, ndzprev = 0.028819098271992003
└ @ OrdinaryDiffEqNonlinearSolve ~/.julia/packages/OrdinaryDiffEqNonlinearSolve/doSPx/src/nlsolve.jl:101
┌ Warning: Verbosity toggle: newton_convergence 
│  Newton iteration failed with stale Jacobian, retrying with fresh Jacobian
└ @ OrdinaryDiffEqNonlinearSolve ~/.julia/packages/OrdinaryDiffEqNonlinearSolve/doSPx/src/nlsolve.jl:144
┌ Warning: Verbosity toggle: newton_convergence 
│  Newton iteration diverging: θ = 13.148980540832936 > 2, ndz = 0.37894176238277494, ndzprev = 0.028819098271992003
└ @ OrdinaryDiffEqNonlinearSolve ~/.julia/packages/OrdinaryDiffEqNonlinearSolve/doSPx/src/nlsolve.jl:101
┌ Warning: Verbosity toggle: newton_convergence 
│  Newton iteration failed with stale Jacobian, retrying with fresh Jacobian
└ @ OrdinaryDiffEqNonlinearSolve ~/.julia/packages/OrdinaryDiffEqNonlinearSolve/doSPx/src/nlsolve.jl:144
┌ Warning: Verbosity toggle: newton_convergence 
│  Newton iteration failed with stale Jacobian, retrying with fresh Jacobian
└ @ OrdinaryDiffEqNonlinearSolve ~/.julia/packages/OrdinaryDiffEqNonlinearSolve/doSPx/src/nlsolve.jl:144
┌ Warning: Verbosity toggle: newton_convergence 
│  Newton iteration failed with stale Jacobian, retrying with fresh Jacobian
└ @ OrdinaryDiffEqNonlinearSolve ~/.julia/packages/OrdinaryDiffEqNonlinearSolve/doSPx/src/nlsolve.jl:144
┌ Warning: Verbosity toggle: newton_convergence 
│  Newton iteration failed with stale Jacobian, retrying with fresh Jacobian
└ @ OrdinaryDiffEqNonlinearSolve ~/.julia/packages/OrdinaryDiffEqNonlinearSolve/doSPx/src/nlsolve.jl:144
┌ Warning: Verbosity toggle: newton_convergence 
│  Newton iteration failed with stale Jacobian, retrying with fresh Jacobian
└ @ OrdinaryDiffEqNonlinearSolve ~/.julia/packages/OrdinaryDiffEqNonlinearSolve/doSPx/src/nlsolve.jl:144
┌ Warning: Verbosity toggle: newton_convergence 
│  Newton iteration failed with stale Jacobian, retrying with fresh Jacobian
└ @ OrdinaryDiffEqNonlinearSolve ~/.julia/packages/OrdinaryDiffEqNonlinearSolve/doSPx/src/nlsolve.jl:144
┌ Warning: Verbosity toggle: newton_convergence 
│  Newton iteration failed with stale Jacobian, retrying with fresh Jacobian
└ @ OrdinaryDiffEqNonlinearSolve ~/.julia/packages/OrdinaryDiffEqNonlinearSolve/doSPx/src/nlsolve.jl:144
┌ Warning: Verbosity toggle: newton_convergence 
│  Newton iteration failed with stale Jacobian, retrying with fresh Jacobian
└ @ OrdinaryDiffEqNonlinearSolve ~/.julia/packages/OrdinaryDiffEqNonlinearSolve/doSPx/src/nlsolve.jl:144
┌ Warning: Verbosity toggle: newton_convergence 
│  Newton iteration failed with stale Jacobian, retrying with fresh Jacobian
└ @ OrdinaryDiffEqNonlinearSolve ~/.julia/packages/OrdinaryDiffEqNonlinearSolve/doSPx/src/nlsolve.jl:144
┌ Warning: Verbosity toggle: newton_convergence 
│  Newton iteration failed with stale Jacobian, retrying with fresh Jacobian
└ @ OrdinaryDiffEqNonlinearSolve ~/.julia/packages/OrdinaryDiffEqNonlinearSolve/doSPx/src/nlsolve.jl:144
┌ Warning: Verbosity toggle: newton_convergence 
│  Newton iteration failed with stale Jacobian, retrying with fresh Jacobian
└ @ OrdinaryDiffEqNonlinearSolve ~/.julia/packages/OrdinaryDiffEqNonlinearSolve/doSPx/src/nlsolve.jl:144
┌ Warning: Verbosity toggle: newton_convergence 
│  Newton iteration failed with stale Jacobian, retrying with fresh Jacobian
└ @ OrdinaryDiffEqNonlinearSolve ~/.julia/packages/OrdinaryDiffEqNonlinearSolve/doSPx/src/nlsolve.jl:144
┌ Warning: Verbosity toggle: newton_convergence 
│  Newton iteration failed with stale Jacobian, retrying with fresh Jacobian
└ @ OrdinaryDiffEqNonlinearSolve ~/.julia/packages/OrdinaryDiffEqNonlinearSolve/doSPx/src/nlsolve.jl:144
┌ Warning: Verbosity toggle: newton_convergence 
│  Newton iteration failed with stale Jacobian, retrying with fresh Jacobian
└ @ OrdinaryDiffEqNonlinearSolve ~/.julia/packages/OrdinaryDiffEqNonlinearSolve/doSPx/src/nlsolve.jl:144
┌ Warning: Verbosity toggle: newton_convergence 
│  Newton iteration failed with stale Jacobian, retrying with fresh Jacobian
└ @ OrdinaryDiffEqNonlinearSolve ~/.julia/packages/OrdinaryDiffEqNonlinearSolve/doSPx/src/nlsolve.jl:144
┌ Warning: Verbosity toggle: newton_convergence 
│  Newton iteration failed with stale Jacobian, retrying with fresh Jacobian
└ @ OrdinaryDiffEqNonlinearSolve ~/.julia/packages/OrdinaryDiffEqNonlinearSolve/doSPx/src/nlsolve.jl:144
┌ Warning: Verbosity toggle: newton_convergence 
│  Newton iteration failed with stale Jacobian, retrying with fresh Jacobian
└ @ OrdinaryDiffEqNonlinearSolve ~/.julia/packages/OrdinaryDiffEqNonlinearSolve/doSPx/src/nlsolve.jl:144
┌ Warning: Verbosity toggle: newton_convergence 
│  Newton iteration failed with stale Jacobian, retrying with fresh Jacobian
└ @ OrdinaryDiffEqNonlinearSolve ~/.julia/packages/OrdinaryDiffEqNonlinearSolve/doSPx/src/nlsolve.jl:144
┌ Warning: Verbosity toggle: newton_convergence 
│  Newton iteration failed with stale Jacobian, retrying with fresh Jacobian
└ @ OrdinaryDiffEqNonlinearSolve ~/.julia/packages/OrdinaryDiffEqNonlinearSolve/doSPx/src/nlsolve.jl:144
┌ Warning: Verbosity toggle: newton_convergence 
│  Newton iteration failed with stale Jacobian, retrying with fresh Jacobian
└ @ OrdinaryDiffEqNonlinearSolve ~/.julia/packages/OrdinaryDiffEqNonlinearSolve/doSPx/src/nlsolve.jl:144
┌ Warning: Verbosity toggle: newton_convergence 
│  Newton iteration failed with stale Jacobian, retrying with fresh Jacobian
└ @ OrdinaryDiffEqNonlinearSolve ~/.julia/packages/OrdinaryDiffEqNonlinearSolve/doSPx/src/nlsolve.jl:144
┌ Warning: Verbosity toggle: newton_convergence 
│  Newton iteration failed with stale Jacobian, retrying with fresh Jacobian
└ @ OrdinaryDiffEqNonlinearSolve ~/.julia/packages/OrdinaryDiffEqNonlinearSolve/doSPx/src/nlsolve.jl:144
┌ Warning: Verbosity toggle: newton_convergence 
│  Newton iteration failed with stale Jacobian, retrying with fresh Jacobian
└ @ OrdinaryDiffEqNonlinearSolve ~/.julia/packages/OrdinaryDiffEqNonlinearSolve/doSPx/src/nlsolve.jl:144
┌ Warning: Verbosity toggle: newton_convergence 
│  Newton iteration failed with stale Jacobian, retrying with fresh Jacobian
└ @ OrdinaryDiffEqNonlinearSolve ~/.julia/packages/OrdinaryDiffEqNonlinearSolve/doSPx/src/nlsolve.jl:144
┌ Warning: Verbosity toggle: newton_convergence 
│  Newton iteration failed with stale Jacobian, retrying with fresh Jacobian
└ @ OrdinaryDiffEqNonlinearSolve ~/.julia/packages/OrdinaryDiffEqNonlinearSolve/doSPx/src/nlsolve.jl:144
┌ Warning: Verbosity toggle: newton_convergence 
│  Newton iteration failed with stale Jacobian, retrying with fresh Jacobian
└ @ OrdinaryDiffEqNonlinearSolve ~/.julia/packages/OrdinaryDiffEqNonlinearSolve/doSPx/src/nlsolve.jl:144
┌ Warning: Verbosity toggle: newton_convergence 
│  Newton iteration failed with stale Jacobian, retrying with fresh Jacobian
└ @ OrdinaryDiffEqNonlinearSolve ~/.julia/packages/OrdinaryDiffEqNonlinearSolve/doSPx/src/nlsolve.jl:144
┌ Warning: Verbosity toggle: newton_convergence 
│  Newton iteration failed with stale Jacobian, retrying with fresh Jacobian
└ @ OrdinaryDiffEqNonlinearSolve ~/.julia/packages/OrdinaryDiffEqNonlinearSolve/doSPx/src/nlsolve.jl:144
┌ Warning: Verbosity toggle: newton_convergence 
│  Newton iteration failed with stale Jacobian, retrying with fresh Jacobian
└ @ OrdinaryDiffEqNonlinearSolve ~/.julia/packages/OrdinaryDiffEqNonlinearSolve/doSPx/src/nlsolve.jl:144
┌ Warning: Verbosity toggle: newton_convergence 
│  Newton iteration failed with stale Jacobian, retrying with fresh Jacobian
└ @ OrdinaryDiffEqNonlinearSolve ~/.julia/packages/OrdinaryDiffEqNonlinearSolve/doSPx/src/nlsolve.jl:144
┌ Warning: Verbosity toggle: newton_convergence 
│  Newton iteration failed with stale Jacobian, retrying with fresh Jacobian
└ @ OrdinaryDiffEqNonlinearSolve ~/.julia/packages/OrdinaryDiffEqNonlinearSolve/doSPx/src/nlsolve.jl:144
┌ Warning: Verbosity toggle: newton_convergence 
│  Newton iteration failed with stale Jacobian, retrying with fresh Jacobian
└ @ OrdinaryDiffEqNonlinearSolve ~/.julia/packages/OrdinaryDiffEqNonlinearSolve/doSPx/src/nlsolve.jl:144
┌ Warning: Verbosity toggle: newton_convergence 
│  Newton iteration failed with stale Jacobian, retrying with fresh Jacobian
└ @ OrdinaryDiffEqNonlinearSolve ~/.julia/packages/OrdinaryDiffEqNonlinearSolve/doSPx/src/nlsolve.jl:144
┌ Warning: Verbosity toggle: newton_convergence 
│  Newton iteration failed with stale Jacobian, retrying with fresh Jacobian
└ @ OrdinaryDiffEqNonlinearSolve ~/.julia/packages/OrdinaryDiffEqNonlinearSolve/doSPx/src/nlsolve.jl:144
┌ Warning: Verbosity toggle: newton_convergence 
│  Newton iteration failed with stale Jacobian, retrying with fresh Jacobian
└ @ OrdinaryDiffEqNonlinearSolve ~/.julia/packages/OrdinaryDiffEqNonlinearSolve/doSPx/src/nlsolve.jl:144
┌ Warning: Verbosity toggle: newton_convergence 
│  Newton iteration failed with stale Jacobian, retrying with fresh Jacobian
└ @ OrdinaryDiffEqNonlinearSolve ~/.julia/packages/OrdinaryDiffEqNonlinearSolve/doSPx/src/nlsolve.jl:144
┌ Warning: Verbosity toggle: newton_convergence 
│  Newton iteration failed with stale Jacobian, retrying with fresh Jacobian
└ @ OrdinaryDiffEqNonlinearSolve ~/.julia/packages/OrdinaryDiffEqNonlinearSolve/doSPx/src/nlsolve.jl:144
┌ Warning: Verbosity toggle: newton_convergence 
│  Newton iteration failed with stale Jacobian, retrying with fresh Jacobian
└ @ OrdinaryDiffEqNonlinearSolve ~/.julia/packages/OrdinaryDiffEqNonlinearSolve/doSPx/src/nlsolve.jl:144
┌ Warning: Verbosity toggle: newton_convergence 
│  Newton iteration failed with stale Jacobian, retrying with fresh Jacobian
└ @ OrdinaryDiffEqNonlinearSolve ~/.julia/packages/OrdinaryDiffEqNonlinearSolve/doSPx/src/nlsolve.jl:144
┌ Warning: Verbosity toggle: newton_convergence 
│  Newton iteration failed with stale Jacobian, retrying with fresh Jacobian
└ @ OrdinaryDiffEqNonlinearSolve ~/.julia/packages/OrdinaryDiffEqNonlinearSolve/doSPx/src/nlsolve.jl:144
┌ Warning: Verbosity toggle: newton_convergence 
│  Newton iteration failed with stale Jacobian, retrying with fresh Jacobian
└ @ OrdinaryDiffEqNonlinearSolve ~/.julia/packages/OrdinaryDiffEqNonlinearSolve/doSPx/src/nlsolve.jl:144
┌ Warning: Verbosity toggle: newton_convergence 
│  Newton iteration failed with stale Jacobian, retrying with fresh Jacobian
└ @ OrdinaryDiffEqNonlinearSolve ~/.julia/packages/OrdinaryDiffEqNonlinearSolve/doSPx/src/nlsolve.jl:144
┌ Warning: Verbosity toggle: newton_convergence 
│  Newton iteration failed with stale Jacobian, retrying with fresh Jacobian
└ @ OrdinaryDiffEqNonlinearSolve ~/.julia/packages/OrdinaryDiffEqNonlinearSolve/doSPx/src/nlsolve.jl:144
┌ Warning: Verbosity toggle: newton_convergence 
│  Newton iteration failed with stale Jacobian, retrying with fresh Jacobian
└ @ OrdinaryDiffEqNonlinearSolve ~/.julia/packages/OrdinaryDiffEqNonlinearSolve/doSPx/src/nlsolve.jl:144
┌ Warning: Verbosity toggle: newton_convergence 
│  Newton iteration failed with stale Jacobian, retrying with fresh Jacobian
└ @ OrdinaryDiffEqNonlinearSolve ~/.julia/packages/OrdinaryDiffEqNonlinearSolve/doSPx/src/nlsolve.jl:144
┌ Warning: Verbosity toggle: newton_convergence 
│  Newton iteration failed with stale Jacobian, retrying with fresh Jacobian
└ @ OrdinaryDiffEqNonlinearSolve ~/.julia/packages/OrdinaryDiffEqNonlinearSolve/doSPx/src/nlsolve.jl:144
┌ Warning: Verbosity toggle: newton_convergence 
│  Newton iteration failed with stale Jacobian, retrying with fresh Jacobian
└ @ OrdinaryDiffEqNonlinearSolve ~/.julia/packages/OrdinaryDiffEqNonlinearSolve/doSPx/src/nlsolve.jl:144
┌ Warning: Verbosity toggle: newton_convergence 
│  Newton iteration failed with stale Jacobian, retrying with fresh Jacobian
└ @ OrdinaryDiffEqNonlinearSolve ~/.julia/packages/OrdinaryDiffEqNonlinearSolve/doSPx/src/nlsolve.jl:144
┌ Warning: Verbosity toggle: newton_convergence 
│  Newton iteration failed with stale Jacobian, retrying with fresh Jacobian
└ @ OrdinaryDiffEqNonlinearSolve ~/.julia/packages/OrdinaryDiffEqNonlinearSolve/doSPx/src/nlsolve.jl:144
┌ Warning: Verbosity toggle: newton_convergence 
│  Newton iteration failed with stale Jacobian, retrying with fresh Jacobian
└ @ OrdinaryDiffEqNonlinearSolve ~/.julia/packages/OrdinaryDiffEqNonlinearSolve/doSPx/src/nlsolve.jl:144
┌ Warning: Verbosity toggle: newton_convergence 
│  Newton iteration failed with stale Jacobian, retrying with fresh Jacobian
└ @ OrdinaryDiffEqNonlinearSolve ~/.julia/packages/OrdinaryDiffEqNonlinearSolve/doSPx/src/nlsolve.jl:144
┌ Warning: Verbosity toggle: newton_convergence 
│  Newton iteration failed with stale Jacobian, retrying with fresh Jacobian
└ @ OrdinaryDiffEqNonlinearSolve ~/.julia/packages/OrdinaryDiffEqNonlinearSolve/doSPx/src/nlsolve.jl:144
┌ Warning: Verbosity toggle: newton_convergence 
│  Newton iteration diverging: θ = 13.148980540832936 > 2, ndz = 0.37894176238277494, ndzprev = 0.028819098271992003
└ @ OrdinaryDiffEqNonlinearSolve ~/.julia/packages/OrdinaryDiffEqNonlinearSolve/doSPx/src/nlsolve.jl:101
┌ Warning: Verbosity toggle: newton_convergence 
│  Newton iteration failed with stale Jacobian, retrying with fresh Jacobian
└ @ OrdinaryDiffEqNonlinearSolve ~/.julia/packages/OrdinaryDiffEqNonlinearSolve/doSPx/src/nlsolve.jl:144
┌ Warning: Verbosity toggle: newton_convergence 
│  Newton iteration diverging: θ = 13.148980540832936 > 2, ndz = 0.37894176238277494, ndzprev = 0.028819098271992003
└ @ OrdinaryDiffEqNonlinearSolve ~/.julia/packages/OrdinaryDiffEqNonlinearSolve/doSPx/src/nlsolve.jl:101
┌ Warning: Verbosity toggle: newton_convergence 
│  Newton iteration failed with stale Jacobian, retrying with fresh Jacobian
└ @ OrdinaryDiffEqNonlinearSolve ~/.julia/packages/OrdinaryDiffEqNonlinearSolve/doSPx/src/nlsolve.jl:144
┌ Warning: Verbosity toggle: newton_convergence 
│  Newton iteration failed with stale Jacobian, retrying with fresh Jacobian
└ @ OrdinaryDiffEqNonlinearSolve ~/.julia/packages/OrdinaryDiffEqNonlinearSolve/doSPx/src/nlsolve.jl:144
┌ Warning: Verbosity toggle: newton_convergence 
│  Newton iteration failed with stale Jacobian, retrying with fresh Jacobian
└ @ OrdinaryDiffEqNonlinearSolve ~/.julia/packages/OrdinaryDiffEqNonlinearSolve/doSPx/src/nlsolve.jl:144
┌ Warning: Verbosity toggle: newton_convergence 
│  Newton iteration diverging: θ = 13.148980540832936 > 2, ndz = 0.37894176238277494, ndzprev = 0.028819098271992003
└ @ OrdinaryDiffEqNonlinearSolve ~/.julia/packages/OrdinaryDiffEqNonlinearSolve/doSPx/src/nlsolve.jl:101
┌ Warning: Verbosity toggle: newton_convergence 
│  Newton iteration failed with stale Jacobian, retrying with fresh Jacobian
└ @ OrdinaryDiffEqNonlinearSolve ~/.julia/packages/OrdinaryDiffEqNonlinearSolve/doSPx/src/nlsolve.jl:144
┌ Warning: Verbosity toggle: newton_convergence 
│  Newton iteration diverging: θ = 13.148980540832936 > 2, ndz = 0.37894176238277494, ndzprev = 0.028819098271992003
└ @ OrdinaryDiffEqNonlinearSolve ~/.julia/packages/OrdinaryDiffEqNonlinearSolve/doSPx/src/nlsolve.jl:101
┌ Warning: Verbosity toggle: newton_convergence 
│  Newton iteration failed with stale Jacobian, retrying with fresh Jacobian
└ @ OrdinaryDiffEqNonlinearSolve ~/.julia/packages/OrdinaryDiffEqNonlinearSolve/doSPx/src/nlsolve.jl:144
┌ Warning: Verbosity toggle: newton_convergence 
│  Newton iteration diverging: θ = 13.148980540832936 > 2, ndz = 0.37894176238277494, ndzprev = 0.028819098271992003
└ @ OrdinaryDiffEqNonlinearSolve ~/.julia/packages/OrdinaryDiffEqNonlinearSolve/doSPx/src/nlsolve.jl:101
┌ Warning: Verbosity toggle: newton_convergence 
│  Newton iteration failed with stale Jacobian, retrying with fresh Jacobian
└ @ OrdinaryDiffEqNonlinearSolve ~/.julia/packages/OrdinaryDiffEqNonlinearSolve/doSPx/src/nlsolve.jl:144
┌ Warning: Verbosity toggle: newton_convergence 
│  Newton iteration diverging: θ = 13.148980540832936 > 2, ndz = 0.37894176238277494, ndzprev = 0.028819098271992003
└ @ OrdinaryDiffEqNonlinearSolve ~/.julia/packages/OrdinaryDiffEqNonlinearSolve/doSPx/src/nlsolve.jl:101
┌ Warning: Verbosity toggle: newton_convergence 
│  Newton iteration failed with stale Jacobian, retrying with fresh Jacobian
└ @ OrdinaryDiffEqNonlinearSolve ~/.julia/packages/OrdinaryDiffEqNonlinearSolve/doSPx/src/nlsolve.jl:144
┌ Warning: Verbosity toggle: newton_convergence 
│  Newton iteration diverging: θ = 13.148980540832936 > 2, ndz = 0.37894176238277494, ndzprev = 0.028819098271992003
└ @ OrdinaryDiffEqNonlinearSolve ~/.julia/packages/OrdinaryDiffEqNonlinearSolve/doSPx/src/nlsolve.jl:101
┌ Warning: Verbosity toggle: newton_convergence 
│  Newton iteration failed with stale Jacobian, retrying with fresh Jacobian
└ @ OrdinaryDiffEqNonlinearSolve ~/.julia/packages/OrdinaryDiffEqNonlinearSolve/doSPx/src/nlsolve.jl:144
┌ Warning: Verbosity toggle: newton_convergence 
│  Newton iteration failed with stale Jacobian, retrying with fresh Jacobian
└ @ OrdinaryDiffEqNonlinearSolve ~/.julia/packages/OrdinaryDiffEqNonlinearSolve/doSPx/src/nlsolve.jl:144
┌ Warning: Verbosity toggle: newton_convergence 
│  Newton iteration failed with stale Jacobian, retrying with fresh Jacobian
└ @ OrdinaryDiffEqNonlinearSolve ~/.julia/packages/OrdinaryDiffEqNonlinearSolve/doSPx/src/nlsolve.jl:144
┌ Warning: Verbosity toggle: newton_convergence 
│  Newton iteration failed with stale Jacobian, retrying with fresh Jacobian
└ @ OrdinaryDiffEqNonlinearSolve ~/.julia/packages/OrdinaryDiffEqNonlinearSolve/doSPx/src/nlsolve.jl:144
┌ Warning: Verbosity toggle: newton_convergence 
│  Newton iteration failed with stale Jacobian, retrying with fresh Jacobian
└ @ OrdinaryDiffEqNonlinearSolve ~/.julia/packages/OrdinaryDiffEqNonlinearSolve/doSPx/src/nlsolve.jl:144
┌ Warning: Verbosity toggle: newton_convergence 
│  Newton iteration failed with stale Jacobian, retrying with fresh Jacobian
└ @ OrdinaryDiffEqNonlinearSolve ~/.julia/packages/OrdinaryDiffEqNonlinearSolve/doSPx/src/nlsolve.jl:144
┌ Warning: Verbosity toggle: newton_convergence 
│  Newton iteration failed with stale Jacobian, retrying with fresh Jacobian
└ @ OrdinaryDiffEqNonlinearSolve ~/.julia/packages/OrdinaryDiffEqNonlinearSolve/doSPx/src/nlsolve.jl:144
┌ Warning: Verbosity toggle: newton_convergence 
│  Newton iteration failed with stale Jacobian, retrying with fresh Jacobian
└ @ OrdinaryDiffEqNonlinearSolve ~/.julia/packages/OrdinaryDiffEqNonlinearSolve/doSPx/src/nlsolve.jl:144
┌ Warning: Verbosity toggle: newton_convergence 
│  Newton iteration failed with stale Jacobian, retrying with fresh Jacobian
└ @ OrdinaryDiffEqNonlinearSolve ~/.julia/packages/OrdinaryDiffEqNonlinearSolve/doSPx/src/nlsolve.jl:144
┌ Warning: Verbosity toggle: newton_convergence 
│  Newton iteration failed with stale Jacobian, retrying with fresh Jacobian
└ @ OrdinaryDiffEqNonlinearSolve ~/.julia/packages/OrdinaryDiffEqNonlinearSolve/doSPx/src/nlsolve.jl:144
┌ Warning: Verbosity toggle: newton_convergence 
│  Newton iteration failed with stale Jacobian, retrying with fresh Jacobian
└ @ OrdinaryDiffEqNonlinearSolve ~/.julia/packages/OrdinaryDiffEqNonlinearSolve/doSPx/src/nlsolve.jl:144
┌ Warning: Verbosity toggle: newton_convergence 
│  Newton iteration failed with stale Jacobian, retrying with fresh Jacobian
└ @ OrdinaryDiffEqNonlinearSolve ~/.julia/packages/OrdinaryDiffEqNonlinearSolve/doSPx/src/nlsolve.jl:144
┌ Warning: Verbosity toggle: newton_convergence 
│  Newton iteration failed with stale Jacobian, retrying with fresh Jacobian
└ @ OrdinaryDiffEqNonlinearSolve ~/.julia/packages/OrdinaryDiffEqNonlinearSolve/doSPx/src/nlsolve.jl:144
┌ Warning: Verbosity toggle: newton_convergence 
│  Newton iteration failed with stale Jacobian, retrying with fresh Jacobian
└ @ OrdinaryDiffEqNonlinearSolve ~/.julia/packages/OrdinaryDiffEqNonlinearSolve/doSPx/src/nlsolve.jl:144
┌ Warning: Verbosity toggle: newton_convergence 
│  Newton iteration diverging: θ = 13.148980540832936 > 2, ndz = 0.37894176238277494, ndzprev = 0.028819098271992003
└ @ OrdinaryDiffEqNonlinearSolve ~/.julia/packages/OrdinaryDiffEqNonlinearSolve/doSPx/src/nlsolve.jl:101
┌ Warning: Verbosity toggle: newton_convergence 
│  Newton iteration failed with stale Jacobian, retrying with fresh Jacobian
└ @ OrdinaryDiffEqNonlinearSolve ~/.julia/packages/OrdinaryDiffEqNonlinearSolve/doSPx/src/nlsolve.jl:144
┌ Warning: Verbosity toggle: newton_convergence 
│  Newton iteration failed with stale Jacobian, retrying with fresh Jacobian
└ @ OrdinaryDiffEqNonlinearSolve ~/.julia/packages/OrdinaryDiffEqNonlinearSolve/doSPx/src/nlsolve.jl:144
┌ Warning: Verbosity toggle: newton_convergence 
│  Newton iteration failed with stale Jacobian, retrying with fresh Jacobian
└ @ OrdinaryDiffEqNonlinearSolve ~/.julia/packages/OrdinaryDiffEqNonlinearSolve/doSPx/src/nlsolve.jl:144
┌ Warning: Verbosity toggle: newton_convergence 
│  Newton iteration failed with stale Jacobian, retrying with fresh Jacobian
└ @ OrdinaryDiffEqNonlinearSolve ~/.julia/packages/OrdinaryDiffEqNonlinearSolve/doSPx/src/nlsolve.jl:144
┌ Warning: Verbosity toggle: newton_convergence 
│  Newton iteration failed with stale Jacobian, retrying with fresh Jacobian
└ @ OrdinaryDiffEqNonlinearSolve ~/.julia/packages/OrdinaryDiffEqNonlinearSolve/doSPx/src/nlsolve.jl:144
┌ Warning: Verbosity toggle: newton_convergence 
│  Newton iteration failed with stale Jacobian, retrying with fresh Jacobian
└ @ OrdinaryDiffEqNonlinearSolve ~/.julia/packages/OrdinaryDiffEqNonlinearSolve/doSPx/src/nlsolve.jl:144
┌ Warning: Verbosity toggle: newton_convergence 
│  Newton iteration failed with stale Jacobian, retrying with fresh Jacobian
└ @ OrdinaryDiffEqNonlinearSolve ~/.julia/packages/OrdinaryDiffEqNonlinearSolve/doSPx/src/nlsolve.jl:144
┌ Warning: Verbosity toggle: newton_convergence 
│  Newton iteration failed with stale Jacobian, retrying with fresh Jacobian
└ @ OrdinaryDiffEqNonlinearSolve ~/.julia/packages/OrdinaryDiffEqNonlinearSolve/doSPx/src/nlsolve.jl:144
┌ Warning: Verbosity toggle: newton_convergence 
│  Newton iteration failed with stale Jacobian, retrying with fresh Jacobian
└ @ OrdinaryDiffEqNonlinearSolve ~/.julia/packages/OrdinaryDiffEqNonlinearSolve/doSPx/src/nlsolve.jl:144
┌ Warning: Verbosity toggle: newton_convergence 
│  Newton iteration failed with stale Jacobian, retrying with fresh Jacobian
└ @ OrdinaryDiffEqNonlinearSolve ~/.julia/packages/OrdinaryDiffEqNonlinearSolve/doSPx/src/nlsolve.jl:144
┌ Warning: Verbosity toggle: newton_convergence 
│  Newton iteration failed with stale Jacobian, retrying with fresh Jacobian
└ @ OrdinaryDiffEqNonlinearSolve ~/.julia/packages/OrdinaryDiffEqNonlinearSolve/doSPx/src/nlsolve.jl:144
┌ Warning: Verbosity toggle: newton_convergence 
│  Newton iteration failed with stale Jacobian, retrying with fresh Jacobian
└ @ OrdinaryDiffEqNonlinearSolve ~/.julia/packages/OrdinaryDiffEqNonlinearSolve/doSPx/src/nlsolve.jl:144
┌ Warning: Verbosity toggle: newton_convergence 
│  Newton iteration failed with stale Jacobian, retrying with fresh Jacobian
└ @ OrdinaryDiffEqNonlinearSolve ~/.julia/packages/OrdinaryDiffEqNonlinearSolve/doSPx/src/nlsolve.jl:144
┌ Warning: Verbosity toggle: newton_convergence 
│  Newton iteration failed with stale Jacobian, retrying with fresh Jacobian
└ @ OrdinaryDiffEqNonlinearSolve ~/.julia/packages/OrdinaryDiffEqNonlinearSolve/doSPx/src/nlsolve.jl:144
┌ Warning: Verbosity toggle: newton_convergence 
│  Newton iteration failed with stale Jacobian, retrying with fresh Jacobian
└ @ OrdinaryDiffEqNonlinearSolve ~/.julia/packages/OrdinaryDiffEqNonlinearSolve/doSPx/src/nlsolve.jl:144
┌ Warning: Verbosity toggle: newton_convergence 
│  Newton iteration failed with stale Jacobian, retrying with fresh Jacobian
└ @ OrdinaryDiffEqNonlinearSolve ~/.julia/packages/OrdinaryDiffEqNonlinearSolve/doSPx/src/nlsolve.jl:144
┌ Warning: Verbosity toggle: newton_convergence 
│  Newton iteration failed with stale Jacobian, retrying with fresh Jacobian
└ @ OrdinaryDiffEqNonlinearSolve ~/.julia/packages/OrdinaryDiffEqNonlinearSolve/doSPx/src/nlsolve.jl:144
┌ Warning: Verbosity toggle: newton_convergence 
│  Newton iteration failed with stale Jacobian, retrying with fresh Jacobian
└ @ OrdinaryDiffEqNonlinearSolve ~/.julia/packages/OrdinaryDiffEqNonlinearSolve/doSPx/src/nlsolve.jl:144
┌ Warning: Verbosity toggle: newton_convergence 
│  Newton iteration failed with stale Jacobian, retrying with fresh Jacobian
└ @ OrdinaryDiffEqNonlinearSolve ~/.julia/packages/OrdinaryDiffEqNonlinearSolve/doSPx/src/nlsolve.jl:144
┌ Warning: Verbosity toggle: newton_convergence 
│  Newton iteration failed with stale Jacobian, retrying with fresh Jacobian
└ @ OrdinaryDiffEqNonlinearSolve ~/.julia/packages/OrdinaryDiffEqNonlinearSolve/doSPx/src/nlsolve.jl:144
┌ Warning: Verbosity toggle: newton_convergence 
│  Newton iteration failed with stale Jacobian, retrying with fresh Jacobian
└ @ OrdinaryDiffEqNonlinearSolve ~/.julia/packages/OrdinaryDiffEqNonlinearSolve/doSPx/src/nlsolve.jl:144
┌ Warning: Verbosity toggle: newton_convergence 
│  Newton iteration failed with stale Jacobian, retrying with fresh Jacobian
└ @ OrdinaryDiffEqNonlinearSolve ~/.julia/packages/OrdinaryDiffEqNonlinearSolve/doSPx/src/nlsolve.jl:144
┌ Warning: Verbosity toggle: newton_convergence 
│  Newton iteration failed with stale Jacobian, retrying with fresh Jacobian
└ @ OrdinaryDiffEqNonlinearSolve ~/.julia/packages/OrdinaryDiffEqNonlinearSolve/doSPx/src/nlsolve.jl:144
┌ Warning: Verbosity toggle: newton_convergence 
│  Newton iteration failed with stale Jacobian, retrying with fresh Jacobian
└ @ OrdinaryDiffEqNonlinearSolve ~/.julia/packages/OrdinaryDiffEqNonlinearSolve/doSPx/src/nlsolve.jl:144
┌ Warning: Verbosity toggle: newton_convergence 
│  Newton iteration failed with stale Jacobian, retrying with fresh Jacobian
└ @ OrdinaryDiffEqNonlinearSolve ~/.julia/packages/OrdinaryDiffEqNonlinearSolve/doSPx/src/nlsolve.jl:144
┌ Warning: Verbosity toggle: newton_convergence 
│  Newton iteration failed with stale Jacobian, retrying with fresh Jacobian
└ @ OrdinaryDiffEqNonlinearSolve ~/.julia/packages/OrdinaryDiffEqNonlinearSolve/doSPx/src/nlsolve.jl:144
┌ Warning: Verbosity toggle: newton_convergence 
│  Newton iteration failed with stale Jacobian, retrying with fresh Jacobian
└ @ OrdinaryDiffEqNonlinearSolve ~/.julia/packages/OrdinaryDiffEqNonlinearSolve/doSPx/src/nlsolve.jl:144
┌ Warning: Verbosity toggle: newton_convergence 
│  Newton iteration failed with stale Jacobian, retrying with fresh Jacobian
└ @ OrdinaryDiffEqNonlinearSolve ~/.julia/packages/OrdinaryDiffEqNonlinearSolve/doSPx/src/nlsolve.jl:144
┌ Warning: Verbosity toggle: newton_convergence 
│  Newton iteration failed with stale Jacobian, retrying with fresh Jacobian
└ @ OrdinaryDiffEqNonlinearSolve ~/.julia/packages/OrdinaryDiffEqNonlinearSolve/doSPx/src/nlsolve.jl:144
┌ Warning: Verbosity toggle: newton_convergence 
│  Newton iteration failed with stale Jacobian, retrying with fresh Jacobian
└ @ OrdinaryDiffEqNonlinearSolve ~/.julia/packages/OrdinaryDiffEqNonlinearSolve/doSPx/src/nlsolve.jl:144
┌ Warning: Verbosity toggle: newton_convergence 
│  Newton iteration failed with stale Jacobian, retrying with fresh Jacobian
└ @ OrdinaryDiffEqNonlinearSolve ~/.julia/packages/OrdinaryDiffEqNonlinearSolve/doSPx/src/nlsolve.jl:144
┌ Warning: Verbosity toggle: newton_convergence 
│  Newton iteration diverging: θ = 13.148980540832936 > 2, ndz = 0.37894176238277494, ndzprev = 0.028819098271992003
└ @ OrdinaryDiffEqNonlinearSolve ~/.julia/packages/OrdinaryDiffEqNonlinearSolve/doSPx/src/nlsolve.jl:101
┌ Warning: Verbosity toggle: newton_convergence 
│  Newton iteration failed with stale Jacobian, retrying with fresh Jacobian
└ @ OrdinaryDiffEqNonlinearSolve ~/.julia/packages/OrdinaryDiffEqNonlinearSolve/doSPx/src/nlsolve.jl:144
┌ Warning: Verbosity toggle: newton_convergence 
│  Newton iteration diverging: θ = 13.148980540832936 > 2, ndz = 0.37894176238277494, ndzprev = 0.028819098271992003
└ @ OrdinaryDiffEqNonlinearSolve ~/.julia/packages/OrdinaryDiffEqNonlinearSolve/doSPx/src/nlsolve.jl:101
┌ Warning: Verbosity toggle: newton_convergence 
│  Newton iteration failed with stale Jacobian, retrying with fresh Jacobian
└ @ OrdinaryDiffEqNonlinearSolve ~/.julia/packages/OrdinaryDiffEqNonlinearSolve/doSPx/src/nlsolve.jl:144
┌ Warning: Verbosity toggle: newton_convergence 
│  Newton iteration diverging: θ = 13.148980540832936 > 2, ndz = 0.37894176238277494, ndzprev = 0.028819098271992003
└ @ OrdinaryDiffEqNonlinearSolve ~/.julia/packages/OrdinaryDiffEqNonlinearSolve/doSPx/src/nlsolve.jl:101
┌ Warning: Verbosity toggle: newton_convergence 
│  Newton iteration failed with stale Jacobian, retrying with fresh Jacobian
└ @ OrdinaryDiffEqNonlinearSolve ~/.julia/packages/OrdinaryDiffEqNonlinearSolve/doSPx/src/nlsolve.jl:144
┌ Warning: Verbosity toggle: newton_convergence 
│  Newton iteration diverging: θ = 13.148980540832936 > 2, ndz = 0.37894176238277494, ndzprev = 0.028819098271992003
└ @ OrdinaryDiffEqNonlinearSolve ~/.julia/packages/OrdinaryDiffEqNonlinearSolve/doSPx/src/nlsolve.jl:101
┌ Warning: Verbosity toggle: newton_convergence 
│  Newton iteration failed with stale Jacobian, retrying with fresh Jacobian
└ @ OrdinaryDiffEqNonlinearSolve ~/.julia/packages/OrdinaryDiffEqNonlinearSolve/doSPx/src/nlsolve.jl:144
┌ Warning: Verbosity toggle: newton_convergence 
│  Newton iteration diverging: θ = 13.148980540832936 > 2, ndz = 0.37894176238277494, ndzprev = 0.028819098271992003
└ @ OrdinaryDiffEqNonlinearSolve ~/.julia/packages/OrdinaryDiffEqNonlinearSolve/doSPx/src/nlsolve.jl:101
┌ Warning: Verbosity toggle: newton_convergence 
│  Newton iteration failed with stale Jacobian, retrying with fresh Jacobian
└ @ OrdinaryDiffEqNonlinearSolve ~/.julia/packages/OrdinaryDiffEqNonlinearSolve/doSPx/src/nlsolve.jl:144
┌ Warning: Verbosity toggle: newton_convergence 
│  Newton iteration diverging: θ = 13.148980540832936 > 2, ndz = 0.37894176238277494, ndzprev = 0.028819098271992003
└ @ OrdinaryDiffEqNonlinearSolve ~/.julia/packages/OrdinaryDiffEqNonlinearSolve/doSPx/src/nlsolve.jl:101
┌ Warning: Verbosity toggle: newton_convergence 
│  Newton iteration failed with stale Jacobian, retrying with fresh Jacobian
└ @ OrdinaryDiffEqNonlinearSolve ~/.julia/packages/OrdinaryDiffEqNonlinearSolve/doSPx/src/nlsolve.jl:144
┌ Warning: Verbosity toggle: newton_convergence 
│  Newton iteration failed with stale Jacobian, retrying with fresh Jacobian
└ @ OrdinaryDiffEqNonlinearSolve ~/.julia/packages/OrdinaryDiffEqNonlinearSolve/doSPx/src/nlsolve.jl:144
┌ Warning: Verbosity toggle: newton_convergence 
│  Newton iteration failed with stale Jacobian, retrying with fresh Jacobian
└ @ OrdinaryDiffEqNonlinearSolve ~/.julia/packages/OrdinaryDiffEqNonlinearSolve/doSPx/src/nlsolve.jl:144
┌ Warning: Verbosity toggle: newton_convergence 
│  Newton iteration failed with stale Jacobian, retrying with fresh Jacobian
└ @ OrdinaryDiffEqNonlinearSolve ~/.julia/packages/OrdinaryDiffEqNonlinearSolve/doSPx/src/nlsolve.jl:144
┌ Warning: Verbosity toggle: newton_convergence 
│  Newton iteration failed with stale Jacobian, retrying with fresh Jacobian
└ @ OrdinaryDiffEqNonlinearSolve ~/.julia/packages/OrdinaryDiffEqNonlinearSolve/doSPx/src/nlsolve.jl:144
┌ Warning: Verbosity toggle: newton_convergence 
│  Newton iteration failed with stale Jacobian, retrying with fresh Jacobian
└ @ OrdinaryDiffEqNonlinearSolve ~/.julia/packages/OrdinaryDiffEqNonlinearSolve/doSPx/src/nlsolve.jl:144
┌ Warning: Verbosity toggle: newton_convergence 
│  Newton iteration failed with stale Jacobian, retrying with fresh Jacobian
└ @ OrdinaryDiffEqNonlinearSolve ~/.julia/packages/OrdinaryDiffEqNonlinearSolve/doSPx/src/nlsolve.jl:144
┌ Warning: Verbosity toggle: newton_convergence 
│  Newton iteration failed with stale Jacobian, retrying with fresh Jacobian
└ @ OrdinaryDiffEqNonlinearSolve ~/.julia/packages/OrdinaryDiffEqNonlinearSolve/doSPx/src/nlsolve.jl:144
┌ Warning: Verbosity toggle: newton_convergence 
│  Newton iteration failed with stale Jacobian, retrying with fresh Jacobian
└ @ OrdinaryDiffEqNonlinearSolve ~/.julia/packages/OrdinaryDiffEqNonlinearSolve/doSPx/src/nlsolve.jl:144
┌ Warning: Verbosity toggle: newton_convergence 
│  Newton iteration failed with stale Jacobian, retrying with fresh Jacobian
└ @ OrdinaryDiffEqNonlinearSolve ~/.julia/packages/OrdinaryDiffEqNonlinearSolve/doSPx/src/nlsolve.jl:144
┌ Warning: Verbosity toggle: newton_convergence 
│  Newton iteration failed with stale Jacobian, retrying with fresh Jacobian
└ @ OrdinaryDiffEqNonlinearSolve ~/.julia/packages/OrdinaryDiffEqNonlinearSolve/doSPx/src/nlsolve.jl:144
┌ Warning: Verbosity toggle: newton_convergence 
│  Newton iteration failed with stale Jacobian, retrying with fresh Jacobian
└ @ OrdinaryDiffEqNonlinearSolve ~/.julia/packages/OrdinaryDiffEqNonlinearSolve/doSPx/src/nlsolve.jl:144
┌ Warning: Verbosity toggle: newton_convergence 
│  Newton iteration failed with stale Jacobian, retrying with fresh Jacobian
└ @ OrdinaryDiffEqNonlinearSolve ~/.julia/packages/OrdinaryDiffEqNonlinearSolve/doSPx/src/nlsolve.jl:144
┌ Warning: Verbosity toggle: newton_convergence 
│  Newton iteration failed with stale Jacobian, retrying with fresh Jacobian
└ @ OrdinaryDiffEqNonlinearSolve ~/.julia/packages/OrdinaryDiffEqNonlinearSolve/doSPx/src/nlsolve.jl:144
┌ Warning: Verbosity toggle: newton_convergence 
│  Newton iteration failed with stale Jacobian, retrying with fresh Jacobian
└ @ OrdinaryDiffEqNonlinearSolve ~/.julia/packages/OrdinaryDiffEqNonlinearSolve/doSPx/src/nlsolve.jl:144
┌ Warning: Verbosity toggle: newton_convergence 
│  Newton iteration failed with stale Jacobian, retrying with fresh Jacobian
└ @ OrdinaryDiffEqNonlinearSolve ~/.julia/packages/OrdinaryDiffEqNonlinearSolve/doSPx/src/nlsolve.jl:144
┌ Warning: Verbosity toggle: newton_convergence 
│  Newton iteration failed with stale Jacobian, retrying with fresh Jacobian
└ @ OrdinaryDiffEqNonlinearSolve ~/.julia/packages/OrdinaryDiffEqNonlinearSolve/doSPx/src/nlsolve.jl:144
┌ Warning: Verbosity toggle: newton_convergence 
│  Newton iteration failed with stale Jacobian, retrying with fresh Jacobian
└ @ OrdinaryDiffEqNonlinearSolve ~/.julia/packages/OrdinaryDiffEqNonlinearSolve/doSPx/src/nlsolve.jl:144
┌ Warning: Verbosity toggle: newton_convergence 
│  Newton iteration failed with stale Jacobian, retrying with fresh Jacobian
└ @ OrdinaryDiffEqNonlinearSolve ~/.julia/packages/OrdinaryDiffEqNonlinearSolve/doSPx/src/nlsolve.jl:144
┌ Warning: Verbosity toggle: newton_convergence 
│  Newton iteration failed with stale Jacobian, retrying with fresh Jacobian
└ @ OrdinaryDiffEqNonlinearSolve ~/.julia/packages/OrdinaryDiffEqNonlinearSolve/doSPx/src/nlsolve.jl:144
┌ Warning: Verbosity toggle: newton_convergence 
│  Newton iteration failed with stale Jacobian, retrying with fresh Jacobian
└ @ OrdinaryDiffEqNonlinearSolve ~/.julia/packages/OrdinaryDiffEqNonlinearSolve/doSPx/src/nlsolve.jl:144
┌ Warning: Verbosity toggle: newton_convergence 
│  Newton iteration failed with stale Jacobian, retrying with fresh Jacobian
└ @ OrdinaryDiffEqNonlinearSolve ~/.julia/packages/OrdinaryDiffEqNonlinearSolve/doSPx/src/nlsolve.jl:144
┌ Warning: Verbosity toggle: newton_convergence 
│  Newton iteration failed with stale Jacobian, retrying with fresh Jacobian
└ @ OrdinaryDiffEqNonlinearSolve ~/.julia/packages/OrdinaryDiffEqNonlinearSolve/doSPx/src/nlsolve.jl:144
┌ Warning: Verbosity toggle: newton_convergence 
│  Newton iteration failed with stale Jacobian, retrying with fresh Jacobian
└ @ OrdinaryDiffEqNonlinearSolve ~/.julia/packages/OrdinaryDiffEqNonlinearSolve/doSPx/src/nlsolve.jl:144
┌ Warning: Verbosity toggle: newton_convergence 
│  Newton iteration failed with stale Jacobian, retrying with fresh Jacobian
└ @ OrdinaryDiffEqNonlinearSolve ~/.julia/packages/OrdinaryDiffEqNonlinearSolve/doSPx/src/nlsolve.jl:144
┌ Warning: Verbosity toggle: newton_convergence 
│  Newton iteration failed with stale Jacobian, retrying with fresh Jacobian
└ @ OrdinaryDiffEqNonlinearSolve ~/.julia/packages/OrdinaryDiffEqNonlinearSolve/doSPx/src/nlsolve.jl:144
┌ Warning: Verbosity toggle: newton_convergence 
│  Newton iteration failed with stale Jacobian, retrying with fresh Jacobian
└ @ OrdinaryDiffEqNonlinearSolve ~/.julia/packages/OrdinaryDiffEqNonlinearSolve/doSPx/src/nlsolve.jl:144
┌ Warning: Verbosity toggle: newton_convergence 
│  Newton iteration failed with stale Jacobian, retrying with fresh Jacobian
└ @ OrdinaryDiffEqNonlinearSolve ~/.julia/packages/OrdinaryDiffEqNonlinearSolve/doSPx/src/nlsolve.jl:144
┌ Warning: Verbosity toggle: newton_convergence 
│  Newton iteration failed with stale Jacobian, retrying with fresh Jacobian
└ @ OrdinaryDiffEqNonlinearSolve ~/.julia/packages/OrdinaryDiffEqNonlinearSolve/doSPx/src/nlsolve.jl:144
┌ Warning: Verbosity toggle: newton_convergence 
│  Newton iteration failed with stale Jacobian, retrying with fresh Jacobian
└ @ OrdinaryDiffEqNonlinearSolve ~/.julia/packages/OrdinaryDiffEqNonlinearSolve/doSPx/src/nlsolve.jl:144
┌ Warning: Verbosity toggle: newton_convergence 
│  Newton iteration failed with stale Jacobian, retrying with fresh Jacobian
└ @ OrdinaryDiffEqNonlinearSolve ~/.julia/packages/OrdinaryDiffEqNonlinearSolve/doSPx/src/nlsolve.jl:144
┌ Warning: Verbosity toggle: newton_convergence 
│  Newton iteration failed with stale Jacobian, retrying with fresh Jacobian
└ @ OrdinaryDiffEqNonlinearSolve ~/.julia/packages/OrdinaryDiffEqNonlinearSolve/doSPx/src/nlsolve.jl:144
┌ Warning: Verbosity toggle: newton_convergence 
│  Newton iteration failed with stale Jacobian, retrying with fresh Jacobian
└ @ OrdinaryDiffEqNonlinearSolve ~/.julia/packages/OrdinaryDiffEqNonlinearSolve/doSPx/src/nlsolve.jl:144
┌ Warning: Verbosity toggle: newton_convergence 
│  Newton iteration failed with stale Jacobian, retrying with fresh Jacobian
└ @ OrdinaryDiffEqNonlinearSolve ~/.julia/packages/OrdinaryDiffEqNonlinearSolve/doSPx/src/nlsolve.jl:144
┌ Warning: Verbosity toggle: newton_convergence 
│  Newton iteration failed with stale Jacobian, retrying with fresh Jacobian
└ @ OrdinaryDiffEqNonlinearSolve ~/.julia/packages/OrdinaryDiffEqNonlinearSolve/doSPx/src/nlsolve.jl:144
┌ Warning: Verbosity toggle: newton_convergence 
│  Newton iteration failed with stale Jacobian, retrying with fresh Jacobian
└ @ OrdinaryDiffEqNonlinearSolve ~/.julia/packages/OrdinaryDiffEqNonlinearSolve/doSPx/src/nlsolve.jl:144
┌ Warning: Verbosity toggle: newton_convergence 
│  Newton iteration failed with stale Jacobian, retrying with fresh Jacobian
└ @ OrdinaryDiffEqNonlinearSolve ~/.julia/packages/OrdinaryDiffEqNonlinearSolve/doSPx/src/nlsolve.jl:144
┌ Warning: Verbosity toggle: newton_convergence 
│  Newton iteration failed with stale Jacobian, retrying with fresh Jacobian
└ @ OrdinaryDiffEqNonlinearSolve ~/.julia/packages/OrdinaryDiffEqNonlinearSolve/doSPx/src/nlsolve.jl:144
┌ Warning: Verbosity toggle: newton_convergence 
│  Newton iteration failed with stale Jacobian, retrying with fresh Jacobian
└ @ OrdinaryDiffEqNonlinearSolve ~/.julia/packages/OrdinaryDiffEqNonlinearSolve/doSPx/src/nlsolve.jl:144
┌ Warning: Verbosity toggle: newton_convergence 
│  Newton iteration failed with stale Jacobian, retrying with fresh Jacobian
└ @ OrdinaryDiffEqNonlinearSolve ~/.julia/packages/OrdinaryDiffEqNonlinearSolve/doSPx/src/nlsolve.jl:144
┌ Warning: Verbosity toggle: newton_convergence 
│  Newton iteration failed with stale Jacobian, retrying with fresh Jacobian
└ @ OrdinaryDiffEqNonlinearSolve ~/.julia/packages/OrdinaryDiffEqNonlinearSolve/doSPx/src/nlsolve.jl:144
┌ Warning: Verbosity toggle: newton_convergence 
│  Newton iteration failed with stale Jacobian, retrying with fresh Jacobian
└ @ OrdinaryDiffEqNonlinearSolve ~/.julia/packages/OrdinaryDiffEqNonlinearSolve/doSPx/src/nlsolve.jl:144
┌ Warning: Verbosity toggle: newton_convergence 
│  Newton iteration failed with stale Jacobian, retrying with fresh Jacobian
└ @ OrdinaryDiffEqNonlinearSolve ~/.julia/packages/OrdinaryDiffEqNonlinearSolve/doSPx/src/nlsolve.jl:144
┌ Warning: Verbosity toggle: newton_convergence 
│  Newton iteration failed with stale Jacobian, retrying with fresh Jacobian
└ @ OrdinaryDiffEqNonlinearSolve ~/.julia/packages/OrdinaryDiffEqNonlinearSolve/doSPx/src/nlsolve.jl:144
┌ Warning: Verbosity toggle: newton_convergence 
│  Newton iteration failed with stale Jacobian, retrying with fresh Jacobian
└ @ OrdinaryDiffEqNonlinearSolve ~/.julia/packages/OrdinaryDiffEqNonlinearSolve/doSPx/src/nlsolve.jl:144
┌ Warning: Verbosity toggle: newton_convergence 
│  Newton iteration failed with stale Jacobian, retrying with fresh Jacobian
└ @ OrdinaryDiffEqNonlinearSolve ~/.julia/packages/OrdinaryDiffEqNonlinearSolve/doSPx/src/nlsolve.jl:144
┌ Warning: Verbosity toggle: newton_convergence 
│  Newton iteration failed with stale Jacobian, retrying with fresh Jacobian
└ @ OrdinaryDiffEqNonlinearSolve ~/.julia/packages/OrdinaryDiffEqNonlinearSolve/doSPx/src/nlsolve.jl:144
┌ Warning: Verbosity toggle: newton_convergence 
│  Newton iteration failed with stale Jacobian, retrying with fresh Jacobian
└ @ OrdinaryDiffEqNonlinearSolve ~/.julia/packages/OrdinaryDiffEqNonlinearSolve/doSPx/src/nlsolve.jl:144
┌ Warning: Verbosity toggle: newton_convergence 
│  Newton iteration failed with stale Jacobian, retrying with fresh Jacobian
└ @ OrdinaryDiffEqNonlinearSolve ~/.julia/packages/OrdinaryDiffEqNonlinearSolve/doSPx/src/nlsolve.jl:144
┌ Warning: Verbosity toggle: newton_convergence 
│  Newton iteration failed with stale Jacobian, retrying with fresh Jacobian
└ @ OrdinaryDiffEqNonlinearSolve ~/.julia/packages/OrdinaryDiffEqNonlinearSolve/doSPx/src/nlsolve.jl:144
┌ Warning: Verbosity toggle: newton_convergence 
│  Newton iteration failed with stale Jacobian, retrying with fresh Jacobian
└ @ OrdinaryDiffEqNonlinearSolve ~/.julia/packages/OrdinaryDiffEqNonlinearSolve/doSPx/src/nlsolve.jl:144
┌ Warning: Verbosity toggle: newton_convergence 
│  Newton iteration failed with stale Jacobian, retrying with fresh Jacobian
└ @ OrdinaryDiffEqNonlinearSolve ~/.julia/packages/OrdinaryDiffEqNonlinearSolve/doSPx/src/nlsolve.jl:144
┌ Warning: Verbosity toggle: newton_convergence 
│  Newton iteration failed with stale Jacobian, retrying with fresh Jacobian
└ @ OrdinaryDiffEqNonlinearSolve ~/.julia/packages/OrdinaryDiffEqNonlinearSolve/doSPx/src/nlsolve.jl:144
┌ Warning: Verbosity toggle: newton_convergence 
│  Newton iteration failed with stale Jacobian, retrying with fresh Jacobian
└ @ OrdinaryDiffEqNonlinearSolve ~/.julia/packages/OrdinaryDiffEqNonlinearSolve/doSPx/src/nlsolve.jl:144
┌ Warning: Verbosity toggle: newton_convergence 
│  Newton iteration failed with stale Jacobian, retrying with fresh Jacobian
└ @ OrdinaryDiffEqNonlinearSolve ~/.julia/packages/OrdinaryDiffEqNonlinearSolve/doSPx/src/nlsolve.jl:144
┌ Warning: Verbosity toggle: newton_convergence 
│  Newton iteration failed with stale Jacobian, retrying with fresh Jacobian
└ @ OrdinaryDiffEqNonlinearSolve ~/.julia/packages/OrdinaryDiffEqNonlinearSolve/doSPx/src/nlsolve.jl:144
┌ Warning: Verbosity toggle: newton_convergence 
│  Newton iteration failed with stale Jacobian, retrying with fresh Jacobian
└ @ OrdinaryDiffEqNonlinearSolve ~/.julia/packages/OrdinaryDiffEqNonlinearSolve/doSPx/src/nlsolve.jl:144
┌ Warning: Verbosity toggle: newton_convergence 
│  Newton iteration failed with stale Jacobian, retrying with fresh Jacobian
└ @ OrdinaryDiffEqNonlinearSolve ~/.julia/packages/OrdinaryDiffEqNonlinearSolve/doSPx/src/nlsolve.jl:144
┌ Warning: Verbosity toggle: newton_convergence 
│  Newton iteration failed with stale Jacobian, retrying with fresh Jacobian
└ @ OrdinaryDiffEqNonlinearSolve ~/.julia/packages/OrdinaryDiffEqNonlinearSolve/doSPx/src/nlsolve.jl:144
┌ Warning: Verbosity toggle: newton_convergence 
│  Newton iteration failed with stale Jacobian, retrying with fresh Jacobian
└ @ OrdinaryDiffEqNonlinearSolve ~/.julia/packages/OrdinaryDiffEqNonlinearSolve/doSPx/src/nlsolve.jl:144
┌ Warning: Verbosity toggle: newton_convergence 
│  Newton iteration failed with stale Jacobian, retrying with fresh Jacobian
└ @ OrdinaryDiffEqNonlinearSolve ~/.julia/packages/OrdinaryDiffEqNonlinearSolve/doSPx/src/nlsolve.jl:144
┌ Warning: Verbosity toggle: newton_convergence 
│  Newton iteration failed with stale Jacobian, retrying with fresh Jacobian
└ @ OrdinaryDiffEqNonlinearSolve ~/.julia/packages/OrdinaryDiffEqNonlinearSolve/doSPx/src/nlsolve.jl:144
┌ Warning: Verbosity toggle: newton_convergence 
│  Newton iteration failed with stale Jacobian, retrying with fresh Jacobian
└ @ OrdinaryDiffEqNonlinearSolve ~/.julia/packages/OrdinaryDiffEqNonlinearSolve/doSPx/src/nlsolve.jl:144
┌ Warning: Verbosity toggle: newton_convergence 
│  Newton iteration failed with stale Jacobian, retrying with fresh Jacobian
└ @ OrdinaryDiffEqNonlinearSolve ~/.julia/packages/OrdinaryDiffEqNonlinearSolve/doSPx/src/nlsolve.jl:144
┌ Warning: Verbosity toggle: newton_convergence 
│  Newton iteration failed with stale Jacobian, retrying with fresh Jacobian
└ @ OrdinaryDiffEqNonlinearSolve ~/.julia/packages/OrdinaryDiffEqNonlinearSolve/doSPx/src/nlsolve.jl:144
┌ Warning: Verbosity toggle: newton_convergence 
│  Newton iteration failed with stale Jacobian, retrying with fresh Jacobian
└ @ OrdinaryDiffEqNonlinearSolve ~/.julia/packages/OrdinaryDiffEqNonlinearSolve/doSPx/src/nlsolve.jl:144
┌ Warning: Verbosity toggle: newton_convergence 
│  Newton iteration failed with stale Jacobian, retrying with fresh Jacobian
└ @ OrdinaryDiffEqNonlinearSolve ~/.julia/packages/OrdinaryDiffEqNonlinearSolve/doSPx/src/nlsolve.jl:144
┌ Warning: Verbosity toggle: newton_convergence 
│  Newton iteration failed with stale Jacobian, retrying with fresh Jacobian
└ @ OrdinaryDiffEqNonlinearSolve ~/.julia/packages/OrdinaryDiffEqNonlinearSolve/doSPx/src/nlsolve.jl:144
┌ Warning: Verbosity toggle: newton_convergence 
│  Newton iteration failed with stale Jacobian, retrying with fresh Jacobian
└ @ OrdinaryDiffEqNonlinearSolve ~/.julia/packages/OrdinaryDiffEqNonlinearSolve/doSPx/src/nlsolve.jl:144
┌ Warning: Verbosity toggle: newton_convergence 
│  Newton iteration failed with stale Jacobian, retrying with fresh Jacobian
└ @ OrdinaryDiffEqNonlinearSolve ~/.julia/packages/OrdinaryDiffEqNonlinearSolve/doSPx/src/nlsolve.jl:144
┌ Warning: Verbosity toggle: newton_convergence 
│  Newton iteration failed with stale Jacobian, retrying with fresh Jacobian
└ @ OrdinaryDiffEqNonlinearSolve ~/.julia/packages/OrdinaryDiffEqNonlinearSolve/doSPx/src/nlsolve.jl:144
┌ Warning: Verbosity toggle: newton_convergence 
│  Newton iteration failed with stale Jacobian, retrying with fresh Jacobian
└ @ OrdinaryDiffEqNonlinearSolve ~/.julia/packages/OrdinaryDiffEqNonlinearSolve/doSPx/src/nlsolve.jl:144
┌ Warning: Verbosity toggle: newton_convergence 
│  Newton iteration failed with stale Jacobian, retrying with fresh Jacobian
└ @ OrdinaryDiffEqNonlinearSolve ~/.julia/packages/OrdinaryDiffEqNonlinearSolve/doSPx/src/nlsolve.jl:144
┌ Warning: Verbosity toggle: newton_convergence 
│  Newton iteration failed with stale Jacobian, retrying with fresh Jacobian
└ @ OrdinaryDiffEqNonlinearSolve ~/.julia/packages/OrdinaryDiffEqNonlinearSolve/doSPx/src/nlsolve.jl:144
┌ Warning: Verbosity toggle: newton_convergence 
│  Newton iteration failed with stale Jacobian, retrying with fresh Jacobian
└ @ OrdinaryDiffEqNonlinearSolve ~/.julia/packages/OrdinaryDiffEqNonlinearSolve/doSPx/src/nlsolve.jl:144
┌ Warning: Verbosity toggle: newton_convergence 
│  Newton iteration failed with stale Jacobian, retrying with fresh Jacobian
└ @ OrdinaryDiffEqNonlinearSolve ~/.julia/packages/OrdinaryDiffEqNonlinearSolve/doSPx/src/nlsolve.jl:144
┌ Warning: Verbosity toggle: newton_convergence 
│  Newton iteration failed with stale Jacobian, retrying with fresh Jacobian
└ @ OrdinaryDiffEqNonlinearSolve ~/.julia/packages/OrdinaryDiffEqNonlinearSolve/doSPx/src/nlsolve.jl:144
┌ Warning: Verbosity toggle: newton_convergence 
│  Newton iteration failed with stale Jacobian, retrying with fresh Jacobian
└ @ OrdinaryDiffEqNonlinearSolve ~/.julia/packages/OrdinaryDiffEqNonlinearSolve/doSPx/src/nlsolve.jl:144
┌ Warning: Verbosity toggle: newton_convergence 
│  Newton iteration failed with stale Jacobian, retrying with fresh Jacobian
└ @ OrdinaryDiffEqNonlinearSolve ~/.julia/packages/OrdinaryDiffEqNonlinearSolve/doSPx/src/nlsolve.jl:144
┌ Warning: Verbosity toggle: newton_convergence 
│  Newton iteration failed with stale Jacobian, retrying with fresh Jacobian
└ @ OrdinaryDiffEqNonlinearSolve ~/.julia/packages/OrdinaryDiffEqNonlinearSolve/doSPx/src/nlsolve.jl:144
┌ Warning: Verbosity toggle: newton_convergence 
│  Newton iteration failed with stale Jacobian, retrying with fresh Jacobian
└ @ OrdinaryDiffEqNonlinearSolve ~/.julia/packages/OrdinaryDiffEqNonlinearSolve/doSPx/src/nlsolve.jl:144
┌ Warning: Verbosity toggle: newton_convergence 
│  Newton iteration failed with stale Jacobian, retrying with fresh Jacobian
└ @ OrdinaryDiffEqNonlinearSolve ~/.julia/packages/OrdinaryDiffEqNonlinearSolve/doSPx/src/nlsolve.jl:144
┌ Warning: Verbosity toggle: newton_convergence 
│  Newton iteration failed with stale Jacobian, retrying with fresh Jacobian
└ @ OrdinaryDiffEqNonlinearSolve ~/.julia/packages/OrdinaryDiffEqNonlinearSolve/doSPx/src/nlsolve.jl:144
┌ Warning: Verbosity toggle: newton_convergence 
│  Newton iteration failed with stale Jacobian, retrying with fresh Jacobian
└ @ OrdinaryDiffEqNonlinearSolve ~/.julia/packages/OrdinaryDiffEqNonlinearSolve/doSPx/src/nlsolve.jl:144
┌ Warning: Verbosity toggle: newton_convergence 
│  Newton iteration failed with stale Jacobian, retrying with fresh Jacobian
└ @ OrdinaryDiffEqNonlinearSolve ~/.julia/packages/OrdinaryDiffEqNonlinearSolve/doSPx/src/nlsolve.jl:144
┌ Warning: Verbosity toggle: newton_convergence 
│  Newton iteration failed with stale Jacobian, retrying with fresh Jacobian
└ @ OrdinaryDiffEqNonlinearSolve ~/.julia/packages/OrdinaryDiffEqNonlinearSolve/doSPx/src/nlsolve.jl:144
┌ Warning: Verbosity toggle: newton_convergence 
│  Newton iteration failed with stale Jacobian, retrying with fresh Jacobian
└ @ OrdinaryDiffEqNonlinearSolve ~/.julia/packages/OrdinaryDiffEqNonlinearSolve/doSPx/src/nlsolve.jl:144
┌ Warning: Verbosity toggle: newton_convergence 
│  Newton iteration failed with stale Jacobian, retrying with fresh Jacobian
└ @ OrdinaryDiffEqNonlinearSolve ~/.julia/packages/OrdinaryDiffEqNonlinearSolve/doSPx/src/nlsolve.jl:144
┌ Warning: Verbosity toggle: newton_convergence 
│  Newton iteration failed with stale Jacobian, retrying with fresh Jacobian
└ @ OrdinaryDiffEqNonlinearSolve ~/.julia/packages/OrdinaryDiffEqNonlinearSolve/doSPx/src/nlsolve.jl:144
┌ Warning: Verbosity toggle: newton_convergence 
│  Newton iteration failed with stale Jacobian, retrying with fresh Jacobian
└ @ OrdinaryDiffEqNonlinearSolve ~/.julia/packages/OrdinaryDiffEqNonlinearSolve/doSPx/src/nlsolve.jl:144
┌ Warning: Verbosity toggle: newton_convergence 
│  Newton iteration failed with stale Jacobian, retrying with fresh Jacobian
└ @ OrdinaryDiffEqNonlinearSolve ~/.julia/packages/OrdinaryDiffEqNonlinearSolve/doSPx/src/nlsolve.jl:144
┌ Warning: Verbosity toggle: newton_convergence 
│  Newton iteration failed with stale Jacobian, retrying with fresh Jacobian
└ @ OrdinaryDiffEqNonlinearSolve ~/.julia/packages/OrdinaryDiffEqNonlinearSolve/doSPx/src/nlsolve.jl:144
┌ Warning: Verbosity toggle: newton_convergence 
│  Newton iteration failed with stale Jacobian, retrying with fresh Jacobian
└ @ OrdinaryDiffEqNonlinearSolve ~/.julia/packages/OrdinaryDiffEqNonlinearSolve/doSPx/src/nlsolve.jl:144
┌ Warning: Verbosity toggle: newton_convergence 
│  Newton iteration failed with stale Jacobian, retrying with fresh Jacobian
└ @ OrdinaryDiffEqNonlinearSolve ~/.julia/packages/OrdinaryDiffEqNonlinearSolve/doSPx/src/nlsolve.jl:144
┌ Warning: Verbosity toggle: newton_convergence 
│  Newton iteration failed with stale Jacobian, retrying with fresh Jacobian
└ @ OrdinaryDiffEqNonlinearSolve ~/.julia/packages/OrdinaryDiffEqNonlinearSolve/doSPx/src/nlsolve.jl:144
┌ Warning: Verbosity toggle: newton_convergence 
│  Newton iteration failed with stale Jacobian, retrying with fresh Jacobian
└ @ OrdinaryDiffEqNonlinearSolve ~/.julia/packages/OrdinaryDiffEqNonlinearSolve/doSPx/src/nlsolve.jl:144
┌ Warning: Verbosity toggle: newton_convergence 
│  Newton iteration failed with stale Jacobian, retrying with fresh Jacobian
└ @ OrdinaryDiffEqNonlinearSolve ~/.julia/packages/OrdinaryDiffEqNonlinearSolve/doSPx/src/nlsolve.jl:144
┌ Warning: Verbosity toggle: newton_convergence 
│  Newton iteration failed with stale Jacobian, retrying with fresh Jacobian
└ @ OrdinaryDiffEqNonlinearSolve ~/.julia/packages/OrdinaryDiffEqNonlinearSolve/doSPx/src/nlsolve.jl:144
┌ Warning: Verbosity toggle: newton_convergence 
│  Newton iteration failed with stale Jacobian, retrying with fresh Jacobian
└ @ OrdinaryDiffEqNonlinearSolve ~/.julia/packages/OrdinaryDiffEqNonlinearSolve/doSPx/src/nlsolve.jl:144
┌ Warning: Verbosity toggle: newton_convergence 
│  Newton iteration failed with stale Jacobian, retrying with fresh Jacobian
└ @ OrdinaryDiffEqNonlinearSolve ~/.julia/packages/OrdinaryDiffEqNonlinearSolve/doSPx/src/nlsolve.jl:144
┌ Warning: Verbosity toggle: newton_convergence 
│  Newton iteration failed with stale Jacobian, retrying with fresh Jacobian
└ @ OrdinaryDiffEqNonlinearSolve ~/.julia/packages/OrdinaryDiffEqNonlinearSolve/doSPx/src/nlsolve.jl:144
┌ Warning: Verbosity toggle: newton_convergence 
│  Newton iteration failed with stale Jacobian, retrying with fresh Jacobian
└ @ OrdinaryDiffEqNonlinearSolve ~/.julia/packages/OrdinaryDiffEqNonlinearSolve/doSPx/src/nlsolve.jl:144
┌ Warning: Verbosity toggle: newton_convergence 
│  Newton iteration failed with stale Jacobian, retrying with fresh Jacobian
└ @ OrdinaryDiffEqNonlinearSolve ~/.julia/packages/OrdinaryDiffEqNonlinearSolve/doSPx/src/nlsolve.jl:144
┌ Warning: Verbosity toggle: newton_convergence 
│  Newton iteration failed with stale Jacobian, retrying with fresh Jacobian
└ @ OrdinaryDiffEqNonlinearSolve ~/.julia/packages/OrdinaryDiffEqNonlinearSolve/doSPx/src/nlsolve.jl:144
┌ Warning: Verbosity toggle: newton_convergence 
│  Newton iteration failed with stale Jacobian, retrying with fresh Jacobian
└ @ OrdinaryDiffEqNonlinearSolve ~/.julia/packages/OrdinaryDiffEqNonlinearSolve/doSPx/src/nlsolve.jl:144
┌ Warning: Verbosity toggle: newton_convergence 
│  Newton iteration failed with stale Jacobian, retrying with fresh Jacobian
└ @ OrdinaryDiffEqNonlinearSolve ~/.julia/packages/OrdinaryDiffEqNonlinearSolve/doSPx/src/nlsolve.jl:144
┌ Warning: Verbosity toggle: newton_convergence 
│  Newton iteration failed with stale Jacobian, retrying with fresh Jacobian
└ @ OrdinaryDiffEqNonlinearSolve ~/.julia/packages/OrdinaryDiffEqNonlinearSolve/doSPx/src/nlsolve.jl:144
┌ Warning: Verbosity toggle: newton_convergence 
│  Newton iteration failed with stale Jacobian, retrying with fresh Jacobian
└ @ OrdinaryDiffEqNonlinearSolve ~/.julia/packages/OrdinaryDiffEqNonlinearSolve/doSPx/src/nlsolve.jl:144
┌ Warning: Verbosity toggle: newton_convergence 
│  Newton iteration failed with stale Jacobian, retrying with fresh Jacobian
└ @ OrdinaryDiffEqNonlinearSolve ~/.julia/packages/OrdinaryDiffEqNonlinearSolve/doSPx/src/nlsolve.jl:144
┌ Warning: Verbosity toggle: newton_convergence 
│  Newton iteration failed with stale Jacobian, retrying with fresh Jacobian
└ @ OrdinaryDiffEqNonlinearSolve ~/.julia/packages/OrdinaryDiffEqNonlinearSolve/doSPx/src/nlsolve.jl:144
┌ Warning: Verbosity toggle: newton_convergence 
│  Newton iteration failed with stale Jacobian, retrying with fresh Jacobian
└ @ OrdinaryDiffEqNonlinearSolve ~/.julia/packages/OrdinaryDiffEqNonlinearSolve/doSPx/src/nlsolve.jl:144
┌ Warning: Verbosity toggle: newton_convergence 
│  Newton iteration failed with stale Jacobian, retrying with fresh Jacobian
└ @ OrdinaryDiffEqNonlinearSolve ~/.julia/packages/OrdinaryDiffEqNonlinearSolve/doSPx/src/nlsolve.jl:144
┌ Warning: Verbosity toggle: newton_convergence 
│  Newton iteration failed with stale Jacobian, retrying with fresh Jacobian
└ @ OrdinaryDiffEqNonlinearSolve ~/.julia/packages/OrdinaryDiffEqNonlinearSolve/doSPx/src/nlsolve.jl:144
┌ Warning: Verbosity toggle: newton_convergence 
│  Newton iteration failed with stale Jacobian, retrying with fresh Jacobian
└ @ OrdinaryDiffEqNonlinearSolve ~/.julia/packages/OrdinaryDiffEqNonlinearSolve/doSPx/src/nlsolve.jl:144
┌ Warning: Verbosity toggle: newton_convergence 
│  Newton iteration failed with stale Jacobian, retrying with fresh Jacobian
└ @ OrdinaryDiffEqNonlinearSolve ~/.julia/packages/OrdinaryDiffEqNonlinearSolve/doSPx/src/nlsolve.jl:144
┌ Warning: Verbosity toggle: newton_convergence 
│  Newton iteration failed with stale Jacobian, retrying with fresh Jacobian
└ @ OrdinaryDiffEqNonlinearSolve ~/.julia/packages/OrdinaryDiffEqNonlinearSolve/doSPx/src/nlsolve.jl:144
┌ Warning: Verbosity toggle: newton_convergence 
│  Newton iteration failed with stale Jacobian, retrying with fresh Jacobian
└ @ OrdinaryDiffEqNonlinearSolve ~/.julia/packages/OrdinaryDiffEqNonlinearSolve/doSPx/src/nlsolve.jl:144
┌ Warning: Verbosity toggle: newton_convergence 
│  Newton iteration failed with stale Jacobian, retrying with fresh Jacobian
└ @ OrdinaryDiffEqNonlinearSolve ~/.julia/packages/OrdinaryDiffEqNonlinearSolve/doSPx/src/nlsolve.jl:144
┌ Warning: Verbosity toggle: newton_convergence 
│  Newton iteration failed with stale Jacobian, retrying with fresh Jacobian
└ @ OrdinaryDiffEqNonlinearSolve ~/.julia/packages/OrdinaryDiffEqNonlinearSolve/doSPx/src/nlsolve.jl:144
┌ Warning: Verbosity toggle: newton_convergence 
│  Newton iteration failed with stale Jacobian, retrying with fresh Jacobian
└ @ OrdinaryDiffEqNonlinearSolve ~/.julia/packages/OrdinaryDiffEqNonlinearSolve/doSPx/src/nlsolve.jl:144
┌ Warning: Verbosity toggle: newton_convergence 
│  Newton iteration failed with stale Jacobian, retrying with fresh Jacobian
└ @ OrdinaryDiffEqNonlinearSolve ~/.julia/packages/OrdinaryDiffEqNonlinearSolve/doSPx/src/nlsolve.jl:144
┌ Warning: Verbosity toggle: newton_convergence 
│  Newton iteration diverging: θ = 13.148980540832936 > 2, ndz = 0.37894176238277494, ndzprev = 0.028819098271992003
└ @ OrdinaryDiffEqNonlinearSolve ~/.julia/packages/OrdinaryDiffEqNonlinearSolve/doSPx/src/nlsolve.jl:101
┌ Warning: Verbosity toggle: newton_convergence 
│  Newton iteration failed with stale Jacobian, retrying with fresh Jacobian
└ @ OrdinaryDiffEqNonlinearSolve ~/.julia/packages/OrdinaryDiffEqNonlinearSolve/doSPx/src/nlsolve.jl:144
┌ Warning: Verbosity toggle: newton_convergence 
│  Newton iteration diverging: θ = 13.148980540832936 > 2, ndz = 0.37894176238277494, ndzprev = 0.028819098271992003
└ @ OrdinaryDiffEqNonlinearSolve ~/.julia/packages/OrdinaryDiffEqNonlinearSolve/doSPx/src/nlsolve.jl:101
┌ Warning: Verbosity toggle: newton_convergence 
│  Newton iteration failed with stale Jacobian, retrying with fresh Jacobian
└ @ OrdinaryDiffEqNonlinearSolve ~/.julia/packages/OrdinaryDiffEqNonlinearSolve/doSPx/src/nlsolve.jl:144
┌ Warning: Verbosity toggle: newton_convergence 
│  Newton iteration diverging: θ = 13.148980540832936 > 2, ndz = 0.37894176238277494, ndzprev = 0.028819098271992003
└ @ OrdinaryDiffEqNonlinearSolve ~/.julia/packages/OrdinaryDiffEqNonlinearSolve/doSPx/src/nlsolve.jl:101
┌ Warning: Verbosity toggle: newton_convergence 
│  Newton iteration failed with stale Jacobian, retrying with fresh Jacobian
└ @ OrdinaryDiffEqNonlinearSolve ~/.julia/packages/OrdinaryDiffEqNonlinearSolve/doSPx/src/nlsolve.jl:144
┌ Warning: Verbosity toggle: newton_convergence 
│  Newton iteration diverging: θ = 13.148980540832936 > 2, ndz = 0.37894176238277494, ndzprev = 0.028819098271992003
└ @ OrdinaryDiffEqNonlinearSolve ~/.julia/packages/OrdinaryDiffEqNonlinearSolve/doSPx/src/nlsolve.jl:101
┌ Warning: Verbosity toggle: newton_convergence 
│  Newton iteration failed with stale Jacobian, retrying with fresh Jacobian
└ @ OrdinaryDiffEqNonlinearSolve ~/.julia/packages/OrdinaryDiffEqNonlinearSolve/doSPx/src/nlsolve.jl:144
┌ Warning: Verbosity toggle: newton_convergence 
│  Newton iteration diverging: θ = 13.148980540832936 > 2, ndz = 0.37894176238277494, ndzprev = 0.028819098271992003
└ @ OrdinaryDiffEqNonlinearSolve ~/.julia/packages/OrdinaryDiffEqNonlinearSolve/doSPx/src/nlsolve.jl:101
┌ Warning: Verbosity toggle: newton_convergence 
│  Newton iteration failed with stale Jacobian, retrying with fresh Jacobian
└ @ OrdinaryDiffEqNonlinearSolve ~/.julia/packages/OrdinaryDiffEqNonlinearSolve/doSPx/src/nlsolve.jl:144
┌ Warning: Verbosity toggle: newton_convergence 
│  Newton iteration diverging: θ = 13.148980540832936 > 2, ndz = 0.37894176238277494, ndzprev = 0.028819098271992003
└ @ OrdinaryDiffEqNonlinearSolve ~/.julia/packages/OrdinaryDiffEqNonlinearSolve/doSPx/src/nlsolve.jl:101
┌ Warning: Verbosity toggle: newton_convergence 
│  Newton iteration failed with stale Jacobian, retrying with fresh Jacobian
└ @ OrdinaryDiffEqNonlinearSolve ~/.julia/packages/OrdinaryDiffEqNonlinearSolve/doSPx/src/nlsolve.jl:144
┌ Warning: Verbosity toggle: newton_convergence 
│  Newton iteration diverging: θ = 13.148980540832936 > 2, ndz = 0.37894176238277494, ndzprev = 0.028819098271992003
└ @ OrdinaryDiffEqNonlinearSolve ~/.julia/packages/OrdinaryDiffEqNonlinearSolve/doSPx/src/nlsolve.jl:101
┌ Warning: Verbosity toggle: newton_convergence 
│  Newton iteration failed with stale Jacobian, retrying with fresh Jacobian
└ @ OrdinaryDiffEqNonlinearSolve ~/.julia/packages/OrdinaryDiffEqNonlinearSolve/doSPx/src/nlsolve.jl:144
┌ Warning: Verbosity toggle: newton_convergence 
│  Newton iteration diverging: θ = 13.148980540832936 > 2, ndz = 0.37894176238277494, ndzprev = 0.028819098271992003
└ @ OrdinaryDiffEqNonlinearSolve ~/.julia/packages/OrdinaryDiffEqNonlinearSolve/doSPx/src/nlsolve.jl:101
┌ Warning: Verbosity toggle: newton_convergence 
│  Newton iteration failed with stale Jacobian, retrying with fresh Jacobian
└ @ OrdinaryDiffEqNonlinearSolve ~/.julia/packages/OrdinaryDiffEqNonlinearSolve/doSPx/src/nlsolve.jl:144
┌ Warning: Verbosity toggle: newton_convergence 
│  Newton iteration diverging: θ = 13.148980540832936 > 2, ndz = 0.37894176238277494, ndzprev = 0.028819098271992003
└ @ OrdinaryDiffEqNonlinearSolve ~/.julia/packages/OrdinaryDiffEqNonlinearSolve/doSPx/src/nlsolve.jl:101
┌ Warning: Verbosity toggle: newton_convergence 
│  Newton iteration failed with stale Jacobian, retrying with fresh Jacobian
└ @ OrdinaryDiffEqNonlinearSolve ~/.julia/packages/OrdinaryDiffEqNonlinearSolve/doSPx/src/nlsolve.jl:144
┌ Warning: Verbosity toggle: newton_convergence 
│  Newton iteration diverging: θ = 13.148980540832936 > 2, ndz = 0.37894176238277494, ndzprev = 0.028819098271992003
└ @ OrdinaryDiffEqNonlinearSolve ~/.julia/packages/OrdinaryDiffEqNonlinearSolve/doSPx/src/nlsolve.jl:101
┌ Warning: Verbosity toggle: newton_convergence 
│  Newton iteration failed with stale Jacobian, retrying with fresh Jacobian
└ @ OrdinaryDiffEqNonlinearSolve ~/.julia/packages/OrdinaryDiffEqNonlinearSolve/doSPx/src/nlsolve.jl:144
┌ Warning: Verbosity toggle: newton_convergence 
│  Newton iteration diverging: θ = 13.148980540832936 > 2, ndz = 0.37894176238277494, ndzprev = 0.028819098271992003
└ @ OrdinaryDiffEqNonlinearSolve ~/.julia/packages/OrdinaryDiffEqNonlinearSolve/doSPx/src/nlsolve.jl:101
┌ Warning: Verbosity toggle: newton_convergence 
│  Newton iteration failed with stale Jacobian, retrying with fresh Jacobian
└ @ OrdinaryDiffEqNonlinearSolve ~/.julia/packages/OrdinaryDiffEqNonlinearSolve/doSPx/src/nlsolve.jl:144
┌ Warning: Verbosity toggle: newton_convergence 
│  Newton iteration diverging: θ = 13.148980540832936 > 2, ndz = 0.37894176238277494, ndzprev = 0.028819098271992003
└ @ OrdinaryDiffEqNonlinearSolve ~/.julia/packages/OrdinaryDiffEqNonlinearSolve/doSPx/src/nlsolve.jl:101
┌ Warning: Verbosity toggle: newton_convergence 
│  Newton iteration failed with stale Jacobian, retrying with fresh Jacobian
└ @ OrdinaryDiffEqNonlinearSolve ~/.julia/packages/OrdinaryDiffEqNonlinearSolve/doSPx/src/nlsolve.jl:144
┌ Warning: Verbosity toggle: newton_convergence 
│  Newton iteration diverging: θ = 13.148980540832936 > 2, ndz = 0.37894176238277494, ndzprev = 0.028819098271992003
└ @ OrdinaryDiffEqNonlinearSolve ~/.julia/packages/OrdinaryDiffEqNonlinearSolve/doSPx/src/nlsolve.jl:101
┌ Warning: Verbosity toggle: newton_convergence 
│  Newton iteration failed with stale Jacobian, retrying with fresh Jacobian
└ @ OrdinaryDiffEqNonlinearSolve ~/.julia/packages/OrdinaryDiffEqNonlinearSolve/doSPx/src/nlsolve.jl:144
┌ Warning: Verbosity toggle: newton_convergence 
│  Newton iteration diverging: θ = 13.148980540832936 > 2, ndz = 0.37894176238277494, ndzprev = 0.028819098271992003
└ @ OrdinaryDiffEqNonlinearSolve ~/.julia/packages/OrdinaryDiffEqNonlinearSolve/doSPx/src/nlsolve.jl:101
┌ Warning: Verbosity toggle: newton_convergence 
│  Newton iteration failed with stale Jacobian, retrying with fresh Jacobian
└ @ OrdinaryDiffEqNonlinearSolve ~/.julia/packages/OrdinaryDiffEqNonlinearSolve/doSPx/src/nlsolve.jl:144
┌ Warning: Verbosity toggle: newton_convergence 
│  Newton iteration diverging: θ = 13.148980540832936 > 2, ndz = 0.37894176238277494, ndzprev = 0.028819098271992003
└ @ OrdinaryDiffEqNonlinearSolve ~/.julia/packages/OrdinaryDiffEqNonlinearSolve/doSPx/src/nlsolve.jl:101
┌ Warning: Verbosity toggle: newton_convergence 
│  Newton iteration failed with stale Jacobian, retrying with fresh Jacobian
└ @ OrdinaryDiffEqNonlinearSolve ~/.julia/packages/OrdinaryDiffEqNonlinearSolve/doSPx/src/nlsolve.jl:144
┌ Warning: Verbosity toggle: newton_convergence 
│  Newton iteration diverging: θ = 13.148980540832936 > 2, ndz = 0.37894176238277494, ndzprev = 0.028819098271992003
└ @ OrdinaryDiffEqNonlinearSolve ~/.julia/packages/OrdinaryDiffEqNonlinearSolve/doSPx/src/nlsolve.jl:101
┌ Warning: Verbosity toggle: newton_convergence 
│  Newton iteration failed with stale Jacobian, retrying with fresh Jacobian
└ @ OrdinaryDiffEqNonlinearSolve ~/.julia/packages/OrdinaryDiffEqNonlinearSolve/doSPx/src/nlsolve.jl:144
┌ Warning: Verbosity toggle: newton_convergence 
│  Newton iteration diverging: θ = 13.148980540832936 > 2, ndz = 0.37894176238277494, ndzprev = 0.028819098271992003
└ @ OrdinaryDiffEqNonlinearSolve ~/.julia/packages/OrdinaryDiffEqNonlinearSolve/doSPx/src/nlsolve.jl:101
┌ Warning: Verbosity toggle: newton_convergence 
│  Newton iteration failed with stale Jacobian, retrying with fresh Jacobian
└ @ OrdinaryDiffEqNonlinearSolve ~/.julia/packages/OrdinaryDiffEqNonlinearSolve/doSPx/src/nlsolve.jl:144
┌ Warning: Verbosity toggle: newton_convergence 
│  Newton iteration diverging: θ = 13.148980540832936 > 2, ndz = 0.37894176238277494, ndzprev = 0.028819098271992003
└ @ OrdinaryDiffEqNonlinearSolve ~/.julia/packages/OrdinaryDiffEqNonlinearSolve/doSPx/src/nlsolve.jl:101
┌ Warning: Verbosity toggle: newton_convergence 
│  Newton iteration failed with stale Jacobian, retrying with fresh Jacobian
└ @ OrdinaryDiffEqNonlinearSolve ~/.julia/packages/OrdinaryDiffEqNonlinearSolve/doSPx/src/nlsolve.jl:144
┌ Warning: Verbosity toggle: newton_convergence 
│  Newton iteration diverging: θ = 13.148980540832936 > 2, ndz = 0.37894176238277494, ndzprev = 0.028819098271992003
└ @ OrdinaryDiffEqNonlinearSolve ~/.julia/packages/OrdinaryDiffEqNonlinearSolve/doSPx/src/nlsolve.jl:101
┌ Warning: Verbosity toggle: newton_convergence 
│  Newton iteration failed with stale Jacobian, retrying with fresh Jacobian
└ @ OrdinaryDiffEqNonlinearSolve ~/.julia/packages/OrdinaryDiffEqNonlinearSolve/doSPx/src/nlsolve.jl:144
┌ Warning: Verbosity toggle: newton_convergence 
│  Newton iteration diverging: θ = 13.148980540832936 > 2, ndz = 0.37894176238277494, ndzprev = 0.028819098271992003
└ @ OrdinaryDiffEqNonlinearSolve ~/.julia/packages/OrdinaryDiffEqNonlinearSolve/doSPx/src/nlsolve.jl:101
┌ Warning: Verbosity toggle: newton_convergence 
│  Newton iteration failed with stale Jacobian, retrying with fresh Jacobian
└ @ OrdinaryDiffEqNonlinearSolve ~/.julia/packages/OrdinaryDiffEqNonlinearSolve/doSPx/src/nlsolve.jl:144
┌ Warning: Verbosity toggle: newton_convergence 
│  Newton iteration diverging: θ = 13.148980540832936 > 2, ndz = 0.37894176238277494, ndzprev = 0.028819098271992003
└ @ OrdinaryDiffEqNonlinearSolve ~/.julia/packages/OrdinaryDiffEqNonlinearSolve/doSPx/src/nlsolve.jl:101
┌ Warning: Verbosity toggle: newton_convergence 
│  Newton iteration failed with stale Jacobian, retrying with fresh Jacobian
└ @ OrdinaryDiffEqNonlinearSolve ~/.julia/packages/OrdinaryDiffEqNonlinearSolve/doSPx/src/nlsolve.jl:144
┌ Warning: Verbosity toggle: newton_convergence 
│  Newton iteration diverging: θ = 13.148980540832936 > 2, ndz = 0.37894176238277494, ndzprev = 0.028819098271992003
└ @ OrdinaryDiffEqNonlinearSolve ~/.julia/packages/OrdinaryDiffEqNonlinearSolve/doSPx/src/nlsolve.jl:101
┌ Warning: Verbosity toggle: newton_convergence 
│  Newton iteration failed with stale Jacobian, retrying with fresh Jacobian
└ @ OrdinaryDiffEqNonlinearSolve ~/.julia/packages/OrdinaryDiffEqNonlinearSolve/doSPx/src/nlsolve.jl:144
┌ Warning: Verbosity toggle: newton_convergence 
│  Newton iteration diverging: θ = 13.148980540832936 > 2, ndz = 0.37894176238277494, ndzprev = 0.028819098271992003
└ @ OrdinaryDiffEqNonlinearSolve ~/.julia/packages/OrdinaryDiffEqNonlinearSolve/doSPx/src/nlsolve.jl:101
┌ Warning: Verbosity toggle: newton_convergence 
│  Newton iteration failed with stale Jacobian, retrying with fresh Jacobian
└ @ OrdinaryDiffEqNonlinearSolve ~/.julia/packages/OrdinaryDiffEqNonlinearSolve/doSPx/src/nlsolve.jl:144
┌ Warning: Verbosity toggle: newton_convergence 
│  Newton iteration diverging: θ = 13.148980540832936 > 2, ndz = 0.37894176238277494, ndzprev = 0.028819098271992003
└ @ OrdinaryDiffEqNonlinearSolve ~/.julia/packages/OrdinaryDiffEqNonlinearSolve/doSPx/src/nlsolve.jl:101
┌ Warning: Verbosity toggle: newton_convergence 
│  Newton iteration failed with stale Jacobian, retrying with fresh Jacobian
└ @ OrdinaryDiffEqNonlinearSolve ~/.julia/packages/OrdinaryDiffEqNonlinearSolve/doSPx/src/nlsolve.jl:144
┌ Warning: Verbosity toggle: newton_convergence 
│  Newton iteration diverging: θ = 13.148980540832936 > 2, ndz = 0.37894176238277494, ndzprev = 0.028819098271992003
└ @ OrdinaryDiffEqNonlinearSolve ~/.julia/packages/OrdinaryDiffEqNonlinearSolve/doSPx/src/nlsolve.jl:101
┌ Warning: Verbosity toggle: newton_convergence 
│  Newton iteration failed with stale Jacobian, retrying with fresh Jacobian
└ @ OrdinaryDiffEqNonlinearSolve ~/.julia/packages/OrdinaryDiffEqNonlinearSolve/doSPx/src/nlsolve.jl:144
┌ Warning: Verbosity toggle: newton_convergence 
│  Newton iteration diverging: θ = 13.148980540832936 > 2, ndz = 0.37894176238277494, ndzprev = 0.028819098271992003
└ @ OrdinaryDiffEqNonlinearSolve ~/.julia/packages/OrdinaryDiffEqNonlinearSolve/doSPx/src/nlsolve.jl:101
┌ Warning: Verbosity toggle: newton_convergence 
│  Newton iteration failed with stale Jacobian, retrying with fresh Jacobian
└ @ OrdinaryDiffEqNonlinearSolve ~/.julia/packages/OrdinaryDiffEqNonlinearSolve/doSPx/src/nlsolve.jl:144
iter    objective    inf_pr   inf_du inf_compl lg(mu) lg(rg) alpha_pr ir ls
3790r 1.6019079e+03 3.18e-09 4.33e-03 7.55e-05  -3.8    2.3  1.00e+00  7  1h
3791r 1.6019083e+03 4.48e-10 4.33e-03 7.55e-05  -3.8    2.7  1.00e+00  7  1h
3792r 1.6019084e+03 1.37e-10 4.33e-03 7.55e-05  -3.8    3.1  1.00e+00  5  1h
3793r 1.6019085e+03 6.20e-11 4.33e-03 7.55e-05  -3.8    3.5  1.00e+00  5  1h
3794r 1.6019087e+03 7.90e-11 4.33e-03 7.55e-05  -3.8    3.1  1.00e+00  5  1h
3795r 1.6019091e+03 7.10e-10 4.33e-03 7.55e-05  -3.8    2.6  1.00e+00  8  1h
3796r 1.6019093e+03 1.00e-10 4.33e-03 7.55e-05  -3.8    3.0  1.00e+00 10  1h
3797r 1.6019099e+03 8.99e-10 4.33e-03 7.55e-05  -3.8    2.5  1.00e+00 10  1h
3798r 1.6019115e+03 8.10e-09 4.32e-03 7.55e-05  -3.8    2.1  1.00e+00 10  1h
3799r 1.6019121e+03 1.14e-09 4.32e-03 7.55e-05  -3.8    2.5  1.00e+00  6  1h
iter    objective    inf_pr   inf_du inf_compl lg(mu) lg(rg) alpha_pr ir ls
3800r 1.6019123e+03 1.80e-10 4.32e-03 7.55e-05  -3.8    2.9  1.00e+00  9  1h
3801r 1.6019130e+03 1.43e-09 4.32e-03 7.55e-05  -3.8    2.4  1.00e+00 10  1h
3802r 1.6019132e+03 2.02e-10 4.31e-03 7.55e-05  -3.8    2.9  1.00e+00  8  1h
3803r 1.6019133e+03 8.00e-11 4.31e-03 7.55e-05  -3.8    3.3  1.00e+00  5  1h
3804r 1.6019136e+03 2.55e-10 4.31e-03 7.55e-05  -3.8    2.8  1.00e+00 10  1h
3805r 1.6019145e+03 2.29e-09 4.31e-03 7.55e-05  -3.8    2.3  1.00e+00 10  1h
3806r 1.6019145e+03 1.09e-10 4.31e-03 7.55e-05  -3.8    3.7  1.00e+00  4  1h
3807r 1.6019146e+03 6.84e-11 4.31e-03 7.55e-05  -3.8    3.2  1.00e+00  6  1h
3808r 1.6019150e+03 4.06e-10 4.31e-03 7.55e-05  -3.8    2.7  1.00e+00  5  1h
3809r 1.6019151e+03 7.83e-11 4.31e-03 7.55e-05  -3.8    3.1  1.00e+00  6  1h
iter    objective    inf_pr   inf_du inf_compl lg(mu) lg(rg) alpha_pr ir ls
3810r 1.6019155e+03 5.14e-10 4.31e-03 7.55e-05  -3.8    2.7  1.00e+00 10  1h
3811r 1.6019157e+03 8.93e-11 4.31e-03 7.55e-05  -3.8    3.1  1.00e+00  7  1h
3812r 1.6019161e+03 6.49e-10 4.31e-03 7.55e-05  -3.8    2.6  1.00e+00  9  1h
3813r 1.6019163e+03 1.01e-10 4.30e-03 7.55e-05  -3.8    3.0  1.00e+00  7  1h
3814r 1.6019168e+03 8.21e-10 4.30e-03 7.55e-05  -3.8    2.6  1.00e+00 10  1h
3815r 1.6019170e+03 1.16e-10 4.30e-03 7.55e-05  -3.8    3.0  1.00e+00  7  1h
3816r 1.6019176e+03 1.04e-09 4.30e-03 7.55e-05  -3.8    2.5  1.00e+00 10  1h
3817r 1.6019178e+03 1.46e-10 4.30e-03 7.55e-05  -3.8    2.9  1.00e+00  7  1h
3818r 1.6019185e+03 1.31e-09 4.30e-03 7.55e-05  -3.8    2.5  1.00e+00 10  1h
3819r 1.6019187e+03 1.85e-10 4.30e-03 7.55e-05  -3.8    2.9  1.00e+00  6  1h
iter    objective    inf_pr   inf_du inf_compl lg(mu) lg(rg) alpha_pr ir ls
3820r 1.6019194e+03 1.65e-09 4.30e-03 7.55e-05  -3.8    2.4  1.00e+00 10  1h
3821r 1.6019197e+03 2.33e-10 4.29e-03 7.55e-05  -3.8    2.8  1.00e+00 10  1h
3822r 1.6019198e+03 8.51e-11 4.29e-03 7.55e-05  -3.8    3.3  1.00e+00  7  1h
3823r 1.6019201e+03 2.93e-10 4.29e-03 7.55e-05  -3.8    2.8  1.00e+00  6  1h
3824r 1.6019202e+03 7.00e-11 4.29e-03 7.55e-05  -3.8    3.2  1.00e+00  4  1h
3825r 1.6019206e+03 3.71e-10 4.29e-03 7.55e-05  -3.8    2.7  1.00e+00 10  1h
3826r 1.6019207e+03 7.63e-11 4.29e-03 7.55e-05  -3.8    3.1  1.00e+00  5  1h
3827r 1.6019211e+03 4.68e-10 4.29e-03 7.55e-05  -3.8    2.7  1.00e+00 10  1h
3828r 1.6019212e+03 8.58e-11 4.29e-03 7.55e-05  -3.8    3.1  1.00e+00  6  1h
3829r 1.6019217e+03 5.92e-10 4.29e-03 7.55e-05  -3.8    2.6  1.00e+00 10  1h
iter    objective    inf_pr   inf_du inf_compl lg(mu) lg(rg) alpha_pr ir ls
3830r 1.6019218e+03 9.67e-11 4.29e-03 7.55e-05  -3.8    3.0  1.00e+00  8  1h
3831r 1.6019223e+03 7.48e-10 4.29e-03 7.55e-05  -3.8    2.6  1.00e+00 10  1h
3832r 1.6019225e+03 1.09e-10 4.29e-03 7.55e-05  -3.8    3.0  1.00e+00  6  1h
3833r 1.6019226e+03 5.76e-11 4.29e-03 7.55e-05  -3.8    3.4  1.00e+00  6  1h
3834r 1.6019228e+03 1.33e-10 4.29e-03 7.55e-05  -3.8    2.9  1.00e+00  6  1h
3835r 1.6019229e+03 4.73e-11 4.29e-03 7.55e-05  -3.8    3.4  1.00e+00  5  1h
3836r 1.6019231e+03 1.68e-10 4.29e-03 7.55e-05  -3.8    2.9  1.00e+00  8  1h
3837r 1.6019232e+03 5.14e-11 4.29e-03 7.55e-05  -3.8    3.3  1.00e+00  5  1h
3838r 1.6019235e+03 2.12e-10 4.28e-03 7.55e-05  -3.8    2.8  1.00e+00 10  1h
3839r 1.6019242e+03 1.91e-09 4.28e-03 7.55e-05  -3.8    2.4  1.00e+00 10  1h
iter    objective    inf_pr   inf_du inf_compl lg(mu) lg(rg) alpha_pr ir ls
3840r 1.6019245e+03 2.69e-10 4.28e-03 7.55e-05  -3.8    2.8  1.00e+00  6  1h
3841r 1.6019254e+03 2.41e-09 4.28e-03 7.55e-05  -3.8    2.3  1.00e+00 10  1h
3842r 1.6019258e+03 3.40e-10 4.28e-03 7.55e-05  -3.8    2.7  1.00e+00  5  1h
3843r 1.6019268e+03 3.04e-09 4.28e-03 7.55e-05  -3.8    2.3  1.00e+00  9  1h
3844r 1.6019271e+03 4.28e-10 4.27e-03 7.55e-05  -3.8    2.7  1.00e+00  5  1h
3845r 1.6019282e+03 3.83e-09 4.27e-03 7.55e-05  -3.8    2.2  1.00e+00 10  1h
3846r 1.6019316e+03 3.43e-08 4.26e-03 7.55e-05  -3.8    1.7  1.00e+00 10  1h
3847r 1.6019318e+03 4.21e-10 4.26e-03 7.55e-05  -3.8    3.1  1.00e+00  6  1h
3848r 1.6019322e+03 6.74e-10 4.26e-03 7.55e-05  -3.8    2.6  1.00e+00 10  1h
3849r 1.6019336e+03 6.03e-09 4.26e-03 7.55e-05  -3.8    2.1  1.00e+00 10  1h
iter    objective    inf_pr   inf_du inf_compl lg(mu) lg(rg) alpha_pr ir ls
3850r 1.6019342e+03 8.49e-10 4.26e-03 7.55e-05  -3.8    2.5  1.00e+00  6  1h
3851r 1.6019344e+03 1.60e-10 4.26e-03 7.55e-05  -3.8    3.0  1.00e+00 10  1h
3852r 1.6019350e+03 1.07e-09 4.26e-03 7.55e-05  -3.8    2.5  1.00e+00 10  1h
3853r 1.6019367e+03 9.60e-09 4.25e-03 7.55e-05  -3.8    2.0  1.00e+00 10  1h
3854r 1.6019421e+03 8.57e-08 4.24e-03 7.55e-05  -3.8    1.5  1.00e+00 10  1h
3855r 1.6019423e+03 6.59e-10 4.24e-03 7.55e-05  -3.8    2.9  1.00e+00  5  1h
3856r 1.6019431e+03 1.67e-09 4.24e-03 7.55e-05  -3.8    2.4  1.00e+00 10  1h
3857r 1.6019433e+03 2.35e-10 4.24e-03 7.55e-05  -3.8    2.8  1.00e+00  6  1h
3858r 1.6019442e+03 2.10e-09 4.24e-03 7.55e-05  -3.8    2.3  1.00e+00 10  1h
3859r 1.6019467e+03 1.89e-08 4.23e-03 7.55e-05  -3.8    1.9  1.00e+00  9  1h
iter    objective    inf_pr   inf_du inf_compl lg(mu) lg(rg) alpha_pr ir ls
3860r 1.6019468e+03 3.15e-10 4.23e-03 7.55e-05  -3.8    3.2  1.00e+00  5  1h
3861r 1.6019472e+03 3.73e-10 4.23e-03 7.55e-05  -3.8    2.7  1.00e+00 10  1h
3862r 1.6019473e+03 1.02e-10 4.23e-03 7.55e-05  -3.8    3.1  1.00e+00  6  1h
3863r 1.6019477e+03 4.69e-10 4.23e-03 7.55e-05  -3.8    2.7  1.00e+00  5  1h
3864r 1.6019479e+03 8.66e-11 4.23e-03 7.55e-05  -3.8    3.1  1.00e+00  7  1h
3865r 1.6019479e+03 4.58e-11 4.23e-03 7.55e-05  -3.8    3.5  1.00e+00  5  1h
3866r 1.6019481e+03 8.34e-11 4.23e-03 7.55e-05  -3.8    3.0  1.00e+00  5  1h
3867r 1.6019482e+03 3.71e-11 4.23e-03 7.55e-05  -3.8    3.5  1.00e+00  6  1h
3868r 1.6019483e+03 1.06e-10 4.23e-03 7.55e-05  -3.8    3.0  1.00e+00  5  1h
3869r 1.6019489e+03 9.49e-10 4.23e-03 7.55e-05  -3.8    2.5  1.00e+00 10  1h
iter    objective    inf_pr   inf_du inf_compl lg(mu) lg(rg) alpha_pr ir ls
3870r 1.6019491e+03 1.34e-10 4.22e-03 7.55e-05  -3.8    2.9  1.00e+00  6  1h
3871r 1.6019492e+03 6.35e-11 4.22e-03 7.55e-05  -3.8    3.4  1.00e+00  4  1h
3872r 1.6019494e+03 1.69e-10 4.22e-03 7.55e-05  -3.8    2.9  1.00e+00 10  1h
3873r 1.6019502e+03 1.52e-09 4.22e-03 7.55e-05  -3.8    2.4  1.00e+00 10  1h
3874r 1.6019504e+03 2.14e-10 4.22e-03 7.55e-05  -3.8    2.8  1.00e+00 10  1h
3875r 1.6019505e+03 8.07e-11 4.22e-03 7.55e-05  -3.8    3.3  1.00e+00  8  1h
3876r 1.6019508e+03 2.70e-10 4.22e-03 7.55e-05  -3.8    2.8  1.00e+00  5  1h
3877r 1.6019509e+03 6.79e-11 4.22e-03 7.55e-05  -3.8    3.2  1.00e+00  5  1h
3878r 1.6019513e+03 3.41e-10 4.22e-03 7.55e-05  -3.8    2.7  1.00e+00  9  1h
3879r 1.6019514e+03 7.41e-11 4.22e-03 7.55e-05  -3.8    3.1  1.00e+00  5  1h
iter    objective    inf_pr   inf_du inf_compl lg(mu) lg(rg) alpha_pr ir ls
3880r 1.6019518e+03 4.31e-10 4.22e-03 7.55e-05  -3.8    2.7  1.00e+00 10  1h
3881r 1.6019519e+03 8.34e-11 4.22e-03 7.55e-05  -3.8    3.1  1.00e+00  7  1h
3882r 1.6019524e+03 5.45e-10 4.22e-03 7.55e-05  -3.8    2.6  1.00e+00 10  1h
3883r 1.6019525e+03 9.39e-11 4.22e-03 7.55e-05  -3.8    3.0  1.00e+00  7  1h
3884r 1.6019530e+03 6.89e-10 4.22e-03 7.55e-05  -3.8    2.6  1.00e+00  9  1h
3885r 1.6019532e+03 1.06e-10 4.22e-03 7.55e-05  -3.8    3.0  1.00e+00  7  1h
3886r 1.6019537e+03 8.71e-10 4.21e-03 7.55e-05  -3.8    2.5  1.00e+00 10  1h
3887r 1.6019539e+03 1.23e-10 4.21e-03 7.55e-05  -3.8    2.9  1.00e+00  4  1h
3888r 1.6019540e+03 6.32e-11 4.21e-03 7.55e-05  -3.8    3.4  1.00e+00  6  1h
3889r 1.6019543e+03 1.55e-10 4.21e-03 7.55e-05  -3.8    2.9  1.00e+00 10  1h
iter    objective    inf_pr   inf_du inf_compl lg(mu) lg(rg) alpha_pr ir ls
3890r 1.6019549e+03 1.39e-09 4.21e-03 7.55e-05  -3.8    2.4  1.00e+00  9  1h
3891r 1.6019552e+03 1.96e-10 4.21e-03 7.55e-05  -3.8    2.8  1.00e+00  5  1h
3892r 1.6019553e+03 7.75e-11 4.21e-03 7.55e-05  -3.8    3.3  1.00e+00  5  1h
3893r 1.6019556e+03 2.47e-10 4.21e-03 7.55e-05  -3.8    2.8  1.00e+00  6  1h
3894r 1.6019557e+03 6.52e-11 4.21e-03 7.55e-05  -3.8    3.2  1.00e+00  4  1h
3895r 1.6019560e+03 3.12e-10 4.21e-03 7.55e-05  -3.8    2.7  1.00e+00 10  1h
3896r 1.6019570e+03 2.80e-09 4.21e-03 7.55e-05  -3.8    2.3  1.00e+00  5  1h
3897r 1.6019599e+03 2.52e-08 4.20e-03 7.55e-05  -3.8    1.8  1.00e+00  9  1h
3898r 1.6019601e+03 3.65e-10 4.20e-03 7.55e-05  -3.8    3.1  1.00e+00  5  1h
3899r 1.6019601e+03 1.45e-10 4.20e-03 7.55e-05  -3.8    3.5  1.00e+00  5  1h
iter    objective    inf_pr   inf_du inf_compl lg(mu) lg(rg) alpha_pr ir ls
3900r 1.6019603e+03 8.16e-11 4.20e-03 7.55e-05  -3.8    3.1  1.00e+00  5  1h
3901r 1.6019607e+03 6.22e-10 4.20e-03 7.55e-05  -3.8    2.6  1.00e+00  7  1h
3902r 1.6019609e+03 9.36e-11 4.20e-03 7.55e-05  -3.8    3.0  1.00e+00  6  1h
3903r 1.6019614e+03 7.86e-10 4.20e-03 7.55e-05  -3.8    2.5  1.00e+00 10  1h
3904r 1.6019630e+03 7.07e-09 4.19e-03 7.55e-05  -3.8    2.1  1.00e+00 10  1h
3905r 1.6019631e+03 1.95e-10 4.19e-03 7.55e-05  -3.8    3.4  1.00e+00  4  1h
3906r 1.6019633e+03 1.40e-10 4.19e-03 7.55e-05  -3.8    2.9  1.00e+00  4  1h
3907r 1.6019639e+03 1.25e-09 4.19e-03 7.55e-05  -3.8    2.4  1.00e+00 10  1h
3908r 1.6019659e+03 1.13e-08 4.19e-03 7.55e-05  -3.8    2.0  1.00e+00 10  1h
3909r 1.6019667e+03 1.58e-09 4.19e-03 7.55e-05  -3.8    2.4  1.00e+00 10  1h
iter    objective    inf_pr   inf_du inf_compl lg(mu) lg(rg) alpha_pr ir ls
3910r 1.6019689e+03 1.42e-08 4.18e-03 7.55e-05  -3.8    1.9  1.00e+00 10  1h
3911r 1.6019697e+03 1.99e-09 4.18e-03 7.55e-05  -3.8    2.3  1.00e+00  8  1h
3912r 1.6019700e+03 2.80e-10 4.18e-03 7.55e-05  -3.8    2.8  1.00e+00 10  1h
3913r 1.6019709e+03 2.49e-09 4.18e-03 7.55e-05  -3.8    2.3  1.00e+00 10  1h
3914r 1.6019713e+03 3.51e-10 4.18e-03 7.55e-05  -3.8    2.7  1.00e+00 10  1h
3915r 1.6019714e+03 1.09e-10 4.18e-03 7.55e-05  -3.8    3.1  1.00e+00  6  1h
3916r 1.6019718e+03 4.42e-10 4.17e-03 7.55e-05  -3.8    2.7  1.00e+00  8  1h
3917r 1.6019730e+03 3.97e-09 4.17e-03 7.55e-05  -3.8    2.2  1.00e+00 10  1h
3918r 1.6019734e+03 5.60e-10 4.17e-03 7.55e-05  -3.8    2.6  1.00e+00 10  1h
3919r 1.6019736e+03 1.31e-10 4.17e-03 7.55e-05  -3.8    3.0  1.00e+00  7  1h
iter    objective    inf_pr   inf_du inf_compl lg(mu) lg(rg) alpha_pr ir ls
3920r 1.6019741e+03 7.04e-10 4.17e-03 7.55e-05  -3.8    2.6  1.00e+00 10  1h
3921r 1.6019743e+03 1.11e-10 4.17e-03 7.55e-05  -3.8    3.0  1.00e+00  8  1h
3922r 1.6019749e+03 8.89e-10 4.17e-03 7.55e-05  -3.8    2.5  1.00e+00 10  1h
3923r 1.6019751e+03 1.25e-10 4.17e-03 7.55e-05  -3.8    2.9  1.00e+00  7  1h
3924r 1.6019751e+03 6.45e-11 4.17e-03 7.55e-05  -3.8    3.4  1.00e+00  6  1h
3925r 1.6019754e+03 1.58e-10 4.17e-03 7.55e-05  -3.8    2.9  1.00e+00 10  1h
3926r 1.6019755e+03 5.26e-11 4.17e-03 7.55e-05  -3.8    3.3  1.00e+00  7  1h
3927r 1.6019757e+03 2.00e-10 4.17e-03 7.55e-05  -3.8    2.8  1.00e+00  6  1h
3928r 1.6019758e+03 5.72e-11 4.17e-03 7.55e-05  -3.8    3.2  1.00e+00  4  1h
3929r 1.6019761e+03 2.53e-10 4.17e-03 7.55e-05  -3.8    2.8  1.00e+00  9  1h
iter    objective    inf_pr   inf_du inf_compl lg(mu) lg(rg) alpha_pr ir ls
3930r 1.6019762e+03 6.44e-11 4.17e-03 7.55e-05  -3.8    3.2  1.00e+00  5  1h
3931r 1.6019766e+03 3.19e-10 4.16e-03 7.55e-05  -3.8    2.7  1.00e+00  4  1h
3932r 1.6019767e+03 7.27e-11 4.16e-03 7.55e-05  -3.8    3.1  1.00e+00  6  1h
3933r 1.6019771e+03 4.04e-10 4.16e-03 7.55e-05  -3.8    2.7  1.00e+00  9  1h
3934r 1.6019782e+03 3.63e-09 4.16e-03 7.55e-05  -3.8    2.2  1.00e+00  9  1h
3935r 1.6019786e+03 5.12e-10 4.16e-03 7.55e-05  -3.8    2.6  1.00e+00 10  1h
3936r 1.6019799e+03 4.58e-09 4.16e-03 7.55e-05  -3.8    2.1  1.00e+00 10  1h
3937r 1.6019837e+03 4.10e-08 4.15e-03 7.55e-05  -3.8    1.7  1.00e+00 10  1h
3938r 1.6019951e+03 3.61e-07 4.13e-03 7.55e-05  -3.8    1.2  1.00e+00 10  1h
3939r 1.6019956e+03 1.37e-09 4.13e-03 7.55e-05  -3.8    2.5  1.00e+00  9  1h
iter    objective    inf_pr   inf_du inf_compl lg(mu) lg(rg) alpha_pr ir ls
3940r 1.6019958e+03 5.32e-10 4.12e-03 7.55e-05  -3.8    2.9  1.00e+00  7  1h
3941r 1.6019959e+03 2.05e-10 4.12e-03 7.55e-05  -3.8    3.4  1.00e+00  5  1h
3942r 1.6019961e+03 1.35e-10 4.12e-03 7.55e-05  -3.8    2.9  1.00e+00 10  1h
3943r 1.6019962e+03 5.07e-11 4.12e-03 7.55e-05  -3.8    3.3  1.00e+00  4  1h
3944r 1.6019964e+03 1.70e-10 4.12e-03 7.55e-05  -3.8    2.8  1.00e+00  6  1h
3945r 1.6019972e+03 1.54e-09 4.12e-03 7.55e-05  -3.8    2.4  1.00e+00 10  1h
3946r 1.6019975e+03 2.17e-10 4.12e-03 7.55e-05  -3.8    2.8  1.00e+00  8  1h
3947r 1.6019976e+03 7.75e-11 4.12e-03 7.55e-05  -3.8    3.2  1.00e+00  5  1h
3948r 1.6019979e+03 2.74e-10 4.12e-03 7.55e-05  -3.8    2.7  1.00e+00  6  1h
3949r 1.6019980e+03 6.77e-11 4.12e-03 7.55e-05  -3.8    3.2  1.00e+00  6  1h
iter    objective    inf_pr   inf_du inf_compl lg(mu) lg(rg) alpha_pr ir ls
3950r 1.6019984e+03 3.48e-10 4.12e-03 7.55e-05  -3.8    2.7  1.00e+00  5  1h
3951r 1.6019995e+03 3.14e-09 4.12e-03 7.55e-05  -3.8    2.2  1.00e+00 10  1h
3952r 1.6020027e+03 2.83e-08 4.11e-03 7.55e-05  -3.8    1.7  1.00e+00 10  1h
3953r 1.6020123e+03 2.51e-07 4.09e-03 7.55e-05  -3.8    1.3  1.00e+00 10  1h
3954r 1.6020407e+03 2.14e-06 4.03e-03 7.55e-05  -3.8    0.8  1.00e+00 10  1h
3955r 1.6020409e+03 3.25e-09 4.04e-03 7.55e-05  -3.8    3.0  1.00e+00  4  1h
3956r 1.6020414e+03 1.10e-09 4.03e-03 7.55e-05  -3.8    2.5  1.00e+00 10  1h
3957r 1.6020415e+03 3.99e-10 4.03e-03 7.55e-05  -3.8    3.0  1.00e+00  6  1h
3958r 1.6020421e+03 8.20e-10 4.03e-03 7.55e-05  -3.8    2.5  1.00e+00 10  1h
3959r 1.6020423e+03 1.19e-10 4.03e-03 7.55e-05  -3.8    2.9  1.00e+00  9  1h
iter    objective    inf_pr   inf_du inf_compl lg(mu) lg(rg) alpha_pr ir ls
3960r 1.6020429e+03 1.04e-09 4.03e-03 7.55e-05  -3.8    2.4  1.00e+00 10  1h
3961r 1.6020432e+03 1.46e-10 4.02e-03 7.55e-05  -3.8    2.9  1.00e+00  8  1h
3962r 1.6020433e+03 5.88e-11 4.02e-03 7.55e-05  -3.8    3.3  1.00e+00  5  1h
3963r 1.6020435e+03 1.86e-10 4.02e-03 7.55e-05  -3.8    2.8  1.00e+00 10  1h
3964r 1.6020436e+03 5.11e-11 4.02e-03 7.55e-05  -3.8    3.2  1.00e+00  4  1h
3965r 1.6020439e+03 2.35e-10 4.02e-03 7.55e-05  -3.8    2.8  1.00e+00 10  1h
3966r 1.6020440e+03 5.77e-11 4.02e-03 7.55e-05  -3.8    3.2  1.00e+00  4  1h
3967r 1.6020444e+03 2.99e-10 4.02e-03 7.55e-05  -3.8    2.7  1.00e+00 10  1h
3968r 1.6020454e+03 2.70e-09 4.02e-03 7.55e-05  -3.8    2.2  1.00e+00 10  1h
3969r 1.6020458e+03 3.79e-10 4.02e-03 7.55e-05  -3.8    2.7  1.00e+00 10  1h
iter    objective    inf_pr   inf_du inf_compl lg(mu) lg(rg) alpha_pr ir ls
3970r 1.6020459e+03 1.07e-10 4.02e-03 7.55e-05  -3.8    3.1  1.00e+00  7  1h
3971r 1.6020463e+03 4.81e-10 4.01e-03 7.55e-05  -3.8    2.6  1.00e+00  7  1h
3972r 1.6020476e+03 4.35e-09 4.01e-03 7.55e-05  -3.8    2.1  1.00e+00 10  1h
3973r 1.6020481e+03 6.10e-10 4.01e-03 7.55e-05  -3.8    2.5  1.00e+00  4  1h
3974r 1.6020495e+03 5.52e-09 4.00e-03 7.55e-05  -3.8    2.1  1.00e+00  9  1h
3975r 1.6020538e+03 4.99e-08 3.99e-03 7.55e-05  -3.8    1.6  1.00e+00 10  1h
3976r 1.6020554e+03 7.00e-09 3.99e-03 7.55e-05  -3.8    2.0  1.00e+00 10  1h
3977r 1.6020602e+03 6.34e-08 3.98e-03 7.55e-05  -3.8    1.5  1.00e+00 10  1h
3978r 1.6020620e+03 8.88e-09 3.97e-03 7.55e-05  -3.8    2.0  1.00e+00 10  1h
3979r 1.6020627e+03 1.25e-09 3.97e-03 7.55e-05  -3.8    2.4  1.00e+00  8  1h
iter    objective    inf_pr   inf_du inf_compl lg(mu) lg(rg) alpha_pr ir ls
3980r 1.6020629e+03 2.47e-10 3.97e-03 7.55e-05  -3.8    2.8  1.00e+00 10  1h
3981r 1.6020637e+03 1.58e-09 3.97e-03 7.55e-05  -3.8    2.3  1.00e+00 10  1h
3982r 1.6020640e+03 2.22e-10 3.97e-03 7.55e-05  -3.8    2.8  1.00e+00 10  1h
3983r 1.6020648e+03 2.01e-09 3.97e-03 7.55e-05  -3.8    2.3  1.00e+00  6  1h
3984r 1.6020674e+03 1.81e-08 3.96e-03 7.55e-05  -3.8    1.8  1.00e+00 10  1h
3985r 1.6020675e+03 3.07e-10 3.96e-03 7.55e-05  -3.8    3.1  1.00e+00  5  1h
3986r 1.6020679e+03 3.56e-10 3.96e-03 7.55e-05  -3.8    2.7  1.00e+00 10  1h
3987r 1.6020680e+03 9.97e-11 3.96e-03 7.55e-05  -3.8    3.1  1.00e+00  5  1h
3988r 1.6020684e+03 4.52e-10 3.96e-03 7.55e-05  -3.8    2.6  1.00e+00  9  1h
3989r 1.6020686e+03 8.29e-11 3.96e-03 7.55e-05  -3.8    3.0  1.00e+00  9  1h
iter    objective    inf_pr   inf_du inf_compl lg(mu) lg(rg) alpha_pr ir ls
3990r 1.6020690e+03 5.73e-10 3.96e-03 7.55e-05  -3.8    2.6  1.00e+00 10  1h
3991r 1.6020692e+03 9.21e-11 3.96e-03 7.55e-05  -3.8    3.0  1.00e+00 10  1h
3992r 1.6020692e+03 4.99e-11 3.96e-03 7.55e-05  -3.8    3.4  1.00e+00  5  1h
3993r 1.6020694e+03 1.02e-10 3.95e-03 7.55e-05  -3.8    2.9  1.00e+00  6  1h
3994r 1.6020700e+03 9.18e-10 3.95e-03 7.55e-05  -3.8    2.5  1.00e+00 10  1h
3995r 1.6020702e+03 1.29e-10 3.95e-03 7.55e-05  -3.8    2.9  1.00e+00  7  1h
3996r 1.6020709e+03 1.16e-09 3.95e-03 7.55e-05  -3.8    2.4  1.00e+00 10  1h
3997r 1.6020711e+03 1.63e-10 3.95e-03 7.55e-05  -3.8    2.8  1.00e+00  6  1h
3998r 1.6020718e+03 1.47e-09 3.95e-03 7.55e-05  -3.8    2.4  1.00e+00  5  1h
3999r 1.6020721e+03 2.07e-10 3.95e-03 7.55e-05  -3.8    2.8  1.00e+00  4  1h
iter    objective    inf_pr   inf_du inf_compl lg(mu) lg(rg) alpha_pr ir ls
4000r 1.6020729e+03 1.86e-09 3.95e-03 7.55e-05  -3.8    2.3  1.00e+00  7  1h
4001r 1.6020732e+03 2.62e-10 3.95e-03 7.55e-05  -3.8    2.7  1.00e+00  9  1h
4002r 1.6020742e+03 2.36e-09 3.94e-03 7.55e-05  -3.8    2.3  1.00e+00 10  1h
4003r 1.6020745e+03 3.31e-10 3.94e-03 7.55e-05  -3.8    2.7  1.00e+00  6  1h
4004r 1.6020755e+03 2.99e-09 3.94e-03 7.55e-05  -3.8    2.2  1.00e+00 10  1h
4005r 1.6020759e+03 4.19e-10 3.94e-03 7.55e-05  -3.8    2.6  1.00e+00  4  1h
4006r 1.6020771e+03 3.79e-09 3.94e-03 7.55e-05  -3.8    2.2  1.00e+00 10  1h
4007r 1.6020805e+03 3.41e-08 3.93e-03 7.55e-05  -3.8    1.7  1.00e+00 10  1h
4008r 1.6020909e+03 3.08e-07 3.91e-03 7.55e-05  -3.8    1.2  1.00e+00 10  1h
4009r 1.6020948e+03 4.31e-08 3.90e-03 7.55e-05  -3.8    1.6  1.00e+00 10  1h
iter    objective    inf_pr   inf_du inf_compl lg(mu) lg(rg) alpha_pr ir ls
4010r 1.6020950e+03 7.89e-10 3.90e-03 7.55e-05  -3.8    3.0  1.00e+00  7  1h
4011r 1.6020955e+03 8.46e-10 3.90e-03 7.55e-05  -3.8    2.5  1.00e+00  6  1h
4012r 1.6020957e+03 1.76e-10 3.90e-03 7.55e-05  -3.8    2.9  1.00e+00 10  1h
4013r 1.6020963e+03 1.08e-09 3.90e-03 7.55e-05  -3.8    2.4  1.00e+00 10  1h
4014r 1.6020966e+03 1.51e-10 3.89e-03 7.55e-05  -3.8    2.9  1.00e+00  5  1h
4015r 1.6020973e+03 1.36e-09 3.89e-03 7.55e-05  -3.8    2.4  1.00e+00 10  1h
4016r 1.6020975e+03 1.91e-10 3.89e-03 7.55e-05  -3.8    2.8  1.00e+00  5  1h
4017r 1.6020983e+03 1.73e-09 3.89e-03 7.55e-05  -3.8    2.3  1.00e+00 10  1h
4018r 1.6020986e+03 2.42e-10 3.89e-03 7.55e-05  -3.8    2.8  1.00e+00  8  1h
4019r 1.6020987e+03 8.29e-11 3.89e-03 7.55e-05  -3.8    3.2  1.00e+00  7  1h
iter    objective    inf_pr   inf_du inf_compl lg(mu) lg(rg) alpha_pr ir ls
4020r 1.6020990e+03 3.07e-10 3.89e-03 7.55e-05  -3.8    2.7  1.00e+00  9  1h
4021r 1.6021000e+03 2.77e-09 3.89e-03 7.55e-05  -3.8    2.2  1.00e+00  8  1h
4022r 1.6021004e+03 3.89e-10 3.89e-03 7.55e-05  -3.8    2.7  1.00e+00 10  1h
4023r 1.6021005e+03 1.03e-10 3.88e-03 7.55e-05  -3.8    3.1  1.00e+00  7  1h
4024r 1.6021006e+03 5.06e-11 3.88e-03 7.55e-05  -3.8    3.5  1.00e+00  6  1h
4025r 1.6021007e+03 6.93e-11 3.88e-03 7.55e-05  -3.8    3.0  1.00e+00  9  1h
4026r 1.6021012e+03 6.24e-10 3.88e-03 7.55e-05  -3.8    2.5  1.00e+00 10  1h
4027r 1.6021013e+03 8.84e-11 3.88e-03 7.55e-05  -3.8    3.0  1.00e+00  9  1h
4028r 1.6021019e+03 7.90e-10 3.88e-03 7.55e-05  -3.8    2.5  1.00e+00  7  1h
4029r 1.6021021e+03 1.11e-10 3.88e-03 7.55e-05  -3.8    2.9  1.00e+00 10  1h
iter    objective    inf_pr   inf_du inf_compl lg(mu) lg(rg) alpha_pr ir ls
4030r 1.6021021e+03 5.67e-11 3.88e-03 7.55e-05  -3.8    3.3  1.00e+00  6  1h
4031r 1.6021024e+03 1.41e-10 3.88e-03 7.55e-05  -3.8    2.9  1.00e+00  7  1h
4032r 1.6021030e+03 1.27e-09 3.88e-03 7.55e-05  -3.8    2.4  1.00e+00 10  1h
4033r 1.6021033e+03 1.78e-10 3.88e-03 7.55e-05  -3.8    2.8  1.00e+00  4  1h
4034r 1.6021034e+03 6.98e-11 3.88e-03 7.55e-05  -3.8    3.2  1.00e+00  5  1h
4035r 1.6021036e+03 2.25e-10 3.88e-03 7.55e-05  -3.8    2.8  1.00e+00 10  1h
4036r 1.6021045e+03 2.03e-09 3.88e-03 7.55e-05  -3.8    2.3  1.00e+00 10  1h
4037r 1.6021048e+03 2.85e-10 3.87e-03 7.55e-05  -3.8    2.7  1.00e+00  8  1h
4038r 1.6021057e+03 2.57e-09 3.87e-03 7.55e-05  -3.8    2.2  1.00e+00 10  1h
4039r 1.6021061e+03 3.61e-10 3.87e-03 7.55e-05  -3.8    2.7  1.00e+00 10  1h
iter    objective    inf_pr   inf_du inf_compl lg(mu) lg(rg) alpha_pr ir ls
4040r 1.6021071e+03 3.25e-09 3.87e-03 7.55e-05  -3.8    2.2  1.00e+00 10  1h
4041r 1.6021075e+03 4.56e-10 3.87e-03 7.55e-05  -3.8    2.6  1.00e+00  8  1h
4042r 1.6021077e+03 1.14e-10 3.87e-03 7.55e-05  -3.8    3.0  1.00e+00  5  1h
4043r 1.6021077e+03 5.56e-11 3.87e-03 7.55e-05  -3.8    3.5  1.00e+00  5  1h
4044r 1.6021079e+03 8.13e-11 3.87e-03 7.55e-05  -3.8    3.0  1.00e+00  6  1h
4045r 1.6021080e+03 3.52e-11 3.87e-03 7.55e-05  -3.8    3.4  1.00e+00  5  1h
4046r 1.6021082e+03 1.03e-10 3.87e-03 7.55e-05  -3.8    2.9  1.00e+00 10  1h
4047r 1.6021082e+03 3.69e-11 3.87e-03 7.55e-05  -3.8    3.4  1.00e+00  4  1h
4048r 1.6021084e+03 1.30e-10 3.87e-03 7.55e-05  -3.8    2.9  1.00e+00  8  1h
4049r 1.6021091e+03 1.17e-09 3.86e-03 7.55e-05  -3.8    2.4  1.00e+00 10  1h
iter    objective    inf_pr   inf_du inf_compl lg(mu) lg(rg) alpha_pr ir ls
4050r 1.6021093e+03 1.65e-10 3.86e-03 7.55e-05  -3.8    2.8  1.00e+00 10  1h
4051r 1.6021100e+03 1.49e-09 3.86e-03 7.55e-05  -3.8    2.4  1.00e+00 10  1h
4052r 1.6021103e+03 2.08e-10 3.86e-03 7.55e-05  -3.8    2.8  1.00e+00 10  1h
4053r 1.6021111e+03 1.88e-09 3.86e-03 7.55e-05  -3.8    2.3  1.00e+00 10  1h
4054r 1.6021114e+03 2.64e-10 3.86e-03 7.55e-05  -3.8    2.7  1.00e+00 10  1h
4055r 1.6021123e+03 2.38e-09 3.86e-03 7.55e-05  -3.8    2.3  1.00e+00 10  1h
4056r 1.6021126e+03 3.34e-10 3.86e-03 7.55e-05  -3.8    2.7  1.00e+00 10  1h
4057r 1.6021128e+03 9.70e-11 3.86e-03 7.55e-05  -3.8    3.1  1.00e+00  5  1h
4058r 1.6021131e+03 4.23e-10 3.85e-03 7.55e-05  -3.8    2.6  1.00e+00 10  1h
4059r 1.6021133e+03 7.85e-11 3.85e-03 7.55e-05  -3.8    3.1  1.00e+00  8  1h
iter    objective    inf_pr   inf_du inf_compl lg(mu) lg(rg) alpha_pr ir ls
4060r 1.6021137e+03 5.36e-10 3.85e-03 7.55e-05  -3.8    2.6  1.00e+00 10  1h
4061r 1.6021150e+03 4.83e-09 3.85e-03 7.55e-05  -3.8    2.1  1.00e+00 10  1h
4062r 1.6021150e+03 1.51e-10 3.85e-03 7.55e-05  -3.8    3.4  1.00e+00  5  1h
4063r 1.6021152e+03 9.50e-11 3.85e-03 7.55e-05  -3.8    3.0  1.00e+00 10  1h
4064r 1.6021153e+03 4.99e-11 3.85e-03 7.55e-05  -3.8    3.4  1.00e+00  5  1h
4065r 1.6021155e+03 1.21e-10 3.85e-03 7.55e-05  -3.8    2.9  1.00e+00 10  1h
4066r 1.6021161e+03 1.09e-09 3.85e-03 7.55e-05  -3.8    2.4  1.00e+00 10  1h
4067r 1.6021163e+03 1.52e-10 3.85e-03 7.55e-05  -3.8    2.9  1.00e+00  8  1h
4068r 1.6021170e+03 1.37e-09 3.85e-03 7.55e-05  -3.8    2.4  1.00e+00 10  1h
4069r 1.6021173e+03 1.93e-10 3.85e-03 7.55e-05  -3.8    2.8  1.00e+00 10  1h
iter    objective    inf_pr   inf_du inf_compl lg(mu) lg(rg) alpha_pr ir ls
4070r 1.6021174e+03 7.33e-11 3.85e-03 7.55e-05  -3.8    3.2  1.00e+00  6  1h
4071r 1.6021177e+03 2.44e-10 3.84e-03 7.55e-05  -3.8    2.8  1.00e+00 10  1h
4072r 1.6021178e+03 5.94e-11 3.84e-03 7.55e-05  -3.8    3.2  1.00e+00  8  1h
4073r 1.6021181e+03 3.09e-10 3.84e-03 7.55e-05  -3.8    2.7  1.00e+00  9  1h
4074r 1.6021182e+03 6.44e-11 3.84e-03 7.55e-05  -3.8    3.1  1.00e+00  8  1h
4075r 1.6021186e+03 3.92e-10 3.84e-03 7.55e-05  -3.8    2.7  1.00e+00  6  1h
4076r 1.6021187e+03 7.25e-11 3.84e-03 7.55e-05  -3.8    3.1  1.00e+00  5  1h
4077r 1.6021191e+03 4.96e-10 3.84e-03 7.55e-05  -3.8    2.6  1.00e+00 10  1h
4078r 1.6021203e+03 4.47e-09 3.84e-03 7.55e-05  -3.8    2.1  1.00e+00 10  1h
4079r 1.6021208e+03 6.27e-10 3.84e-03 7.55e-05  -3.8    2.5  1.00e+00 10  1h
iter    objective    inf_pr   inf_du inf_compl lg(mu) lg(rg) alpha_pr ir ls
4080r 1.6021210e+03 1.27e-10 3.84e-03 7.55e-05  -3.8    3.0  1.00e+00  7  1h
4081r 1.6021215e+03 7.94e-10 3.84e-03 7.55e-05  -3.8    2.5  1.00e+00  6  1h
4082r 1.6021230e+03 7.15e-09 3.83e-03 7.55e-05  -3.8    2.0  1.00e+00 10  1h
4083r 1.6021231e+03 1.83e-10 3.83e-03 7.55e-05  -3.8    3.3  1.00e+00  5  1h
4084r 1.6021233e+03 1.41e-10 3.83e-03 7.55e-05  -3.8    2.9  1.00e+00 10  1h
4085r 1.6021240e+03 1.27e-09 3.83e-03 7.55e-05  -3.8    2.4  1.00e+00 10  1h
4086r 1.6021242e+03 1.78e-10 3.83e-03 7.55e-05  -3.8    2.8  1.00e+00  8  1h
4087r 1.6021243e+03 6.89e-11 3.83e-03 7.55e-05  -3.8    3.2  1.00e+00  6  1h
4088r 1.6021246e+03 2.26e-10 3.83e-03 7.55e-05  -3.8    2.8  1.00e+00 10  1h
4089r 1.6021247e+03 5.62e-11 3.83e-03 7.55e-05  -3.8    3.2  1.00e+00  7  1h
iter    objective    inf_pr   inf_du inf_compl lg(mu) lg(rg) alpha_pr ir ls
4090r 1.6021250e+03 2.86e-10 3.83e-03 7.55e-05  -3.8    2.7  1.00e+00  5  1h
4091r 1.6021251e+03 6.12e-11 3.83e-03 7.55e-05  -3.8    3.1  1.00e+00  5  1h
4092r 1.6021255e+03 3.62e-10 3.83e-03 7.55e-05  -3.8    2.7  1.00e+00  8  1h
4093r 1.6021256e+03 6.90e-11 3.83e-03 7.55e-05  -3.8    3.1  1.00e+00  7  1h
4094r 1.6021260e+03 4.59e-10 3.83e-03 7.55e-05  -3.8    2.6  1.00e+00 10  1h
4095r 1.6021262e+03 7.78e-11 3.82e-03 7.55e-05  -3.8    3.0  1.00e+00  8  1h
4096r 1.6021266e+03 5.80e-10 3.82e-03 7.55e-05  -3.8    2.6  1.00e+00 10  1h
4097r 1.6021268e+03 8.76e-11 3.82e-03 7.55e-05  -3.8    3.0  1.00e+00  8  1h
4098r 1.6021273e+03 7.35e-10 3.82e-03 7.55e-05  -3.8    2.5  1.00e+00 10  1h
4099r 1.6021288e+03 6.62e-09 3.82e-03 7.55e-05  -3.8    2.0  1.00e+00 10  1h
iter    objective    inf_pr   inf_du inf_compl lg(mu) lg(rg) alpha_pr ir ls
4100r 1.6021293e+03 9.28e-10 3.82e-03 7.55e-05  -3.8    2.5  1.00e+00 10  1h
4101r 1.6021295e+03 1.53e-10 3.82e-03 7.55e-05  -3.8    2.9  1.00e+00  6  1h
4102r 1.6021296e+03 7.50e-11 3.82e-03 7.55e-05  -3.8    3.3  1.00e+00  5  1h
4103r 1.6021298e+03 1.65e-10 3.82e-03 7.55e-05  -3.8    2.8  1.00e+00  8  1h
4104r 1.6021305e+03 1.49e-09 3.82e-03 7.55e-05  -3.8    2.4  1.00e+00 10  1h
4105r 1.6021308e+03 2.09e-10 3.81e-03 7.55e-05  -3.8    2.8  1.00e+00 10  1h
4106r 1.6021316e+03 1.88e-09 3.81e-03 7.55e-05  -3.8    2.3  1.00e+00 10  1h
4107r 1.6021319e+03 2.64e-10 3.81e-03 7.55e-05  -3.8    2.7  1.00e+00  8  1h
4108r 1.6021320e+03 8.41e-11 3.81e-03 7.55e-05  -3.8    3.2  1.00e+00  6  1h
4109r 1.6021323e+03 3.35e-10 3.81e-03 7.55e-05  -3.8    2.7  1.00e+00  9  1h
iter    objective    inf_pr   inf_du inf_compl lg(mu) lg(rg) alpha_pr ir ls
4110r 1.6021325e+03 6.82e-11 3.81e-03 7.55e-05  -3.8    3.1  1.00e+00  5  1h
4111r 1.6021328e+03 4.24e-10 3.81e-03 7.55e-05  -3.8    2.6  1.00e+00  7  1h
4112r 1.6021330e+03 7.40e-11 3.81e-03 7.55e-05  -3.8    3.1  1.00e+00  7  1h
4113r 1.6021334e+03 5.37e-10 3.81e-03 7.55e-05  -3.8    2.6  1.00e+00  9  1h
4114r 1.6021336e+03 8.33e-11 3.81e-03 7.55e-05  -3.8    3.0  1.00e+00  7  1h
4115r 1.6021340e+03 6.79e-10 3.81e-03 7.55e-05  -3.8    2.5  1.00e+00  9  1h
4116r 1.6021342e+03 9.54e-11 3.81e-03 7.55e-05  -3.8    3.0  1.00e+00  9  1h
4117r 1.6021343e+03 5.10e-11 3.81e-03 7.55e-05  -3.8    3.4  1.00e+00  4  1h
4118r 1.6021345e+03 1.21e-10 3.81e-03 7.55e-05  -3.8    2.9  1.00e+00 10  1h
4119r 1.6021351e+03 1.09e-09 3.80e-03 7.55e-05  -3.8    2.4  1.00e+00  7  1h
iter    objective    inf_pr   inf_du inf_compl lg(mu) lg(rg) alpha_pr ir ls
4120r 1.6021353e+03 1.53e-10 3.80e-03 7.55e-05  -3.8    2.9  1.00e+00  6  1h
4121r 1.6021354e+03 6.23e-11 3.80e-03 7.55e-05  -3.8    3.3  1.00e+00  7  1h
4122r 1.6021357e+03 1.94e-10 3.80e-03 7.55e-05  -3.8    2.8  1.00e+00  8  1h
4123r 1.6021358e+03 5.17e-11 3.80e-03 7.55e-05  -3.8    3.2  1.00e+00  6  1h
4124r 1.6021360e+03 2.45e-10 3.80e-03 7.55e-05  -3.8    2.8  1.00e+00 10  1h
4125r 1.6021369e+03 2.21e-09 3.80e-03 7.55e-05  -3.8    2.3  1.00e+00  9  1h
4126r 1.6021395e+03 1.99e-08 3.80e-03 7.55e-05  -3.8    1.8  1.00e+00  7  1h
4127r 1.6021404e+03 2.78e-09 3.79e-03 7.55e-05  -3.8    2.2  1.00e+00 10  1h
4128r 1.6021408e+03 3.91e-10 3.79e-03 7.55e-05  -3.8    2.6  1.00e+00 10  1h
4129r 1.6021409e+03 1.26e-10 3.79e-03 7.55e-05  -3.8    3.1  1.00e+00  8  1h
iter    objective    inf_pr   inf_du inf_compl lg(mu) lg(rg) alpha_pr ir ls
4130r 1.6021413e+03 4.96e-10 3.79e-03 7.55e-05  -3.8    2.6  1.00e+00 10  1h
4131r 1.6021415e+03 8.26e-11 3.79e-03 7.55e-05  -3.8    3.0  1.00e+00  7  1h
4132r 1.6021415e+03 4.39e-11 3.79e-03 7.55e-05  -3.8    3.5  1.00e+00  5  1h
4133r 1.6021417e+03 8.82e-11 3.79e-03 7.55e-05  -3.8    3.0  1.00e+00  8  1h
4134r 1.6021422e+03 7.94e-10 3.79e-03 7.55e-05  -3.8    2.5  1.00e+00  8  1h
4135r 1.6021424e+03 1.12e-10 3.79e-03 7.55e-05  -3.8    2.9  1.00e+00  8  1h
4136r 1.6021425e+03 5.21e-11 3.79e-03 7.55e-05  -3.8    3.3  1.00e+00  5  1h
4137r 1.6021427e+03 1.41e-10 3.79e-03 7.55e-05  -3.8    2.9  1.00e+00  8  1h
4138r 1.6021434e+03 1.27e-09 3.79e-03 7.55e-05  -3.8    2.4  1.00e+00 10  1h
4139r 1.6021436e+03 1.79e-10 3.79e-03 7.55e-05  -3.8    2.8  1.00e+00  8  1h
iter    objective    inf_pr   inf_du inf_compl lg(mu) lg(rg) alpha_pr ir ls
4140r 1.6021437e+03 6.65e-11 3.79e-03 7.55e-05  -3.8    3.2  1.00e+00  7  1h
4141r 1.6021440e+03 2.26e-10 3.78e-03 7.55e-05  -3.8    2.8  1.00e+00  9  1h
4142r 1.6021441e+03 5.52e-11 3.78e-03 7.55e-05  -3.8    3.2  1.00e+00  4  1h
4143r 1.6021444e+03 2.86e-10 3.78e-03 7.55e-05  -3.8    2.7  1.00e+00 10  1h
4144r 1.6021445e+03 6.00e-11 3.78e-03 7.55e-05  -3.8    3.1  1.00e+00  8  1h
4145r 1.6021448e+03 3.63e-10 3.78e-03 7.55e-05  -3.8    2.7  1.00e+00 10  1h
4146r 1.6021450e+03 6.75e-11 3.78e-03 7.55e-05  -3.8    3.1  1.00e+00  7  1h
4147r 1.6021454e+03 4.59e-10 3.78e-03 7.55e-05  -3.8    2.6  1.00e+00 10  1h
4148r 1.6021455e+03 7.61e-11 3.78e-03 7.55e-05  -3.8    3.0  1.00e+00  8  1h
4149r 1.6021459e+03 5.81e-10 3.78e-03 7.55e-05  -3.8    2.6  1.00e+00 10  1h
iter    objective    inf_pr   inf_du inf_compl lg(mu) lg(rg) alpha_pr ir ls
4150r 1.6021461e+03 8.56e-11 3.78e-03 7.55e-05  -3.8    3.0  1.00e+00 10  1h
4151r 1.6021466e+03 7.35e-10 3.78e-03 7.55e-05  -3.8    2.5  1.00e+00  9  1h
4152r 1.6021468e+03 1.03e-10 3.78e-03 7.55e-05  -3.8    2.9  1.00e+00  8  1h
4153r 1.6021473e+03 9.30e-10 3.78e-03 7.55e-05  -3.8    2.5  1.00e+00 10  1h
4154r 1.6021475e+03 1.31e-10 3.78e-03 7.55e-05  -3.8    2.9  1.00e+00 10  1h

Number of Iterations....: 4154

                                   (scaled)                 (unscaled)
Objective...............:   1.0042573552155677e+03    1.6021481684081323e+03
Dual infeasibility......:   1.0750406671470547e+02    1.7150727618661017e+02
Constraint violation....:   5.1898327470902964e-06    5.1885412008601271e-06
Complementarity.........:   4.7332911763423469e-05    7.5512852849272410e-05
Overall NLP error.......:   6.7385621281892455e+01    1.0750406671470547e+02

Number of objective function evaluations              = 4191
Number of objective gradient evaluations              = 4156
Number of constraint evaluations                      = 4194
Number of constraint Jacobian evaluations             = 4156
Number of Lagrangian Hessian evaluations              = 4155
Number of KKT factorizations                          = 10509
Number of KKT backsolves                              = 37897

Total wall secs in initialization                     = 217.243 s
Total wall secs in linear solver                      =  unavailable
Total wall secs in NLP function evaluations           = 2719.538 s
Total wall secs in solver (w/o init./fun./lin. alg.)  =  unavailable
Total wall secs                                       = 7200.539 s

[31mEXIT: Maximum wall-clock Time Exceeded.[0m

============================================================
[0][6/8] Oliveira_NatCommun2021
============================================================

============================================================
[0][7/8] Raimundez_PCB2020
============================================================
This is [34mMad[31mN[32mL[35mP[0m version v0.9.2, running with cuDSS v0.7.1

Number of nonzeros in constraint Jacobian............: 24279303
Number of nonzeros in Lagrangian Hessian.............: 46095834

Total number of variables............................:  1446434
                     variables with only lower bounds:        0
                variables with lower and upper bounds:      136
                     variables with only upper bounds:        0
Total number of equality constraints.................:  1446298
Total number of inequality constraints...............:        0
        inequality constraints with only lower bounds:        0
   inequality constraints with lower and upper bounds:        0
        inequality constraints with only upper bounds:        0

iter    objective    inf_pr   inf_du inf_compl lg(mu) lg(rg) alpha_pr ir ls
   0  7.0452665e+04 5.32e-02 1.00e+02 7.97e+00  -1.0     -   0.00e+00  0  0 
   1  7.0452665e+04 5.32e-02 3.06e-02 3.98e-04  -1.0   -4.0  8.63e-09  2  1h
   2  7.0413572e+04 4.25e-02 2.44e+00 3.87e-04  -2.5    1.8  2.07e-01  1  1h
   3  7.0408443e+04 4.05e-02 1.65e+01 3.58e-04  -2.5    2.3  7.22e-02  2  1h
   4  7.0363312e+04 5.13e-02 3.57e+01 3.00e-04  -2.5    1.8  2.19e-01  4  1h
   5  7.0335872e+04 2.11e-01 3.72e+01 2.41e-04  -2.5    2.2  3.65e-01  3  1h
   6  7.0334164e+04 2.00e-01 3.57e+01 2.34e-04  -2.5    2.6  7.20e-02  3  1h
   7  7.0327884e+04 1.89e-01 4.64e+01 2.09e-04  -2.5    2.2  7.40e-02  3  1h
   8  7.0304291e+04 1.20e-01 5.43e+01 4.53e-05  -2.5    2.6  7.33e-01  2  1h
   9  7.0208088e+04 1.77e-01 1.08e+01 8.61e-06  -2.5    2.1  1.00e+00  7  1h
iter    objective    inf_pr   inf_du inf_compl lg(mu) lg(rg) alpha_pr ir ls
  10  7.0172365e+04 4.37e-03 9.31e+01 6.26e-06  -2.5    2.5  1.00e+00  7  1h
  11  7.0158740e+04 2.46e-03 1.22e+00 3.00e-05  -2.5    3.0  1.00e+00  6  1h
  12  7.0157587e+04 2.42e-03 3.67e+00 4.57e-06  -2.5    2.5  2.60e-02 10  6h
  13  7.0141944e+04 8.53e-04 1.95e+00 1.03e-05  -2.5    2.9  1.00e+00  5  1h
  14  7.0139384e+04 5.53e-04 7.31e+01 4.68e-06  -2.5    3.3  4.22e-01  4  1h
  15  7.0138401e+04 5.90e-04 6.49e+01 4.65e-06  -2.5    2.9  4.74e-02 10  5h
  16  7.0137516e+04 5.32e-04 1.70e+02 1.09e-05  -2.5    3.3  1.25e-01  3  4h
  17  7.0134887e+04 1.92e-04 7.78e+00 4.60e-06  -2.5    3.7  1.00e+00  3  1h
  18  7.0134853e+04 1.92e-04 1.93e+02 7.11e-06  -2.5    3.2  3.91e-03  5  9h
  19  7.0134470e+04 1.92e-04 1.70e+02 6.64e-06  -2.5    3.7  1.25e-01  3  4h
iter    objective    inf_pr   inf_du inf_compl lg(mu) lg(rg) alpha_pr ir ls
  20  7.0134460e+04 1.92e-04 1.72e+02 6.56e-06  -2.5    3.2  9.77e-04  8 11h
  21  7.0134243e+04 1.92e-04 1.82e+02 6.67e-06  -2.5    3.6  6.25e-02  3  5h
  22  7.0134238e+04 1.92e-04 1.82e+02 6.59e-06  -2.5    3.1  3.74e-04  8 12h
  23  7.0134114e+04 1.92e-04 1.88e+02 6.64e-06  -2.5    3.6  3.12e-02  3  6h
  24  7.0134113e+04 1.92e-04 1.88e+02 6.56e-06  -2.5    3.1  1.12e-04  9 13h
  25  7.0133973e+04 1.92e-04 1.88e+02 6.54e-06  -2.5    3.5  3.12e-02  3  6h
  26  7.0133902e+04 1.92e-04 1.87e+02 6.48e-06  -2.5    3.0  2.92e-03 10  7h
  27  7.0133902e+04 1.92e-04 1.94e+02 6.45e-06  -2.5    3.5  6.10e-05  5 15h
  28  7.0132007e+04 1.91e-04 2.38e+00 4.61e-06  -2.5    3.9  1.00e+00  3  1H
  29  7.0131806e+04 1.91e-04 4.29e+01 5.18e-06  -2.5    3.4  3.12e-02  5  6h
iter    objective    inf_pr   inf_du inf_compl lg(mu) lg(rg) alpha_pr ir ls
  30  7.0131668e+04 1.91e-04 1.81e+02 5.28e-06  -2.5    3.8  6.25e-02  4  5h
  31  7.0131640e+04 1.91e-04 1.83e+02 6.08e-06  -2.5    3.4  3.57e-03  6  9h
  32  7.0131482e+04 1.91e-04 1.81e+02 5.65e-06  -2.5    3.8  6.25e-02  3  5h
  33  7.0131479e+04 1.91e-04 1.82e+02 6.56e-06  -2.5    3.3  2.85e-04  7 12h
  34  7.0131434e+04 1.91e-04 1.90e+02 6.11e-06  -2.5    3.7  1.56e-02  4  7h
  35  7.0131434e+04 1.91e-04 1.90e+02 7.10e-06  -2.5    3.3  4.22e-05  8 14h
  36  7.0131383e+04 1.91e-04 1.90e+02 6.60e-06  -2.5    3.7  1.56e-02  4  7h
  38  7.0130863e+04 4.41e-03 1.86e+02 6.37e-06  -2.5     -   2.29e-02 10 20R
  38r 7.0130579e+04 1.36e-20 1.48e+02 5.31e-04  -2.5     -   5.51e-07 10 20f
  39  7.0131424e+04 2.34e-04 2.14e+00 4.49e-05  -2.5    2.7  3.52e-02  1  1f
iter    objective    inf_pr   inf_du inf_compl lg(mu) lg(rg) alpha_pr ir ls
  40  7.0131199e+04 2.33e-04 1.77e+02 7.78e-06  -2.5    3.2  2.20e-02  3  1h
  41  7.0102964e+04 2.60e-03 2.83e+00 5.85e-06  -2.5    2.7  1.00e+00  5  1h
  42  7.0099093e+04 2.05e-03 1.13e+02 5.78e-06  -2.5    3.1  4.13e-01  4  2h
  43  7.0099037e+04 2.05e-03 1.21e+02 7.86e-06  -2.5    2.6  1.58e-03  7  8h
  44  7.0097609e+04 2.04e-03 1.67e+02 9.15e-06  -2.5    3.1  1.25e-01  4  4h
  45  7.0093635e+04 1.80e-03 2.70e+00 5.04e-06  -2.5    3.5  1.00e+00  3  1h
  46  7.0093614e+04 1.80e-03 3.10e+01 1.06e-05  -2.5    3.0  1.16e-03  6  8h
  47  7.0093275e+04 1.76e-03 1.78e+02 1.32e-05  -2.5    3.4  6.25e-02  4  5h
  48  7.0093272e+04 1.76e-03 1.77e+02 2.82e-05  -2.5    3.0  9.03e-05  6 10h
  49  7.0092957e+04 1.74e-03 1.80e+02 3.65e-05  -2.5    3.4  5.06e-02  4  5h
iter    objective    inf_pr   inf_du inf_compl lg(mu) lg(rg) alpha_pr ir ls
  50  7.0090603e+04 1.48e-03 5.54e+00 9.49e-06  -2.5    3.8  1.00e+00  3  1H
  51  7.0090487e+04 1.60e-03 5.52e+01 3.46e-05  -2.5    3.3  1.18e-02  4  4h
  52  7.0090123e+04 1.68e-03 1.65e+02 5.48e-05  -2.5    3.8  1.25e-01  3  3h
  53  7.0090122e+04 1.68e-03 1.64e+02 3.25e-04  -2.5    3.3  6.37e-05  7  9h
  54  7.0089879e+04 1.74e-03 1.74e+02 8.48e-04  -2.5    3.7  7.16e-02  3  3h
  55  7.0089084e+04 1.22e-03 7.03e+01 1.18e-05  -2.5    4.1  6.27e-01  3  1H
  56  7.0089053e+04 1.22e-03 1.84e+02 3.98e-04  -2.5    3.6  7.48e-03  3  2h
  57  7.0088873e+04 1.17e-03 1.64e+02 2.71e-04  -2.5    4.1  1.25e-01  3  4h
  58  7.0088861e+04 1.17e-03 1.78e+02 4.09e-04  -2.5    3.6  2.22e-03  4  9h
  59  7.0088758e+04 1.14e-03 1.76e+02 2.82e-04  -2.5    4.0  6.25e-02  3  5h
iter    objective    inf_pr   inf_du inf_compl lg(mu) lg(rg) alpha_pr ir ls
  60  7.0088752e+04 1.14e-03 1.79e+02 4.18e-04  -2.5    3.5  9.86e-04  5 10h
  61  7.0088633e+04 1.14e-03 1.75e+02 2.88e-04  -2.5    4.0  6.25e-02  3  5h
  62  7.0088630e+04 1.14e-03 1.77e+02 4.27e-04  -2.5    3.5  3.90e-04  4 11h
  63  7.0088562e+04 1.13e-03 1.81e+02 3.04e-04  -2.5    3.9  3.12e-02  3  6h
  64  7.0088560e+04 1.13e-03 1.80e+02 4.46e-04  -2.5    3.4  1.39e-04  6 12h
  65  7.0088521e+04 1.12e-03 1.83e+02 3.21e-04  -2.5    3.9  1.56e-02  3  7h
  66r 7.0087014e+04 2.71e-20 1.50e+02 1.41e-02  -2.5     -   7.58e-02  8 20R
  67  7.0088521e+04 3.74e-04 5.29e+01 5.41e-03  -2.5    2.9  2.08e-03  2  1f
  68  7.0082757e+04 4.85e-03 1.35e+02 2.32e-04  -2.5    2.4  1.17e-01  5  1h
  69  7.0082411e+04 5.01e-03 1.36e+02 1.83e-04  -2.5    2.0  2.37e-03 10  7h
iter    objective    inf_pr   inf_du inf_compl lg(mu) lg(rg) alpha_pr ir ls
  70  7.0081886e+04 5.07e-03 1.50e+02 1.20e-04  -2.5    2.4  9.34e-03  6  7h
  71  7.0081716e+04 5.17e-03 1.46e+02 1.09e-04  -2.5    1.9  1.04e-03  8  8h
  72  7.0081368e+04 5.20e-03 1.54e+02 8.30e-05  -2.5    2.3  5.53e-03  5  8h
  73  7.0080593e+04 5.24e-03 1.62e+02 1.04e-04  -2.5    2.8  3.17e-02  4  4h
  74  7.0080251e+04 5.28e-03 1.61e+02 8.50e-05  -2.5    2.3  4.81e-03 10  7h
  75  7.0079822e+04 5.28e-03 1.67e+02 5.58e-05  -2.5    2.7  1.56e-02  4  7h
  76  7.0079688e+04 5.30e-03 1.62e+02 6.49e-05  -2.5    2.2  1.66e-03  7  9h
  77  7.0079206e+04 5.34e-03 1.65e+02 5.60e-05  -2.5    2.7  1.56e-02  8  7h
  78  7.0079187e+04 5.34e-03 1.59e+02 6.12e-05  -2.5    2.2  2.12e-04  8 12h
  79  7.0078941e+04 5.34e-03 1.63e+02 5.81e-05  -2.5    2.6  7.11e-03  6  8h
iter    objective    inf_pr   inf_du inf_compl lg(mu) lg(rg) alpha_pr ir ls
  80  7.0078930e+04 5.34e-03 1.57e+02 6.08e-05  -2.5    2.1  1.07e-04 10 13h
  81  7.0078785e+04 5.34e-03 1.62e+02 6.01e-05  -2.5    2.6  3.73e-03  5  9h
  82  7.0078782e+04 5.34e-03 1.56e+02 6.25e-05  -2.5    2.1  2.62e-05  9 15h
  83  7.0078616e+04 5.34e-03 1.63e+02 6.12e-05  -2.5    2.5  3.79e-03  5  9h
  84  7.0078044e+04 5.33e-03 1.66e+02 6.84e-05  -2.5    2.9  3.39e-02  4  5h
  85  7.0077991e+04 5.33e-03 1.63e+02 6.31e-05  -2.5    2.5  1.06e-03  6 10h
  86  7.0077591e+04 5.32e-03 1.66e+02 6.01e-05  -2.5    2.9  2.11e-02  4  6h
  87  7.0077560e+04 5.32e-03 1.60e+02 6.66e-05  -2.5    2.4  5.51e-04  6 11h
  88  7.0077316e+04 5.31e-03 1.65e+02 6.40e-05  -2.5    2.8  1.14e-02  4  7h
  89  7.0077299e+04 5.31e-03 1.58e+02 6.98e-05  -2.5    2.4  2.77e-04  7 12h
iter    objective    inf_pr   inf_du inf_compl lg(mu) lg(rg) alpha_pr ir ls
  90  7.0077120e+04 5.30e-03 1.64e+02 6.68e-05  -2.5    2.8  7.49e-03  4  8h
  91  7.0077110e+04 5.30e-03 1.57e+02 7.21e-05  -2.5    2.3  1.36e-04  6 13h
  92  7.0077005e+04 5.29e-03 1.66e+02 6.80e-05  -2.5    2.7  3.91e-03  5  9h
  93  7.0076549e+04 5.20e-03 1.70e+02 6.36e-05  -2.5    3.2  4.38e-02  4  5h
  94  7.0076470e+04 5.20e-03 1.67e+02 6.67e-05  -2.5    2.7  2.58e-03  5  9h
  95  7.0076193e+04 5.14e-03 1.69e+02 6.39e-05  -2.5    3.1  2.38e-02  4  6h
  96  7.0076147e+04 5.14e-03 1.65e+02 7.21e-05  -2.5    2.6  1.33e-03  5 10h
  97  7.0075813e+04 5.12e-03 1.68e+02 6.72e-05  -2.5    3.1  2.55e-02  4  6h
  98  7.0075787e+04 5.12e-03 1.60e+02 7.82e-05  -2.5    2.6  6.61e-04  6 11h
  99  7.0075573e+04 5.10e-03 1.68e+02 7.13e-05  -2.5    3.0  1.46e-02  4  7h
iter    objective    inf_pr   inf_du inf_compl lg(mu) lg(rg) alpha_pr ir ls
 100  7.0075560e+04 5.10e-03 1.59e+02 8.13e-05  -2.5    2.5  2.97e-04 10 12h
 101  7.0075430e+04 5.09e-03 1.72e+02 7.14e-05  -2.5    3.0  7.81e-03  4  8h
 102  7.0075424e+04 5.09e-03 1.63e+02 8.10e-05  -2.5    2.5  1.21e-04 10 13h
 103  7.0075279e+04 5.08e-03 1.70e+02 7.39e-05  -2.5    2.9  7.81e-03  6  8h
 104  7.0075276e+04 5.08e-03 1.60e+02 8.40e-05  -2.5    2.4  4.44e-05  6 14h
 105  7.0075194e+04 5.08e-03 1.68e+02 7.72e-05  -2.5    2.8  3.91e-03  5  9h
 106  7.0074692e+04 5.04e-03 1.68e+02 6.39e-05  -2.5    3.3  6.25e-02  3  5h
 107  7.0074659e+04 5.04e-03 1.63e+02 8.00e-05  -2.5    2.8  1.39e-03  4 10h
 108  7.0074405e+04 5.00e-03 1.72e+02 6.93e-05  -2.5    3.2  2.82e-02  3  6h
 109  7.0074386e+04 4.99e-03 1.63e+02 8.43e-05  -2.5    2.7  6.96e-04  4 11h
iter    objective    inf_pr   inf_du inf_compl lg(mu) lg(rg) alpha_pr ir ls
 110  7.0074228e+04 4.96e-03 1.73e+02 7.28e-05  -2.5    3.2  1.56e-02  3  7h
 111  7.0074209e+04 4.96e-03 1.63e+02 8.73e-05  -2.5    2.7  6.00e-04  5 11h
 112  7.0074031e+04 4.95e-03 1.71e+02 7.55e-05  -2.5    3.1  1.56e-02  4  7h
 113  7.0074022e+04 4.95e-03 1.60e+02 9.07e-05  -2.5    2.6  2.37e-04 10 12h
 114  7.0073922e+04 4.94e-03 1.70e+02 7.93e-05  -2.5    3.1  7.81e-03  4  8h
 115  7.0073918e+04 4.94e-03 1.59e+02 9.49e-05  -2.5    2.6  9.18e-05  7 13h
 116  7.0073805e+04 4.93e-03 1.68e+02 8.26e-05  -2.5    3.0  7.81e-03  4  8h
 117r 7.0069110e+04 1.08e-19 1.50e+02 6.31e-03  -2.3     -   8.89e-02 10 20R
 118  7.0073797e+04 1.67e-03 1.15e+02 3.50e-03  -2.5    2.1  8.32e-04  1  1f
 119  7.0073651e+04 1.67e-03 1.21e+02 2.32e-04  -2.5    1.6  4.47e-04  6  7h
iter    objective    inf_pr   inf_du inf_compl lg(mu) lg(rg) alpha_pr ir ls
 120  7.0073519e+04 1.67e-03 1.44e+02 3.73e-05  -2.5    2.0  1.03e-03  5  8h
 121  7.0066088e+04 3.08e-03 1.31e+02 2.28e-05  -2.5    1.5  2.03e-02  7  6h
 122  7.0064629e+04 3.32e-03 1.41e+02 3.60e-05  -2.5    2.0  1.02e-02  7  7h
 123  7.0063385e+04 3.77e-03 1.49e+02 2.75e-05  -2.5    2.4  2.21e-02  4  6h
 124  7.0062330e+04 3.89e-03 1.35e+02 3.59e-05  -2.5    1.9  6.63e-03 10  8h
 125  7.0062159e+04 3.89e-03 1.47e+02 2.82e-05  -2.5    2.3  2.72e-03  5  9h
 126  7.0061546e+04 3.93e-03 1.33e+02 3.56e-05  -2.5    1.9  3.45e-03  7  9h
 127  7.0061169e+04 3.95e-03 1.44e+02 2.80e-05  -2.5    2.3  5.37e-03  5  8h
 128  7.0061160e+04 3.95e-03 1.63e+02 3.78e-05  -2.5    2.7  3.47e-04  4 12h
 129  7.0061007e+04 3.95e-03 1.49e+02 2.88e-05  -2.5    2.2  1.95e-03  5 10h
iter    objective    inf_pr   inf_du inf_compl lg(mu) lg(rg) alpha_pr ir ls
 130  7.0060211e+04 4.00e-03 1.27e+02 3.50e-05  -2.5    1.8  3.58e-03  8  9h
 131  7.0059586e+04 4.01e-03 1.16e+02 2.31e-05  -2.5    1.3  9.77e-04 10 11h
 132  7.0059444e+04 4.01e-03 1.25e+02 4.19e-05  -2.5    1.7  5.67e-04 10  9h
 133  7.0059269e+04 4.01e-03 1.16e+02 2.31e-05  -2.5    1.2  2.44e-04 10 13h
 134  7.0059046e+04 4.01e-03 1.24e+02 3.93e-05  -2.5    1.7  8.00e-04 10  9h
 135  7.0058948e+04 4.01e-03 1.16e+02 2.38e-05  -2.5    1.2  1.22e-04 10 14h
 136  7.0058674e+04 4.01e-03 1.20e+02 3.65e-05  -2.5    1.6  8.76e-04 10  9h
 137  7.0058565e+04 4.01e-03 1.15e+02 2.49e-05  -2.5    1.1  1.22e-04 10 14h
 138  7.0058430e+04 4.01e-03 1.44e+02 2.79e-05  -2.5    2.5  2.79e-03  5  7h
 139  7.0058319e+04 4.01e-03 1.35e+02 3.45e-05  -2.5    2.0  8.13e-04  6 11h
iter    objective    inf_pr   inf_du inf_compl lg(mu) lg(rg) alpha_pr ir ls
 140  7.0057937e+04 4.01e-03 1.19e+02 2.56e-05  -2.5    1.5  9.77e-04 10 11h
 141  7.0057722e+04 4.01e-03 1.32e+02 3.45e-05  -2.5    1.9  1.40e-03  8 10h
 142  7.0057559e+04 4.01e-03 1.45e+02 2.89e-05  -2.5    2.4  2.70e-03  6  9h
 143  7.0057255e+04 4.02e-03 1.30e+02 3.46e-05  -2.5    1.9  1.78e-03  7 10h
 144  7.0057076e+04 4.02e-03 1.43e+02 2.85e-05  -2.5    2.3  2.66e-03  5  9h
 145  7.0056734e+04 4.02e-03 1.28e+02 3.44e-05  -2.5    1.8  1.79e-03  8 10h
 146  7.0056536e+04 4.03e-03 1.40e+02 2.82e-05  -2.5    2.3  2.63e-03  5  9h
 147  7.0056372e+04 4.02e-03 1.58e+02 3.67e-05  -2.5    2.7  5.46e-03  4  8h
 148  7.0056208e+04 4.02e-03 1.43e+02 2.84e-05  -2.5    2.2  1.95e-03  5 10h
 149  7.0055766e+04 4.04e-03 1.23e+02 3.40e-05  -2.5    1.7  1.85e-03 10 10h
iter    objective    inf_pr   inf_du inf_compl lg(mu) lg(rg) alpha_pr ir ls
 150  7.0055521e+04 4.04e-03 1.35e+02 2.77e-05  -2.5    2.1  2.61e-03  6  9h
 151  7.0055326e+04 4.05e-03 1.54e+02 3.66e-05  -2.5    2.6  5.22e-03  5  8h
 152  7.0055224e+04 4.04e-03 1.38e+02 2.84e-05  -2.5    2.1  9.77e-04  6 11h
 153  7.0055096e+04 4.04e-03 1.52e+02 3.65e-05  -2.5    2.5  3.07e-03  4  9h
 154  7.0054981e+04 4.04e-03 1.37e+02 2.91e-05  -2.5    2.0  9.77e-04  7 11h
 155  7.0054831e+04 4.04e-03 1.49e+02 3.44e-05  -2.5    2.5  3.24e-03  4  9h
 156  7.0054703e+04 4.04e-03 1.36e+02 3.00e-05  -2.5    2.0  9.77e-04  7 11h
 157  7.0054527e+04 4.04e-03 1.47e+02 3.26e-05  -2.5    2.4  3.38e-03  6  9h
 158  7.0054384e+04 4.04e-03 1.34e+02 3.04e-05  -2.5    1.9  9.77e-04  9 11h
 159  7.0054285e+04 4.04e-03 1.45e+02 3.18e-05  -2.5    2.4  1.71e-03  6 10h
iter    objective    inf_pr   inf_du inf_compl lg(mu) lg(rg) alpha_pr ir ls
 160  7.0054125e+04 4.04e-03 1.32e+02 3.06e-05  -2.5    1.9  9.77e-04  8 11h
 161  7.0054068e+04 4.04e-03 1.18e+02 2.74e-05  -2.5    1.4  1.22e-04 10 14h
 162  7.0053891e+04 4.04e-03 1.45e+02 2.95e-05  -2.5    2.7  6.82e-03  5  4h
 163  7.0053762e+04 4.04e-03 1.39e+02 3.23e-05  -2.5    2.3  1.79e-03  5 10h
 164  7.0053662e+04 4.04e-03 1.21e+02 2.87e-05  -2.5    1.8  4.88e-04  9 12h
 165  7.0053450e+04 4.04e-03 1.37e+02 3.20e-05  -2.5    2.2  2.62e-03  5  9h
 166  7.0053262e+04 4.04e-03 1.53e+02 3.32e-05  -2.5    2.6  5.84e-03  4  8h
 167  7.0053174e+04 4.04e-03 1.34e+02 3.26e-05  -2.5    2.2  9.77e-04  5 11h
 168  7.0052967e+04 4.05e-03 1.51e+02 3.18e-05  -2.5    2.6  5.77e-03  4  8h
 169  7.0052869e+04 4.05e-03 1.36e+02 3.26e-05  -2.5    2.1  9.77e-04  5 11h
iter    objective    inf_pr   inf_du inf_compl lg(mu) lg(rg) alpha_pr ir ls
 170  7.0052737e+04 4.05e-03 1.48e+02 3.06e-05  -2.5    2.5  3.31e-03  4  9h
 171  7.0052526e+04 4.04e-03 1.61e+02 4.00e-05  -2.5    3.0  1.31e-02  3  7h
 172  7.0052361e+04 4.04e-03 1.45e+02 3.04e-05  -2.5    2.5  3.70e-03  5  9h
 173  7.0052238e+04 4.04e-03 1.24e+02 3.30e-05  -2.5    2.0  9.77e-04 10 11h
 174  7.0052100e+04 4.04e-03 1.42e+02 3.00e-05  -2.5    2.4  2.76e-03  4  9h
 175  7.0052032e+04 4.04e-03 1.24e+02 3.31e-05  -2.5    2.0  4.88e-04  6 12h
 176  7.0051867e+04 4.05e-03 1.40e+02 2.98e-05  -2.5    2.4  2.96e-03  6  9h
 177  7.0051792e+04 4.05e-03 1.28e+02 3.21e-05  -2.5    1.9  4.76e-04 10 12h
 178  7.0051567e+04 4.06e-03 1.37e+02 3.06e-05  -2.5    2.3  3.63e-03  6  9h
 179  7.0051224e+04 4.08e-03 1.25e+02 3.09e-05  -2.5    1.9  1.95e-03 10 10h
iter    objective    inf_pr   inf_du inf_compl lg(mu) lg(rg) alpha_pr ir ls
 180  7.0051097e+04 4.08e-03 1.35e+02 3.10e-05  -2.5    2.3  1.83e-03  5 10h
 181  7.0051001e+04 4.08e-03 1.23e+02 3.06e-05  -2.5    1.8  4.88e-04  8 12h
 182  7.0050858e+04 4.09e-03 1.32e+02 3.10e-05  -2.5    2.2  1.85e-03  4 10h
 183  7.0050804e+04 4.09e-03 1.21e+02 3.02e-05  -2.5    1.8  2.44e-04 10 13h
 184  7.0050477e+04 4.12e-03 1.29e+02 3.08e-05  -2.5    2.2  3.79e-03  5  9h
 185  7.0050378e+04 4.11e-03 1.47e+02 3.25e-05  -2.5    2.6  2.87e-03  4  9h
 186  7.0050284e+04 4.11e-03 1.27e+02 3.10e-05  -2.5    2.1  9.77e-04  5 11h
 187  7.0050176e+04 4.11e-03 1.45e+02 3.22e-05  -2.5    2.6  2.81e-03  4  9h
 188  7.0050070e+04 4.11e-03 1.25e+02 3.10e-05  -2.5    2.1  9.77e-04 10 11h
 189  7.0049969e+04 4.11e-03 1.20e+02 2.99e-05  -2.5    1.6  3.29e-04 10 12h
iter    objective    inf_pr   inf_du inf_compl lg(mu) lg(rg) alpha_pr ir ls
 190  7.0049537e+04 4.17e-03 1.22e+02 5.06e-05  -2.5    2.0  3.57e-03  7  6h
 191  7.0049404e+04 4.17e-03 1.40e+02 3.21e-05  -2.5    2.5  2.79e-03  5  9h
 192  7.0049338e+04 4.16e-03 1.20e+02 3.05e-05  -2.5    2.0  4.88e-04  7 12h
 193  7.0049049e+04 4.19e-03 1.37e+02 3.16e-05  -2.5    2.4  5.42e-03  4  8h
 194  7.0048975e+04 4.19e-03 1.20e+02 3.06e-05  -2.5    1.9  4.88e-04  8 12h
 195  7.0048622e+04 4.24e-03 1.34e+02 3.12e-05  -2.5    2.4  5.94e-03  4  8h
 196  7.0048292e+04 4.26e-03 1.22e+02 3.07e-05  -2.5    1.9  1.95e-03  6 10h
 197  7.0048175e+04 4.26e-03 1.32e+02 3.12e-05  -2.5    2.3  1.77e-03  4 10h
 198  7.0048019e+04 4.26e-03 1.49e+02 3.42e-05  -2.5    2.7  5.87e-03  3  8h
 199  7.0047874e+04 4.26e-03 1.29e+02 3.13e-05  -2.5    2.3  1.95e-03  5 10h
iter    objective    inf_pr   inf_du inf_compl lg(mu) lg(rg) alpha_pr ir ls
 200  7.0047823e+04 4.26e-03 1.20e+02 3.03e-05  -2.5    1.8  2.44e-04 10 13h
 201  7.0047156e+04 4.43e-03 1.26e+02 3.09e-05  -2.5    2.2  8.04e-03  6  6h
 202  7.0046926e+04 4.44e-03 1.23e+02 2.99e-05  -2.5    1.7  9.77e-04 10 11h
 203  7.0046369e+04 4.54e-03 1.24e+02 3.25e-05  -2.5    2.1  6.03e-03  6  7h
 204  7.0046265e+04 4.54e-03 1.41e+02 3.24e-05  -2.5    2.6  2.82e-03  4  9h
 205  7.0046164e+04 4.54e-03 1.22e+02 3.10e-05  -2.5    2.1  9.77e-04  5 11h
 206  7.0046052e+04 4.53e-03 1.39e+02 3.20e-05  -2.5    2.5  2.75e-03  4  9h
 207  7.0045939e+04 4.53e-03 1.21e+02 3.10e-05  -2.5    2.0  9.77e-04  6 11h
 208  7.0045812e+04 4.53e-03 1.36e+02 3.17e-05  -2.5    2.5  2.79e-03  4  9h
 209  7.0045685e+04 4.53e-03 1.21e+02 3.10e-05  -2.5    2.0  9.77e-04  7 11h
iter    objective    inf_pr   inf_du inf_compl lg(mu) lg(rg) alpha_pr ir ls
 210  7.0045381e+04 4.56e-03 1.33e+02 3.13e-05  -2.5    2.4  5.97e-03  4  8h
 211  7.0045320e+04 4.55e-03 1.50e+02 3.63e-05  -2.5    2.8  3.00e-03  4  9h
 212  7.0045313e+04 4.55e-03 1.31e+02 3.17e-05  -2.5    2.4  1.22e-04  4 14h
 213  7.0045179e+04 4.55e-03 1.48e+02 3.49e-05  -2.5    2.8  5.90e-03  4  8h
 214  7.0045054e+04 4.55e-03 1.29e+02 3.17e-05  -2.5    2.3  1.95e-03  4 10h
 215  7.0044966e+04 4.55e-03 1.21e+02 3.07e-05  -2.5    1.8  4.88e-04 10 12h
 216  7.0044560e+04 4.60e-03 1.26e+02 3.12e-05  -2.5    2.3  5.71e-03  6  7h
 217  7.0044397e+04 4.60e-03 1.43e+02 3.25e-05  -2.5    2.7  5.78e-03  4  8h
 218  7.0044243e+04 4.60e-03 1.24e+02 3.14e-05  -2.5    2.2  1.95e-03  5 10h
 219  7.0044206e+04 4.60e-03 1.21e+02 3.07e-05  -2.5    1.7  1.62e-04  9 13h
iter    objective    inf_pr   inf_du inf_compl lg(mu) lg(rg) alpha_pr ir ls
 220  7.0044016e+04 4.61e-03 1.21e+02 3.11e-05  -2.5    2.2  2.14e-03  6  8h
 221  7.0044003e+04 4.61e-03 1.27e+02 2.92e-05  -2.5    1.7  5.43e-05 10 14h
 222  7.0043875e+04 4.61e-03 1.22e+02 3.38e-05  -2.5    2.1  1.29e-03  5 10h
 223  7.0043765e+04 4.60e-03 1.36e+02 3.23e-05  -2.5    2.5  2.80e-03  4  9h
 224  7.0043657e+04 4.60e-03 1.21e+02 3.10e-05  -2.5    2.1  9.77e-04  6 11h
 225  7.0043525e+04 4.60e-03 1.34e+02 3.19e-05  -2.5    2.5  3.02e-03  4  9h
 226  7.0043404e+04 4.60e-03 1.21e+02 3.10e-05  -2.5    2.0  9.77e-04  9 11h
 227  7.0043247e+04 4.60e-03 1.31e+02 3.17e-05  -2.5    2.4  3.21e-03  4  9h
 228  7.0043112e+04 4.60e-03 1.22e+02 3.09e-05  -2.5    2.0  9.77e-04  6 11h
 229  7.0042812e+04 4.63e-03 1.29e+02 3.14e-05  -2.5    2.4  5.50e-03  5  8h
iter    objective    inf_pr   inf_du inf_compl lg(mu) lg(rg) alpha_pr ir ls
 230  7.0042748e+04 4.62e-03 1.46e+02 3.43e-05  -2.5    2.8  2.95e-03  4  9h
 231  7.0042629e+04 4.62e-03 1.27e+02 3.17e-05  -2.5    2.3  1.95e-03  4 10h
 232  7.0042544e+04 4.62e-03 1.21e+02 3.09e-05  -2.5    1.9  4.88e-04  8 12h
 233  7.0042322e+04 4.63e-03 1.24e+02 3.14e-05  -2.5    2.3  3.26e-03  4  8h
 234  7.0042275e+04 4.63e-03 1.25e+02 3.02e-05  -2.5    1.8  2.44e-04  8 13h
 235  7.0042072e+04 4.63e-03 1.23e+02 3.11e-05  -2.5    2.2  2.66e-03  4  9h
 236  7.0042046e+04 4.63e-03 1.26e+02 2.99e-05  -2.5    1.8  1.22e-04 10 14h
 237  7.0041803e+04 4.64e-03 1.20e+02 3.10e-05  -2.5    2.2  2.85e-03  4  9h
 238  7.0041613e+04 4.65e-03 1.36e+02 3.22e-05  -2.5    2.6  5.65e-03  3  8h
 239  7.0041520e+04 4.64e-03 1.21e+02 3.12e-05  -2.5    2.1  9.77e-04  5 11h
iter    objective    inf_pr   inf_du inf_compl lg(mu) lg(rg) alpha_pr ir ls
 240  7.0041411e+04 4.64e-03 1.34e+02 3.20e-05  -2.5    2.6  2.92e-03  4  9h
 241  7.0041307e+04 4.64e-03 1.21e+02 3.12e-05  -2.5    2.1  9.77e-04  5 11h
 242  7.0041175e+04 4.64e-03 1.32e+02 3.18e-05  -2.5    2.5  3.14e-03  4  9h
 243  7.0041059e+04 4.64e-03 1.22e+02 3.11e-05  -2.5    2.0  9.77e-04  6 11h
 244  7.0040905e+04 4.63e-03 1.30e+02 3.17e-05  -2.5    2.5  3.29e-03  3  9h
 245  7.0040775e+04 4.63e-03 1.23e+02 3.09e-05  -2.5    2.0  9.77e-04  5 11h
 246  7.0040430e+04 4.67e-03 1.27e+02 3.14e-05  -2.5    2.4  6.61e-03  4  8h
 247  7.0040284e+04 4.67e-03 1.24e+02 3.07e-05  -2.5    1.9  9.77e-04  6 11h
 248  7.0040096e+04 4.67e-03 1.25e+02 3.14e-05  -2.5    2.4  3.23e-03  3  9h
 249  7.0039961e+04 4.66e-03 1.41e+02 3.26e-05  -2.5    2.8  5.81e-03  3  8h
iter    objective    inf_pr   inf_du inf_compl lg(mu) lg(rg) alpha_pr ir ls
 250  7.0039834e+04 4.66e-03 1.23e+02 3.15e-05  -2.5    2.3  1.95e-03  4 10h
 251  7.0039697e+04 4.66e-03 1.39e+02 3.23e-05  -2.5    2.7  5.30e-03  3  8h
 252  7.0039554e+04 4.65e-03 1.21e+02 3.15e-05  -2.5    2.2  1.95e-03  4 10h
 253  7.0039414e+04 4.65e-03 1.36e+02 3.21e-05  -2.5    2.7  4.86e-03  4  8h
 254  7.0039255e+04 4.65e-03 1.22e+02 3.14e-05  -2.5    2.2  1.95e-03  4 10h
 255  7.0039093e+04 4.65e-03 1.34e+02 3.19e-05  -2.5    2.6  5.04e-03  4  8h
 256  7.0038915e+04 4.65e-03 1.22e+02 3.13e-05  -2.5    2.1  1.95e-03  4 10h
 257  7.0038803e+04 4.64e-03 1.32e+02 3.18e-05  -2.5    2.6  3.10e-03  3  9h
 258  7.0038604e+04 4.64e-03 1.22e+02 3.12e-05  -2.5    2.1  1.95e-03  4 10h
 259  7.0038475e+04 4.64e-03 1.30e+02 3.17e-05  -2.5    2.5  3.23e-03  3  9h
iter    objective    inf_pr   inf_du inf_compl lg(mu) lg(rg) alpha_pr ir ls
 260  7.0038363e+04 4.64e-03 1.23e+02 3.11e-05  -2.5    2.0  9.77e-04  9 11h
 261  7.0038063e+04 4.66e-03 1.27e+02 3.15e-05  -2.5    2.5  6.71e-03  3  8h
 262  7.0037938e+04 4.66e-03 1.24e+02 3.09e-05  -2.5    2.0  9.77e-04  5 11h
 263  7.0037767e+04 4.66e-03 1.26e+02 3.15e-05  -2.5    2.4  3.42e-03  3  9h
 264  7.0037627e+04 4.66e-03 1.25e+02 3.07e-05  -2.5    1.9  9.77e-04  5 11h
 265  7.0037263e+04 4.68e-03 1.23e+02 3.13e-05  -2.5    2.4  6.52e-03  3  8h
 266  7.0037198e+04 4.67e-03 1.39e+02 3.25e-05  -2.5    2.8  2.92e-03  3  9h
 267  7.0037076e+04 4.67e-03 1.22e+02 3.14e-05  -2.5    2.3  1.95e-03  4 10h
 268  7.0036878e+04 4.68e-03 1.23e+02 3.09e-05  -2.5    1.8  1.10e-03  6 10h
 269  7.0036488e+04 4.70e-03 1.21e+02 3.11e-05  -2.5    2.3  5.58e-03  4  7h
iter    objective    inf_pr   inf_du inf_compl lg(mu) lg(rg) alpha_pr ir ls
 270  7.0036439e+04 4.70e-03 1.28e+02 2.99e-05  -2.5    1.8  2.44e-04 10 13h
 271  7.0036031e+04 4.73e-03 1.22e+02 3.09e-05  -2.5    2.2  5.22e-03  5  8h
 272  7.0035794e+04 4.75e-03 1.29e+02 2.94e-05  -2.5    1.7  1.06e-03 10 10h
 273  7.0035623e+04 4.75e-03 1.24e+02 3.08e-05  -2.5    2.2  1.95e-03  5 10h
 275  7.0001420e+04 1.21e+00 1.07e+02 2.72e-05  -2.5     -   1.39e-01 10 20R
 276  6.9985536e+04 1.20e+00 1.07e+02 2.72e-05  -2.5     -   4.56e-04 10 20f
 276r 6.9985532e+04 2.17e-19 1.50e+02 1.65e-03  -2.3     -   3.48e-23 10 20f
 277  7.0035625e+04 1.39e-03 2.49e+01 1.02e-03  -2.5    1.2  9.24e-04  1  1f
 278  7.0035474e+04 1.39e-03 1.22e+02 6.59e-05  -2.5    2.5  3.96e-03  2  4h
 279  7.0035243e+04 1.39e-03 1.27e+02 2.08e-05  -2.5    2.1  2.10e-03  3  8h
iter    objective    inf_pr   inf_du inf_compl lg(mu) lg(rg) alpha_pr ir ls
 280  7.0025200e+04 2.26e-03 1.17e+02 1.67e-05  -2.5    1.6  3.12e-02  9  6h
 281  7.0021357e+04 3.00e-03 1.22e+02 2.02e-05  -2.5    2.0  3.12e-02  6  6h
 282  7.0021088e+04 3.00e-03 1.31e+02 2.28e-05  -2.5    2.4  5.67e-03  5  8h
 283  7.0016786e+04 3.65e-03 1.20e+02 2.06e-05  -2.5    2.0  3.12e-02  5  6h
 284  7.0010479e+04 3.90e-03 1.15e+02 1.78e-05  -2.5    1.5  1.56e-02 10  7h
 285  7.0008071e+04 4.00e-03 1.21e+02 2.00e-05  -2.5    1.9  1.56e-02  6  7h
 286  7.0004535e+04 4.04e-03 1.15e+02 1.80e-05  -2.5    1.4  7.81e-03  9  8h
 287  7.0003185e+04 4.05e-03 1.21e+02 1.98e-05  -2.5    1.9  7.81e-03  6  8h
 288  7.0002722e+04 4.04e-03 1.27e+02 2.23e-05  -2.5    2.3  7.00e-03  4  8h
 289  7.0001207e+04 4.05e-03 1.20e+02 2.02e-05  -2.5    1.8  7.81e-03  6  8h
iter    objective    inf_pr   inf_du inf_compl lg(mu) lg(rg) alpha_pr ir ls
 290  7.0000641e+04 4.04e-03 1.25e+02 2.18e-05  -2.5    2.2  7.63e-03  4  8h
 291  6.9997242e+04 4.12e-03 1.18e+02 2.00e-05  -2.5    1.8  1.56e-02  7  7h
 292  6.9996593e+04 4.12e-03 1.24e+02 2.14e-05  -2.5    2.2  7.81e-03  5  8h
 293  6.9994686e+04 4.12e-03 1.18e+02 1.99e-05  -2.5    1.7  7.81e-03 10  8h
 294  6.9993959e+04 4.11e-03 1.23e+02 2.12e-05  -2.5    2.1  7.81e-03  5  8h
 295  6.9989678e+04 4.19e-03 1.16e+02 1.96e-05  -2.5    1.7  1.56e-02 10  7h
 296  6.9988863e+04 4.18e-03 1.22e+02 2.10e-05  -2.5    2.1  7.81e-03  5  8h
 297  6.9986461e+04 4.18e-03 1.16e+02 1.95e-05  -2.5    1.6  7.81e-03 10  8h
 298  6.9985546e+04 4.17e-03 1.21e+02 2.08e-05  -2.5    2.0  7.81e-03  6  8h
 299  6.9980155e+04 4.23e-03 1.14e+02 1.91e-05  -2.5    1.5  1.56e-02 10  7h
iter    objective    inf_pr   inf_du inf_compl lg(mu) lg(rg) alpha_pr ir ls
 300  6.9978103e+04 4.24e-03 1.20e+02 2.04e-05  -2.5    2.0  1.56e-02  4  7h
 301  6.9972055e+04 4.29e-03 1.13e+02 1.89e-05  -2.5    1.5  1.56e-02 10  7h
 302  6.9970904e+04 4.27e-03 1.20e+02 2.03e-05  -2.5    1.9  7.81e-03  5  8h
 303  6.9964118e+04 4.31e-03 1.12e+02 1.86e-05  -2.5    1.4  1.56e-02 10  7h
 304  6.9961536e+04 4.32e-03 1.18e+02 1.99e-05  -2.5    1.9  1.56e-02  7  7h
 305  6.9957729e+04 4.31e-03 1.12e+02 1.83e-05  -2.5    1.4  7.81e-03 10  8h
 306  6.9954832e+04 4.31e-03 1.17e+02 1.97e-05  -2.5    1.8  1.56e-02  7  7h
 307  6.9953729e+04 4.29e-03 1.22e+02 2.13e-05  -2.5    2.2  1.56e-02  4  7h
 308  6.9950477e+04 4.28e-03 1.16e+02 1.97e-05  -2.5    1.8  1.56e-02  5  7h
 309  6.9940895e+04 4.31e-03 1.09e+02 1.74e-05  -2.5    1.3  1.56e-02 10  7h
iter    objective    inf_pr   inf_du inf_compl lg(mu) lg(rg) alpha_pr ir ls
 310  6.9937246e+04 4.30e-03 1.15e+02 1.92e-05  -2.5    1.7  1.56e-02  6  7h
 311  6.9934476e+04 4.33e-03 1.18e+02 2.04e-05  -2.5    2.1  3.12e-02  4  6h
 312  6.9934220e+04 4.33e-03 1.16e+02 1.93e-05  -2.5    1.7  9.77e-04  6 11h
 313  6.9934195e+04 4.32e-03 1.21e+02 2.06e-05  -2.5    2.1  2.44e-04 10 13h
 314  6.9934191e+04 4.32e-03 1.15e+02 1.91e-05  -2.5    1.6  1.53e-05  8 17h
 315  6.9927433e+04 4.33e-03 1.06e+02 1.62e-05  -2.5    1.1  7.81e-03 10  8h
 316  6.9926787e+04 4.32e-03 1.14e+02 1.85e-05  -2.5    1.6  1.95e-03  8 10h
 317  6.9926726e+04 4.32e-03 1.19e+02 2.02e-05  -2.5    2.0  4.88e-04  4 12h
 318  6.9926721e+04 4.32e-03 1.24e+02 2.16e-05  -2.5    2.4  1.11e-04  3 14h
 319  6.9926712e+04 4.32e-03 1.19e+02 2.02e-05  -2.5    1.9  6.10e-05  5 15h
iter    objective    inf_pr   inf_du inf_compl lg(mu) lg(rg) alpha_pr ir ls
 320  6.9926699e+04 4.31e-03 1.13e+02 1.83e-05  -2.5    1.5  3.05e-05  8 16h
 322  6.9922294e+04 6.90e-03 8.83e+01 1.51e-05  -2.5     -   2.16e-01  3 20R
 322r 6.9651329e+04 2.17e-19 1.50e+02 4.81e-04  -2.4     -   6.22e-03 10 20f
 323  6.9926700e+04 1.34e-03 9.34e+00 2.63e-04  -2.5    2.3  9.01e-04  1  1f
 324  6.9925710e+04 1.33e-03 1.06e+02 2.60e-05  -2.5    1.8  5.55e-03  3  4h
 325  6.9900730e+04 1.86e-03 1.09e+02 8.41e-06  -2.5    1.4  4.76e-02  4  3h
 326  6.9888235e+04 2.50e-03 1.11e+02 1.04e-05  -2.5    1.8  6.25e-02  5  5h
 327  6.9851487e+04 3.41e-03 1.05e+02 9.08e-06  -2.5    1.3  6.25e-02 10  5h
 328  6.9844500e+04 3.42e-03 1.13e+02 1.08e-05  -2.5    1.7  3.12e-02  5  6h
 329  6.9803368e+04 3.92e-03 1.03e+02 9.03e-06  -2.5    1.3  6.25e-02  9  5h
iter    objective    inf_pr   inf_du inf_compl lg(mu) lg(rg) alpha_pr ir ls
 330  6.9799459e+04 3.88e-03 1.14e+02 1.09e-05  -2.5    1.7  1.56e-02  4  7h
 331  6.9776437e+04 3.90e-03 1.04e+02 9.02e-06  -2.5    1.2  3.12e-02 10  6h
 332  6.9776383e+04 3.89e-03 1.22e+02 1.41e-05  -2.5    2.5  1.49e-03  3  8h
 333  6.9776357e+04 3.89e-03 1.18e+02 1.19e-05  -2.5    2.1  2.44e-04  4 13h
 334  6.9776280e+04 3.89e-03 1.14e+02 1.08e-05  -2.5    1.6  2.44e-04  6 13h
 335  6.9747361e+04 3.90e-03 1.01e+02 8.57e-06  -2.5    1.1  3.12e-02 10  6h
 336  6.9747208e+04 3.89e-03 1.21e+02 1.23e-05  -2.5    2.4  3.38e-03  3  7h
 337  6.9747176e+04 3.89e-03 1.17e+02 1.17e-05  -2.5    2.0  2.44e-04  4 13h
 338  6.9747079e+04 3.89e-03 1.12e+02 1.04e-05  -2.5    1.5  2.44e-04  8 13h
 339  6.9680456e+04 4.09e-03 9.45e+01 9.78e-06  -2.5    1.0  5.74e-02 10  5h
iter    objective    inf_pr   inf_du inf_compl lg(mu) lg(rg) alpha_pr ir ls
 340  6.9526167e+04 4.23e-03 6.99e+01 2.62e-05  -2.5    0.5  4.75e-02 10  4h
 341  6.9405430e+04 4.56e-03 8.58e+01 3.41e-05  -2.5    1.0  9.41e-02 10  4h
 342  6.9133235e+04 4.54e-03 5.86e+01 8.60e-05  -2.5    0.5  7.67e-02 10  3h
 343  6.8948625e+04 4.62e-03 7.47e+01 1.25e-04  -2.5    0.9  1.32e-01 10  3h
 344  6.8915132e+04 4.40e-03 9.02e+01 8.46e-05  -2.5    1.3  6.25e-02  9  5h
 345  6.8773778e+04 4.16e-03 7.11e+01 1.76e-04  -2.5    0.9  9.12e-02 10  3h
 346  6.8085833e+04 3.94e-03 4.67e+01 6.74e-06  -2.5    0.4  1.65e-01 10  1h
 347  6.8085714e+04 3.92e-03 5.56e+01 6.13e-06  -2.5    2.6  4.16e-03  2  1h
 348  6.8080535e+04 3.69e-03 8.60e+01 7.83e-06  -2.5    2.1  6.25e-02 10  5h
 349  6.8072906e+04 3.58e-03 8.44e+01 7.91e-06  -2.5    1.7  3.12e-02  5  6h
iter    objective    inf_pr   inf_du inf_compl lg(mu) lg(rg) alpha_pr ir ls
 350  6.8067678e+04 3.55e-03 7.73e+01 4.61e-05  -2.5    1.2  7.28e-03  7  4h
 351  6.8067670e+04 3.55e-03 7.95e+01 7.19e-06  -2.5    2.5  2.45e-04  2 11h
 352  6.8067657e+04 3.55e-03 8.58e+01 7.74e-06  -2.5    2.0  1.22e-04  3 14h
 353  6.8027814e+04 1.95e-03 2.83e-01 5.85e-05  -2.5    2.5  1.00e+00  2  1h
 354  6.7914084e+04 3.52e-04 4.51e-01 9.53e-06  -2.5    2.0  1.00e+00  3  1h
 355  6.7871641e+04 9.39e-05 2.13e-01 4.44e-06  -2.5    2.4  1.00e+00  7  1h
 356  6.7859145e+04 9.01e-05 7.23e+01 5.62e-06  -2.5    1.9  9.83e-02  5  1H
 357  6.7858931e+04 9.01e-05 7.24e+01 5.84e-06  -2.5    1.4  5.60e-04 10 10h
 358  6.7841091e+04 8.33e-05 1.11e-01 1.36e-04  -2.5    2.8  1.00e+00  2  1h
 359  6.7837751e+04 8.31e-05 2.92e+01 1.04e-05  -2.5    2.3  6.25e-02  3  5h
iter    objective    inf_pr   inf_du inf_compl lg(mu) lg(rg) alpha_pr ir ls
 360  6.7837124e+04 8.30e-05 4.61e+01 1.05e-05  -2.5    1.8  3.91e-03  4  9h
 361  6.7833364e+04 8.28e-05 7.57e+01 1.04e-05  -2.5    2.2  6.25e-02  4  5h
 362  6.7832660e+04 8.27e-05 7.54e+01 1.05e-05  -2.5    1.8  3.91e-03  4  9h
 363  6.7830545e+04 8.25e-05 7.76e+01 1.03e-05  -2.5    2.2  3.12e-02  4  6h
 364  6.7830149e+04 8.25e-05 7.68e+01 1.04e-05  -2.5    1.7  1.95e-03  5 10h
 365  6.7827771e+04 8.23e-05 7.71e+01 1.01e-05  -2.5    2.1  3.12e-02  3  6h
 366  6.7799237e+04 8.01e-05 4.19e-01 4.55e-06  -2.5    2.6  1.00e+00  2  1H
 367  6.7796569e+04 7.99e-05 7.43e+01 5.10e-06  -2.5    2.1  3.12e-02  4  6h
 368  6.7794656e+04 7.97e-05 7.08e+01 7.71e-06  -2.5    1.6  7.50e-03 10  8h
 369  6.7793156e+04 7.96e-05 7.46e+01 5.80e-06  -2.5    2.0  1.56e-02  4  7h
iter    objective    inf_pr   inf_du inf_compl lg(mu) lg(rg) alpha_pr ir ls
 370  6.7792269e+04 7.95e-05 7.15e+01 8.20e-06  -2.5    1.6  3.10e-03  6  9h
 371  6.7778779e+04 7.92e-05 6.56e+01 5.99e-06  -2.5    2.0  1.25e-01  4  4h
 372  6.7770026e+04 7.89e-05 6.32e+01 7.66e-06  -2.5    1.5  2.73e-02  5  6h
 373  6.7762457e+04 7.84e-05 6.80e+01 5.87e-06  -2.5    1.9  6.25e-02  4  5h
 374  6.7751085e+04 7.72e-05 5.71e+01 4.90e-06  -2.5    2.4  2.50e-01  5  3h
 375  6.7742558e+04 7.60e-05 3.85e+01 4.65e-06  -2.5    2.8  5.00e-01  3  2h
 376  6.7736174e+04 7.56e-05 6.49e+01 5.09e-06  -2.5    2.3  1.25e-01  3  4h
 377  6.7733789e+04 7.55e-05 6.61e+01 6.08e-06  -2.5    1.8  1.56e-02  4  7h
 378  6.7730253e+04 7.52e-05 4.51e+01 7.53e-06  -2.5    1.4  7.81e-03 10  8h
 379  6.7727574e+04 7.50e-05 6.44e+01 7.24e-06  -2.5    1.8  1.56e-02  4  7h
iter    objective    inf_pr   inf_du inf_compl lg(mu) lg(rg) alpha_pr ir ls
 380  6.7727069e+04 7.50e-05 7.16e+01 6.02e-06  -2.5    2.2  7.81e-03  6  8h
 381  6.7725564e+04 7.49e-05 6.32e+01 6.54e-06  -2.5    1.7  7.81e-03  5  8h
 382  6.7725422e+04 7.49e-05 7.13e+01 6.21e-06  -2.5    2.2  1.95e-03  4 10h
 383  6.7725211e+04 7.49e-05 6.58e+01 6.49e-06  -2.5    1.7  9.77e-04  5 11h
 384  6.7724043e+04 7.48e-05 5.42e+01 8.55e-06  -2.5    1.2  1.82e-03 10  9h
 385  6.7723092e+04 7.47e-05 5.96e+01 7.41e-06  -2.5    1.6  3.91e-03  5  9h
 386  6.7723003e+04 7.47e-05 7.00e+01 6.46e-06  -2.5    2.1  9.77e-04  4 11h
 387  6.7688560e+04 7.13e-05 5.71e-01 5.26e-06  -2.5    2.5  1.00e+00  3  1H
 388  6.7675709e+04 7.04e-05 5.75e+01 5.18e-06  -2.5    2.0  1.25e-01  4  4h
 389  6.7666154e+04 6.96e-05 4.61e+01 6.13e-06  -2.5    1.5  3.12e-02 10  6h
iter    objective    inf_pr   inf_du inf_compl lg(mu) lg(rg) alpha_pr ir ls
 390  6.7651673e+04 6.87e-05 1.28e-01 4.62e-06  -2.5    2.9  1.00e+00  3  1h
 391  6.7646258e+04 6.83e-05 5.80e+01 5.44e-06  -2.5    2.4  1.25e-01  3  4h
 392  6.7644236e+04 6.81e-05 5.76e+01 6.04e-06  -2.5    1.9  1.56e-02 10  7h
 393  6.7641193e+04 6.78e-05 6.11e+01 5.70e-06  -2.5    2.3  6.25e-02  7  5h
 394  6.7638921e+04 6.76e-05 5.55e+01 6.07e-06  -2.5    1.9  1.56e-02  5  7h
 395  6.7635501e+04 6.73e-05 6.01e+01 5.72e-06  -2.5    2.3  6.25e-02  3  5h
 396  6.7634224e+04 6.72e-05 5.43e+01 6.05e-06  -2.5    1.8  7.81e-03  5  8h
 397  6.7630379e+04 6.69e-05 5.91e+01 5.74e-06  -2.5    2.2  6.25e-02  3  5h
 398  6.7628945e+04 6.68e-05 5.28e+01 6.01e-06  -2.5    1.8  7.81e-03  6  8h
 399  6.7626784e+04 6.66e-05 5.99e+01 5.80e-06  -2.5    2.2  3.12e-02  4  6h
iter    objective    inf_pr   inf_du inf_compl lg(mu) lg(rg) alpha_pr ir ls
 400  6.7625173e+04 6.64e-05 5.18e+01 6.02e-06  -2.5    1.7  7.81e-03  6  8h
 401  6.7622744e+04 6.62e-05 5.88e+01 5.82e-06  -2.5    2.1  3.12e-02  4  6h
 402  6.7621839e+04 6.61e-05 5.05e+01 6.01e-06  -2.5    1.7  3.91e-03  8  9h
 403  6.7619108e+04 6.59e-05 5.76e+01 5.85e-06  -2.5    2.1  3.12e-02  4  6h
 404  6.7618091e+04 6.58e-05 4.91e+01 6.00e-06  -2.5    1.6  3.91e-03  7  9h
 405  6.7615022e+04 6.55e-05 5.63e+01 5.87e-06  -2.5    2.0  3.12e-02 10  6h
 406  6.7610407e+04 6.51e-05 5.52e+01 5.54e-06  -2.5    2.5  1.25e-01  3  4h
 407  6.7608683e+04 6.49e-05 5.52e+01 5.84e-06  -2.5    2.0  1.56e-02  5  7h
 408  6.7608042e+04 6.49e-05 4.53e+01 7.38e-06  -2.5    1.5  1.95e-03 10 10h
 409  6.7606104e+04 6.47e-05 5.36e+01 5.89e-06  -2.5    1.9  1.56e-02  4  7h
iter    objective    inf_pr   inf_du inf_compl lg(mu) lg(rg) alpha_pr ir ls
 410  6.7603188e+04 6.44e-05 5.75e+01 5.62e-06  -2.5    2.3  6.25e-02  3  5h
 411  6.7601010e+04 6.42e-05 5.16e+01 5.86e-06  -2.5    1.9  1.56e-02  4  7h
 412  6.7597732e+04 6.39e-05 5.65e+01 5.62e-06  -2.5    2.3  6.25e-02  3  5h
 413  6.7578076e+04 6.12e-05 3.48e-01 4.68e-06  -2.5    2.7  1.00e+00  3  1H
 414  6.7570712e+04 6.04e-05 6.95e-02 4.46e-06  -2.5    3.1  1.00e+00  2  1h
 415  6.7569333e+04 6.03e-05 5.54e+01 4.85e-06  -2.5    2.7  6.25e-02  2  5h
 416  6.7568818e+04 6.02e-05 5.40e+01 4.88e-06  -2.5    2.2  7.81e-03  3  8h
 417  6.7567268e+04 6.01e-05 5.49e+01 4.85e-06  -2.5    2.6  6.25e-02  3  5h
 418  6.7566688e+04 6.00e-05 5.28e+01 4.91e-06  -2.5    2.1  7.81e-03  4  8h
 419  6.7564945e+04 5.98e-05 5.44e+01 4.84e-06  -2.5    2.6  6.25e-02  3  5h
iter    objective    inf_pr   inf_du inf_compl lg(mu) lg(rg) alpha_pr ir ls
 420  6.7564293e+04 5.98e-05 5.14e+01 4.99e-06  -2.5    2.1  7.81e-03  4  8h
 421  6.7563313e+04 5.97e-05 5.56e+01 4.84e-06  -2.5    2.5  3.12e-02  3  6h
 422  6.7551557e+04 5.80e-05 2.26e-01 4.52e-06  -2.5    2.9  1.00e+00  3  1H
 423  6.7547158e+04 5.75e-05 4.82e+01 4.63e-06  -2.5    2.5  1.25e-01  3  4h
 424  6.7543873e+04 5.71e-05 4.59e+01 5.27e-06  -2.5    2.0  3.12e-02  4  6h
 425  6.7541401e+04 5.69e-05 5.02e+01 4.74e-06  -2.5    2.4  6.25e-02  3  5h
 426  6.7540479e+04 5.68e-05 4.57e+01 5.50e-06  -2.5    1.9  7.81e-03  3  8h
 427  6.7539090e+04 5.66e-05 5.09e+01 4.81e-06  -2.5    2.4  3.12e-02  3  6h
 428  6.7538054e+04 5.65e-05 4.48e+01 5.75e-06  -2.5    1.9  7.81e-03  5  8h
 429  6.7536492e+04 5.63e-05 5.00e+01 4.89e-06  -2.5    2.3  3.12e-02  3  6h
iter    objective    inf_pr   inf_du inf_compl lg(mu) lg(rg) alpha_pr ir ls
 430  6.7535910e+04 5.62e-05 4.42e+01 6.10e-06  -2.5    1.8  3.91e-03  7  9h
 431  6.7535033e+04 5.61e-05 4.97e+01 5.00e-06  -2.5    2.3  1.56e-02  3  7h
 432  6.7534379e+04 5.60e-05 4.48e+01 6.36e-06  -2.5    1.8  3.91e-03  6  9h
 433  6.7533392e+04 5.59e-05 4.87e+01 5.11e-06  -2.5    2.2  1.56e-02 10  7h
 434  6.7533026e+04 5.59e-05 4.61e+01 6.73e-06  -2.5    1.7  1.95e-03  8 10h
 435  6.7531917e+04 5.57e-05 4.79e+01 5.27e-06  -2.5    2.2  1.56e-02  3  7h
 436  6.7530248e+04 5.55e-05 5.01e+01 4.65e-06  -2.5    2.6  6.25e-02  3  5h
 437  6.7529002e+04 5.54e-05 4.70e+01 5.10e-06  -2.5    2.1  1.56e-02  4  7h
 438  6.7528064e+04 5.53e-05 5.10e+01 4.68e-06  -2.5    2.5  3.12e-02  3  6h
 439  6.7527363e+04 5.52e-05 4.65e+01 5.23e-06  -2.5    2.1  7.81e-03  4  8h
iter    objective    inf_pr   inf_du inf_compl lg(mu) lg(rg) alpha_pr ir ls
 440  6.7526309e+04 5.51e-05 5.04e+01 4.72e-06  -2.5    2.5  3.12e-02  3  6h
 441  6.7525522e+04 5.50e-05 4.56e+01 5.38e-06  -2.5    2.0  7.81e-03  4  8h
 442  6.7524336e+04 5.48e-05 4.97e+01 4.77e-06  -2.5    2.4  3.12e-02  3  6h
 443  6.7523452e+04 5.47e-05 4.48e+01 5.58e-06  -2.5    2.0  7.81e-03  5  8h
 444  6.7522785e+04 5.46e-05 4.96e+01 4.84e-06  -2.5    2.4  1.56e-02  4  7h
 445  6.7522288e+04 5.46e-05 4.43e+01 5.85e-06  -2.5    1.9  3.91e-03  6  9h
 446  6.7521539e+04 5.45e-05 4.88e+01 4.92e-06  -2.5    2.3  1.56e-02  4  7h
 447  6.7520981e+04 5.44e-05 4.39e+01 6.21e-06  -2.5    1.9  3.91e-03  7  9h
 448  6.7520139e+04 5.43e-05 4.81e+01 5.03e-06  -2.5    2.3  1.56e-02  4  7h
 449  6.7519513e+04 5.42e-05 4.45e+01 6.61e-06  -2.5    1.8  3.91e-03  6  9h
iter    objective    inf_pr   inf_du inf_compl lg(mu) lg(rg) alpha_pr ir ls
 450  6.7518566e+04 5.41e-05 4.74e+01 5.17e-06  -2.5    2.2  1.56e-02  4  7h
 451  6.7517142e+04 5.39e-05 4.89e+01 4.62e-06  -2.5    2.7  6.25e-02  3  5h
 452  6.7516876e+04 5.39e-05 4.71e+01 5.03e-06  -2.5    2.2  3.91e-03  4  9h
 453  6.7516075e+04 5.38e-05 4.99e+01 4.65e-06  -2.5    2.6  3.12e-02  3  6h
 454  6.7515477e+04 5.37e-05 4.62e+01 5.13e-06  -2.5    2.1  7.81e-03 10  8h
 455  6.7515253e+04 5.37e-05 6.11e+01 9.89e-06  -2.5    1.6  1.01e-03 10 10h
 456  6.7514580e+04 5.36e-05 4.56e+01 6.19e-06  -2.5    2.1  7.81e-03  4  8h
 457  6.7514074e+04 5.35e-05 4.96e+01 4.79e-06  -2.5    2.5  1.56e-02  3  7h
 458  6.7513319e+04 5.34e-05 4.49e+01 5.43e-06  -2.5    2.0  7.81e-03  5  8h
 459  6.7513034e+04 5.34e-05 4.94e+01 4.79e-06  -2.5    2.5  7.81e-03  3  8h
iter    objective    inf_pr   inf_du inf_compl lg(mu) lg(rg) alpha_pr ir ls
 460  6.7512610e+04 5.33e-05 4.45e+01 5.62e-06  -2.5    2.0  3.91e-03  4  9h
 461  6.7512530e+04 5.33e-05 4.90e+01 4.86e-06  -2.5    2.4  1.95e-03  3 10h
 462  6.7512053e+04 5.32e-05 4.40e+01 5.88e-06  -2.5    1.9  3.91e-03  6  9h
 463  6.7511873e+04 5.32e-05 4.83e+01 4.94e-06  -2.5    2.3  3.91e-03  4  9h
 464  6.7511338e+04 5.32e-05 4.39e+01 6.24e-06  -2.5    1.9  3.91e-03  5  9h
 465  6.7511135e+04 5.31e-05 4.78e+01 5.05e-06  -2.5    2.3  3.91e-03  3  9h
 466  6.7510535e+04 5.30e-05 4.43e+01 6.77e-06  -2.5    1.8  3.91e-03  7  9h
 467  6.7510080e+04 5.30e-05 4.70e+01 5.20e-06  -2.5    2.2  7.81e-03  4  8h
 468  6.7509406e+04 5.29e-05 4.64e+01 7.14e-06  -2.5    1.8  3.91e-03  7  9h
 469  6.7509151e+04 5.28e-05 4.66e+01 5.37e-06  -2.5    2.2  3.91e-03  4  9h
iter    objective    inf_pr   inf_du inf_compl lg(mu) lg(rg) alpha_pr ir ls
 470  6.7508775e+04 5.28e-05 5.00e+01 7.90e-06  -2.5    1.7  1.95e-03  7 10h
 471  6.7508200e+04 5.27e-05 4.59e+01 5.64e-06  -2.5    2.1  7.81e-03  4  8h
 472  6.7508092e+04 5.27e-05 4.99e+01 4.72e-06  -2.5    2.6  3.91e-03  3  9h
 473  6.7507769e+04 5.27e-05 4.54e+01 5.27e-06  -2.5    2.1  3.91e-03  4  9h
 474  6.7507752e+04 5.26e-05 7.63e+01 1.13e-05  -2.5    1.6  1.09e-04 10 10f
 475  6.7507026e+04 5.25e-05 4.47e+01 6.81e-06  -2.5    2.0  7.81e-03  5  8h
 476  6.7506889e+04 5.25e-05 4.88e+01 4.88e-06  -2.5    2.5  3.91e-03  3  9h
 477  6.7506482e+04 5.25e-05 4.44e+01 5.65e-06  -2.5    2.0  3.91e-03  4  9h
 478  6.7506174e+04 5.24e-05 4.81e+01 4.86e-06  -2.5    2.4  7.81e-03  3  8h
 479  6.7505717e+04 5.24e-05 4.40e+01 5.88e-06  -2.5    1.9  3.91e-03  4  9h
iter    objective    inf_pr   inf_du inf_compl lg(mu) lg(rg) alpha_pr ir ls
 480  6.7505544e+04 5.23e-05 4.78e+01 4.94e-06  -2.5    2.4  3.91e-03  3  9h
 481  6.7505030e+04 5.23e-05 4.39e+01 6.24e-06  -2.5    1.9  3.91e-03  5  9h
 482  6.7504835e+04 5.22e-05 4.73e+01 5.05e-06  -2.5    2.3  3.91e-03  3  9h
 483  6.7504258e+04 5.21e-05 4.45e+01 6.76e-06  -2.5    1.8  3.91e-03 10  9h
 484  6.7503822e+04 5.21e-05 4.66e+01 5.20e-06  -2.5    2.3  7.81e-03  3  8h
 485  6.7503175e+04 5.21e-05 4.64e+01 7.24e-06  -2.5    1.8  3.91e-03 10  9h
 486  6.7503114e+04 5.21e-05 4.64e+01 5.39e-06  -2.5    2.2  9.77e-04  3 11h
 487  6.7502753e+04 5.21e-05 4.99e+01 7.95e-06  -2.5    1.7  1.95e-03 10 10h
 488  6.7502201e+04 5.20e-05 4.56e+01 5.64e-06  -2.5    2.2  7.81e-03  4  8h
 489  6.7501958e+04 5.20e-05 5.66e+01 9.30e-06  -2.5    1.7  1.19e-03 10 10h
iter    objective    inf_pr   inf_du inf_compl lg(mu) lg(rg) alpha_pr ir ls
 490  6.7501338e+04 5.20e-05 4.50e+01 6.09e-06  -2.5    2.1  7.81e-03  4  8h
 491  6.7501291e+04 5.20e-05 7.39e+01 1.27e-05  -2.5    1.6  2.44e-04 10 10h
 492  6.7500942e+04 5.20e-05 4.47e+01 7.12e-06  -2.5    2.1  3.91e-03  4  9h
 493  6.7500680e+04 5.19e-05 4.80e+01 4.90e-06  -2.5    2.5  7.81e-03  3  8h
 494  6.7500288e+04 5.19e-05 4.43e+01 5.65e-06  -2.5    2.0  3.91e-03  4  9h
 495  6.7500141e+04 5.19e-05 4.78e+01 4.86e-06  -2.5    2.4  3.91e-03  3  9h
 496  6.7499701e+04 5.19e-05 4.40e+01 5.88e-06  -2.5    2.0  3.91e-03  4  9h
 497  6.7499535e+04 5.18e-05 4.74e+01 4.94e-06  -2.5    2.4  3.91e-03  3  9h
 498  6.7499041e+04 5.18e-05 4.40e+01 6.22e-06  -2.5    1.9  3.91e-03  4  9h
 499  6.7498855e+04 5.18e-05 4.69e+01 5.05e-06  -2.5    2.3  3.91e-03  3  9h
iter    objective    inf_pr   inf_du inf_compl lg(mu) lg(rg) alpha_pr ir ls
 500  6.7498301e+04 5.17e-05 4.45e+01 6.73e-06  -2.5    1.9  3.91e-03  4  9h
 501  6.7497881e+04 5.17e-05 4.63e+01 5.20e-06  -2.5    2.3  7.81e-03  3  8h
 502  6.7497571e+04 5.17e-05 4.63e+01 7.34e-06  -2.5    1.8  1.95e-03  6 10h
 503  6.7497099e+04 5.16e-05 4.58e+01 5.39e-06  -2.5    2.2  7.81e-03  4  8h
 504  6.7496753e+04 5.16e-05 4.95e+01 7.96e-06  -2.5    1.8  1.95e-03  7 10h
 505  6.7496223e+04 5.16e-05 4.52e+01 5.64e-06  -2.5    2.2  7.81e-03  4  8h
 506  6.7495958e+04 5.16e-05 5.55e+01 9.17e-06  -2.5    1.7  1.35e-03 10 10h
 507  6.7495660e+04 5.16e-05 4.49e+01 6.06e-06  -2.5    2.1  3.91e-03  4  9h
 508  6.7495573e+04 5.16e-05 6.99e+01 1.20e-05  -2.5    1.6  4.28e-04 10 10h
 509  6.7495239e+04 5.16e-05 4.45e+01 6.94e-06  -2.5    2.1  3.91e-03  4  9h
iter    objective    inf_pr   inf_du inf_compl lg(mu) lg(rg) alpha_pr ir ls
 510  6.7494986e+04 5.15e-05 4.75e+01 4.89e-06  -2.5    2.5  7.81e-03  3  8h
 511  6.7494610e+04 5.15e-05 4.41e+01 5.63e-06  -2.5    2.0  3.91e-03  5  9h
 512  6.7494575e+04 5.15e-05 4.75e+01 4.86e-06  -2.5    2.4  9.77e-04  3 11h
 513  6.7494153e+04 5.15e-05 4.38e+01 5.85e-06  -2.5    2.0  3.91e-03  5  9h
 514  6.7494113e+04 5.15e-05 4.71e+01 4.94e-06  -2.5    2.4  9.77e-04  3 11h
 515  6.7493639e+04 5.14e-05 4.38e+01 6.18e-06  -2.5    1.9  3.91e-03  6  9h
 516  6.7493549e+04 5.14e-05 4.66e+01 5.04e-06  -2.5    2.3  1.95e-03  4 10h
 517  6.7493545e+04 5.14e-05 4.92e+01 4.62e-06  -2.5    2.8  2.44e-04  3 13h
 518  6.7493532e+04 5.14e-05 4.63e+01 4.95e-06  -2.5    2.3  2.44e-04  4 13h
 519  6.7492936e+04 5.14e-05 4.58e+01 7.22e-06  -2.5    1.8  3.91e-03  6  9h
iter    objective    inf_pr   inf_du inf_compl lg(mu) lg(rg) alpha_pr ir ls
 520  6.7492710e+04 5.14e-05 4.57e+01 5.37e-06  -2.5    2.2  3.91e-03  3  9h
 521  6.7492377e+04 5.14e-05 4.89e+01 8.02e-06  -2.5    1.8  1.95e-03  6 10h
 522  6.7492122e+04 5.13e-05 4.52e+01 5.63e-06  -2.5    2.2  3.91e-03  4  9h
 523  6.7491823e+04 5.14e-05 5.38e+01 8.95e-06  -2.5    1.7  1.58e-03  9 10h
 524  6.7491537e+04 5.13e-05 4.48e+01 5.99e-06  -2.5    2.1  3.91e-03  4  9h
 525  6.7491397e+04 5.14e-05 6.48e+01 1.11e-05  -2.5    1.7  6.89e-04 10 10h
 526  6.7490754e+04 5.13e-05 4.42e+01 6.70e-06  -2.5    2.1  7.81e-03  4  8h
 527  6.7490724e+04 5.13e-05 4.75e+01 4.87e-06  -2.5    2.5  9.77e-04  3 11h
 528  6.7490363e+04 5.13e-05 4.39e+01 5.60e-06  -2.5    2.0  3.91e-03  4  9h
 529  6.7490226e+04 5.12e-05 4.70e+01 4.85e-06  -2.5    2.5  3.91e-03  3  9h
iter    objective    inf_pr   inf_du inf_compl lg(mu) lg(rg) alpha_pr ir ls
 530  6.7477088e+04 4.83e-05 2.28e-01 4.53e-06  -2.5    2.9  1.00e+00  3  1H
 531  6.7474645e+04 4.80e-05 4.22e+01 4.80e-06  -2.5    2.4  6.25e-02  3  5h
 532  6.7472832e+04 4.77e-05 4.16e+01 6.13e-06  -2.5    1.9  1.56e-02  5  7h
 533  6.7471460e+04 4.75e-05 4.28e+01 5.06e-06  -2.5    2.4  3.12e-02  3  6h
 534  6.7470952e+04 4.74e-05 4.23e+01 6.65e-06  -2.5    1.9  3.91e-03  5  9h
 535  6.7470181e+04 4.73e-05 4.30e+01 5.22e-06  -2.5    2.3  1.56e-02  3  7h
 536  6.7469613e+04 4.72e-05 4.34e+01 7.29e-06  -2.5    1.8  3.91e-03  5  9h
 537  6.7468746e+04 4.71e-05 4.25e+01 5.42e-06  -2.5    2.3  1.56e-02  3  7h
 538  6.7467442e+04 4.70e-05 4.25e+01 4.68e-06  -2.5    2.7  6.25e-02  3  5h
 539  6.7466469e+04 4.68e-05 4.19e+01 5.16e-06  -2.5    2.2  1.56e-02  4  7h
iter    objective    inf_pr   inf_du inf_compl lg(mu) lg(rg) alpha_pr ir ls
 540  6.7465763e+04 4.68e-05 5.19e+01 9.47e-06  -2.5    1.7  3.89e-03  8  9h
 541  6.7464670e+04 4.67e-05 4.13e+01 6.15e-06  -2.5    2.2  1.56e-02  4  7h
 542  6.7464426e+04 4.67e-05 5.50e+01 1.03e-05  -2.5    1.7  1.23e-03 10 10h
 543  6.7463812e+04 4.67e-05 4.11e+01 6.60e-06  -2.5    2.1  7.81e-03  4  8h
 544  6.7463767e+04 4.67e-05 7.05e+01 1.35e-05  -2.5    1.6  2.26e-04  9 11h
 545  6.7463077e+04 4.66e-05 4.08e+01 7.75e-06  -2.5    2.1  7.81e-03  4  8h
 546  6.7462036e+04 4.65e-05 4.24e+01 5.04e-06  -2.5    2.5  3.12e-02  3  6h
 547  6.7449496e+04 4.45e-05 2.09e-01 4.48e-06  -2.5    2.9  1.00e+00  3  1H
 548  6.7444833e+04 4.39e-05 3.63e+01 4.79e-06  -2.5    2.4  1.25e-01  3  4h
 549  6.7443099e+04 4.36e-05 3.67e+01 5.94e-06  -2.5    2.0  1.56e-02 10  7h
iter    objective    inf_pr   inf_du inf_compl lg(mu) lg(rg) alpha_pr ir ls
 550  6.7441790e+04 4.34e-05 3.90e+01 5.05e-06  -2.5    2.4  3.12e-02  3  6h
 551  6.7440817e+04 4.33e-05 3.60e+01 6.25e-06  -2.5    1.9  7.81e-03  5  8h
 552  6.7439345e+04 4.31e-05 3.84e+01 5.17e-06  -2.5    2.3  3.12e-02  3  6h
 553  6.7438252e+04 4.30e-05 3.51e+01 6.54e-06  -2.5    1.9  7.81e-03  5  8h
 554  6.7437425e+04 4.29e-05 3.83e+01 5.31e-06  -2.5    2.3  1.56e-02  3  7h
 555  6.7436811e+04 4.29e-05 3.44e+01 6.90e-06  -2.5    1.8  3.91e-03 10  9h
 556  6.7435881e+04 4.28e-05 3.76e+01 5.48e-06  -2.5    2.2  1.56e-02  4  7h
 557  6.7435537e+04 4.28e-05 3.37e+01 7.33e-06  -2.5    1.7  1.95e-03  4 10h
 558  6.7434492e+04 4.27e-05 3.70e+01 5.69e-06  -2.5    2.2  1.56e-02 10  7h
 559  6.7434105e+04 4.27e-05 3.38e+01 7.55e-06  -2.5    1.7  1.95e-03  5 10h
iter    objective    inf_pr   inf_du inf_compl lg(mu) lg(rg) alpha_pr ir ls
 560  6.7433517e+04 4.26e-05 3.65e+01 5.89e-06  -2.5    2.1  7.81e-03  4  8h
 561  6.7431748e+04 4.24e-05 3.74e+01 4.83e-06  -2.5    2.6  6.25e-02  3  5h
 562  6.7431088e+04 4.23e-05 3.56e+01 5.47e-06  -2.5    2.1  7.81e-03  4  8h
 563  6.7430093e+04 4.22e-05 3.81e+01 4.86e-06  -2.5    2.5  3.12e-02  3  6h
 564  6.7428609e+04 4.21e-05 3.44e+01 5.59e-06  -2.5    2.0  1.56e-02  3  7h
 565  6.7427491e+04 4.20e-05 3.74e+01 4.92e-06  -2.5    2.4  3.12e-02  3  6h
 566  6.7426657e+04 4.19e-05 3.34e+01 5.75e-06  -2.5    2.0  7.81e-03  4  8h
 567  6.7426040e+04 4.19e-05 2.84e+01 9.25e-06  -2.5    1.5  1.95e-03  7 10h
 568  6.7425571e+04 4.18e-05 3.24e+01 7.19e-06  -2.5    1.9  3.91e-03  4  9h
 569  6.7425268e+04 4.18e-05 3.04e+01 9.60e-06  -2.5    1.4  8.55e-04 10 11h
iter    objective    inf_pr   inf_du inf_compl lg(mu) lg(rg) alpha_pr ir ls
 570  6.7424740e+04 4.18e-05 3.12e+01 7.61e-06  -2.5    1.9  3.91e-03  4  9h
 571  6.7424336e+04 4.17e-05 1.46e+01 6.26e-06  -2.5    1.4  9.77e-04 10 11h
 572  6.7423743e+04 4.17e-05 3.00e+01 6.73e-06  -2.5    1.8  3.91e-03  4  9h
 573  6.7422849e+04 4.16e-05 3.57e+01 5.38e-06  -2.5    2.2  1.56e-02  4  7h
 574  6.7422182e+04 4.15e-05 2.82e+01 6.59e-06  -2.5    1.8  3.91e-03  5  9h
 575  6.7421178e+04 4.14e-05 3.50e+01 5.47e-06  -2.5    2.2  1.56e-02  3  7h
 576  6.7420427e+04 4.14e-05 2.61e+01 6.79e-06  -2.5    1.7  3.91e-03  3  9h
 577  6.7419862e+04 4.13e-05 3.44e+01 5.62e-06  -2.5    2.1  7.81e-03  4  8h
 578  6.7418161e+04 4.11e-05 3.57e+01 5.67e-06  -2.5    2.6  6.25e-02  3  5h
 579  6.7416891e+04 4.09e-05 3.30e+01 5.35e-06  -2.5    2.1  1.56e-02  4  7h
iter    objective    inf_pr   inf_du inf_compl lg(mu) lg(rg) alpha_pr ir ls
 580  6.7416415e+04 4.09e-05 1.94e+01 6.85e-06  -2.5    1.6  1.95e-03 10 10h
 581  6.7415700e+04 4.08e-05 3.22e+01 5.89e-06  -2.5    2.0  7.81e-03  3  8h
 582  6.7414627e+04 4.07e-05 1.95e+01 6.76e-06  -2.5    1.6  3.91e-03  6  9h
 583  6.7413823e+04 4.06e-05 3.10e+01 6.01e-06  -2.5    2.0  7.81e-03  4  8h
 584  6.7413218e+04 4.06e-05 1.70e+01 6.51e-06  -2.5    1.5  1.95e-03  7 10h
 585  6.7412766e+04 4.05e-05 2.98e+01 6.10e-06  -2.5    1.9  3.91e-03 10  9h
 586  6.7412080e+04 4.04e-05 1.48e+01 6.14e-06  -2.5    1.5  1.95e-03 10 10h
 587  6.7411572e+04 4.04e-05 2.83e+01 6.15e-06  -2.5    1.9  3.91e-03  4  9h
 588  6.7410793e+04 4.03e-05 1.49e+01 5.48e-06  -2.5    1.4  1.95e-03 10 10h
 589  6.7410221e+04 4.02e-05 2.67e+01 6.10e-06  -2.5    1.8  3.91e-03  5  9h
iter    objective    inf_pr   inf_du inf_compl lg(mu) lg(rg) alpha_pr ir ls
 590  6.7409361e+04 4.01e-05 3.38e+01 6.11e-06  -2.5    2.3  1.56e-02  3  7h
 591  6.7406773e+04 3.97e-05 3.25e+01 6.44e-06  -2.5    2.7  1.25e-01  3  4h
 592  6.7405806e+04 3.96e-05 3.26e+01 5.61e-06  -2.5    2.2  1.56e-02  4  7h
 593  6.7405080e+04 3.95e-05 2.13e+01 6.09e-06  -2.5    1.7  3.91e-03  3  9h
 594  6.7405058e+04 3.95e-05 1.59e+01 5.59e-06  -2.5    1.3  3.44e-05 10 14h
 595  6.7404241e+04 3.94e-05 1.84e+01 5.18e-06  -2.5    1.7  3.91e-03  5  9h
 596  6.7403389e+04 3.93e-05 3.10e+01 7.67e-06  -2.5    2.1  1.09e-02  3  7h
 597  6.7401549e+04 3.91e-05 3.33e+01 8.84e-06  -2.5    2.5  6.25e-02  3  5h
 598  6.7400173e+04 3.89e-05 2.95e+01 6.93e-06  -2.5    2.1  1.56e-02  4  7h
 599  6.7399653e+04 3.88e-05 1.47e+01 5.89e-06  -2.5    1.6  1.95e-03  7 10h
iter    objective    inf_pr   inf_du inf_compl lg(mu) lg(rg) alpha_pr ir ls
 600  6.7398764e+04 3.87e-05 2.83e+01 5.63e-06  -2.5    2.0  8.97e-03  4  3h
 601  6.7398178e+04 3.87e-05 1.48e+01 5.74e-06  -2.5    1.5  1.95e-03 10 10h
 602  6.7397378e+04 3.86e-05 2.69e+01 5.70e-06  -2.5    2.0  7.17e-03 10  8h
 603  6.7396716e+04 3.85e-05 1.50e+01 5.49e-06  -2.5    1.5  1.95e-03  5 10h
 604  6.7395735e+04 3.84e-05 2.52e+01 5.73e-06  -2.5    1.9  7.81e-03  3  8h
 605  6.7394263e+04 3.82e-05 3.17e+01 6.43e-06  -2.5    2.3  3.12e-02  3  6h
 606  6.7393711e+04 3.81e-05 2.31e+01 5.68e-06  -2.5    1.9  3.91e-03 10  9h
 607  6.7393286e+04 3.81e-05 1.53e+01 5.43e-06  -2.5    1.4  9.77e-04  9 11h
 608  6.7392665e+04 3.80e-05 2.10e+01 5.72e-06  -2.5    1.8  3.91e-03  4  9h
 609  6.7392182e+04 3.79e-05 1.55e+01 5.44e-06  -2.5    1.3  9.77e-04  8 11h
iter    objective    inf_pr   inf_du inf_compl lg(mu) lg(rg) alpha_pr ir ls
 610  6.7391483e+04 3.79e-05 1.85e+01 5.72e-06  -2.5    1.7  3.91e-03  4  9h
 611  6.7391211e+04 3.78e-05 1.56e+01 5.45e-06  -2.5    1.3  4.81e-04 10 12h
 612  6.7390423e+04 3.77e-05 1.55e+01 5.71e-06  -2.5    1.7  3.91e-03  4  9h
 613  6.7390239e+04 3.77e-05 1.56e+01 5.46e-06  -2.5    1.2  2.83e-04  7 12h
 614  6.7390187e+04 3.77e-05 3.38e+01 6.10e-06  -2.5    2.5  1.82e-03  3  3h
 615  6.7389525e+04 3.76e-05 2.81e+01 7.05e-06  -2.5    2.1  7.81e-03  3  8h
 616  6.7389024e+04 3.75e-05 1.50e+01 5.67e-06  -2.5    1.6  1.95e-03  5 10h
 617  6.7388200e+04 3.74e-05 2.68e+01 5.49e-06  -2.5    2.0  8.63e-03  4  3h
 618  6.7387635e+04 3.74e-05 1.52e+01 5.54e-06  -2.5    1.5  1.95e-03  6 10h
 619  6.7387050e+04 3.73e-05 2.54e+01 5.55e-06  -2.5    2.0  5.44e-03 10  7h
iter    objective    inf_pr   inf_du inf_compl lg(mu) lg(rg) alpha_pr ir ls
 620  6.7385775e+04 3.71e-05 1.54e+01 5.44e-06  -2.5    1.5  3.91e-03 10  9h
 621  6.7384830e+04 3.70e-05 2.37e+01 5.58e-06  -2.5    1.9  7.81e-03  4  8h
 622  6.7384122e+04 3.69e-05 3.07e+01 6.53e-06  -2.5    2.3  1.56e-02  4  7h
 623  6.7383058e+04 3.68e-05 2.17e+01 5.56e-06  -2.5    1.9  7.81e-03  4  8h
 624  6.7382261e+04 3.67e-05 2.99e+01 6.30e-06  -2.5    2.3  1.56e-02  3  7h
 625  6.7381063e+04 3.66e-05 1.93e+01 5.61e-06  -2.5    1.8  7.81e-03  4  8h
 626  6.7380602e+04 3.65e-05 1.59e+01 5.49e-06  -2.5    1.3  9.77e-04  8 11h
 627  6.7380243e+04 3.64e-05 3.25e+01 4.77e-06  -2.5    2.7  1.66e-02  3  1h
 628  6.7379234e+04 3.63e-05 2.82e+01 5.18e-06  -2.5    2.2  1.56e-02  3  7h
 629  6.7376202e+04 3.58e-05 2.84e+01 4.82e-06  -2.5    2.6  1.25e-01  3  4h
iter    objective    inf_pr   inf_du inf_compl lg(mu) lg(rg) alpha_pr ir ls
 630  6.7375067e+04 3.56e-05 2.66e+01 5.26e-06  -2.5    2.1  1.56e-02  4  7h
 631  6.7374210e+04 3.55e-05 1.50e+01 5.52e-06  -2.5    1.7  3.91e-03  4  9h
 632  6.7373977e+04 3.55e-05 1.55e+01 5.47e-06  -2.5    1.2  3.37e-04  6 12h
 633  6.7373010e+04 3.54e-05 1.85e+01 5.71e-06  -2.5    1.6  3.91e-03  3  9f
 634  6.7372828e+04 3.53e-05 2.02e+01 5.85e-06  -2.5    1.1  2.30e-04 10 12h
 635  6.7372283e+04 3.52e-05 2.01e+01 5.85e-06  -2.5    1.6  1.95e-03  4 10h
 636  6.7371953e+04 3.52e-05 2.36e+01 5.37e-06  -2.5    2.0  3.19e-03  4  2h
 637  6.7371339e+04 3.51e-05 2.02e+01 5.32e-06  -2.5    1.5  1.95e-03  4 10h
 638  6.7371020e+04 3.51e-05 2.18e+01 5.46e-06  -2.5    1.9  2.74e-03 10  2h
 639  6.7369814e+04 3.49e-05 2.84e+01 1.33e-05  -2.5    2.4  2.76e-02  3  5h
iter    objective    inf_pr   inf_du inf_compl lg(mu) lg(rg) alpha_pr ir ls
 640  6.7368789e+04 3.48e-05 1.94e+01 7.51e-06  -2.5    1.9  7.81e-03  4  8h
 641  6.7368006e+04 3.47e-05 1.63e+01 5.54e-06  -2.5    1.4  1.95e-03  5 10h
 642  6.7367560e+04 3.46e-05 1.72e+01 5.61e-06  -2.5    1.8  3.02e-03  4  5h
 643  6.7367117e+04 3.46e-05 1.64e+01 5.55e-06  -2.5    1.4  9.77e-04  5 11h
 644  6.7366872e+04 3.45e-05 3.09e+01 4.80e-06  -2.5    2.7  1.18e-02  3  1h
 645  6.7365901e+04 3.44e-05 2.62e+01 5.28e-06  -2.5    2.2  1.56e-02  3  7h
 646  6.7362981e+04 3.39e-05 2.68e+01 4.89e-06  -2.5    2.6  1.25e-01  3  4h
 647  6.7361888e+04 3.37e-05 2.47e+01 5.38e-06  -2.5    2.2  1.56e-02  3  7h
 648  6.7361062e+04 3.36e-05 1.55e+01 5.54e-06  -2.5    1.7  3.91e-03  3  9h
 649  6.7360501e+04 3.35e-05 1.61e+01 5.53e-06  -2.5    1.2  8.52e-04 10 11h
iter    objective    inf_pr   inf_du inf_compl lg(mu) lg(rg) alpha_pr ir ls
 650  6.7359571e+04 3.34e-05 1.88e+01 5.75e-06  -2.5    1.6  3.91e-03  4  9f
 651  6.7359513e+04 3.34e-05 2.04e+01 5.88e-06  -2.5    1.2  7.63e-05 10 14h
 652  6.7358464e+04 3.32e-05 2.03e+01 5.87e-06  -2.5    1.6  3.91e-03  4  9h
 653  6.7358272e+04 3.32e-05 2.16e+01 5.38e-06  -2.5    2.0  1.93e-03 10  3h
 654  6.7357681e+04 3.31e-05 1.85e+01 5.35e-06  -2.5    1.5  1.95e-03  7 10h
 655  6.7357471e+04 3.31e-05 1.98e+01 6.80e-06  -2.5    2.0  1.87e-03  4  3h
 656  6.7357138e+04 3.31e-05 1.40e+01 5.40e-06  -2.5    1.5  9.77e-04  6 11h
 657  6.7356989e+04 3.30e-05 1.79e+01 1.02e-05  -2.5    1.9  1.18e-03  4  4h
 658  6.7356612e+04 3.30e-05 1.48e+01 5.42e-06  -2.5    1.4  9.77e-04  5 11h
 659  6.7356344e+04 3.30e-05 1.57e+01 9.75e-06  -2.5    1.9  1.88e-03  4  4h
iter    objective    inf_pr   inf_du inf_compl lg(mu) lg(rg) alpha_pr ir ls
 660  6.7355919e+04 3.29e-05 1.59e+01 5.52e-06  -2.5    1.4  9.77e-04 10 11h
 661  6.7355429e+04 3.28e-05 1.32e+01 7.35e-06  -2.5    1.8  3.06e-03  3  4h
 662  6.7355188e+04 3.28e-05 1.65e+01 5.58e-06  -2.5    1.3  4.88e-04  7 12h
 663  6.7355051e+04 3.28e-05 2.92e+01 5.26e-06  -2.5    2.7  6.10e-03  3  2h
 664  6.7354201e+04 3.27e-05 2.39e+01 1.07e-05  -2.5    2.2  1.26e-02  4  7h
 665  6.7352620e+04 3.24e-05 2.71e+01 1.22e-05  -2.5    2.6  6.25e-02  3  5h
 666  6.7351435e+04 3.22e-05 2.24e+01 9.62e-06  -2.5    2.1  1.56e-02  3  7h
 667  6.7350988e+04 3.22e-05 1.67e+01 5.65e-06  -2.5    1.6  1.95e-03  4 10h
 668  6.7349987e+04 3.20e-05 2.12e+01 5.65e-06  -2.5    2.1  1.17e-02 10  2h
 669  6.7349482e+04 3.20e-05 1.68e+01 5.60e-06  -2.5    1.6  1.95e-03  3 10h
iter    objective    inf_pr   inf_du inf_compl lg(mu) lg(rg) alpha_pr ir ls
 670  6.7349428e+04 3.20e-05 1.69e+01 5.60e-06  -2.5    1.1  6.64e-05  6 14f
 671  6.7348288e+04 3.18e-05 3.00e+01 4.21e-05  -2.5    1.5  3.91e-03  4  9f
 672  6.7343664e+04 3.08e-05 1.94e+01 4.74e-06  -2.5    2.9  3.42e-01  2  1h
 673  6.7342398e+04 3.06e-05 2.47e+01 5.32e-06  -2.5    2.4  3.12e-02  3  6h
 674  6.7341922e+04 3.06e-05 1.51e+01 5.95e-06  -2.5    1.9  3.91e-03  4  9h
 675  6.7341198e+04 3.05e-05 1.76e+01 5.74e-06  -2.5    1.4  1.95e-03  8 10h
 676  6.7336916e+04 2.96e-05 2.11e+01 1.31e-04  -2.5    2.8  2.50e-01  3  3h
 677  6.7335313e+04 2.94e-05 2.25e+01 9.66e-05  -2.5    2.3  3.12e-02  3  6h
 678  6.7334709e+04 2.93e-05 1.36e+01 4.14e-05  -2.5    1.8  3.91e-03  4  9h
 679  6.7333859e+04 2.92e-05 2.18e+01 8.85e-05  -2.5    2.2  1.47e-02  4  6h
iter    objective    inf_pr   inf_du inf_compl lg(mu) lg(rg) alpha_pr ir ls
 680  6.7333519e+04 2.92e-05 1.47e+01 2.84e-05  -2.5    1.8  1.95e-03  3 10h
 681  6.7332998e+04 2.91e-05 1.81e+01 6.10e-06  -2.5    1.3  9.77e-04  5 11h
 682  6.7332605e+04 2.90e-05 1.58e+01 8.58e-06  -2.5    1.7  2.00e-03  5  6h
 683  6.7332311e+04 2.90e-05 1.69e+01 6.27e-06  -2.5    1.2  4.88e-04  7 12h
 684  6.7331879e+04 2.89e-05 1.78e+01 6.38e-06  -2.5    1.7  1.95e-03  4 10h
 685  6.7331735e+04 2.89e-05 1.83e+01 6.35e-06  -2.5    1.2  2.11e-04 10 13h
 686  6.7331248e+04 2.88e-05 2.08e+01 6.37e-06  -2.5    1.6  1.95e-03  5 10h
 687  6.7331217e+04 2.88e-05 2.11e+01 6.35e-06  -2.5    1.1  4.01e-05 10 15h
 688  6.7330943e+04 2.88e-05 2.50e+01 6.28e-06  -2.5    1.6  9.77e-04  6 11h
 689  6.7330114e+04 2.87e-05 1.54e+01 3.60e-05  -2.5    2.0  7.96e-03  3  3h
iter    objective    inf_pr   inf_du inf_compl lg(mu) lg(rg) alpha_pr ir ls
 690  6.7329805e+04 2.86e-05 1.58e+01 6.10e-06  -2.5    1.5  9.77e-04  4 11h
 691  6.7329534e+04 2.86e-05 1.36e+01 2.08e-05  -2.5    1.9  2.31e-03  9  4h
 692  6.7329185e+04 2.85e-05 1.48e+01 6.10e-06  -2.5    1.5  9.77e-04 10 11h
 693  6.7329118e+04 2.85e-05 1.22e+01 1.66e-05  -2.5    1.9  5.09e-04  4  6h
 694  6.7328725e+04 2.85e-05 1.49e+01 6.15e-06  -2.5    1.4  9.77e-04 10 11h
 696  6.7326124e+04 2.81e-05 1.46e+01 6.12e-06  -2.5     -   1.75e-02  4 17R
 697  6.6913959e+04 9.35e-03 1.45e+01 6.11e-06  -2.5     -   7.79e-03 10 17f
 697r 6.4545651e+04 1.69e-21 1.36e+02 7.13e-04  -2.5     -   8.46e-02 10 17f
 698r 6.7331076e+04 1.72e-06 9.19e-01 5.85e-06  -2.5    1.4  6.03e-01  1  1f
 699  6.7331938e+04 3.42e-05 1.18e-01 5.60e-06  -2.5    1.8  1.00e+00  1  1f
iter    objective    inf_pr   inf_du inf_compl lg(mu) lg(rg) alpha_pr ir ls
 700  6.7323363e+04 3.40e-05 1.05e+01 1.17e-05  -2.5    1.3  1.66e-02  8  5h
 701  6.7317204e+04 3.38e-05 2.53e+01 2.61e-05  -2.5    1.7  3.10e-02 10  5h
 702  6.7312523e+04 3.33e-05 2.66e+01 2.63e-05  -2.5    2.2  6.09e-02  3  5h
 703  6.7309052e+04 3.32e-05 2.70e+01 2.69e-05  -2.5    1.7  1.56e-02  5  7h
 704  6.7306524e+04 3.32e-05 2.58e+01 2.58e-05  -2.5    1.2  3.91e-03  6  9h
 705  6.7302921e+04 3.32e-05 2.21e+01 2.31e-05  -2.5    0.7  1.95e-03 10 10h
 706  6.7298154e+04 3.31e-05 1.50e+01 1.76e-05  -2.5    0.2  9.77e-04 10 11h
 707  6.7294959e+04 3.26e-05 2.58e+01 2.43e-05  -2.5    2.5  8.54e-02  3  4h
 708  6.7292127e+04 3.24e-05 2.71e+01 2.55e-05  -2.5    2.0  2.65e-02  5  6h
 709  6.7289688e+04 3.24e-05 2.66e+01 2.51e-05  -2.5    1.5  7.81e-03  5  8h
iter    objective    inf_pr   inf_du inf_compl lg(mu) lg(rg) alpha_pr ir ls
 710  6.7285945e+04 3.22e-05 2.69e+01 2.52e-05  -2.5    2.0  3.12e-02  2  6h
 711  6.7283211e+04 3.21e-05 2.64e+01 2.48e-05  -2.5    1.5  7.81e-03  6  8h
 712  6.7279021e+04 3.20e-05 2.67e+01 2.49e-05  -2.5    1.9  3.12e-02  3  6h
 713  6.7275797e+04 3.16e-05 2.65e+01 2.45e-05  -2.5    2.3  6.25e-02  2  5h
 714  6.7273455e+04 3.16e-05 2.69e+01 2.47e-05  -2.5    1.8  1.56e-02  3  7h
 715  6.7270022e+04 3.15e-05 2.58e+01 2.40e-05  -2.5    1.4  7.81e-03  5  8h
 716  6.7267540e+04 3.15e-05 2.26e+01 2.21e-05  -2.5    0.9  1.95e-03  7 10h
 717  6.7264168e+04 3.12e-05 2.64e+01 2.39e-05  -2.5    2.2  5.23e-02  3  5h
 718  6.7261059e+04 3.07e-05 2.49e+01 2.24e-05  -2.5    2.7  1.25e-01  2  4h
 719  6.7255117e+04 2.81e-05 9.80e+00 4.61e-06  -2.5    3.1  6.59e-01  2  1H
iter    objective    inf_pr   inf_du inf_compl lg(mu) lg(rg) alpha_pr ir ls
 720  6.7251757e+04 2.80e-05 2.42e+01 6.54e-06  -2.5    2.6  1.25e-01  2  4f
 721  6.7249280e+04 2.79e-05 2.61e+01 5.89e-06  -2.5    2.1  3.12e-02  2  6f
 722  6.7245614e+04 2.79e-05 2.54e+01 5.59e-06  -2.5    1.6  1.56e-02  3  7f
 723  6.7244266e+04 2.78e-05 2.26e+01 6.43e-06  -2.5    1.2  1.95e-03  4 10f
 724  6.7242208e+04 2.78e-05 2.54e+01 5.77e-06  -2.5    1.6  7.81e-03  4  8f
 725  6.7240697e+04 2.78e-05 2.20e+01 6.54e-06  -2.5    1.1  1.95e-03  5 10f
 726  6.7238334e+04 2.77e-05 2.55e+01 6.20e-06  -2.5    2.4  6.25e-02  3  5f
 727  6.7236582e+04 2.77e-05 2.61e+01 5.52e-06  -2.5    2.0  1.56e-02  3  7f
 728  6.7233990e+04 2.77e-05 2.47e+01 5.91e-06  -2.5    1.5  7.81e-03  3  8f
 729  6.7232093e+04 2.76e-05 2.04e+01 6.80e-06  -2.5    1.0  1.95e-03 10 10f
iter    objective    inf_pr   inf_du inf_compl lg(mu) lg(rg) alpha_pr ir ls
 730  6.7229118e+04 2.76e-05 2.52e+01 5.92e-06  -2.5    2.3  6.25e-02  3  5f
 731  6.7226911e+04 2.75e-05 2.58e+01 5.45e-06  -2.5    1.9  1.56e-02  4  7f
 732  6.7226095e+04 2.75e-05 2.40e+01 6.16e-06  -2.5    1.4  1.95e-03  6 10f
 733  6.7221048e+04 2.73e-05 2.05e+01 5.73e-06  -2.5    2.7  2.50e-01  2  3f
 734  6.7219182e+04 2.73e-05 2.58e+01 5.44e-06  -2.5    2.2  3.12e-02  2  6h
 735  6.7217793e+04 2.73e-05 2.53e+01 5.73e-06  -2.5    1.8  7.81e-03  3  8h
 736  6.7215740e+04 2.73e-05 2.25e+01 6.52e-06  -2.5    1.3  3.91e-03  4  9h
 737  6.7214998e+04 2.73e-05 1.51e+01 7.45e-06  -2.5    0.8  4.88e-04 10 12h
 738  6.7213846e+04 2.72e-05 2.20e+01 6.75e-06  -2.5    1.2  1.95e-03  5 10h
 739  6.7212970e+04 2.72e-05 2.50e+01 5.96e-06  -2.5    1.7  3.91e-03  4  9h
iter    objective    inf_pr   inf_du inf_compl lg(mu) lg(rg) alpha_pr ir ls
 740  6.7211678e+04 2.72e-05 2.14e+01 6.74e-06  -2.5    1.2  1.95e-03  5 10h
 741  6.7211215e+04 2.72e-05 1.25e+01 7.62e-06  -2.5    0.7  2.44e-04 10 13h
 742  6.7209727e+04 2.72e-05 2.58e+01 5.56e-06  -2.5    2.0  1.56e-02  3  7h
 743  6.7207483e+04 2.71e-05 2.51e+01 5.59e-06  -2.5    2.5  6.25e-02  3  5h
 744  6.7205812e+04 2.71e-05 2.56e+01 5.53e-06  -2.5    2.0  1.56e-02  3  7h
 745  6.7203294e+04 2.70e-05 2.50e+01 5.50e-06  -2.5    2.4  6.25e-02  2  5h
 746  6.7199508e+04 2.69e-05 2.03e+01 5.52e-06  -2.5    2.8  2.50e-01  2  3h
 747  6.7198099e+04 2.69e-05 2.56e+01 5.36e-06  -2.5    2.4  3.12e-02  3  6h
 748  6.7197047e+04 2.69e-05 2.52e+01 5.72e-06  -2.5    1.9  7.81e-03  3  8h
 749  6.7195463e+04 2.68e-05 2.55e+01 5.39e-06  -2.5    2.3  3.12e-02  4  6h
iter    objective    inf_pr   inf_du inf_compl lg(mu) lg(rg) alpha_pr ir ls
 750  6.7194872e+04 2.68e-05 2.51e+01 5.79e-06  -2.5    1.8  3.91e-03  3  9h
 751  6.7193092e+04 2.68e-05 2.54e+01 5.43e-06  -2.5    2.3  3.12e-02  2  6h
 752  6.7192428e+04 2.68e-05 2.48e+01 5.87e-06  -2.5    1.8  3.91e-03  3  9h
 753  6.7191428e+04 2.68e-05 2.57e+01 5.49e-06  -2.5    2.2  1.56e-02  3  7h
 754  6.7190681e+04 2.67e-05 2.45e+01 5.94e-06  -2.5    1.7  3.91e-03 10  9h
 755  6.7190129e+04 2.67e-05 2.09e+01 6.78e-06  -2.5    1.3  9.77e-04  4 11h
 756  6.7189290e+04 2.67e-05 2.43e+01 6.08e-06  -2.5    1.7  3.91e-03 10  9h
 757  6.7188026e+04 2.67e-05 2.54e+01 5.58e-06  -2.5    2.1  1.56e-02  3  7h
 758  6.7187554e+04 2.67e-05 2.40e+01 6.10e-06  -2.5    1.6  1.95e-03  7 10h
 759  6.7176349e+04 2.63e-05 1.10e-02 4.66e-06  -2.5    3.0  1.00e+00  2  1H
iter    objective    inf_pr   inf_du inf_compl lg(mu) lg(rg) alpha_pr ir ls
 760  6.7174869e+04 2.63e-05 2.11e+02 2.19e-05  -3.8    2.5  4.23e-02  6  5h
 761  6.7174133e+04 2.62e-05 9.51e+02 8.82e-05  -3.8    2.0  6.81e-03  2  8h
 762  6.7172556e+04 2.62e-05 9.65e+02 8.69e-05  -3.8    2.4  3.12e-02  2  6h
 763  6.7172096e+04 2.62e-05 9.44e+02 8.61e-05  -3.8    2.0  3.55e-03  2  9h
 764  6.7171805e+04 2.62e-05 8.11e+02 1.01e-04  -3.8    1.5  8.00e-04  2 11h
 765  6.7171589e+04 2.62e-05 4.74e+02 1.23e-04  -3.8    1.0  2.08e-04  3 13h
 767  6.5145778e+04 6.97e-02 1.27e+02 3.31e-05  -3.8     -   7.33e-01  4 22R
 767r 6.5142601e+04 1.69e-21 9.26e+02 7.83e-04  -3.8     -   1.03e-11 10 22f
 768  6.7171640e+04 4.35e-05 5.32e+02 4.48e-04  -3.8    1.8  2.52e-02  2  1f
 769  6.7170016e+04 4.34e-05 9.10e+02 2.98e-05  -3.8    1.4  3.56e-03  2  5h
iter    objective    inf_pr   inf_du inf_compl lg(mu) lg(rg) alpha_pr ir ls
 770  6.7168977e+04 4.34e-05 7.97e+02 4.05e-05  -3.8    0.9  8.05e-04  4 11h
 771  6.7128291e+04 4.30e-05 5.36e+02 4.08e-05  -3.8    0.4  1.17e-02  4  7h
 772  6.7128282e+04 4.30e-05 1.03e+03 3.11e-05  -3.8    2.6  2.76e-04  2 12h
 774  6.7045468e+04 2.55e-05 5.89e-01 5.68e-06  -3.8     -   1.00e+00  2 22R
 774r 6.7044748e+04 3.39e-21 9.29e+02 4.24e-04  -3.8     -   1.23e-07 10 22f
 775r 6.7128514e+04 1.23e-07 3.93e+01 1.55e-05  -3.8    1.7  1.11e-01  1  1f
 776  6.7129569e+04 4.47e-05 2.21e+00 5.72e-06  -3.8    3.0  1.00e+00  1  1f
 777r 6.7127351e+04 3.39e-21 9.29e+02 1.74e-04  -3.8     -   5.17e-02  2 18R
 778r 6.7129934e+04 6.98e-07 1.62e+01 4.91e-06  -3.8    2.1  6.33e-01  1  1f
 779r 6.7131176e+04 4.15e-07 5.58e-03 4.45e-06  -3.8    1.6  1.00e+00  5  1f
iter    objective    inf_pr   inf_du inf_compl lg(mu) lg(rg) alpha_pr ir ls
 780r 6.7131234e+04 1.17e-07 5.20e-03 4.44e-06  -3.8    2.9  1.00e+00  3  1h
 781r 6.7131314e+04 6.47e-08 7.56e-01 4.55e-06  -3.8    2.4  5.00e-01  4  2h
 782r 6.7131746e+04 2.98e-08 5.15e-03 4.45e-06  -3.8    2.0  1.00e+00  4  1f
 783r 6.7132735e+04 2.66e-07 4.95e-03 4.44e-06  -3.8    1.5  1.00e+00  9  1f
 784r 6.7134789e+04 2.35e-06 4.82e-03 4.44e-06  -3.8    1.0  1.00e+00 10  1f
 785r 6.7136728e+04 5.67e-06 4.29e+00 4.98e-06  -3.8    0.5  4.81e-01 10  2f
 786r 6.7136940e+04 9.90e-08 3.93e-03 4.47e-06  -3.8    1.9  1.00e+00 10  1h
 787r 6.7137019e+04 4.70e-08 3.18e-03 4.44e-06  -3.8    2.3  1.00e+00 10  1h
 788r 6.7137244e+04 5.39e-08 3.11e-03 4.44e-06  -3.8    1.8  1.00e+00  7  1f
 789r 6.7137852e+04 4.62e-07 3.03e-03 4.44e-06  -3.8    1.3  1.00e+00 10  1f
iter    objective    inf_pr   inf_du inf_compl lg(mu) lg(rg) alpha_pr ir ls
 790r 6.7138068e+04 6.54e-08 3.07e-03 4.44e-06  -3.8    1.8  1.00e+00  9  1h
 791r 6.7138663e+04 5.55e-07 3.22e-03 4.44e-06  -3.8    1.3  1.00e+00 10  1f
 792r 6.7140203e+04 6.43e-06 4.36e-03 4.44e-06  -3.8    0.8  1.00e+00 10  1f
 793r 6.7140625e+04 6.64e-06 7.19e+00 7.22e-06  -3.8    0.3  1.25e-01 10  4f
 794  6.7140649e+04 4.10e-05 2.21e+00 4.87e-06  -3.8    2.6  1.00e+00  1  1h
 795r 6.7135080e+04 3.39e-21 9.29e+02 1.74e-04  -3.8     -   5.46e-02  7 18R
 796r 6.7140842e+04 1.11e-06 5.25e-03 4.45e-06  -3.8    1.6  1.00e+00  1  1f
 797r 6.7140934e+04 2.30e-07 4.07e-03 4.44e-06  -3.8    2.0  1.00e+00  4  1h
 798r 6.7140966e+04 9.52e-08 4.54e-03 5.18e-06  -3.8    2.5  1.00e+00  3  1h
 799r 6.7141064e+04 3.49e-08 5.08e-03 4.45e-06  -3.8    2.0  1.00e+00  6  1f
iter    objective    inf_pr   inf_du inf_compl lg(mu) lg(rg) alpha_pr ir ls
 800r 6.7141100e+04 1.10e-08 5.28e-03 4.44e-06  -3.8    2.4  1.00e+00 10  1h
 801r 6.7141208e+04 4.52e-08 5.37e-03 4.44e-06  -3.8    1.9  1.00e+00 10  1f
 802r 6.7141520e+04 3.87e-07 5.38e-03 4.44e-06  -3.8    1.5  1.00e+00  8  1f
 803r 6.7141636e+04 5.13e-08 5.37e-03 4.44e-06  -3.8    1.9  1.00e+00 10  1h
 804r 6.7141972e+04 4.35e-07 5.21e-03 4.44e-06  -3.8    1.4  1.00e+00  3  1f
 805r 6.7141988e+04 9.82e-09 5.41e-03 4.44e-06  -3.8    2.7  1.00e+00  7  1h
 806r 6.7142034e+04 8.25e-09 5.16e-03 4.44e-06  -3.8    2.3  1.00e+00  7  1f
 807r 6.7142174e+04 7.09e-08 5.07e-03 4.44e-06  -3.8    1.8  1.00e+00  5  1f
 808r 6.7142225e+04 9.68e-09 5.05e-03 4.44e-06  -3.8    2.2  1.00e+00 10  1h
 809r 6.7142379e+04 8.26e-08 4.93e-03 4.44e-06  -3.8    1.7  1.00e+00  4  1f
iter    objective    inf_pr   inf_du inf_compl lg(mu) lg(rg) alpha_pr ir ls
 810r 6.7142823e+04 6.11e-07 4.59e-03 4.44e-06  -3.8    1.3  1.00e+00 10  1f
 811r 6.7144027e+04 4.36e-06 3.51e-03 4.44e-06  -3.8    0.8  1.00e+00 10  1f
 812r 6.7144462e+04 6.65e-07 2.96e-03 4.44e-06  -3.8    1.2  1.00e+00  5  1h
 813r 6.7144464e+04 4.47e-08 5.78e-03 4.44e-06  -3.8    3.4  1.00e+00  2  1h
 814r 6.7144472e+04 2.13e-08 2.80e-03 4.44e-06  -3.8    3.0  1.00e+00  3  1h
 815r 6.7144495e+04 1.10e-08 2.80e-03 4.44e-06  -3.8    2.5  1.00e+00  6  1f
 816r 6.7144503e+04 5.54e-09 2.80e-03 4.44e-06  -3.8    2.9  1.00e+00  3  1h
 817r 6.7144529e+04 3.73e-09 2.82e-03 4.44e-06  -3.8    2.4  1.00e+00  6  1f
 818r 6.7144605e+04 1.76e-08 2.88e-03 4.44e-06  -3.8    1.9  1.00e+00  6  1f
 819r 6.7144828e+04 1.57e-07 3.00e-03 4.44e-06  -3.8    1.5  1.00e+00 10  1f
iter    objective    inf_pr   inf_du inf_compl lg(mu) lg(rg) alpha_pr ir ls
 820r 6.7144839e+04 6.12e-09 2.99e-03 4.44e-06  -3.8    2.8  1.00e+00  4  1h
 821r 6.7144870e+04 4.12e-09 3.02e-03 4.44e-06  -3.8    2.3  1.00e+00  7  1f
 822r 6.7144963e+04 2.75e-08 3.06e-03 4.44e-06  -3.8    1.8  1.00e+00 10  1f
 823r 6.7145234e+04 2.41e-07 3.14e-03 4.44e-06  -3.8    1.4  1.00e+00 10  1f
 824r 6.7145247e+04 6.68e-09 3.12e-03 4.44e-06  -3.8    2.7  1.00e+00  6  1h
 825r 6.7145284e+04 4.69e-09 3.15e-03 4.44e-06  -3.8    2.2  1.00e+00 10  1f
 826r 6.7145299e+04 2.48e-09 3.15e-03 4.44e-06  -3.8    2.6  1.00e+00  5  1h
 827r 6.7145341e+04 5.89e-09 3.16e-03 4.44e-06  -3.8    2.2  1.00e+00 10  1f
 828r 6.7145466e+04 5.23e-08 3.19e-03 4.44e-06  -3.8    1.7  1.00e+00 10  1f
 829r 6.7145827e+04 4.50e-07 3.23e-03 4.44e-06  -3.8    1.2  1.00e+00 10  1f
iter    objective    inf_pr   inf_du inf_compl lg(mu) lg(rg) alpha_pr ir ls
 830r 6.7146790e+04 3.57e-06 3.29e-03 4.44e-06  -3.8    0.7  1.00e+00 10  1f
 831r 6.7147841e+04 7.93e-06 1.70e+00 4.95e-06  -3.8    0.3  5.00e-01 10  2f
 832r 6.7148644e+04 3.63e-06 3.17e-03 4.51e-06  -3.8    0.7  1.00e+00 10  1f
 833  6.7148680e+04 4.16e-05 2.21e+00 4.44e-06  -3.8    2.0  1.00e+00  1  1h
 834r 6.7126878e+04 3.39e-21 9.30e+02 1.80e-04  -3.8     -   6.83e-02  3 19R
 835r 6.7148706e+04 1.09e-06 5.71e-01 4.56e-06  -3.8    2.0  9.87e-01  1  1f
 836r 6.7148708e+04 1.07e-06 8.92e+00 5.34e-06  -3.8    1.5  1.56e-02 10  7f
 837r 6.7148753e+04 9.41e-07 6.52e+00 5.02e-06  -3.8    1.0  1.25e-01 10  4h
 838r 6.7148772e+04 1.75e-07 3.22e-03 4.45e-06  -3.8    2.3  1.00e+00 10  1h
 839r 6.7148779e+04 7.02e-08 2.35e-03 4.58e-06  -3.8    2.8  1.00e+00  2  1h
iter    objective    inf_pr   inf_du inf_compl lg(mu) lg(rg) alpha_pr ir ls
 840r 6.7148799e+04 2.15e-08 2.35e-03 4.44e-06  -3.8    2.3  1.00e+00 10  1f
 841r 6.7148807e+04 6.11e-09 2.37e-03 4.44e-06  -3.8    2.7  1.00e+00 10  1h
 842r 6.7148810e+04 1.89e-09 2.38e-03 4.44e-06  -3.8    3.1  1.00e+00  5  1h
 843r 6.7148818e+04 4.77e-10 2.41e-03 4.44e-06  -3.8    2.7  1.00e+00  4  1f
 844r 6.7148844e+04 2.89e-09 2.49e-03 4.44e-06  -3.8    2.2  1.00e+00  7  1f
 845r 6.7148919e+04 2.63e-08 2.66e-03 4.44e-06  -3.8    1.7  1.00e+00  7  1f
 846r 6.7148947e+04 3.74e-09 2.72e-03 4.44e-06  -3.8    2.1  1.00e+00  6  1h
 847r 6.7149029e+04 3.37e-08 2.83e-03 4.44e-06  -3.8    1.7  1.00e+00  9  1f
 848r 6.7149060e+04 4.78e-09 2.87e-03 4.44e-06  -3.8    2.1  1.00e+00 10  1h
 849r 6.7149071e+04 8.04e-10 2.88e-03 4.44e-06  -3.8    2.5  1.00e+00  5  1h
iter    objective    inf_pr   inf_du inf_compl lg(mu) lg(rg) alpha_pr ir ls
 850r 6.7149105e+04 6.04e-09 2.91e-03 4.44e-06  -3.8    2.0  1.00e+00  9  1f
 851r 6.7149204e+04 5.39e-08 2.96e-03 4.44e-06  -3.8    1.6  1.00e+00 10  1f
 852r 6.7149209e+04 1.07e-09 2.96e-03 4.44e-06  -3.8    2.9  1.00e+00  4  1h
 853r 6.7149223e+04 1.07e-09 2.97e-03 4.44e-06  -3.8    2.4  1.00e+00  5  1f
 854r 6.7149264e+04 9.58e-09 2.99e-03 4.44e-06  -3.8    1.9  1.00e+00  4  1f
 855r 6.7149385e+04 8.44e-08 3.00e-03 4.44e-06  -3.8    1.5  1.00e+00 10  1f
 856r 6.7149429e+04 1.19e-08 3.01e-03 4.44e-06  -3.8    1.9  1.00e+00 10  1h
 857r 6.7149560e+04 1.03e-07 3.01e-03 4.44e-06  -3.8    1.4  1.00e+00 10  1f
 858r 6.7149650e+04 1.30e-07 6.80e-01 4.94e-06  -3.8    0.9  2.50e-01 10  3f
 859r 6.7149668e+04 3.11e-09 3.00e-03 4.44e-06  -3.8    2.3  1.00e+00  4  1h
iter    objective    inf_pr   inf_du inf_compl lg(mu) lg(rg) alpha_pr ir ls
 860r 6.7149675e+04 1.33e-09 3.01e-03 4.44e-06  -3.8    2.7  1.00e+00  6  1h
 861r 6.7149695e+04 2.50e-09 3.00e-03 4.44e-06  -3.8    2.2  1.00e+00 10  1f
 862r 6.7149754e+04 2.21e-08 3.00e-03 4.44e-06  -3.8    1.7  1.00e+00 10  1f
 863r 6.7149839e+04 5.78e-08 2.53e-01 4.60e-06  -3.8    1.3  5.00e-01 10  2f
 864r 6.7149848e+04 2.05e-09 2.99e-03 4.44e-06  -3.8    2.6  1.00e+00 10  1h
 865r 6.7149851e+04 8.57e-10 2.99e-03 4.44e-06  -3.8    3.0  1.00e+00  5  1h
 866r 6.7149860e+04 7.71e-10 2.99e-03 4.44e-06  -3.8    2.5  1.00e+00  6  1f
 867r 6.7149863e+04 3.75e-10 2.99e-03 4.44e-06  -3.8    3.0  1.00e+00  5  1h
 868r 6.7149873e+04 8.53e-10 2.99e-03 4.44e-06  -3.8    2.5  1.00e+00  7  1f
 869r 6.7149904e+04 5.99e-09 2.99e-03 4.44e-06  -3.8    2.0  1.00e+00 10  1f
iter    objective    inf_pr   inf_du inf_compl lg(mu) lg(rg) alpha_pr ir ls
 870r 6.7149915e+04 1.31e-09 2.99e-03 4.44e-06  -3.8    2.4  1.00e+00 10  1h
 871r 6.7149949e+04 7.43e-09 2.98e-03 4.44e-06  -3.8    1.9  1.00e+00 10  1f
 872r 6.7150048e+04 6.40e-08 2.97e-03 4.44e-06  -3.8    1.5  1.00e+00 10  1f
 873r 6.7150085e+04 8.86e-09 2.97e-03 4.44e-06  -3.8    1.9  1.00e+00 10  1h
 874r 6.7150193e+04 7.53e-08 2.95e-03 4.44e-06  -3.8    1.4  1.00e+00 10  1f
 875r 6.7150492e+04 5.80e-07 2.92e-03 4.44e-06  -3.8    0.9  1.00e+00 10  1f
 876r 6.7150494e+04 1.29e-08 3.07e-03 4.44e-06  -3.8    3.2  1.00e+00  3  1h
 877r 6.7150499e+04 4.16e-09 2.94e-03 4.44e-06  -3.8    2.7  1.00e+00  3  1f
 878r 6.7150515e+04 3.30e-09 2.93e-03 4.44e-06  -3.8    2.2  1.00e+00 10  1f
 879r 6.7150520e+04 1.72e-09 2.93e-03 4.44e-06  -3.8    2.6  1.00e+00  7  1h
iter    objective    inf_pr   inf_du inf_compl lg(mu) lg(rg) alpha_pr ir ls
 880r 6.7150538e+04 2.96e-09 2.92e-03 4.44e-06  -3.8    2.2  1.00e+00  4  1f
 881r 6.7150544e+04 1.76e-09 2.92e-03 4.44e-06  -3.8    2.6  1.00e+00  7  1h
 882r 6.7150563e+04 3.33e-09 2.91e-03 4.44e-06  -3.8    2.1  1.00e+00 10  1f
 883r 6.7150571e+04 2.02e-09 2.91e-03 4.44e-06  -3.8    2.5  1.00e+00  5  1h
 884r 6.7150592e+04 3.81e-09 2.91e-03 4.44e-06  -3.8    2.1  1.00e+00  5  1f
 885r 6.7150656e+04 2.46e-08 2.89e-03 4.44e-06  -3.8    1.6  1.00e+00  6  1f
 886r 6.7150680e+04 7.12e-09 2.89e-03 4.44e-06  -3.8    2.0  1.00e+00  9  1h
 887r 6.7150749e+04 2.83e-08 2.87e-03 4.44e-06  -3.8    1.5  1.00e+00 10  1f
 888  6.7150775e+04 3.98e-05 2.21e+00 4.44e-06  -3.8    2.0  1.00e+00  1  1h
 889r 6.7129708e+04 1.69e-21 9.30e+02 1.87e-04  -3.8     -   5.90e-02 10 18R
iter    objective    inf_pr   inf_du inf_compl lg(mu) lg(rg) alpha_pr ir ls
 890r 6.7150933e+04 1.14e-06 1.66e-02 4.44e-06  -3.8    1.0  1.00e+00  1  1f
 891r 6.7151228e+04 5.87e-07 2.16e+00 4.59e-06  -3.8    0.5  5.00e-01 10  2h
 892r 6.7151262e+04 1.02e-07 1.81e-03 4.46e-06  -3.8    1.9  1.00e+00  6  1h
 893r 6.7151353e+04 2.85e-08 1.93e-03 4.44e-06  -3.8    1.4  1.00e+00 10  1f
 894r 6.7151357e+04 1.12e-08 1.99e-03 4.44e-06  -3.8    2.7  1.00e+00  5  1h
 895r 6.7151369e+04 2.64e-09 2.07e-03 4.44e-06  -3.8    2.2  1.00e+00  6  1f
 896r 6.7151374e+04 3.82e-10 2.10e-03 4.44e-06  -3.8    2.7  1.00e+00  7  1f
 897r 6.7151387e+04 2.03e-09 2.17e-03 4.44e-06  -3.8    2.2  1.00e+00  7  1f
 898r 6.7151427e+04 7.12e-09 2.33e-03 4.44e-06  -3.8    1.7  1.00e+00 10  1f
 899r 6.7151441e+04 5.60e-09 2.38e-03 4.44e-06  -3.8    2.1  1.00e+00 10  1f
iter    objective    inf_pr   inf_du inf_compl lg(mu) lg(rg) alpha_pr ir ls
 900r 6.7151483e+04 9.42e-09 2.49e-03 4.44e-06  -3.8    1.7  1.00e+00  8  1f
 901r 6.7151485e+04 4.80e-09 2.50e-03 4.44e-06  -3.8    3.0  1.00e+00  4  1h
 902r 6.7151491e+04 3.23e-09 2.51e-03 4.44e-06  -3.8    2.5  1.00e+00  8  1f
 903r 6.7151493e+04 1.89e-09 2.52e-03 4.44e-06  -3.8    2.9  1.00e+00  4  1h
 904r 6.7151500e+04 1.95e-09 2.53e-03 4.44e-06  -3.8    2.5  1.00e+00  6  1f
 905r 6.7151519e+04 4.06e-09 2.56e-03 4.44e-06  -3.8    2.0  1.00e+00 10  1f
 906r 6.7151527e+04 3.11e-09 2.58e-03 4.44e-06  -3.8    2.4  1.00e+00 10  1h
 907r 6.7151548e+04 4.96e-09 2.60e-03 4.44e-06  -3.8    1.9  1.00e+00 10  1f
 908r 6.7151611e+04 1.97e-08 2.64e-03 4.44e-06  -3.8    1.5  1.00e+00 10  1f
 909r 6.7151614e+04 6.56e-09 2.67e-03 4.44e-06  -3.8    2.8  1.00e+00  5  1h
iter    objective    inf_pr   inf_du inf_compl lg(mu) lg(rg) alpha_pr ir ls
 910r 6.7151623e+04 4.56e-09 2.66e-03 4.44e-06  -3.8    2.3  1.00e+00  3  1f
 911r 6.7151626e+04 2.72e-09 2.66e-03 4.44e-06  -3.8    2.7  1.00e+00  6  1h
 912r 6.7151636e+04 2.85e-09 2.66e-03 4.44e-06  -3.8    2.3  1.00e+00 10  1f
 913r 6.7151664e+04 5.92e-09 2.67e-03 4.44e-06  -3.8    1.8  1.00e+00  4  1f
 914r 6.7151748e+04 4.18e-08 2.67e-03 4.44e-06  -3.8    1.3  1.00e+00 10  1f
 915r 6.7151972e+04 3.86e-07 2.63e-03 4.44e-06  -3.8    0.8  1.00e+00 10  1f
 916r 6.7152470e+04 3.62e-06 2.63e-03 4.44e-06  -3.8    0.3  1.00e+00 10  1f
 917r 6.7152611e+04 6.39e-07 3.00e-03 4.44e-06  -3.8    0.8  1.00e+00 10  1f
 918  6.7152617e+04 3.55e-05 2.21e+00 4.44e-06  -3.8    2.1  1.00e+00  1  1h
 919  6.7152614e+04 3.53e-05 1.45e+02 1.36e-05  -3.8    2.5  1.97e-28  5  1H
iter    objective    inf_pr   inf_du inf_compl lg(mu) lg(rg) alpha_pr ir ls
 920  6.7148615e+04 3.46e-05 6.47e+02 9.46e-05  -3.8    2.1  3.68e-02 10  2h
 921  6.7145021e+04 3.44e-05 6.01e+02 1.24e-04  -3.8    1.6  1.22e-02  3  7h
 922  6.7138496e+04 3.42e-05 5.11e+02 5.68e-05  -3.8    1.1  7.81e-03  3  8h
 923  6.7138423e+04 3.42e-05 6.58e+02 2.10e-04  -3.8    2.4  1.46e-03  2  8h
 924  6.7138309e+04 3.42e-05 6.67e+02 2.16e-04  -3.8    1.9  8.72e-04  2 11h
 925  6.7138129e+04 3.41e-05 5.89e+02 1.05e-04  -3.8    1.5  4.88e-04  3 12h
 926  6.7138031e+04 3.41e-05 8.46e+02 4.37e-04  -3.8    2.8  3.72e-03  2  7h
 927  6.7137973e+04 3.41e-05 7.40e+02 3.53e-04  -3.8    2.3  9.45e-04  2 11h
 928  6.7137896e+04 3.41e-05 8.42e+02 5.15e-04  -3.8    2.7  2.68e-03  2  9h
 929  6.7137830e+04 3.40e-05 7.29e+02 3.37e-04  -3.8    2.3  9.77e-04  2 11h
iter    objective    inf_pr   inf_du inf_compl lg(mu) lg(rg) alpha_pr ir ls
 930  6.7137747e+04 3.40e-05 8.27e+02 4.93e-04  -3.8    2.7  2.68e-03  2  9h
 931  6.7137674e+04 3.40e-05 7.18e+02 3.16e-04  -3.8    2.2  9.77e-04  2 11h
 932  6.7137649e+04 3.40e-05 6.33e+02 1.61e-04  -3.8    1.7  1.22e-04  2 14h
 933  6.7137368e+04 3.40e-05 5.49e+02 7.29e-05  -3.8    1.3  4.88e-04  3 12h
 934  6.7136575e+04 3.40e-05 4.22e+02 3.38e-05  -3.8    0.8  4.88e-04  3 12h
 935  6.7136517e+04 3.40e-05 5.91e+02 1.46e-04  -3.8    2.1  6.42e-04  2  9h
 936  6.7136487e+04 3.39e-05 7.82e+02 3.87e-04  -3.8    2.5  7.40e-04  2 10h
 937  6.7136462e+04 3.39e-05 6.89e+02 2.56e-04  -3.8    2.1  2.44e-04  2 13h
 939  6.7108104e+04 2.62e-05 2.47e+02 1.29e-05  -3.8     -   6.41e-01  2 22R
 939r 6.7110003e+04 1.69e-21 9.28e+02 7.33e-03  -3.8     -   4.22e-07 10 22f
iter    objective    inf_pr   inf_du inf_compl lg(mu) lg(rg) alpha_pr ir ls
 940  6.7137076e+04 3.39e-05 2.21e+00 4.48e-06  -3.8    2.0  7.74e-01  1  1f
 941r 6.7127091e+04 1.69e-21 9.29e+02 9.45e-05  -3.8     -   3.13e-02  3 17R
 942r 6.7137463e+04 1.10e-06 4.08e-03 4.52e-06  -3.8    2.0  1.00e+00  1  1f
 943  6.7137505e+04 3.43e-05 2.21e+00 4.45e-06  -3.8    2.4  1.00e+00  1  1h
 944r 6.7130950e+04 1.69e-21 9.29e+02 1.81e-04  -3.8     -   4.55e-02 10 18R
 945r 6.7137537e+04 1.10e-06 4.16e-03 4.47e-06  -3.8    2.3  1.00e+00  1  1f
 946r 6.7137633e+04 5.84e-08 2.52e-03 4.44e-06  -3.8    1.9  1.00e+00 10  1h
 947r 6.7137637e+04 2.58e-08 2.72e-03 4.47e-06  -3.8    3.2  1.00e+00  3  1h
 948r 6.7137648e+04 9.62e-09 2.65e-03 4.44e-06  -3.8    2.7  1.00e+00  3  1f
 949r 6.7137652e+04 3.58e-09 2.64e-03 4.44e-06  -3.8    3.1  1.00e+00  3  1h
iter    objective    inf_pr   inf_du inf_compl lg(mu) lg(rg) alpha_pr ir ls
 950r 6.7137664e+04 1.21e-09 2.61e-03 4.44e-06  -3.8    2.7  1.00e+00  7  1f
 951r 6.7137695e+04 1.04e-09 2.53e-03 4.44e-06  -3.8    2.2  1.00e+00  6  1f
 952r 6.7137765e+04 4.11e-09 2.28e-03 4.44e-06  -3.8    1.7  1.00e+00 10  1f
 953r 6.7137768e+04 9.42e-10 2.28e-03 4.44e-06  -3.8    3.0  1.00e+00  4  1h
 954r 6.7137777e+04 5.61e-10 2.31e-03 4.44e-06  -3.8    2.6  1.00e+00  4  1f
 955r 6.7137801e+04 1.21e-09 2.38e-03 4.44e-06  -3.8    2.1  1.00e+00  5  1f
 956r 6.7137854e+04 8.09e-09 2.56e-03 4.44e-06  -3.8    1.6  1.00e+00 10  1f
 957r 6.7137872e+04 1.97e-09 2.63e-03 4.44e-06  -3.8    2.0  1.00e+00 10  1h
 958r 6.7137915e+04 1.25e-08 2.75e-03 4.44e-06  -3.8    1.6  1.00e+00  5  1f
 959r 6.7138006e+04 1.32e-07 2.92e-03 4.44e-06  -3.8    1.1  1.00e+00 10  1f
iter    objective    inf_pr   inf_du inf_compl lg(mu) lg(rg) alpha_pr ir ls
 960r 6.7138201e+04 1.33e-06 3.11e-03 4.44e-06  -3.8    0.6  1.00e+00 10  1f
 961r 6.7138207e+04 6.70e-09 3.45e-03 4.44e-06  -3.8    1.9  1.00e+00  7  1h
 962r 6.7138230e+04 2.96e-08 3.31e-03 4.44e-06  -3.8    1.5  1.00e+00 10  1f
 963r 6.7138231e+04 1.37e-09 3.33e-03 4.44e-06  -3.8    2.8  1.00e+00  6  1h
 964r 6.7138235e+04 7.04e-10 3.31e-03 4.44e-06  -3.8    2.3  1.00e+00  5  1f
 965r 6.7138236e+04 3.23e-10 3.31e-03 4.44e-06  -3.8    2.7  1.00e+00  7  1h
 966r 6.7138239e+04 7.34e-10 3.31e-03 4.44e-06  -3.8    2.3  1.00e+00  6  1f
 967r 6.7138250e+04 6.56e-09 3.31e-03 4.44e-06  -3.8    1.8  1.00e+00 10  1f
 968r 6.7138281e+04 5.89e-08 3.32e-03 4.44e-06  -3.8    1.3  1.00e+00 10  1f
 969  6.7138283e+04 3.28e-05 2.21e+00 4.44e-06  -3.8    2.6  1.00e+00  1  1h
iter    objective    inf_pr   inf_du inf_compl lg(mu) lg(rg) alpha_pr ir ls
 970r 6.7132673e+04 8.47e-22 9.29e+02 1.87e-04  -3.8     -   6.33e-02 10 18R
 971r 6.7138279e+04 1.10e-06 8.03e-03 4.63e-06  -3.8    2.6  1.00e+00  1  1f
 972r 6.7138295e+04 6.19e-08 1.58e-03 4.44e-06  -3.8    2.1  1.00e+00  3  1h
 973r 6.7138305e+04 2.79e-08 3.67e-03 4.72e-06  -3.8    1.6  1.00e+00 10  1f
 974r 6.7138345e+04 1.30e-07 3.43e-03 4.44e-06  -3.8    1.1  1.00e+00 10  1f
 975r 6.7138347e+04 7.67e-10 3.48e-03 4.44e-06  -3.8    2.5  1.00e+00  5  1h
 976r 6.7138353e+04 2.63e-09 3.44e-03 4.44e-06  -3.8    2.0  1.00e+00  9  1f
 977r 6.7138355e+04 3.85e-10 3.45e-03 4.44e-06  -3.8    2.4  1.00e+00 10  1h
 978r 6.7138356e+04 1.67e-10 3.45e-03 4.44e-06  -3.8    2.9  1.00e+00  6  1h
 979r 6.7138356e+04 7.75e-11 3.45e-03 4.44e-06  -3.8    3.3  1.00e+00  6  1h
iter    objective    inf_pr   inf_du inf_compl lg(mu) lg(rg) alpha_pr ir ls
 980r 6.7138357e+04 1.05e-10 3.45e-03 4.44e-06  -3.8    2.8  1.00e+00  7  1f
 981r 6.7138359e+04 6.03e-10 3.45e-03 4.44e-06  -3.8    2.3  1.00e+00  7  1f
 982r 6.7138360e+04 1.75e-10 3.45e-03 4.44e-06  -3.8    2.7  1.00e+00  6  1h
 983r 6.7138363e+04 7.70e-10 3.46e-03 4.44e-06  -3.8    2.3  1.00e+00  6  1f
 984r 6.7138364e+04 2.01e-10 3.46e-03 4.44e-06  -3.8    2.7  1.00e+00  4  1h
 985r 6.7138365e+04 9.88e-11 3.46e-03 4.44e-06  -3.8    3.1  1.00e+00  3  1h
 986r 6.7138366e+04 1.48e-10 3.46e-03 4.44e-06  -3.8    2.6  1.00e+00  7  1f
 987r 6.7138370e+04 1.25e-09 3.47e-03 4.44e-06  -3.8    2.2  1.00e+00  4  1f
 988r 6.7138371e+04 2.46e-10 3.47e-03 4.44e-06  -3.8    2.6  1.00e+00  4  1h
 989r 6.7138372e+04 1.22e-10 3.47e-03 4.44e-06  -3.8    3.0  1.00e+00  4  1h
iter    objective    inf_pr   inf_du inf_compl lg(mu) lg(rg) alpha_pr ir ls
 990r 6.7138373e+04 2.25e-10 3.47e-03 4.44e-06  -3.8    2.5  1.00e+00  7  1f
 991r 6.7138378e+04 2.05e-09 3.48e-03 4.44e-06  -3.8    2.1  1.00e+00 10  1f
 992r 6.7138391e+04 1.90e-08 3.49e-03 4.44e-06  -3.8    1.6  1.00e+00 10  1f
 993r 6.7138392e+04 4.82e-10 3.52e-03 4.44e-06  -3.8    2.9  1.00e+00  4  1h
 994r 6.7138394e+04 3.81e-10 3.50e-03 4.44e-06  -3.8    2.4  1.00e+00  7  1f
 995r 6.7138395e+04 1.62e-10 3.51e-03 4.44e-06  -3.8    2.9  1.00e+00  8  1h
 996r 6.7138397e+04 4.86e-10 3.51e-03 4.44e-06  -3.8    2.4  1.00e+00  7  1f
 997r 6.7138397e+04 1.48e-10 3.51e-03 4.44e-06  -3.8    2.8  1.00e+00  6  1h
 998r 6.7138400e+04 6.20e-10 3.51e-03 4.44e-06  -3.8    2.3  1.00e+00  7  1f
 999r 6.7138407e+04 5.68e-09 3.52e-03 4.44e-06  -3.8    1.9  1.00e+00 10  1f
iter    objective    inf_pr   inf_du inf_compl lg(mu) lg(rg) alpha_pr ir ls
1000r 6.7138427e+04 5.38e-08 3.56e-03 4.44e-06  -3.8    1.4  1.00e+00 10  1f
1001r 6.7138428e+04 7.26e-10 3.59e-03 4.44e-06  -3.8    2.7  1.00e+00  3  1h
1002r 6.7138429e+04 2.43e-10 3.57e-03 4.44e-06  -3.8    3.1  1.00e+00  5  1h
1003r 6.7138430e+04 1.73e-10 3.57e-03 4.44e-06  -3.8    2.7  1.00e+00  3  1f
1004r 6.7138430e+04 8.83e-11 3.57e-03 4.44e-06  -3.8    3.1  1.00e+00 10  1h
1005r 6.7138431e+04 1.94e-10 3.57e-03 4.44e-06  -3.8    2.6  1.00e+00  6  1f
1006r 6.7138435e+04 1.76e-09 3.58e-03 4.44e-06  -3.8    2.1  1.00e+00 10  1f
1007r 6.7138445e+04 1.63e-08 3.60e-03 4.44e-06  -3.8    1.7  1.00e+00  5  1f
1008r 6.7138475e+04 1.58e-07 3.65e-03 4.44e-06  -3.8    1.2  1.00e+00 10  1f
1009r 6.7138477e+04 1.07e-09 3.72e-03 4.44e-06  -3.8    2.5  1.00e+00 10  1h
iter    objective    inf_pr   inf_du inf_compl lg(mu) lg(rg) alpha_pr ir ls
1010r 6.7138481e+04 3.25e-09 3.69e-03 4.44e-06  -3.8    2.0  1.00e+00 10  1f
1011r 6.7138493e+04 3.02e-08 3.71e-03 4.44e-06  -3.8    1.6  1.00e+00 10  1f
1012r 6.7138528e+04 2.99e-07 3.78e-03 4.44e-06  -3.8    1.1  1.00e+00 10  1f
1013  6.7138529e+04 3.09e-05 2.21e+00 4.44e-06  -3.8    2.4  1.00e+00  1  1h
1014r 6.7131368e+04 8.47e-22 9.29e+02 1.87e-04  -3.8     -   5.15e-02  7 18R
1015r 6.7138496e+04 1.11e-06 6.77e-03 4.95e-06  -3.8    1.5  1.00e+00  1  1f
1016r 6.7138524e+04 5.68e-08 1.90e-03 4.44e-06  -3.8    1.9  1.00e+00  4  1h
1017r 6.7138555e+04 5.89e-08 3.26e-03 4.45e-06  -3.8    1.4  1.00e+00  6  1f
1018r 6.7138564e+04 1.01e-08 3.51e-03 4.44e-06  -3.8    1.8  1.00e+00  9  1h
1019r 6.7138567e+04 1.50e-09 3.57e-03 4.44e-06  -3.8    2.3  1.00e+00  6  1h
iter    objective    inf_pr   inf_du inf_compl lg(mu) lg(rg) alpha_pr ir ls
1020r 6.7138576e+04 1.45e-08 3.69e-03 4.44e-06  -3.8    1.8  1.00e+00  7  1f
1021r 6.7138579e+04 2.09e-09 3.74e-03 4.44e-06  -3.8    2.2  1.00e+00 10  1h
1022r 6.7138580e+04 2.97e-10 3.75e-03 4.44e-06  -3.8    2.6  1.00e+00 10  1h
1023r 6.7138584e+04 2.72e-09 3.79e-03 4.44e-06  -3.8    2.2  1.00e+00  3  1f
1024r 6.7138593e+04 2.53e-08 3.87e-03 4.44e-06  -3.8    1.7  1.00e+00 10  1f
1025r 6.7138594e+04 3.04e-10 3.90e-03 4.44e-06  -3.8    3.0  1.00e+00  3  1h
1026r 6.7138595e+04 5.07e-10 3.90e-03 4.44e-06  -3.8    2.5  1.00e+00  4  1f
1027r 6.7138599e+04 4.61e-09 3.92e-03 4.44e-06  -3.8    2.0  1.00e+00  8  1f
1028r 6.7138609e+04 4.27e-08 3.99e-03 4.44e-06  -3.8    1.6  1.00e+00  5  1f
1029r 6.7138610e+04 3.65e-10 4.02e-03 4.44e-06  -3.8    2.9  1.00e+00  4  1h
iter    objective    inf_pr   inf_du inf_compl lg(mu) lg(rg) alpha_pr ir ls
1030r 6.7138611e+04 8.54e-10 4.01e-03 4.44e-06  -3.8    2.4  1.00e+00  4  1f
1031r 6.7138616e+04 7.78e-09 4.04e-03 4.44e-06  -3.8    1.9  1.00e+00 10  1f
1032r 6.7138628e+04 7.25e-08 4.10e-03 4.44e-06  -3.8    1.5  1.00e+00 10  1f
1033r 6.7138629e+04 4.38e-10 4.14e-03 4.44e-06  -3.8    2.8  1.00e+00  9  1h
1034r 6.7138631e+04 1.46e-09 4.12e-03 4.44e-06  -3.8    2.3  1.00e+00  4  1f
1035r 6.7138631e+04 2.05e-10 4.13e-03 4.44e-06  -3.8    2.7  1.00e+00  6  1h
1036r 6.7138633e+04 1.86e-09 4.14e-03 4.44e-06  -3.8    2.3  1.00e+00  5  1f
1037r 6.7138634e+04 2.62e-10 4.14e-03 4.44e-06  -3.8    2.7  1.00e+00  4  1h
1038r 6.7138636e+04 2.37e-09 4.15e-03 4.44e-06  -3.8    2.2  1.00e+00  5  1f
1039r 6.7138637e+04 3.35e-10 4.16e-03 4.44e-06  -3.8    2.6  1.00e+00  3  1h
iter    objective    inf_pr   inf_du inf_compl lg(mu) lg(rg) alpha_pr ir ls
1040r 6.7138640e+04 3.04e-09 4.17e-03 4.44e-06  -3.8    2.2  1.00e+00 10  1f
1041r 6.7138647e+04 2.80e-08 4.20e-03 4.44e-06  -3.8    1.7  1.00e+00 10  1f
1042r 6.7138669e+04 2.71e-07 4.28e-03 4.44e-06  -3.8    1.2  1.00e+00 10  1f
1043r 6.7138741e+04 3.03e-06 4.52e-03 4.44e-06  -3.8    0.7  1.00e+00 10  1f
1044r 6.7138776e+04 3.41e-06 6.65e-01 5.92e-06  -3.8    0.3  1.25e-01 10  4f
1045  6.7138776e+04 2.81e-05 2.21e+00 4.44e-06  -3.8    2.5  1.00e+00  1  1h
1046r 6.7132806e+04 8.47e-22 9.28e+02 1.87e-04  -3.8     -   5.12e-02  6 18R
1047r 6.7138743e+04 1.11e-06 8.59e-03 4.99e-06  -3.8    1.5  1.00e+00  1  1f
1048r 6.7138784e+04 5.54e-07 9.79e-01 4.64e-06  -3.8    1.1  5.00e-01 10  2h
1049r 6.7138809e+04 1.06e-07 4.55e-03 4.57e-06  -3.8    1.5  1.00e+00 10  1h
iter    objective    inf_pr   inf_du inf_compl lg(mu) lg(rg) alpha_pr ir ls
1050r 6.7138824e+04 1.61e-07 1.65e-01 4.75e-06  -3.8    1.0  2.50e-01 10  3f
1051r 6.7138827e+04 3.56e-09 4.53e-03 4.44e-06  -3.8    2.3  1.00e+00  9  1h
1052r 6.7138837e+04 2.24e-08 4.66e-03 4.44e-06  -3.8    1.9  1.00e+00  8  1f
1053r 6.7138840e+04 3.29e-09 4.73e-03 4.44e-06  -3.8    2.3  1.00e+00  7  1h
1054r 6.7138842e+04 4.70e-10 4.75e-03 4.44e-06  -3.8    2.7  1.00e+00  4  1h
1055r 6.7138845e+04 4.36e-09 4.80e-03 4.44e-06  -3.8    2.2  1.00e+00 10  1f
1056r 6.7138855e+04 4.15e-08 4.92e-03 4.44e-06  -3.8    1.8  1.00e+00 10  1f
1057r 6.7138869e+04 1.24e-07 5.98e-02 4.54e-06  -3.8    1.3  5.00e-01 10  2f
1058r 6.7138959e+04 4.39e-06 5.45e-03 4.44e-06  -3.8    0.8  1.00e+00 10  1f
1059  6.7138959e+04 2.62e-05 2.21e+00 4.44e-06  -3.8    3.0  1.00e+00  1  1h
iter    objective    inf_pr   inf_du inf_compl lg(mu) lg(rg) alpha_pr ir ls
1060r 6.7135642e+04 4.24e-22 9.28e+02 1.87e-04  -3.8     -   7.98e-02  7 19R
1061r 6.7138943e+04 1.10e-06 1.14e-02 4.97e-06  -3.8    2.1  1.00e+00  1  1f
1062r 6.7138979e+04 9.40e-08 3.25e-03 4.44e-06  -3.8    1.6  1.00e+00  4  1h
1063r 6.7138980e+04 3.32e-08 6.17e-03 4.77e-06  -3.8    2.9  1.00e+00  3  1h
1064r 6.7138980e+04 1.89e-09 5.95e-03 4.44e-06  -3.8    3.4  1.00e+00  4  1f
1065r 6.7138980e+04 3.77e-10 5.94e-03 4.44e-06  -3.8    2.9  1.00e+00  5  1f
1066r 6.7138982e+04 3.34e-09 5.93e-03 4.44e-06  -3.8    2.4  1.00e+00 10  1f
1067r 6.7138988e+04 2.96e-08 5.91e-03 4.44e-06  -3.8    1.9  1.00e+00 10  1f
1068r 6.7139010e+04 2.73e-07 5.93e-03 4.44e-06  -3.8    1.5  1.00e+00 10  1f
1069r 6.7139086e+04 2.85e-06 6.14e-03 4.44e-06  -3.8    1.0  1.00e+00 10  1f
iter    objective    inf_pr   inf_du inf_compl lg(mu) lg(rg) alpha_pr ir ls
1070r 6.7139089e+04 7.11e-09 6.41e-03 4.44e-06  -3.8    2.3  1.00e+00  6  1h
1071r 6.7139100e+04 6.09e-08 6.29e-03 4.44e-06  -3.8    1.8  1.00e+00  6  1f
1072r 6.7139100e+04 1.36e-10 6.33e-03 4.44e-06  -3.8    3.2  1.00e+00  4  1h
1073r 6.7139102e+04 1.21e-09 6.31e-03 4.44e-06  -3.8    2.7  1.00e+00  5  1f
1074r 6.7139107e+04 1.10e-08 6.32e-03 4.44e-06  -3.8    2.2  1.00e+00  6  1f
1075r 6.7139121e+04 1.02e-07 6.37e-03 4.44e-06  -3.8    1.7  1.00e+00 10  1f
1076r 6.7139126e+04 1.46e-08 6.41e-03 4.44e-06  -3.8    2.2  1.00e+00  5  1h
1077r 6.7139129e+04 2.06e-09 6.41e-03 4.44e-06  -3.8    2.6  1.00e+00  6  1h
1078r 6.7139135e+04 1.88e-08 6.44e-03 4.44e-06  -3.8    2.1  1.00e+00 10  1f
1079r 6.7139135e+04 7.87e-11 6.45e-03 4.44e-06  -3.8    3.4  1.00e+00  5  1h
iter    objective    inf_pr   inf_du inf_compl lg(mu) lg(rg) alpha_pr ir ls
1080r 6.7139136e+04 3.73e-10 6.45e-03 4.44e-06  -3.8    3.0  1.00e+00  4  1f
1081r 6.7139139e+04 3.37e-09 6.46e-03 4.44e-06  -3.8    2.5  1.00e+00  6  1f
1082r 6.7139147e+04 3.08e-08 6.49e-03 4.44e-06  -3.8    2.0  1.00e+00  7  1f
1083r 6.7139150e+04 4.38e-09 6.50e-03 4.44e-06  -3.8    2.4  1.00e+00  5  1h
1084r 6.7139159e+04 4.01e-08 6.54e-03 4.44e-06  -3.8    1.9  1.00e+00 10  1f
1085r 6.7139163e+04 5.70e-09 6.56e-03 4.44e-06  -3.8    2.4  1.00e+00  3  1h
1086r 6.7139164e+04 8.05e-10 6.57e-03 4.44e-06  -3.8    2.8  1.00e+00  9  1h
1087r 6.7139168e+04 7.29e-09 6.58e-03 4.44e-06  -3.8    2.3  1.00e+00 10  1f
1088r 6.7139180e+04 6.71e-08 6.63e-03 4.44e-06  -3.8    1.8  1.00e+00 10  1f
1089r 6.7139219e+04 6.46e-07 6.76e-03 4.44e-06  -3.8    1.4  1.00e+00  6  1f
iter    objective    inf_pr   inf_du inf_compl lg(mu) lg(rg) alpha_pr ir ls
1090r 6.7139286e+04 2.06e-06 1.84e-01 4.67e-06  -3.8    0.9  5.00e-01 10  2f
1091r 6.7139291e+04 1.51e-08 7.12e-03 4.44e-06  -3.8    2.2  1.00e+00 10  1h
1092r 6.7139309e+04 1.35e-07 7.11e-03 4.44e-06  -3.8    1.7  1.00e+00  9  1f
1093r 6.7139367e+04 1.31e-06 7.28e-03 4.44e-06  -3.8    1.3  1.00e+00 10  1f
1094r 6.7139389e+04 1.95e-07 7.41e-03 4.44e-06  -3.8    1.7  1.00e+00  4  1h
1095r 6.7139397e+04 2.79e-08 7.45e-03 4.44e-06  -3.8    2.1  1.00e+00  5  1h
1096r 6.7139422e+04 2.59e-07 7.52e-03 4.44e-06  -3.8    1.6  1.00e+00  9  1f
1097r 6.7139505e+04 2.57e-06 7.73e-03 4.44e-06  -3.8    1.2  1.00e+00 10  1f
1098r 6.7139575e+04 3.74e-06 4.75e-01 4.93e-06  -3.8    0.7  2.50e-01 10  3f
1099r 6.7139587e+04 5.86e-08 8.08e-03 4.44e-06  -3.8    2.0  1.00e+00  7  1h
iter    objective    inf_pr   inf_du inf_compl lg(mu) lg(rg) alpha_pr ir ls
1100r 6.7139624e+04 5.35e-07 8.10e-03 4.44e-06  -3.8    1.5  1.00e+00 10  1f
1101r 6.7139743e+04 5.37e-06 8.35e-03 4.44e-06  -3.8    1.1  1.00e+00 10  1f
1102  6.7139748e+04 2.14e-05 2.21e+00 4.44e-06  -3.8    2.4  1.00e+00  1  1h
1103r 6.7132203e+04 4.24e-22 9.27e+02 1.87e-04  -3.8     -   5.23e-02  7 18R
1104r 6.7139748e+04 1.10e-06 1.71e-02 4.99e-06  -3.8    2.3  1.00e+00  1  1f
1105r 6.7139751e+04 1.77e-07 4.63e-03 4.44e-06  -3.8    1.9  1.00e+00  4  1h
1106r 6.7139829e+04 1.43e-06 9.05e-03 5.07e-06  -3.8    1.4  1.00e+00 10  1h
1107r 6.7139927e+04 4.25e-06 1.62e-01 4.86e-06  -3.8    0.9  5.00e-01 10  2f
1108r 6.7139966e+04 4.61e-06 9.07e-01 5.38e-06  -3.8    0.4  6.25e-02 10  5f
1109r 6.7139995e+04 5.04e-06 2.26e+00 7.07e-06  -3.8   -0.0  1.56e-02 10  7f
iter    objective    inf_pr   inf_du inf_compl lg(mu) lg(rg) alpha_pr ir ls
1110r 6.7140017e+04 5.11e-06 1.19e+00 5.80e-06  -3.8    0.4  3.12e-02 10  6f
1111r 6.7140050e+04 4.89e-06 5.01e-01 5.03e-06  -3.8    0.8  1.25e-01 10  4h
1112r 6.7140075e+04 5.03e-06 1.20e+00 5.61e-06  -3.8    0.3  3.12e-02 10  6f
1113r 6.7140079e+04 8.07e-09 9.38e-03 4.48e-06  -3.8    2.6  1.00e+00  2  1h
1114r 6.7140091e+04 6.81e-08 9.12e-03 4.44e-06  -3.8    2.1  1.00e+00  7  1h
1115r 6.7140130e+04 6.35e-07 9.18e-03 4.44e-06  -3.8    1.6  1.00e+00 10  1h
1116r 6.7140190e+04 1.88e-06 1.48e-01 4.55e-06  -3.8    1.1  5.00e-01  8  2h
1117r 6.7140195e+04 1.38e-08 9.42e-03 4.44e-06  -3.8    2.5  1.00e+00  7  1h
1118r 6.7140211e+04 1.23e-07 9.39e-03 4.44e-06  -3.8    2.0  1.00e+00 10  1h
1119r 6.7140262e+04 1.15e-06 9.47e-03 4.44e-06  -3.8    1.5  1.00e+00  7  1h
iter    objective    inf_pr   inf_du inf_compl lg(mu) lg(rg) alpha_pr ir ls
1120r 6.7140342e+04 3.44e-06 1.84e-01 4.57e-06  -3.8    1.0  5.00e-01 10  2h
1121r 6.7140400e+04 1.64e-06 9.73e-03 4.44e-06  -3.8    1.5  1.00e+00 10  1h
1122r 6.7140492e+04 4.91e-06 2.08e-01 4.57e-06  -3.8    1.0  5.00e-01 10  2h
1123  6.7140493e+04 1.82e-05 2.21e+00 4.44e-06  -3.8    3.2  1.00e+00  1  1h
1124r 6.7137404e+04 2.12e-22 9.26e+02 1.87e-04  -3.8     -   9.68e-02  3 19R
1125r 6.7140505e+04 1.10e-06 1.96e-02 4.98e-06  -3.8    2.3  1.00e+00  1  1f
1126r 6.7140507e+04 5.50e-07 4.05e+00 4.76e-06  -3.8    1.8  5.00e-01  3  2h
1127r 6.7140511e+04 5.32e-07 9.17e-01 4.67e-06  -3.8    1.3  3.12e-02 10  6h
1128r 6.7140516e+04 7.31e-08 9.19e-03 4.44e-06  -3.8    2.6  1.00e+00  6  1h
1129r 6.7140518e+04 6.28e-08 5.64e-01 4.50e-06  -3.8    2.1  1.25e-01  5  4h
iter    objective    inf_pr   inf_du inf_compl lg(mu) lg(rg) alpha_pr ir ls
1130r 6.7140541e+04 1.58e-07 2.79e-01 4.47e-06  -3.8    1.7  5.00e-01 10  2f
1131r 6.7140549e+04 1.73e-07 5.86e-01 4.59e-06  -3.8    1.2  6.25e-02 10  5f
1132r 6.7140555e+04 1.64e-07 3.55e-01 4.49e-06  -3.8    1.6  1.25e-01  5  4h
1133r 6.7140574e+04 1.13e-07 9.80e-03 4.44e-06  -3.8    2.0  1.00e+00  3  1h
1134r 6.7140586e+04 1.54e-07 1.94e-01 4.54e-06  -3.8    1.6  2.50e-01 10  3h
1135r 6.7140591e+04 1.59e-07 4.35e-01 4.67e-06  -3.8    1.1  3.12e-02 10  6f
1136r 6.7140598e+04 1.61e-07 2.24e-01 4.56e-06  -3.8    1.5  1.25e-01 10  4h
1137r 6.7140603e+04 1.70e-07 4.56e-01 4.68e-06  -3.8    1.0  3.12e-02 10  6f
1138r 6.7140605e+04 1.71e-07 9.89e-01 5.13e-06  -3.8    0.6  3.91e-03 10  9f
1139r 6.7140617e+04 1.48e-07 8.06e-02 4.48e-06  -3.8    1.9  5.00e-01 10  2h
iter    objective    inf_pr   inf_du inf_compl lg(mu) lg(rg) alpha_pr ir ls
1140r 6.7140626e+04 1.66e-07 2.08e-01 4.55e-06  -3.8    1.4  1.25e-01 10  4h
1141r 6.7140629e+04 1.69e-07 4.92e-01 4.72e-06  -3.8    0.9  1.56e-02 10  7f
1142r 6.7140631e+04 1.72e-07 1.12e+00 5.33e-06  -3.8    0.5  3.91e-03 10  9f
1143r 6.7140635e+04 6.35e-09 1.01e-02 4.44e-06  -3.8    2.7  1.00e+00  3  1h
1144r 6.7140646e+04 5.77e-08 1.01e-02 4.44e-06  -3.8    2.2  1.00e+00  7  1h
1145r 6.7140662e+04 1.62e-07 4.85e-02 4.46e-06  -3.8    1.7  5.00e-01  4  2h
1146r 6.7140675e+04 7.53e-08 1.02e-02 4.44e-06  -3.8    2.2  1.00e+00 10  1h
1147r 6.7140684e+04 9.98e-08 7.13e-02 4.48e-06  -3.8    1.7  2.50e-01 10  3h
1148r 6.7140691e+04 1.19e-07 2.36e-01 4.59e-06  -3.8    1.2  6.25e-02 10  5f
1149r 6.7140701e+04 1.45e-07 8.27e-02 4.49e-06  -3.8    1.6  2.50e-01 10  3h
iter    objective    inf_pr   inf_du inf_compl lg(mu) lg(rg) alpha_pr ir ls
1150r 6.7140709e+04 1.69e-07 2.66e-01 4.60e-06  -3.8    1.2  6.25e-02 10  5f
1151r 6.7140712e+04 1.72e-07 7.23e-01 4.97e-06  -3.8    0.7  7.81e-03 10  8f
1152r 6.7140713e+04 1.73e-07 1.75e+00 6.16e-06  -3.8    0.2  9.77e-04 10 11f
1153r 6.7140719e+04 1.74e-07 1.35e-01 4.53e-06  -3.8    1.5  1.25e-01  9  4h
#### attempt 1 exit 137 Fri Jun  5 06:47:51 PM EDT 2026 ####
non-zero exit (likely compile-timeout SIGKILL=137); resuming...
#### attempt 2 Fri Jun  5 06:47:51 PM EDT 2026 ####
[ Info: instance 0/1 on GPU 1 (Quadro GV100)
[ Info: instance 0: 24 models assigned, 1 remaining
[ Info: warmup: JIT build+solve on Bruno_JExpBot2016 ...
[ Info: warmup done
[ Info: [SalazarCavazos_MBoC2020] compiling (K=6, compile_limit=14400.0s)...
┌ Warning: For large models adjoint sensitivity analysis is the best gradient method. To use this method load SciMLSensitivity
└ @ PEtab ~/.julia/packages/PEtab/PnGbI/src/petab_odeproblem/defaults.jl:87
┌ Warning: For large models we strongly recomend to compare different ODE-solvers instead of using default options.
└ @ PEtab ~/.julia/packages/PEtab/PnGbI/src/petab_odeproblem/defaults.jl:135
[ Info: [SalazarCavazos_MBoC2020] solving with MadNLP (max_wall_time=7200.0s)...
[ Info: [SalazarCavazos_MBoC2020] SGM solve 1/3 ...
[ Info: [SalazarCavazos_MBoC2020] SGM solve 2/3 ...
[ Info: [SalazarCavazos_MBoC2020] SGM solve 3/3 ...
[ Info: [SalazarCavazos_MBoC2020] SGM done: solve=57.85 s (n=3)
[ Info: [SalazarCavazos_MBoC2020] done
[ Info: instance 0 complete
This is [34mMad[31mN[32mL[35mP[0m version v0.9.2, running with cuDSS v0.7.1

Number of nonzeros in constraint Jacobian............:   171149
Number of nonzeros in Lagrangian Hessian.............:   154145

Total number of variables............................:    13463
                     variables with only lower bounds:        0
                variables with lower and upper bounds:       13
                     variables with only upper bounds:        0
Total number of equality constraints.................:    13450
Total number of inequality constraints...............:        0
        inequality constraints with only lower bounds:        0
   inequality constraints with lower and upper bounds:        0
        inequality constraints with only upper bounds:        0

iter    objective    inf_pr   inf_du inf_compl lg(mu) lg(rg) alpha_pr ir ls
   0 -4.6688181e+01 0.00e+00 9.76e+01 5.77e+00  -1.0     -   0.00e+00  0  0 
   1 -4.6688184e+01 1.14e-13 2.93e-01 2.01e-04  -1.0     -   2.28e-05  1  8h
   2 -4.6688187e+01 1.47e-11 2.24e-06 2.01e-04  -1.7     -   1.00e+00  1  1h
   3 -4.6688200e+01 1.74e-11 2.95e-05 1.97e-04  -5.7     -   1.00e+00  1  1h
   4 -4.6690914e+01 4.58e-11 1.76e-02 5.13e-05  -5.7     -   1.00e+00  1  1h
   5 -4.6695222e+01 5.60e-11 1.95e-02 1.48e-05  -5.7     -   1.00e+00  1  1h
   6 -4.6699959e+01 4.44e-11 2.49e-03 4.12e-06  -5.7     -   1.00e+00  1  1h
   7 -4.6702860e+01 8.08e-11 7.92e-07 2.27e-06  -5.7     -   1.00e+00  1  1h
   8 -4.6704834e+01 3.91e-11 1.65e-03 5.86e-07  -7.0     -   1.00e+00  1  1h
   9 -4.6705886e+01 1.02e-10 2.06e-07 1.55e-07  -7.0     -   1.00e+00  1  1h

Number of Iterations....: 9

                                   (scaled)                 (unscaled)
Objective...............:  -4.6705885960143625e+01   -4.6705885960143625e+01
Dual infeasibility......:   2.0584622006936115e-07    2.0584622006936115e-07
Constraint violation....:   1.0160914243919879e-10    1.0160914243919879e-10
Complementarity.........:   1.5473730335336865e-07    1.5473730335336865e-07
Overall NLP error.......:   2.0584622006936115e-07    2.0584622006936115e-07

Number of objective function evaluations              = 18
Number of objective gradient evaluations              = 10
Number of constraint evaluations                      = 18
Number of constraint Jacobian evaluations             = 10
Number of Lagrangian Hessian evaluations              = 9
Number of KKT factorizations                          = 9
Number of KKT backsolves                              = 10

Total wall secs in initialization                     = 59.926 s
Total wall secs in linear solver                      =  unavailable
Total wall secs in NLP function evaluations           =  9.550 s
Total wall secs in solver (w/o init./fun./lin. alg.)  =  unavailable
Total wall secs                                       = 168.468 s

[32mEXIT: Optimal Solution Found (tol = 1.0e-06).[0m

============================================================
[0][1/1] SalazarCavazos_MBoC2020
============================================================
This is [34mMad[31mN[32mL[35mP[0m version v0.9.2, running with cuDSS v0.7.1

Number of nonzeros in constraint Jacobian............:  9561316
Number of nonzeros in Lagrangian Hessian.............: 12442874

Total number of variables............................:   353170
                     variables with only lower bounds:        0
                variables with lower and upper bounds:        6
                     variables with only upper bounds:        0
Total number of equality constraints.................:   353164
Total number of inequality constraints...............:        0
        inequality constraints with only lower bounds:        0
   inequality constraints with lower and upper bounds:        0
        inequality constraints with only upper bounds:        0

iter    objective    inf_pr   inf_du inf_compl lg(mu) lg(rg) alpha_pr ir ls
   0  3.6718761e+02 1.68e-01 1.00e+02 3.76e+00  -1.0     -   0.00e+00  0  0 
   1  3.6718761e+02 1.68e-01 4.46e-05 1.61e-05  -1.0   -4.0  6.97e-16  2  3h
   2  3.6718742e+02 4.80e-07 4.46e-05 1.61e-05  -2.5   -4.5  1.00e+00  1  1h
   3  3.6718757e+02 8.31e-07 4.46e-05 1.61e-05  -5.7   -3.1  1.00e+00  1  1h
   4  3.6718590e+02 6.76e-07 4.46e-05 1.61e-05  -5.7   -3.6  1.00e+00  1  1h
   5  3.6718529e+02 5.84e-07 4.46e-05 1.61e-05  -5.7   -4.1  1.00e+00  1  1h
   6  3.6718486e+02 5.13e-07 4.36e-05 1.57e-05  -5.7   -4.6  1.00e+00  1  1h
   7  3.6718477e+02 8.35e-07 2.28e-08 1.38e-06  -5.7   -5.1  1.00e+00  2  1h
   8  3.6718463e+02 5.96e-07 1.70e-03 5.59e-07  -7.0   -5.5  1.00e+00  3  1h
   9  3.6718458e+02 7.16e-07 1.51e-05 1.49e-07  -7.0   -6.0  1.00e+00  2  1h
iter    objective    inf_pr   inf_du inf_compl lg(mu) lg(rg) alpha_pr ir ls
  10  3.6718456e+02 1.07e-06 2.47e-08 1.00e-07  -7.0   -6.5  1.00e+00  5  1h
  11  3.6718453e+02 7.15e-07 2.47e-08 9.11e-08  -7.0   -7.0  1.00e+00  7  1h

Number of Iterations....: 11

                                   (scaled)                 (unscaled)
Objective...............:   7.0852964197131698e+01    3.6718452754483644e+02
Dual infeasibility......:   2.4673765418184793e-08    1.2786797278687558e-07
Constraint violation....:   7.1525573116485049e-07    7.1525573116485049e-07
Complementarity.........:   1.7569956289740458e-08    9.1053580782904574e-08
Overall NLP error.......:   7.1525573116485049e-07    7.1525573116485049e-07

Number of objective function evaluations              = 15
Number of objective gradient evaluations              = 12
Number of constraint evaluations                      = 15
Number of constraint Jacobian evaluations             = 12
Number of Lagrangian Hessian evaluations              = 11
Number of KKT factorizations                          = 24
Number of KKT backsolves                              = 28

Total wall secs in initialization                     = 358.727 s
Total wall secs in linear solver                      =  unavailable
Total wall secs in NLP function evaluations           = 215.518 s
Total wall secs in solver (w/o init./fun./lin. alg.)  =  unavailable
Total wall secs                                       = 890.967 s

[32mEXIT: Optimal Solution Found (tol = 1.0e-06).[0m
This is [34mMad[31mN[32mL[35mP[0m version v0.9.2, running with cuDSS v0.7.1

Number of nonzeros in constraint Jacobian............:  9561316
Number of nonzeros in Lagrangian Hessian.............: 12442874

Total number of variables............................:   353170
                     variables with only lower bounds:        0
                variables with lower and upper bounds:        6
                     variables with only upper bounds:        0
Total number of equality constraints.................:   353164
Total number of inequality constraints...............:        0
        inequality constraints with only lower bounds:        0
   inequality constraints with lower and upper bounds:        0
        inequality constraints with only upper bounds:        0

iter    objective    inf_pr   inf_du inf_compl lg(mu) lg(rg) alpha_pr ir ls
   0  3.6718761e+02 1.68e-01 1.00e+02 3.76e+00  -1.0     -   0.00e+00  0  0 
   1  3.6718761e+02 1.68e-01 4.46e-05 1.61e-05  -1.0   -4.0  6.97e-16  2  3h
   2  3.6718742e+02 5.99e-07 4.46e-05 1.61e-05  -2.5   -3.6  1.00e+00  1  1h
   3  3.6718757e+02 7.19e-07 4.46e-05 1.61e-05  -5.7   -3.1  1.00e+00  1  1h
   4  3.6718590e+02 6.18e-07 4.46e-05 1.61e-05  -5.7   -3.6  1.00e+00  1  1h
   5  3.6718529e+02 6.92e-07 4.46e-05 1.61e-05  -5.7   -4.1  1.00e+00  1  1h
   6  3.6718486e+02 6.82e-07 4.36e-05 1.57e-05  -5.7   -4.6  1.00e+00  1  1h
   7  3.6718477e+02 5.96e-07 1.30e-07 1.38e-06  -5.7   -5.1  1.00e+00  2  1h
   8  3.6718463e+02 7.16e-07 1.70e-03 5.59e-07  -7.0   -5.5  1.00e+00  3  1h
   9  3.6718458e+02 7.15e-07 2.47e-05 1.49e-07  -7.0   -6.0  1.00e+00  2  1h
iter    objective    inf_pr   inf_du inf_compl lg(mu) lg(rg) alpha_pr ir ls
  10  3.6718456e+02 4.77e-07 2.47e-08 1.00e-07  -7.0   -6.5  1.00e+00  5  1h

Number of Iterations....: 10

                                   (scaled)                 (unscaled)
Objective...............:   7.0852971304751833e+01    3.6718456437897839e+02
Dual infeasibility......:   2.4712732574129915e-08    1.2806991404519285e-07
Constraint violation....:   4.7683716120134571e-07    4.7683716120134571e-07
Complementarity.........:   1.9337432537083721e-08    1.0021325304477064e-07
Overall NLP error.......:   4.7683716120134571e-07    4.7683716120134571e-07

Number of objective function evaluations              = 14
Number of objective gradient evaluations              = 11
Number of constraint evaluations                      = 14
Number of constraint Jacobian evaluations             = 11
Number of Lagrangian Hessian evaluations              = 10
Number of KKT factorizations                          = 22
Number of KKT backsolves                              = 21

Total wall secs in initialization                     = 34.836 s
Total wall secs in linear solver                      =  unavailable
Total wall secs in NLP function evaluations           =  7.745 s
Total wall secs in solver (w/o init./fun./lin. alg.)  =  unavailable
Total wall secs                                       = 60.348 s

[32mEXIT: Optimal Solution Found (tol = 1.0e-06).[0m
This is [34mMad[31mN[32mL[35mP[0m version v0.9.2, running with cuDSS v0.7.1

Number of nonzeros in constraint Jacobian............:  9561316
Number of nonzeros in Lagrangian Hessian.............: 12442874

Total number of variables............................:   353170
                     variables with only lower bounds:        0
                variables with lower and upper bounds:        6
                     variables with only upper bounds:        0
Total number of equality constraints.................:   353164
Total number of inequality constraints...............:        0
        inequality constraints with only lower bounds:        0
   inequality constraints with lower and upper bounds:        0
        inequality constraints with only upper bounds:        0

iter    objective    inf_pr   inf_du inf_compl lg(mu) lg(rg) alpha_pr ir ls
   0  3.6718761e+02 1.68e-01 1.00e+02 3.76e+00  -1.0     -   0.00e+00  0  0 
   1  3.6718761e+02 1.68e-01 4.46e-05 1.61e-05  -1.0   -4.0  6.97e-16  2  3h
   2  3.6718742e+02 7.18e-07 4.46e-05 1.61e-05  -2.5   -4.5  1.00e+00  1  1h
   3  3.6718757e+02 7.12e-07 4.46e-05 1.61e-05  -5.7   -3.1  1.00e+00  1  1h
   4  3.6718590e+02 5.56e-07 4.46e-05 1.61e-05  -5.7   -3.6  1.00e+00  1  1h
   5  3.6718529e+02 4.97e-07 4.46e-05 1.61e-05  -5.7   -4.1  1.00e+00  1  1h
   6  3.6718486e+02 6.32e-07 4.36e-05 1.57e-05  -5.7   -4.6  1.00e+00  1  1h
   7  3.6718477e+02 7.16e-07 3.33e-07 1.38e-06  -5.7   -5.1  1.00e+00  2  1h
   8  3.6718463e+02 8.34e-07 1.70e-03 5.59e-07  -7.0   -5.5  1.00e+00  3  1h
   9  3.6718458e+02 5.96e-07 2.08e-05 1.49e-07  -7.0   -6.0  1.00e+00  2  1h
iter    objective    inf_pr   inf_du inf_compl lg(mu) lg(rg) alpha_pr ir ls
  10  3.6718456e+02 7.15e-07 2.47e-08 1.00e-07  -7.0   -6.5  1.00e+00  5  1h

Number of Iterations....: 10

                                   (scaled)                 (unscaled)
Objective...............:   7.0852971284976874e+01    3.6718456427649772e+02
Dual infeasibility......:   2.4712619738282478e-08    1.2806932929086673e-07
Constraint violation....:   7.1525574331852539e-07    7.1525574331852539e-07
Complementarity.........:   1.9337432519164263e-08    1.0021325295190582e-07
Overall NLP error.......:   7.1525574331852539e-07    7.1525574331852539e-07

Number of objective function evaluations              = 14
Number of objective gradient evaluations              = 11
Number of constraint evaluations                      = 14
Number of constraint Jacobian evaluations             = 11
Number of Lagrangian Hessian evaluations              = 10
Number of KKT factorizations                          = 22
Number of KKT backsolves                              = 21

Total wall secs in initialization                     = 32.510 s
Total wall secs in linear solver                      =  unavailable
Total wall secs in NLP function evaluations           =  6.297 s
Total wall secs in solver (w/o init./fun./lin. alg.)  =  unavailable
Total wall secs                                       = 56.706 s

[32mEXIT: Optimal Solution Found (tol = 1.0e-06).[0m
This is [34mMad[31mN[32mL[35mP[0m version v0.9.2, running with cuDSS v0.7.1

Number of nonzeros in constraint Jacobian............:  9561316
Number of nonzeros in Lagrangian Hessian.............: 12442874

Total number of variables............................:   353170
                     variables with only lower bounds:        0
                variables with lower and upper bounds:        6
                     variables with only upper bounds:        0
Total number of equality constraints.................:   353164
Total number of inequality constraints...............:        0
        inequality constraints with only lower bounds:        0
   inequality constraints with lower and upper bounds:        0
        inequality constraints with only upper bounds:        0

iter    objective    inf_pr   inf_du inf_compl lg(mu) lg(rg) alpha_pr ir ls
   0  3.6718761e+02 1.68e-01 1.00e+02 3.76e+00  -1.0     -   0.00e+00  0  0 
   1  3.6718761e+02 1.68e-01 4.46e-05 1.61e-05  -1.0   -4.0  6.97e-16  2  3h
   2  3.6718742e+02 4.80e-07 4.46e-05 1.61e-05  -2.5   -3.6  1.00e+00  1  1h
   3  3.6718757e+02 6.06e-07 4.46e-05 1.61e-05  -5.7   -3.1  1.00e+00  1  1h
   4  3.6718590e+02 5.74e-07 4.46e-05 1.61e-05  -5.7   -3.6  1.00e+00  1  1h
   5  3.6718529e+02 5.47e-07 4.46e-05 1.61e-05  -5.7   -4.1  1.00e+00  1  1h
   6  3.6718486e+02 6.82e-07 4.36e-05 1.57e-05  -5.7   -4.6  1.00e+00  1  1h
   7  3.6718477e+02 4.76e-07 4.68e-07 1.38e-06  -5.7   -5.1  1.00e+00  2  1h
   8  3.6718463e+02 7.15e-07 1.70e-03 5.59e-07  -7.0   -5.5  1.00e+00  3  1h
   9  3.6718458e+02 5.96e-07 1.50e-05 1.49e-07  -7.0   -6.0  1.00e+00  2  1h
iter    objective    inf_pr   inf_du inf_compl lg(mu) lg(rg) alpha_pr ir ls
  10  3.6718456e+02 7.15e-07 2.47e-08 1.00e-07  -7.0   -6.5  1.00e+00  4  1h

Number of Iterations....: 10

                                   (scaled)                 (unscaled)
Objective...............:   7.0852971304625299e+01    3.6718456437832265e+02
Dual infeasibility......:   2.4712728616141464e-08    1.2806989353352990e-07
Constraint violation....:   7.1525573762737434e-07    7.1525573762737434e-07
Complementarity.........:   1.9337432538468038e-08    1.0021325305194466e-07
Overall NLP error.......:   7.1525573762737434e-07    7.1525573762737434e-07

Number of objective function evaluations              = 14
Number of objective gradient evaluations              = 11
Number of constraint evaluations                      = 14
Number of constraint Jacobian evaluations             = 11
Number of Lagrangian Hessian evaluations              = 10
Number of KKT factorizations                          = 22
Number of KKT backsolves                              = 20

Total wall secs in initialization                     = 32.290 s
Total wall secs in linear solver                      =  unavailable
Total wall secs in NLP function evaluations           =  6.447 s
Total wall secs in solver (w/o init./fun./lin. alg.)  =  unavailable
Total wall secs                                       = 56.564 s

[32mEXIT: Optimal Solution Found (tol = 1.0e-06).[0m
#### attempt 2 exit 0 Fri Jun  5 07:36:38 PM EDT 2026 ####
#### ALL DONE ####
