#### exa instance 0 (GPU 0) attempt 1 ####
This is [34mMad[31mN[32mL[35mP[0m version v0.9.2, running with cuDSS v0.7.1

Number of nonzeros in constraint Jacobian............:   188538
Number of nonzeros in Lagrangian Hessian.............:   147615

Total number of variables............................:    16294
                     variables with only lower bounds:        0
                variables with lower and upper bounds:       12
                     variables with only upper bounds:        0
Total number of equality constraints.................:    16282
Total number of inequality constraints...............:        0
        inequality constraints with only lower bounds:        0
   inequality constraints with lower and upper bounds:        0
        inequality constraints with only upper bounds:        0

iter    objective    inf_pr   inf_du inf_compl lg(mu) lg(rg) alpha_pr ir ls
   0  1.9096398e+02 4.74e-04 1.53e-02 1.29e+01  -1.0     -   0.00e+00  0  0 
   1  1.9096398e+02 4.74e-04 1.45e-01 4.18e-05  -1.0   -4.0  1.60e-09  1  1h
   2  1.9096398e+02 3.58e-05 2.62e-02 1.99e-05  -2.5   -4.5  1.00e+00  1  1h
   3  1.9096398e+02 6.71e-07 1.92e-04 1.55e-06  -3.8   -5.0  1.00e+00  1  1h
   4  1.9096398e+02 5.17e-07 6.69e-06 1.13e-06  -5.7   -5.4  1.00e+00  1  1h
   5  1.9096397e+02 3.78e-06 2.58e-03 5.95e-07  -7.0   -5.9  1.00e+00  2  1h
   6  1.9096394e+02 4.51e-06 4.78e-07 1.55e-07  -7.0   -6.4  1.00e+00  2  1h
   7  1.9096392e+02 1.04e-05 3.12e-07 1.03e-07  -7.0   -6.9  1.00e+00  3  1h
   8  1.9096392e+02 2.68e-06 1.66e-07 9.12e-08  -7.0   -7.3  1.00e+00  4  1h
   9  1.9096392e+02 1.84e-05 1.52e-07 9.09e-08  -7.0   -7.8  1.00e+00  4  1h
iter    objective    inf_pr   inf_du inf_compl lg(mu) lg(rg) alpha_pr ir ls
  10  1.9096392e+02 1.25e-07 8.57e-08 9.09e-08  -7.0   -8.3  1.00e+00  5  1h

Number of Iterations....: 10

                                   (scaled)                 (unscaled)
Objective...............:   1.9096392394418791e+02    1.9096392394418791e+02
Dual infeasibility......:   8.5669750335408575e-08    8.5669750335408575e-08
Constraint violation....:   1.2497694826804423e-07    1.2497694826804423e-07
Complementarity.........:   9.0909090909090928e-08    9.0909090909090928e-08
Overall NLP error.......:   1.2497694826804423e-07    1.2497694826804423e-07

Number of objective function evaluations              = 11
Number of objective gradient evaluations              = 11
Number of constraint evaluations                      = 11
Number of constraint Jacobian evaluations             = 11
Number of Lagrangian Hessian evaluations              = 10
Number of KKT factorizations                          = 20
Number of KKT backsolves                              = 24

Total wall secs in initialization                     = 58.600 s
Total wall secs in linear solver                      =  unavailable
Total wall secs in NLP function evaluations           =  8.910 s
Total wall secs in solver (w/o init./fun./lin. alg.)  =  unavailable
Total wall secs                                       = 163.995 s

[32mEXIT: Optimal Solution Found (tol = 1.0e-06).[0m

============================================================
[0][1/10] Armistead_CellDeathDis2024
============================================================
This is [34mMad[31mN[32mL[35mP[0m version v0.9.2, running with cuDSS v0.7.1

Number of nonzeros in constraint Jacobian............:    42340
Number of nonzeros in Lagrangian Hessian.............:    36600

Total number of variables............................:     3332
                     variables with only lower bounds:        0
                variables with lower and upper bounds:       14
                     variables with only upper bounds:        0
Total number of equality constraints.................:     3318
Total number of inequality constraints...............:        0
        inequality constraints with only lower bounds:        0
   inequality constraints with lower and upper bounds:        0
        inequality constraints with only upper bounds:        0

iter    objective    inf_pr   inf_du inf_compl lg(mu) lg(rg) alpha_pr ir ls
   0 -3.0191618e+02 5.19e-01 1.00e+02 5.97e+00  -1.0     -   0.00e+00  0  0 
   1 -3.0191628e+02 5.19e-01 1.00e+02 5.97e+00  -1.0    6.0  5.50e-07  1  1h
   2 -3.0191733e+02 5.19e-01 2.73e+02 5.97e+00  -1.0    5.5  7.54e-06  1  1h
   3 -3.0191984e+02 5.19e-01 3.06e+02 5.97e+00  -1.0    5.0  1.73e-05  1  1h
   4 -3.0192256e+02 5.19e-01 4.01e+02 5.97e+00  -1.0    4.6  3.02e-05  1  1h
   5 -3.0191034e+02 5.19e-01 4.07e+00 9.32e-04  -1.0     -   5.69e-04  1  1h
   6 -3.0040121e+02 5.00e-01 1.88e+02 8.60e-04  -1.0    4.1  3.62e-02  1  1h
   7 -2.6447968e+02 3.61e-01 6.01e+02 3.35e-04  -1.0    3.6  2.80e-01  1  1h
   8 -1.6197234e+02 1.01e-02 3.08e+00 3.37e-04  -1.0    3.1  1.00e+00  1  1h
   9 -1.0002983e+02 5.60e-04 1.92e+00 2.15e-04  -1.0    2.7  1.00e+00  1  1h
iter    objective    inf_pr   inf_du inf_compl lg(mu) lg(rg) alpha_pr ir ls
  10 -9.1863972e+01 3.56e-05 1.21e-01 2.45e-04  -1.0    2.2  1.00e+00  1  1h
  11 -9.7561717e+01 3.57e-06 6.65e-01 4.54e-04  -2.5    1.7  1.00e+00  1  1h
  12 -1.1825380e+02 3.87e-05 2.68e-01 2.27e-04  -2.5    1.2  1.00e+00  1  1h
  13 -1.5721240e+02 2.09e-04 2.31e+00 2.01e-04  -2.5    0.8  1.00e+00  1  1h
  14 -2.0024044e+02 5.76e-04 5.59e+00 2.01e-04  -2.5    0.3  1.00e+00  1  1h
  15 -2.3048265e+02 8.78e-04 4.94e+00 2.01e-04  -2.5   -0.2  1.00e+00  1  1h
  16 -2.4570507e+02 1.16e-03 3.14e+00 2.01e-04  -2.5   -0.7  1.00e+00  1  1h
  17 -2.5615063e+02 2.56e-03 1.63e+00 2.01e-04  -2.5   -1.2  1.00e+00  2  1h
  18 -2.6266318e+02 3.58e-03 6.02e-01 2.01e-04  -2.5   -1.6  1.00e+00  2  1h
  19 -2.6844814e+02 3.78e-03 4.95e-01 2.01e-04  -2.5   -2.1  1.00e+00  2  1h
iter    objective    inf_pr   inf_du inf_compl lg(mu) lg(rg) alpha_pr ir ls
  20 -2.7142460e+02 5.71e-04 2.10e-01 2.03e-04  -2.5   -1.7  1.00e+00  2  1h
  21 -2.8077647e+02 1.46e-03 7.24e+00 2.50e-04  -2.5   -2.2  6.96e-02  2  3h
  22 -2.8432197e+02 1.38e-03 5.54e+01 3.53e-04  -2.5     -   6.25e-02  2  5h
  23 -2.7870831e+02 7.72e-03 2.60e+01 2.63e-04  -2.5   -2.6  1.00e+00  1  1h
  24 -2.7822773e+02 8.62e-03 1.04e+01 3.21e-04  -2.5   -3.1  3.90e-01  1  2h
  25 -2.8000927e+02 6.43e-02 1.97e+00 2.05e-04  -2.5     -   1.00e+00  4  1h
  26 -2.7994823e+02 5.38e-02 5.42e-01 2.47e-04  -2.5   -2.7  1.00e+00  2  1h
  27 -2.8118911e+02 1.05e-02 2.54e+00 2.02e-04  -2.5   -3.2  1.00e+00  2  1h
  28 -2.8133729e+02 1.04e-02 1.34e+00 2.24e-04  -2.5     -   5.00e-01  5  2h
  29 -2.8132480e+02 6.87e-03 1.09e+00 2.16e-04  -2.5     -   2.50e-01  7  3h
iter    objective    inf_pr   inf_du inf_compl lg(mu) lg(rg) alpha_pr ir ls
  30 -2.8137349e+02 6.35e-03 4.94e+00 2.56e-04  -2.5     -   2.50e-01 10  3h
  31 -2.8139281e+02 4.41e-03 4.99e-01 2.19e-04  -2.5     -   5.00e-01  5  2h
  32 -2.8140236e+02 2.96e-03 7.61e-01 2.22e-04  -2.5     -   2.50e-01  8  3h
  33 -2.8140352e+02 3.74e-03 8.16e-01 2.31e-04  -2.5     -   2.50e-01  4  3h
  34 -2.8140004e+02 3.70e-03 8.99e-01 2.36e-04  -2.5     -   1.25e-01  3  4h
  35 -2.8139470e+02 3.57e-03 8.46e-01 2.33e-04  -2.5     -   1.25e-01  4  4h
  36 -2.8137998e+02 3.81e-03 6.74e-01 2.25e-04  -2.5     -   2.50e-01  4  3h
  37 -2.8136137e+02 3.44e-03 5.75e-01 2.19e-04  -2.5     -   2.50e-01  4  3h
  38 -2.8127814e+02 4.11e-03 1.16e-01 2.04e-04  -2.5     -   1.00e+00 10  1H
  39 -2.8121131e+02 4.95e-04 9.62e-03 2.01e-04  -2.5     -   1.00e+00  4  1h
iter    objective    inf_pr   inf_du inf_compl lg(mu) lg(rg) alpha_pr ir ls
  40 -2.8159384e+02 5.87e-03 1.10e+01 4.08e-04  -3.8     -   5.00e-01  2  2h
  41 -2.8228030e+02 6.30e-03 9.69e+00 2.87e-04  -3.8     -   1.00e+00  2  1h
  42 -2.8264938e+02 1.74e-04 1.91e+00 1.58e-04  -3.8   -2.7  1.00e+00  2  1h
  43 -2.8332769e+02 3.70e-03 8.33e+00 1.50e-04  -3.8   -3.2  1.00e+00  2  1h
  44 -2.8370396e+02 3.41e-03 7.48e+00 2.00e-04  -3.8   -3.7  1.53e-01  2  2h
  45 -2.8415312e+02 5.13e-03 1.24e-01 1.51e-04  -3.8   -4.2  1.00e+00  2  1h
  46 -2.8439381e+02 5.46e-02 2.95e+00 1.50e-04  -3.8   -4.7  1.00e+00  3  1h
  47 -2.8448641e+02 2.15e-02 6.01e-01 1.52e-04  -3.8     -   1.00e+00  2  1h
  48 -2.8453714e+02 1.16e-02 2.26e+00 1.96e-04  -3.8     -   2.50e-01  4  3h
  49 -2.8457432e+02 1.20e-02 1.16e-01 1.52e-04  -3.8     -   1.00e+00  4  1h
iter    objective    inf_pr   inf_du inf_compl lg(mu) lg(rg) alpha_pr ir ls
  50 -2.8456567e+02 7.84e-04 1.69e-02 1.50e-04  -3.8     -   1.00e+00  4  1h
  51 -2.8456611e+02 3.93e-05 6.04e-04 1.50e-04  -3.8     -   1.00e+00  4  1h
  52 -2.8545471e+02 1.97e-02 1.73e+00 4.60e-05  -5.7     -   1.00e+00  2  1h
  53 -2.8677593e+02 8.80e-02 2.33e+00 1.63e-05  -5.7   -5.1  9.53e-01  2  1h
  54 -2.8747934e+02 8.04e-02 1.49e+01 5.48e-05  -5.7   -5.6  5.43e-01  2  1H
  55 -2.8741813e+02 7.03e-02 1.46e+01 1.12e-03  -5.7   -3.4  7.22e-03  2  2h
  56 -2.8776629e+02 6.63e-03 1.17e+00 2.81e-04  -5.7   -2.9  1.00e+00  1  1h
  57 -2.8782984e+02 4.54e-04 1.14e-01 2.57e-06  -5.7   -3.4  1.00e+00  1  1h
  58 -2.8785672e+02 1.55e-03 1.19e-01 1.92e-06  -5.7   -3.9  1.00e+00  1  1h
  59 -2.8787667e+02 9.46e-03 3.95e-01 1.84e-06  -5.7   -4.4  1.00e+00  1  1h
iter    objective    inf_pr   inf_du inf_compl lg(mu) lg(rg) alpha_pr ir ls
  60 -2.8787848e+02 9.43e-03 3.91e+00 5.38e-06  -5.7   -4.9  2.89e-02  2  5h
  61 -2.8788606e+02 7.25e-03 4.50e-01 2.74e-06  -5.7   -4.4  5.00e-01  1  2h
  62 -2.8788655e+02 7.25e-03 5.65e+00 7.54e-06  -5.7   -4.9  2.98e-03  1  7h
  63 -2.8789130e+02 6.31e-03 9.79e-01 4.48e-06  -5.7   -4.5  2.50e-01  1  3h
  64 -2.8789180e+02 6.31e-03 7.90e+00 1.46e-05  -5.7   -5.0  2.88e-03  1  7h
  65r-2.8792594e+02 4.34e-19 9.99e+02 6.31e-03  -2.2     -   1.60e-02  2 16R
  66 -2.8670791e+02 1.64e-03 2.18e+00 4.38e-04  -5.7     -   9.79e-04  1  1f
  67 -2.6318087e+02 2.93e-04 3.62e+01 4.38e-04  -5.7    0.4  1.00e+00  1  1h
  68 -2.8328248e+02 1.05e-04 2.12e+02 4.37e-04  -5.7   -0.1  1.00e+00  1  1h
  69 -2.8646670e+02 2.15e-04 7.63e+01 1.06e-04  -5.7     -   1.00e+00  1  1h
iter    objective    inf_pr   inf_du inf_compl lg(mu) lg(rg) alpha_pr ir ls
  70 -2.8696775e+02 6.92e-05 2.45e+01 3.51e-05  -5.7   -0.5  6.79e-01  1  1h
  71 -2.8720888e+02 4.18e-05 1.83e+01 7.15e-06  -5.7   -1.0  3.97e-01  1  1h
  72 -2.8775058e+02 6.55e-06 1.45e+00 5.12e-06  -5.7   -1.5  1.00e+00  1  1h
  73 -2.8785304e+02 4.15e-05 2.72e-01 2.31e-06  -5.7   -2.0  1.00e+00  1  1h
  74 -2.8788685e+02 3.68e-05 1.96e+00 2.15e-06  -5.7   -2.5  2.29e-01  1  1h
  75 -2.8788942e+02 1.52e-05 3.56e-02 4.97e-06  -5.7   -2.9  1.00e+00  1  1h
  76 -2.8789889e+02 1.47e-04 9.92e-03 1.85e-06  -5.7   -3.4  1.00e+00  1  1h
  77 -2.8790602e+02 1.44e-03 1.04e-01 1.85e-06  -5.7   -3.9  1.00e+00  1  1h
  78 -2.8790791e+02 1.42e-03 2.00e+00 3.26e-06  -5.7   -4.4  6.25e-02  1  5h
  79 -2.8790815e+02 1.42e-03 1.06e+01 1.66e-05  -5.7   -4.8  1.71e-03  1  8h
iter    objective    inf_pr   inf_du inf_compl lg(mu) lg(rg) alpha_pr ir ls
  80 -2.8792919e+02 8.13e-02 1.49e+00 9.14e-06  -5.7   -5.3  5.00e-01  2  2h
  81 -2.8795236e+02 1.23e-02 8.10e-01 1.95e-06  -5.7   -4.9  1.00e+00  1  1h
  82 -2.8796270e+02 4.06e-03 1.64e+00 3.77e-06  -5.7   -5.4  1.41e-01  2  3h
  83 -2.8796830e+02 2.97e-03 9.60e+00 1.65e-05  -5.7     -   9.57e-03  2  4h
  84 -2.8798048e+02 3.25e-03 3.96e-01 5.84e-06  -5.7     -   5.00e-01  1  2h
  85 -2.8798314e+02 3.27e-03 1.91e+00 7.67e-06  -5.7     -   5.76e-02  2  5h
  86 -2.8798657e+02 3.17e-03 1.06e+00 6.30e-06  -5.7     -   1.25e-01  1  4h
  87 -2.8799016e+02 3.11e-03 1.13e+00 5.95e-06  -5.7     -   1.25e-01  2  4h
  88 -2.8799314e+02 2.95e-03 9.57e-01 5.37e-06  -5.7     -   1.25e-01  1  4h
  89 -2.8799582e+02 2.76e-03 8.76e-01 4.94e-06  -5.7     -   1.25e-01  1  4h
iter    objective    inf_pr   inf_du inf_compl lg(mu) lg(rg) alpha_pr ir ls
  90 -2.8800047e+02 2.61e-03 6.62e-01 4.15e-06  -5.7     -   2.50e-01  1  3h
  91 -2.8800755e+02 2.52e-03 3.40e-01 3.00e-06  -5.7     -   5.00e-01  1  2h
  92 -2.8801467e+02 1.07e-03 2.62e-02 1.85e-06  -5.7     -   1.00e+00  1  1h
  93 -2.8801434e+02 2.78e-07 6.70e-06 1.84e-06  -5.7     -   1.00e+00  1  1h
  94 -2.8819025e+02 3.52e-03 2.59e-01 8.27e-07  -7.0     -   6.29e-01  1  1h
  95 -2.8832017e+02 8.39e-05 1.81e-02 2.56e-07  -7.0     -   1.00e+00  1  1h
  96 -2.8833051e+02 2.05e-06 8.22e-04 1.09e-07  -7.0     -   1.00e+00  1  1h
  97 -2.8833008e+02 4.10e-08 2.04e-05 9.15e-08  -7.0     -   1.00e+00  1  1h
  98 -2.8833006e+02 1.92e-12 1.42e-08 9.09e-08  -7.0     -   1.00e+00  1  1h

Number of Iterations....: 98

                                   (scaled)                 (unscaled)
Objective...............:  -1.2640901578279870e-01   -2.8833006467046539e+02
Dual infeasibility......:   1.4208322796083195e-08    3.2408183904323843e-05
Constraint violation....:   1.9154586126485096e-12    1.9154586126485096e-12
Complementarity.........:   3.9856506743083374e-11    9.0909885624913133e-08
Overall NLP error.......:   9.0909885624913133e-08    9.0909885624913133e-08

Number of objective function evaluations              = 240
Number of objective gradient evaluations              = 99
Number of constraint evaluations                      = 240
Number of constraint Jacobian evaluations             = 100
Number of Lagrangian Hessian evaluations              = 98
Number of KKT factorizations                          = 178
Number of KKT backsolves                              = 307

Total wall secs in initialization                     = 10.565 s
Total wall secs in linear solver                      =  unavailable
Total wall secs in NLP function evaluations           =  5.707 s
Total wall secs in solver (w/o init./fun./lin. alg.)  =  unavailable
Total wall secs                                       = 72.926 s

[32mEXIT: Optimal Solution Found (tol = 1.0e-06).[0m
This is [34mMad[31mN[32mL[35mP[0m version v0.9.2, running with cuDSS v0.7.1

Number of nonzeros in constraint Jacobian............:    42340
Number of nonzeros in Lagrangian Hessian.............:    36600

Total number of variables............................:     3332
                     variables with only lower bounds:        0
                variables with lower and upper bounds:       14
                     variables with only upper bounds:        0
Total number of equality constraints.................:     3318
Total number of inequality constraints...............:        0
        inequality constraints with only lower bounds:        0
   inequality constraints with lower and upper bounds:        0
        inequality constraints with only upper bounds:        0

iter    objective    inf_pr   inf_du inf_compl lg(mu) lg(rg) alpha_pr ir ls
   0 -3.0191618e+02 5.19e-01 1.00e+02 5.97e+00  -1.0     -   0.00e+00  0  0 
   1 -3.0191628e+02 5.19e-01 1.00e+02 5.97e+00  -1.0    6.0  5.50e-07  1  1h
   2 -3.0191733e+02 5.19e-01 2.73e+02 5.97e+00  -1.0    5.5  7.54e-06  1  1h
   3 -3.0191984e+02 5.19e-01 3.06e+02 5.97e+00  -1.0    5.0  1.73e-05  1  1h
   4 -3.0192256e+02 5.19e-01 4.01e+02 5.97e+00  -1.0    4.6  3.02e-05  1  1h
   5 -3.0191034e+02 5.19e-01 4.07e+00 9.32e-04  -1.0     -   5.69e-04  1  1h
   6 -3.0040121e+02 5.00e-01 1.88e+02 8.60e-04  -1.0    4.1  3.62e-02  1  1h
   7 -2.6447968e+02 3.61e-01 6.01e+02 3.35e-04  -1.0    3.6  2.80e-01  1  1h
   8 -1.6197234e+02 1.01e-02 3.08e+00 3.37e-04  -1.0    3.1  1.00e+00  1  1h
   9 -1.0002984e+02 5.60e-04 1.92e+00 2.15e-04  -1.0    2.7  1.00e+00  1  1h
iter    objective    inf_pr   inf_du inf_compl lg(mu) lg(rg) alpha_pr ir ls
  10 -9.1863981e+01 3.56e-05 1.21e-01 2.45e-04  -1.0    2.2  1.00e+00  1  1h
  11 -9.7561725e+01 3.57e-06 6.65e-01 4.54e-04  -2.5    1.7  1.00e+00  1  1h
  12 -1.1825381e+02 3.87e-05 2.68e-01 2.27e-04  -2.5    1.2  1.00e+00  1  1h
  13 -1.5721240e+02 2.09e-04 2.31e+00 2.01e-04  -2.5    0.8  1.00e+00  1  1h
  14 -2.0024039e+02 5.76e-04 5.59e+00 2.01e-04  -2.5    0.3  1.00e+00  1  1h
  15 -2.3048266e+02 8.78e-04 4.94e+00 2.01e-04  -2.5   -0.2  1.00e+00  1  1h
  16 -2.4570507e+02 1.16e-03 3.14e+00 2.01e-04  -2.5   -0.7  1.00e+00  1  1h
  17 -2.5615064e+02 2.56e-03 1.63e+00 2.01e-04  -2.5   -1.2  1.00e+00  2  1h
  18 -2.6266319e+02 3.58e-03 6.02e-01 2.01e-04  -2.5   -1.6  1.00e+00  2  1h
  19 -2.6844814e+02 3.78e-03 4.95e-01 2.01e-04  -2.5   -2.1  1.00e+00  2  1h
iter    objective    inf_pr   inf_du inf_compl lg(mu) lg(rg) alpha_pr ir ls
  20 -2.7142459e+02 5.71e-04 2.10e-01 2.03e-04  -2.5   -1.7  1.00e+00  2  1h
  21 -2.8077643e+02 1.46e-03 7.24e+00 2.50e-04  -2.5   -2.2  6.96e-02  2  3h
  22 -2.8432190e+02 1.38e-03 5.57e+01 3.54e-04  -2.5     -   6.25e-02  2  5h
  23 -2.7865373e+02 7.91e-03 2.66e+01 2.65e-04  -2.5   -2.6  1.00e+00  1  1h
  24 -2.7831784e+02 8.38e-03 9.82e+00 3.43e-04  -2.5   -3.1  4.22e-01  1  2h
  25 -2.8004753e+02 5.97e-02 1.83e+00 2.05e-04  -2.5     -   1.00e+00 10  1h
  26 -2.7989746e+02 6.01e-02 6.71e-01 2.51e-04  -2.5   -2.7  1.00e+00  2  1h
  27 -2.8095092e+02 1.90e-02 5.79e+00 2.03e-04  -2.5   -3.2  1.00e+00  2  1h
  28 -2.8113894e+02 1.84e-02 3.98e+00 2.25e-04  -2.5   -3.6  5.00e-01  2  2h
  29 -2.8123978e+02 1.47e-02 3.83e+00 2.33e-04  -2.5   -3.2  5.00e-01  2  2h
iter    objective    inf_pr   inf_du inf_compl lg(mu) lg(rg) alpha_pr ir ls
  30 -2.8135059e+02 1.01e-02 1.63e+00 2.32e-04  -2.5     -   2.50e-01  8  3h
  31 -2.8140570e+02 3.00e-03 3.70e-01 2.01e-04  -2.5   -3.7  1.00e+00  3  1h
  32 -2.8139620e+02 7.75e-03 1.42e+00 2.83e-04  -2.5     -   1.25e-01 10  4h
  33 -2.8138168e+02 8.78e-03 1.62e+00 2.90e-04  -2.5     -   1.25e-01  4  4h
  34 -2.8133123e+02 8.05e-03 4.95e-01 2.25e-04  -2.5     -   5.00e-01  5  2h
  35 -2.8123979e+02 1.27e-03 4.26e-02 2.01e-04  -2.5     -   1.00e+00  4  1h
  36 -2.8120431e+02 1.95e-05 3.18e-03 2.01e-04  -2.5     -   1.00e+00 10  1h
  37 -2.8157581e+02 6.94e-03 1.05e+01 4.01e-04  -3.8     -   5.00e-01  2  2h
  38 -2.8205617e+02 5.79e-03 5.19e+00 2.37e-04  -3.8   -4.2  1.00e+00  1  1h
  39 -2.8254960e+02 1.78e-04 1.63e+00 1.60e-04  -3.8   -2.8  1.00e+00  1  1h
iter    objective    inf_pr   inf_du inf_compl lg(mu) lg(rg) alpha_pr ir ls
  40 -2.8444349e+02 3.69e-03 2.64e+01 1.60e-04  -3.8   -3.3  1.00e+00  2  1H
  41 -2.8402691e+02 6.10e-04 5.78e-01 1.66e-04  -3.8   -3.8  1.00e+00  1  1h
  42 -2.8408188e+02 4.54e-04 2.12e-02 1.50e-04  -3.8   -4.3  1.00e+00  2  1h
  43 -2.8424606e+02 2.58e-02 2.11e+00 1.50e-04  -3.8   -4.8  1.00e+00  3  1h
  44 -2.8500994e+02 1.35e-01 4.19e+00 1.50e-04  -3.8   -5.2  1.00e+00  3  1h
  45 -2.8486936e+02 4.86e-02 1.84e+00 1.51e-04  -3.8   -3.0  1.00e+00  2  1h
  46 -2.8479027e+02 4.35e-02 1.67e+00 1.78e-04  -3.8     -   2.50e-01  3  3h
  47 -2.8454846e+02 6.84e-03 1.46e-01 2.61e-04  -3.8   -3.5  1.00e+00  2  1h
  48 -2.8457607e+02 1.90e-02 1.08e+00 1.50e-04  -3.8     -   1.00e+00  3  1h
  49 -2.8457557e+02 4.69e-03 1.29e-01 1.52e-04  -3.8     -   1.00e+00  4  1h
iter    objective    inf_pr   inf_du inf_compl lg(mu) lg(rg) alpha_pr ir ls
  50 -2.8456686e+02 1.33e-03 1.01e-02 1.50e-04  -3.8     -   1.00e+00  3  1h
  51 -2.8456604e+02 1.06e-05 1.36e-04 1.50e-04  -3.8     -   1.00e+00 10  1h
  52 -2.8545518e+02 1.99e-02 1.72e+00 4.60e-05  -5.7     -   1.00e+00  2  1h
  53 -2.8678267e+02 2.57e-03 1.57e+00 1.37e-05  -5.7   -4.0  9.75e-01  1  1h
  54 -2.8773984e+02 1.77e-03 6.08e-01 4.68e-06  -5.7   -4.4  9.38e-01  1  1h
  55 -2.8791886e+02 1.25e-02 4.70e-01 2.24e-06  -5.7   -4.9  1.00e+00  1  1h
  56 -2.8791123e+02 7.41e-04 5.29e-02 1.86e-06  -5.7   -4.5  1.00e+00  1  1h
  57 -2.8791990e+02 7.15e-03 4.52e-01 2.06e-06  -5.7   -5.0  5.00e-01  2  2h
  58 -2.8792758e+02 2.72e-03 1.30e-01 1.85e-06  -5.7   -4.5  1.00e+00  2  1h
  59 -2.8792833e+02 2.71e-03 3.40e+00 4.32e-06  -5.7   -5.0  2.15e-02  1  6h
iter    objective    inf_pr   inf_du inf_compl lg(mu) lg(rg) alpha_pr ir ls
  60 -2.8792848e+02 2.71e-03 1.21e+01 2.37e-05  -5.7   -5.5  1.53e-03  1  8h
  61 -2.8793152e+02 2.74e-03 8.59e-01 7.71e-06  -5.7   -6.0  8.49e-02  1  4h
  62 -2.8793198e+02 2.73e-03 3.13e+00 1.19e-05  -5.7   -5.5  1.17e-02  2  7h
  63 -2.8796717e+02 1.26e-01 1.59e+00 2.24e-06  -5.7   -6.0  1.00e+00  1  1h
  64 -2.8798158e+02 2.75e-03 3.75e-02 1.85e-06  -5.7   -5.6  1.00e+00  1  1h
  65 -2.8798256e+02 1.69e-03 1.06e+00 2.60e-06  -5.7     -   6.25e-02  2  5h
  66 -2.8798329e+02 1.65e-03 9.17e-01 2.54e-06  -5.7     -   6.25e-02  2  5h
  67 -2.8798386e+02 1.86e-03 7.87e-01 2.48e-06  -5.7     -   6.25e-02  2  5h
  68 -2.8798408e+02 1.87e-03 7.21e-01 2.45e-06  -5.7     -   3.12e-02  2  6h
  69 -2.8798419e+02 1.86e-03 6.86e-01 2.44e-06  -5.7     -   1.56e-02  2  7h
iter    objective    inf_pr   inf_du inf_compl lg(mu) lg(rg) alpha_pr ir ls
  70 -2.8798428e+02 1.84e-03 6.66e-01 2.43e-06  -5.7     -   1.56e-02  2  7h
  71 -2.8798438e+02 1.83e-03 6.46e-01 2.42e-06  -5.7     -   1.56e-02  2  7h
  72 -2.8798447e+02 1.81e-03 6.27e-01 2.41e-06  -5.7     -   1.56e-02  2  7h
  73 -2.8798455e+02 1.80e-03 6.09e-01 2.40e-06  -5.7     -   1.56e-02  2  7h
  74 -2.8798463e+02 1.78e-03 5.90e-01 2.39e-06  -5.7     -   1.56e-02  2  7h
  75 -2.8798471e+02 1.76e-03 5.74e-01 2.38e-06  -5.7     -   1.56e-02  2  7h
  76 -2.8798478e+02 1.75e-03 5.57e-01 2.37e-06  -5.7     -   1.56e-02  2  7h
  77 -2.8798485e+02 1.73e-03 5.41e-01 2.36e-06  -5.7     -   1.56e-02  2  7h
  78 -2.8798492e+02 1.71e-03 5.27e-01 2.35e-06  -5.7     -   1.56e-02  2  7h
  79 -2.8798499e+02 1.70e-03 5.12e-01 2.34e-06  -5.7     -   1.56e-02  2  7h
iter    objective    inf_pr   inf_du inf_compl lg(mu) lg(rg) alpha_pr ir ls
  80 -2.8798505e+02 1.68e-03 4.97e-01 2.33e-06  -5.7     -   1.56e-02  2  7h
  81 -2.8798511e+02 1.66e-03 4.84e-01 2.33e-06  -5.7     -   1.56e-02  2  7h
  82 -2.8798516e+02 1.64e-03 4.71e-01 2.32e-06  -5.7     -   1.56e-02  2  7h
  83 -2.8798521e+02 1.63e-03 4.58e-01 2.31e-06  -5.7     -   1.56e-02  2  7h
  84 -2.8798526e+02 1.61e-03 4.46e-01 2.30e-06  -5.7     -   1.56e-02  2  7h
  85 -2.8798531e+02 1.59e-03 4.35e-01 2.30e-06  -5.7     -   1.56e-02  2  7h
  86 -2.8798536e+02 1.57e-03 4.22e-01 2.29e-06  -5.7     -   1.56e-02  2  7h
  87 -2.8798540e+02 1.55e-03 4.12e-01 2.28e-06  -5.7     -   1.56e-02  2  7h
  88 -2.8798544e+02 1.54e-03 4.02e-01 2.27e-06  -5.7     -   1.56e-02  2  7h
  89 -2.8798548e+02 1.52e-03 3.91e-01 2.27e-06  -5.7     -   1.56e-02  2  7h
iter    objective    inf_pr   inf_du inf_compl lg(mu) lg(rg) alpha_pr ir ls
  90 -2.8798552e+02 1.50e-03 3.82e-01 2.26e-06  -5.7     -   1.56e-02  2  7h
  91 -2.8798556e+02 1.48e-03 3.72e-01 2.25e-06  -5.7     -   1.56e-02  2  7h
  92 -2.8798562e+02 1.46e-03 3.56e-01 2.24e-06  -5.7     -   3.12e-02  2  6h
  93 -2.8798568e+02 1.43e-03 3.39e-01 2.23e-06  -5.7     -   3.12e-02  2  6h
  94 -2.8798574e+02 1.41e-03 3.23e-01 2.22e-06  -5.7     -   3.12e-02  2  6h
  95 -2.8798579e+02 1.38e-03 3.07e-01 2.21e-06  -5.7     -   3.12e-02  2  6h
  96 -2.8798583e+02 1.35e-03 2.92e-01 2.20e-06  -5.7     -   3.12e-02  2  6h
  97 -2.8798587e+02 1.32e-03 2.78e-01 2.18e-06  -5.7     -   3.12e-02  2  6h
  98 -2.8798590e+02 1.30e-03 2.65e-01 2.17e-06  -5.7     -   3.12e-02  2  6h
  99 -2.8798593e+02 1.27e-03 2.53e-01 2.16e-06  -5.7     -   3.12e-02  2  6h
iter    objective    inf_pr   inf_du inf_compl lg(mu) lg(rg) alpha_pr ir ls
 100 -2.8798595e+02 1.25e-03 2.41e-01 2.15e-06  -5.7     -   3.12e-02  2  6h
 101 -2.8798597e+02 1.23e-03 2.30e-01 2.14e-06  -5.7     -   3.12e-02  2  6h
 102 -2.8798599e+02 1.20e-03 2.19e-01 2.13e-06  -5.7     -   3.12e-02  2  6h
 103 -2.8798601e+02 1.18e-03 2.09e-01 2.13e-06  -5.7     -   3.12e-02  2  6h
 104 -2.8798602e+02 1.16e-03 1.99e-01 2.12e-06  -5.7     -   3.12e-02  2  6h
 105 -2.8798603e+02 1.13e-03 1.90e-01 2.11e-06  -5.7     -   3.12e-02  2  6h
 106 -2.8798604e+02 1.11e-03 1.81e-01 2.10e-06  -5.7     -   3.12e-02  2  6h
 107 -2.8798604e+02 1.08e-03 1.73e-01 2.09e-06  -5.7     -   3.12e-02  2  6h
 108 -2.8798605e+02 1.06e-03 1.65e-01 2.08e-06  -5.7     -   3.12e-02  2  6h
 109 -2.8798605e+02 1.03e-03 1.53e-01 2.07e-06  -5.7     -   6.25e-02  2  5h
iter    objective    inf_pr   inf_du inf_compl lg(mu) lg(rg) alpha_pr ir ls
 110 -2.8798605e+02 9.94e-04 1.40e-01 2.06e-06  -5.7     -   6.25e-02  2  5h
 111 -2.8798604e+02 9.95e-04 1.27e-01 2.04e-06  -5.7     -   6.25e-02  2  5h
 112 -2.8798603e+02 1.00e-03 1.16e-01 2.03e-06  -5.7     -   6.25e-02  2  5h
 113 -2.8798602e+02 1.00e-03 1.08e-01 2.02e-06  -5.7     -   6.25e-02  2  5h
 114 -2.8798600e+02 9.92e-04 1.01e-01 2.01e-06  -5.7     -   6.25e-02  2  5h
 115 -2.8798599e+02 9.78e-04 9.52e-02 2.00e-06  -5.7     -   6.25e-02  2  5h
 116 -2.8798595e+02 1.02e-03 8.34e-02 1.98e-06  -5.7     -   1.25e-01  2  4h
 117 -2.8798591e+02 1.03e-03 7.32e-02 1.96e-06  -5.7     -   1.25e-01  2  4h
 118 -2.8798587e+02 9.97e-04 6.43e-02 1.95e-06  -5.7     -   1.25e-01  2  4h
 119 -2.8798578e+02 1.05e-03 4.82e-02 1.92e-06  -5.7     -   2.50e-01  2  3h
iter    objective    inf_pr   inf_du inf_compl lg(mu) lg(rg) alpha_pr ir ls
 120 -2.8798571e+02 9.65e-04 3.63e-02 1.90e-06  -5.7     -   2.50e-01  2  3h
 121 -2.8798559e+02 8.76e-04 1.82e-02 1.87e-06  -5.7     -   5.00e-01  2  2h
 122 -2.8798545e+02 3.90e-04 2.11e-03 1.84e-06  -5.7     -   1.00e+00  2  1h
 123 -2.8798546e+02 3.35e-08 2.94e-07 1.84e-06  -5.7     -   1.00e+00  2  1h
 124 -2.8809780e+02 4.38e-03 5.80e-01 1.09e-06  -7.0     -   4.32e-01  2  2h
 125 -2.8811502e+02 4.37e-03 8.23e-01 1.08e-06  -7.0     -   9.35e-02  2  4h
 126 -2.8811708e+02 4.33e-03 9.46e-01 1.17e-06  -7.0     -   1.17e-02  2  7h
 127 -2.8811979e+02 4.27e-03 9.20e-01 1.12e-06  -7.0     -   1.56e-02  2  7h
 128 -2.8812246e+02 4.22e-03 9.10e-01 1.11e-06  -7.0     -   1.56e-02  2  7h
 129 -2.8812509e+02 4.16e-03 8.99e-01 1.11e-06  -7.0     -   1.56e-02  2  7h
iter    objective    inf_pr   inf_du inf_compl lg(mu) lg(rg) alpha_pr ir ls
 130 -2.8812768e+02 4.11e-03 8.85e-01 1.09e-06  -7.0     -   1.56e-02  2  7h
 131 -2.8813024e+02 4.05e-03 8.74e-01 1.09e-06  -7.0     -   1.56e-02  2  7h
 132 -2.8813276e+02 4.00e-03 8.60e-01 1.08e-06  -7.0     -   1.56e-02  2  7h
 133 -2.8813524e+02 3.95e-03 8.48e-01 1.07e-06  -7.0     -   1.56e-02  2  7h
 134 -2.8813768e+02 3.90e-03 8.37e-01 1.06e-06  -7.0     -   1.56e-02  2  7h
 135 -2.8814009e+02 3.84e-03 8.25e-01 1.06e-06  -7.0     -   1.56e-02  2  7h
 136 -2.8814246e+02 3.79e-03 8.12e-01 1.04e-06  -7.0     -   1.56e-02  2  7h
 137 -2.8814479e+02 3.74e-03 8.01e-01 1.04e-06  -7.0     -   1.56e-02  2  7h
 138 -2.8814709e+02 3.69e-03 7.89e-01 1.03e-06  -7.0     -   1.56e-02  2  7h
 139 -2.8814936e+02 3.64e-03 7.79e-01 1.02e-06  -7.0     -   1.56e-02  2  7h
iter    objective    inf_pr   inf_du inf_compl lg(mu) lg(rg) alpha_pr ir ls
 140 -2.8815159e+02 3.59e-03 7.67e-01 1.01e-06  -7.0     -   1.56e-02  2  7h
 141 -2.8815269e+02 3.57e-03 7.64e-01 1.02e-06  -7.0     -   7.81e-03  1  8h
 142 -2.8815488e+02 3.52e-03 7.51e-01 1.00e-06  -7.0     -   1.56e-02  2  7h
 143 -2.8815595e+02 3.49e-03 7.49e-01 1.01e-06  -7.0     -   7.81e-03  1  8h
 144 -2.8815702e+02 3.47e-03 7.41e-01 9.98e-07  -7.0     -   7.81e-03  2  8h
 145 -2.8815808e+02 3.44e-03 7.38e-01 1.00e-06  -7.0     -   7.81e-03  2  8h
 146 -2.8815913e+02 3.41e-03 7.32e-01 9.94e-07  -7.0     -   7.81e-03  1  8h
 147 -2.8816018e+02 3.39e-03 7.27e-01 9.92e-07  -7.0     -   7.81e-03  2  8h
 148 -2.8816121e+02 3.36e-03 7.22e-01 9.88e-07  -7.0     -   7.81e-03  1  8h
 149 -2.8816224e+02 3.34e-03 7.16e-01 9.81e-07  -7.0     -   7.81e-03  2  8h
iter    objective    inf_pr   inf_du inf_compl lg(mu) lg(rg) alpha_pr ir ls
 150 -2.8816326e+02 3.31e-03 7.14e-01 9.85e-07  -7.0     -   7.81e-03  2  8h
 151 -2.8816428e+02 3.29e-03 7.08e-01 9.78e-07  -7.0     -   7.81e-03  2  8h
 152 -2.8816529e+02 3.27e-03 7.03e-01 9.77e-07  -7.0     -   7.81e-03  2  8h
 153 -2.8816629e+02 3.24e-03 6.99e-01 9.74e-07  -7.0     -   7.81e-03  2  8h
 154 -2.8816728e+02 3.22e-03 6.94e-01 9.70e-07  -7.0     -   7.81e-03  2  8h
 155 -2.8816826e+02 3.19e-03 6.88e-01 9.63e-07  -7.0     -   7.81e-03  2  8h
 156 -2.8816924e+02 3.17e-03 6.86e-01 9.67e-07  -7.0     -   7.81e-03  1  8h
 157 -2.8817021e+02 3.15e-03 6.80e-01 9.62e-07  -7.0     -   7.81e-03  2  8h
 158 -2.8817118e+02 3.12e-03 6.76e-01 9.60e-07  -7.0     -   7.81e-03  2  8h
 159 -2.8817213e+02 3.10e-03 6.72e-01 9.57e-07  -7.0     -   7.81e-03  2  8h
iter    objective    inf_pr   inf_du inf_compl lg(mu) lg(rg) alpha_pr ir ls
 160 -2.8817309e+02 3.08e-03 6.68e-01 9.55e-07  -7.0     -   7.81e-03  2  8h
 161 -2.8817403e+02 3.05e-03 6.63e-01 9.51e-07  -7.0     -   7.81e-03  2  8h
 162 -2.8817497e+02 3.03e-03 6.60e-01 9.51e-07  -7.0     -   7.81e-03  2  8h
 163 -2.8817590e+02 3.01e-03 6.55e-01 9.47e-07  -7.0     -   7.81e-03  2  8h
 164 -2.8817682e+02 2.98e-03 6.50e-01 9.44e-07  -7.0     -   7.81e-03  2  8h
 165 -2.8817774e+02 2.96e-03 6.47e-01 9.44e-07  -7.0     -   7.81e-03  2  8h
 166 -2.8817865e+02 2.94e-03 6.43e-01 9.41e-07  -7.0     -   7.81e-03  2  8h
 167 -2.8817955e+02 2.92e-03 6.39e-01 9.40e-07  -7.0     -   7.81e-03  2  8h
 168 -2.8818045e+02 2.89e-03 6.34e-01 9.33e-07  -7.0     -   7.81e-03  2  8h
 169 -2.8818134e+02 2.87e-03 6.33e-01 9.38e-07  -7.0     -   7.81e-03  2  8h
iter    objective    inf_pr   inf_du inf_compl lg(mu) lg(rg) alpha_pr ir ls
 170 -2.8818222e+02 2.85e-03 6.27e-01 9.32e-07  -7.0     -   7.81e-03  2  8h
 171 -2.8818310e+02 2.83e-03 6.23e-01 9.30e-07  -7.0     -   7.81e-03  1  8h
 172 -2.8818397e+02 2.81e-03 6.21e-01 9.32e-07  -7.0     -   7.81e-03  2  8h
 173 -2.8818484e+02 2.78e-03 6.17e-01 9.28e-07  -7.0     -   7.81e-03  2  8h
 174 -2.8818570e+02 2.76e-03 6.14e-01 9.28e-07  -7.0     -   7.81e-03  2  8h
 175 -2.8818656e+02 2.74e-03 6.11e-01 9.29e-07  -7.0     -   7.81e-03  2  8h
 176 -2.8818740e+02 2.72e-03 6.06e-01 9.23e-07  -7.0     -   7.81e-03  2  8h
 177 -2.8818825e+02 2.70e-03 6.04e-01 9.25e-07  -7.0     -   7.81e-03  2  8h
 178 -2.8818908e+02 2.68e-03 6.00e-01 9.22e-07  -7.0     -   7.81e-03  2  8h
 179 -2.8818991e+02 2.66e-03 5.97e-01 9.23e-07  -7.0     -   7.81e-03  2  8h
iter    objective    inf_pr   inf_du inf_compl lg(mu) lg(rg) alpha_pr ir ls
 180 -2.8819074e+02 2.63e-03 5.94e-01 9.21e-07  -7.0     -   7.81e-03  2  8h
 181 -2.8819115e+02 2.62e-03 5.93e-01 9.24e-07  -7.0     -   3.91e-03  2  9h
 182 -2.8819196e+02 2.60e-03 5.88e-01 9.17e-07  -7.0     -   7.81e-03  2  8h
 183 -2.8819237e+02 2.59e-03 5.90e-01 9.26e-07  -7.0     -   3.91e-03  2  9h
 184 -2.8819277e+02 2.58e-03 5.85e-01 9.17e-07  -7.0     -   3.91e-03  2  9h
 185 -2.8819318e+02 2.57e-03 5.84e-01 9.18e-07  -7.0     -   3.91e-03  1  9h
 186 -2.8819358e+02 2.56e-03 5.93e-01 9.23e-07  -7.0     -   3.91e-03  2  9h
 187 -2.8819398e+02 2.55e-03 5.88e-01 9.19e-07  -7.0     -   3.91e-03  2  9h
 188 -2.8819438e+02 2.54e-03 6.03e-01 9.25e-07  -7.0     -   3.91e-03  1  9h
 189 -2.8819477e+02 2.53e-03 5.92e-01 9.17e-07  -7.0     -   3.91e-03  2  9h
iter    objective    inf_pr   inf_du inf_compl lg(mu) lg(rg) alpha_pr ir ls
 190 -2.8819517e+02 2.52e-03 6.08e-01 9.24e-07  -7.0     -   3.91e-03  2  9h
 191 -2.8819556e+02 2.51e-03 6.01e-01 9.18e-07  -7.0     -   3.91e-03  2  9h
 192 -2.8819596e+02 2.50e-03 6.13e-01 9.23e-07  -7.0     -   3.91e-03  2  9h
 193 -2.8819635e+02 2.49e-03 6.16e-01 9.22e-07  -7.0     -   3.91e-03  2  9h
 194 -2.8819674e+02 2.48e-03 6.15e-01 9.20e-07  -7.0     -   3.91e-03  2  9h
 195 -2.8819713e+02 2.47e-03 6.24e-01 9.22e-07  -7.0     -   3.91e-03  2  9h
 196 -2.8819751e+02 2.46e-03 6.30e-01 9.24e-07  -7.0     -   3.91e-03  2  9h
 197 -2.8819790e+02 2.45e-03 6.25e-01 9.19e-07  -7.0     -   3.91e-03  2  9h
 198 -2.8819829e+02 2.44e-03 6.48e-01 9.29e-07  -7.0     -   3.91e-03  2  9h
 199 -2.8819867e+02 2.43e-03 6.28e-01 9.17e-07  -7.0     -   3.91e-03  1  9h
iter    objective    inf_pr   inf_du inf_compl lg(mu) lg(rg) alpha_pr ir ls
 200 -2.8819905e+02 2.42e-03 6.51e-01 9.27e-07  -7.0     -   3.91e-03  2  9h
 201 -2.8819943e+02 2.41e-03 6.39e-01 9.19e-07  -7.0     -   3.91e-03  2  9h
 202 -2.8819982e+02 2.40e-03 6.60e-01 9.28e-07  -7.0     -   3.91e-03  2  9h
 203 -2.8820019e+02 2.39e-03 6.42e-01 9.17e-07  -7.0     -   3.91e-03  2  9h
 204 -2.8820057e+02 2.38e-03 6.75e-01 9.32e-07  -7.0     -   3.91e-03  2  9h
 205 -2.8820095e+02 2.37e-03 6.52e-01 9.18e-07  -7.0     -   3.91e-03  2  9h
 206 -2.8820132e+02 2.36e-03 6.72e-01 9.26e-07  -7.0     -   3.91e-03  2  9h
 207 -2.8820170e+02 2.35e-03 6.76e-01 9.26e-07  -7.0     -   3.91e-03  2  9h
 208 -2.8820207e+02 2.34e-03 6.81e-01 9.27e-07  -7.0     -   3.91e-03  2  9h
 209 -2.8820244e+02 2.33e-03 6.87e-01 9.28e-07  -7.0     -   3.91e-03  2  9h
iter    objective    inf_pr   inf_du inf_compl lg(mu) lg(rg) alpha_pr ir ls
 210 -2.8820281e+02 2.32e-03 6.70e-01 9.18e-07  -7.0     -   3.91e-03  2  9h
 211 -2.8820318e+02 2.31e-03 7.13e-01 9.38e-07  -7.0     -   3.91e-03  2  9h
 212 -2.8820355e+02 2.30e-03 6.87e-01 9.23e-07  -7.0     -   3.91e-03  2  9h
 213 -2.8820392e+02 2.29e-03 7.17e-01 9.36e-07  -7.0     -   3.91e-03  2  9h
 214 -2.8820428e+02 2.28e-03 7.20e-01 9.35e-07  -7.0     -   3.91e-03  2  9h
 215 -2.8820465e+02 2.27e-03 7.37e-01 9.42e-07  -7.0     -   3.91e-03  2  9h
 216 -2.8820501e+02 2.27e-03 7.11e-01 9.27e-07  -7.0     -   3.91e-03  2  9h
 217 -2.8820537e+02 2.26e-03 7.55e-01 9.47e-07  -7.0     -   3.91e-03  2  9h
 218 -2.8820573e+02 2.25e-03 7.17e-01 9.26e-07  -7.0     -   3.91e-03  2  9h
 219 -2.8820591e+02 2.24e-03 7.80e-01 9.64e-07  -7.0     -   1.95e-03  2 10h
iter    objective    inf_pr   inf_du inf_compl lg(mu) lg(rg) alpha_pr ir ls
 220 -2.8820627e+02 2.23e-03 7.08e-01 9.19e-07  -7.0     -   3.91e-03  2  9h
 221 -2.8820645e+02 2.23e-03 8.18e-01 9.93e-07  -7.0     -   1.95e-03  2 10h
 222 -2.8820681e+02 2.22e-03 6.88e-01 9.07e-07  -7.0     -   3.91e-03  2  9h
 223 -2.8820698e+02 2.21e-03 8.79e-01 1.04e-06  -7.0     -   1.82e-03  2 10h
 224 -2.8820732e+02 2.22e-03 6.48e-01 8.85e-07  -7.0     -   3.91e-03  2  9h
 225 -2.8820747e+02 2.22e-03 9.89e-01 1.12e-06  -7.0     -   1.55e-03  2 10h
 226 -2.8820781e+02 2.22e-03 5.74e-01 8.47e-07  -7.0     -   3.87e-03  2  9h
 227 -2.8820792e+02 2.22e-03 1.24e+00 1.31e-06  -7.0     -   1.14e-03  2 10h
 228 -2.8820892e+02 2.23e-03 4.71e-01 7.81e-07  -7.0     -   1.16e-02  2  7h
 229 -2.8820895e+02 2.23e-03 1.56e+00 1.55e-06  -7.0     -   2.48e-04  2 11h
iter    objective    inf_pr   inf_du inf_compl lg(mu) lg(rg) alpha_pr ir ls
 230 -2.8821024e+02 2.23e-03 4.41e-01 7.29e-07  -7.0     -   1.54e-02  2  6h
 231r-2.8821933e+02 2.17e-19 9.99e+02 2.23e-03  -2.7     -   3.43e-02  2 18R
 232 -2.8807045e+02 1.70e-03 6.56e+00 3.79e-04  -7.0     -   2.38e-04  1  1f
 233 -2.8808153e+02 3.45e-06 1.19e+00 5.27e-05  -7.0   -0.6  1.00e+00  1  1h
 234 -2.8816027e+02 2.72e-08 2.16e-01 1.18e-05  -7.0   -1.1  1.00e+00  1  1h
 235 -2.8816904e+02 1.66e-03 2.66e+00 1.20e-05  -7.0     -   8.67e-02  3  2h
 236 -2.8816970e+02 1.66e-03 1.25e+00 4.24e-06  -7.0     -   7.81e-03  3  8h
 237 -2.8818260e+02 2.38e-03 1.63e+00 2.42e-06  -7.0     -   1.25e-01  2  4h
 238 -2.8818261e+02 2.38e-03 1.62e+00 2.32e-06  -7.0     -   7.31e-05  3 11h
 239 -2.8818312e+02 2.37e-03 1.64e+00 1.79e-06  -7.0     -   4.53e-03  2  8h
iter    objective    inf_pr   inf_du inf_compl lg(mu) lg(rg) alpha_pr ir ls
 240 -2.8818400e+02 2.37e-03 1.98e+00 1.07e-06  -7.0     -   7.81e-03  2  8h
 241 -2.8818489e+02 2.37e-03 1.89e+00 8.78e-07  -7.0     -   7.81e-03  2  8h
 242 -2.8818578e+02 2.37e-03 2.08e+00 8.45e-07  -7.0     -   7.81e-03  2  8h
 243 -2.8818666e+02 2.37e-03 1.96e+00 8.40e-07  -7.0     -   7.81e-03  2  8h
 244 -2.8818754e+02 2.37e-03 2.11e+00 8.45e-07  -7.0     -   7.81e-03  1  8h
 245 -2.8818840e+02 2.36e-03 1.98e+00 8.36e-07  -7.0     -   7.81e-03  2  8h
 246 -2.8818927e+02 2.36e-03 2.10e+00 8.28e-07  -7.0     -   7.81e-03  2  8h
 247 -2.8819012e+02 2.36e-03 1.97e+00 8.26e-07  -7.0     -   7.81e-03  1  8h
 248 -2.8819055e+02 2.36e-03 2.09e+00 8.32e-07  -7.0     -   3.91e-03  1  9h
 249 -2.8819139e+02 2.35e-03 1.96e+00 8.19e-07  -7.0     -   7.81e-03  2  8h
iter    objective    inf_pr   inf_du inf_compl lg(mu) lg(rg) alpha_pr ir ls
 250 -2.8819223e+02 2.35e-03 2.06e+00 8.17e-07  -7.0     -   7.81e-03  1  8h
 251 -2.8819307e+02 2.35e-03 1.93e+00 8.13e-07  -7.0     -   7.81e-03  2  8h
 252 -2.8819390e+02 2.35e-03 2.03e+00 8.11e-07  -7.0     -   7.81e-03  2  8h
 253 -2.8819471e+02 2.35e-03 1.91e+00 8.03e-07  -7.0     -   7.81e-03  2  8h
 254 -2.8819553e+02 2.35e-03 2.00e+00 8.00e-07  -7.0     -   7.81e-03  2  8h
 255 -2.8819594e+02 2.34e-03 1.88e+00 8.05e-07  -7.0     -   3.91e-03  1  9h
 256 -2.8819634e+02 2.34e-03 1.98e+00 8.12e-07  -7.0     -   3.91e-03  2  9h
 257 -2.8819714e+02 2.34e-03 1.86e+00 7.98e-07  -7.0     -   7.81e-03  1  8h
 258 -2.8819754e+02 2.33e-03 1.96e+00 8.00e-07  -7.0     -   3.91e-03  2  9h
 259 -2.8819793e+02 2.33e-03 1.85e+00 8.03e-07  -7.0     -   3.91e-03  2  9h
iter    objective    inf_pr   inf_du inf_compl lg(mu) lg(rg) alpha_pr ir ls
 260 -2.8819833e+02 2.33e-03 1.94e+00 8.02e-07  -7.0     -   3.91e-03  2  9h
 261 -2.8819872e+02 2.32e-03 1.83e+00 8.01e-07  -7.0     -   3.91e-03  2  9h
 262 -2.8819911e+02 2.32e-03 1.92e+00 7.99e-07  -7.0     -   3.91e-03  2  9h
 263 -2.8819950e+02 2.31e-03 1.82e+00 7.96e-07  -7.0     -   3.91e-03  2  9h
 264 -2.8819989e+02 2.31e-03 1.91e+00 7.97e-07  -7.0     -   3.91e-03  2  9h
 265 -2.8820028e+02 2.30e-03 1.81e+00 7.99e-07  -7.0     -   3.91e-03  2  9h
 266 -2.8820066e+02 2.30e-03 1.89e+00 7.97e-07  -7.0     -   3.91e-03  2  9h
 267 -2.8820105e+02 2.30e-03 1.79e+00 7.97e-07  -7.0     -   3.91e-03  2  9h
 268 -2.8820143e+02 2.29e-03 1.88e+00 7.99e-07  -7.0     -   3.91e-03  2  9h
 269 -2.8820181e+02 2.29e-03 1.78e+00 7.98e-07  -7.0     -   3.91e-03  2  9h
iter    objective    inf_pr   inf_du inf_compl lg(mu) lg(rg) alpha_pr ir ls
 270 -2.8820219e+02 2.28e-03 1.86e+00 7.90e-07  -7.0     -   3.91e-03  2  9h
 271 -2.8820257e+02 2.28e-03 1.76e+00 7.97e-07  -7.0     -   3.91e-03  2  9h
 272 -2.8820294e+02 2.27e-03 1.85e+00 7.88e-07  -7.0     -   3.91e-03  2  9h
 273 -2.8820332e+02 2.27e-03 1.75e+00 7.94e-07  -7.0     -   3.91e-03  2  9h
 274 -2.8820369e+02 2.27e-03 1.83e+00 7.93e-07  -7.0     -   3.91e-03  2  9h
 275 -2.8820406e+02 2.26e-03 1.74e+00 7.90e-07  -7.0     -   3.91e-03  2  9h
 276 -2.8820444e+02 2.26e-03 1.82e+00 7.98e-07  -7.0     -   3.91e-03  2  9h
 277 -2.8820480e+02 2.26e-03 1.72e+00 7.90e-07  -7.0     -   3.91e-03  2  9h
 278 -2.8820517e+02 2.25e-03 1.80e+00 7.93e-07  -7.0     -   3.91e-03  2  9h
 279 -2.8820554e+02 2.25e-03 1.71e+00 7.93e-07  -7.0     -   3.91e-03  2  9h
iter    objective    inf_pr   inf_du inf_compl lg(mu) lg(rg) alpha_pr ir ls
 280 -2.8820590e+02 2.24e-03 1.79e+00 7.94e-07  -7.0     -   3.91e-03  1  9h
 281 -2.8820627e+02 2.24e-03 1.69e+00 7.92e-07  -7.0     -   3.91e-03  2  9h
 282 -2.8820663e+02 2.24e-03 1.77e+00 7.86e-07  -7.0     -   3.91e-03  2  9h
 283 -2.8820699e+02 2.23e-03 1.68e+00 7.90e-07  -7.0     -   3.91e-03  2  9h
 284 -2.8820735e+02 2.23e-03 1.76e+00 7.96e-07  -7.0     -   3.91e-03  2  9h
 285 -2.8820771e+02 2.23e-03 1.67e+00 7.83e-07  -7.0     -   3.91e-03  2  9h
 286 -2.8820806e+02 2.22e-03 1.74e+00 7.97e-07  -7.0     -   3.91e-03  2  9h
 287 -2.8820842e+02 2.22e-03 1.65e+00 7.87e-07  -7.0     -   3.91e-03  2  9h
 288 -2.8820877e+02 2.22e-03 1.73e+00 7.90e-07  -7.0     -   3.91e-03  1  9h
 289 -2.8820912e+02 2.21e-03 1.64e+00 7.86e-07  -7.0     -   3.91e-03  2  9h
iter    objective    inf_pr   inf_du inf_compl lg(mu) lg(rg) alpha_pr ir ls
 290 -2.8820948e+02 2.21e-03 1.72e+00 7.91e-07  -7.0     -   3.91e-03  2  9h
 291 -2.8820982e+02 2.21e-03 1.63e+00 7.79e-07  -7.0     -   3.91e-03  2  9h
 292 -2.8821017e+02 2.20e-03 1.70e+00 7.97e-07  -7.0     -   3.91e-03  2  9h
 293 -2.8821052e+02 2.20e-03 1.62e+00 7.83e-07  -7.0     -   3.91e-03  2  9h
 294 -2.8821087e+02 2.20e-03 1.69e+00 7.88e-07  -7.0     -   3.91e-03  2  9h
 295 -2.8821121e+02 2.19e-03 1.60e+00 7.85e-07  -7.0     -   3.91e-03  2  9h
 296 -2.8821155e+02 2.19e-03 1.68e+00 7.87e-07  -7.0     -   3.91e-03  2  9h
 297 -2.8821190e+02 2.19e-03 1.59e+00 7.82e-07  -7.0     -   3.91e-03  2  9h
 298 -2.8821224e+02 2.19e-03 1.66e+00 7.87e-07  -7.0     -   3.91e-03  2  9h
 299 -2.8821258e+02 2.18e-03 1.58e+00 7.76e-07  -7.0     -   3.91e-03  2  9h
iter    objective    inf_pr   inf_du inf_compl lg(mu) lg(rg) alpha_pr ir ls
 300 -2.8821291e+02 2.18e-03 1.65e+00 7.85e-07  -7.0     -   3.91e-03  2  9h
 301 -2.8821325e+02 2.18e-03 1.57e+00 7.76e-07  -7.0     -   3.91e-03  2  9h
 302 -2.8821359e+02 2.17e-03 1.64e+00 7.82e-07  -7.0     -   3.91e-03  2  9h
 303 -2.8821392e+02 2.17e-03 1.55e+00 7.75e-07  -7.0     -   3.91e-03  2  9h
 304 -2.8821426e+02 2.17e-03 1.62e+00 7.89e-07  -7.0     -   3.91e-03  2  9h
 305 -2.8821459e+02 2.17e-03 1.54e+00 7.70e-07  -7.0     -   3.91e-03  2  9h
 306 -2.8821492e+02 2.16e-03 1.61e+00 7.94e-07  -7.0     -   3.91e-03  2  9h
 307 -2.8821525e+02 2.16e-03 1.53e+00 7.71e-07  -7.0     -   3.91e-03  2  9h
 308 -2.8821557e+02 2.16e-03 1.60e+00 7.86e-07  -7.0     -   3.91e-03  2  9h
 309 -2.8821590e+02 2.16e-03 1.52e+00 7.77e-07  -7.0     -   3.91e-03  2  9h
iter    objective    inf_pr   inf_du inf_compl lg(mu) lg(rg) alpha_pr ir ls
 310 -2.8821623e+02 2.15e-03 1.58e+00 7.80e-07  -7.0     -   3.91e-03  2  9h
 311 -2.8821655e+02 2.15e-03 1.50e+00 7.79e-07  -7.0     -   3.91e-03  2  9h
 312 -2.8821688e+02 2.15e-03 1.57e+00 7.77e-07  -7.0     -   3.91e-03  2  9h
 313 -2.8821720e+02 2.15e-03 1.49e+00 7.70e-07  -7.0     -   3.91e-03  2  9h
 314 -2.8821752e+02 2.14e-03 1.56e+00 7.89e-07  -7.0     -   3.91e-03  2  9h
 315 -2.8821784e+02 2.14e-03 1.48e+00 7.67e-07  -7.0     -   3.91e-03  2  9h
 316 -2.8821816e+02 2.14e-03 1.55e+00 7.87e-07  -7.0     -   3.91e-03  2  9h
 317 -2.8821847e+02 2.14e-03 1.47e+00 7.68e-07  -7.0     -   3.91e-03  2  9h
 318 -2.8821879e+02 2.14e-03 1.53e+00 7.84e-07  -7.0     -   3.91e-03  2  9h
 319 -2.8821911e+02 2.13e-03 1.46e+00 7.69e-07  -7.0     -   3.91e-03  1  9h
iter    objective    inf_pr   inf_du inf_compl lg(mu) lg(rg) alpha_pr ir ls
 320 -2.8821942e+02 2.13e-03 1.52e+00 7.81e-07  -7.0     -   3.91e-03  2  9h
 321 -2.8821973e+02 2.13e-03 1.45e+00 7.71e-07  -7.0     -   3.91e-03  2  9h
 322 -2.8822004e+02 2.13e-03 1.51e+00 7.79e-07  -7.0     -   3.91e-03  2  9h
 323 -2.8822035e+02 2.13e-03 1.43e+00 7.67e-07  -7.0     -   3.91e-03  2  9h
 324 -2.8822067e+02 2.12e-03 1.50e+00 7.80e-07  -7.0     -   3.91e-03  2  9h
 325 -2.8822097e+02 2.12e-03 1.42e+00 7.66e-07  -7.0     -   3.91e-03  2  9h
 326 -2.8822128e+02 2.12e-03 1.48e+00 7.78e-07  -7.0     -   3.91e-03  2  9h
 327 -2.8822159e+02 2.12e-03 1.41e+00 7.78e-07  -7.0     -   3.91e-03  1  9h
 328 -2.8822189e+02 2.12e-03 1.47e+00 7.61e-07  -7.0     -   3.91e-03  2  9h
 329 -2.8822220e+02 2.12e-03 1.40e+00 7.92e-07  -7.0     -   3.91e-03  2  9h
iter    objective    inf_pr   inf_du inf_compl lg(mu) lg(rg) alpha_pr ir ls
 330 -2.8822250e+02 2.11e-03 1.46e+00 7.69e-07  -7.0     -   3.91e-03  2  9h
 331 -2.8822280e+02 2.11e-03 1.39e+00 7.90e-07  -7.0     -   3.91e-03  2  9h
 332 -2.8822310e+02 2.11e-03 1.45e+00 7.79e-07  -7.0     -   3.91e-03  2  9h
 333 -2.8822340e+02 2.11e-03 1.38e+00 7.85e-07  -7.0     -   3.91e-03  2  9h
 334 -2.8822370e+02 2.11e-03 1.43e+00 7.87e-07  -7.0     -   3.91e-03  2  9h
 335 -2.8822400e+02 2.11e-03 1.37e+00 7.93e-07  -7.0     -   3.91e-03  2  9h
 336 -2.8822430e+02 2.11e-03 1.42e+00 7.97e-07  -7.0     -   3.91e-03  2  9h
 337 -2.8822459e+02 2.11e-03 1.37e+00 7.96e-07  -7.0     -   3.91e-03  2  9h
 338 -2.8822489e+02 2.10e-03 1.40e+00 7.97e-07  -7.0     -   3.91e-03  2  9h
 339 -2.8822518e+02 2.10e-03 1.36e+00 8.09e-07  -7.0     -   3.91e-03  2  9h
iter    objective    inf_pr   inf_du inf_compl lg(mu) lg(rg) alpha_pr ir ls
 340 -2.8822547e+02 2.10e-03 1.39e+00 8.06e-07  -7.0     -   3.91e-03  2  9h
 341 -2.8822576e+02 2.10e-03 1.35e+00 8.14e-07  -7.0     -   3.91e-03  2  9h
 342 -2.8822606e+02 2.10e-03 1.37e+00 8.20e-07  -7.0     -   3.91e-03  2  9h
 343 -2.8822634e+02 2.10e-03 1.35e+00 8.06e-07  -7.0     -   3.91e-03  2  9h
 344 -2.8822663e+02 2.10e-03 1.36e+00 8.42e-07  -7.0     -   3.91e-03  2  9h
 345 -2.8822692e+02 2.10e-03 1.34e+00 7.98e-07  -7.0     -   3.91e-03  2  9h
 346 -2.8822707e+02 2.10e-03 1.35e+00 8.66e-07  -7.0     -   1.95e-03  2 10h
 347 -2.8822735e+02 2.09e-03 1.33e+00 7.96e-07  -7.0     -   3.91e-03  2  9h
 348 -2.8822749e+02 2.09e-03 1.34e+00 8.77e-07  -7.0     -   1.95e-03  2 10h
 349 -2.8822778e+02 2.09e-03 1.33e+00 7.85e-07  -7.0     -   3.91e-03  2  9h
iter    objective    inf_pr   inf_du inf_compl lg(mu) lg(rg) alpha_pr ir ls
 350 -2.8822791e+02 2.09e-03 1.33e+00 9.16e-07  -7.0     -   1.85e-03  2 10h
 351 -2.8822819e+02 2.09e-03 1.32e+00 7.59e-07  -7.0     -   3.91e-03  1  9h
 352 -2.8822832e+02 2.08e-03 1.32e+00 9.61e-07  -7.0     -   1.70e-03  2 10h
 353 -2.8822859e+02 2.08e-03 1.31e+00 7.19e-07  -7.0     -   3.91e-03  2  9h
 354 -2.8822870e+02 2.08e-03 1.31e+00 1.05e-06  -7.0     -   1.46e-03  2 10h
 355 -2.8822925e+02 2.08e-03 1.30e+00 6.79e-07  -7.0     -   7.81e-03  2  8h
 356 -2.8822934e+02 2.08e-03 1.30e+00 1.16e-06  -7.0     -   1.24e-03  2 10h
 357 -2.8822987e+02 2.07e-03 1.29e+00 6.28e-07  -7.0     -   7.81e-03  2  8h
 358 -2.8822994e+02 2.07e-03 1.54e+00 1.35e-06  -7.0     -   9.74e-04  2 10h
 359 -2.8823817e+02 3.40e-03 1.13e+00 5.45e-07  -7.0     -   1.25e-01  2  4h
iter    objective    inf_pr   inf_du inf_compl lg(mu) lg(rg) alpha_pr ir ls
 360 -2.8823818e+02 3.40e-03 1.69e+00 1.52e-06  -7.0     -   1.73e-04  2 11h
 361 -2.8823996e+02 3.36e-03 1.09e+00 5.33e-07  -7.0     -   3.12e-02  2  6h
 362 -2.8823998e+02 3.36e-03 1.71e+00 1.58e-06  -7.0     -   1.35e-04  2 11h
 363 -2.8824170e+02 3.32e-03 1.06e+00 5.25e-07  -7.0     -   3.12e-02  2  6h
 364 -2.8824170e+02 3.32e-03 1.72e+00 1.61e-06  -7.0     -   5.61e-05  2 12h
 365 -2.8824337e+02 3.29e-03 1.03e+00 5.40e-07  -7.0     -   3.12e-02  2  6h
 366 -2.8824338e+02 3.29e-03 1.74e+00 1.66e-06  -7.0     -   5.94e-05  2 12h
 367 -2.8824499e+02 3.26e-03 9.95e-01 5.42e-07  -7.0     -   3.12e-02  2  6h
 368 -2.8824500e+02 3.26e-03 1.76e+00 1.69e-06  -7.0     -   5.18e-05  2 12h
 369 -2.8824657e+02 3.22e-03 9.64e-01 5.44e-07  -7.0     -   3.12e-02  2  6h
iter    objective    inf_pr   inf_du inf_compl lg(mu) lg(rg) alpha_pr ir ls
 370 -2.8824657e+02 3.22e-03 1.77e+00 1.73e-06  -7.0     -   4.54e-05  2 12h
 371 -2.8824809e+02 3.20e-03 9.34e-01 5.56e-07  -7.0     -   3.12e-02  2  6h
 372 -2.8824810e+02 3.20e-03 1.79e+00 1.77e-06  -7.0     -   4.64e-05  2 12h
 373 -2.8824957e+02 3.18e-03 9.05e-01 5.71e-07  -7.0     -   3.12e-02  2  6h
 374 -2.8824958e+02 3.18e-03 1.79e+00 1.80e-06  -7.0     -   4.84e-05  3 12h
 375 -2.8825101e+02 3.16e-03 8.76e-01 5.79e-07  -7.0     -   3.12e-02  2  6h
 376 -2.8825101e+02 3.16e-03 1.79e+00 1.83e-06  -7.0     -   4.56e-05  2 12h
 377 -2.8825241e+02 3.15e-03 8.49e-01 5.93e-07  -7.0     -   3.12e-02  2  6h
 378 -2.8825241e+02 3.15e-03 1.78e+00 1.85e-06  -7.0     -   4.88e-05  2 12h
 379 -2.8825377e+02 3.15e-03 8.22e-01 6.13e-07  -7.0     -   3.12e-02  2  6h
iter    objective    inf_pr   inf_du inf_compl lg(mu) lg(rg) alpha_pr ir ls
 380 -2.8825377e+02 3.15e-03 1.78e+00 1.88e-06  -7.0     -   5.57e-05  2 12h
 381 -2.8825443e+02 3.12e-03 8.09e-01 6.28e-07  -7.0     -   1.56e-02  2  7h
 382 -2.8825444e+02 3.12e-03 1.78e+00 1.90e-06  -7.0     -   6.13e-05  2 12h
 383 -2.8825509e+02 3.10e-03 7.97e-01 6.35e-07  -7.0     -   1.56e-02  2  7h
 384 -2.8825510e+02 3.10e-03 1.78e+00 1.92e-06  -7.0     -   6.20e-05  2 12h
 385 -2.8825574e+02 3.08e-03 7.84e-01 6.41e-07  -7.0     -   1.56e-02  2  7h
 386 -2.8825574e+02 3.08e-03 1.78e+00 1.93e-06  -7.0     -   6.24e-05  2 12h
 387 -2.8825638e+02 3.06e-03 7.72e-01 6.43e-07  -7.0     -   1.56e-02  2  7h
 388 -2.8825638e+02 3.06e-03 1.78e+00 1.94e-06  -7.0     -   5.92e-05  2 12h
 389 -2.8825701e+02 3.04e-03 7.60e-01 6.55e-07  -7.0     -   1.56e-02  2  7h
iter    objective    inf_pr   inf_du inf_compl lg(mu) lg(rg) alpha_pr ir ls
 390 -2.8825702e+02 3.04e-03 1.78e+00 1.96e-06  -7.0     -   6.40e-05  2 12h
 391 -2.8825763e+02 3.02e-03 7.48e-01 6.60e-07  -7.0     -   1.56e-02  2  7h
 392 -2.8825764e+02 3.02e-03 1.77e+00 1.97e-06  -7.0     -   6.35e-05  2 12h
 393 -2.8825825e+02 3.00e-03 7.36e-01 6.86e-07  -7.0     -   1.56e-02  2  7h
 394 -2.8825826e+02 3.00e-03 1.78e+00 1.99e-06  -7.0     -   7.83e-05  3 12h
 395 -2.8825886e+02 2.99e-03 7.25e-01 6.82e-07  -7.0     -   1.56e-02  2  7h
 396 -2.8825887e+02 2.99e-03 1.80e+00 2.01e-06  -7.0     -   7.04e-05  2 12h
 397 -2.8825946e+02 2.97e-03 7.13e-01 6.87e-07  -7.0     -   1.56e-02  2  7h
 398 -2.8825947e+02 2.97e-03 1.82e+00 2.02e-06  -7.0     -   6.97e-05  2 12h
 399 -2.8826006e+02 2.96e-03 7.02e-01 7.08e-07  -7.0     -   1.56e-02  2  7h
iter    objective    inf_pr   inf_du inf_compl lg(mu) lg(rg) alpha_pr ir ls
 400 -2.8826006e+02 2.96e-03 1.86e+00 2.05e-06  -7.0     -   7.62e-05  1 12h
 401 -2.8826064e+02 2.95e-03 6.91e-01 7.02e-07  -7.0     -   1.56e-02  2  7h
 402 -2.8826065e+02 2.95e-03 1.87e+00 2.05e-06  -7.0     -   7.27e-05  2 12h
 403 -2.8826122e+02 2.93e-03 6.80e-01 7.12e-07  -7.0     -   1.56e-02  2  7h
 404 -2.8826123e+02 2.93e-03 1.89e+00 2.06e-06  -7.0     -   7.63e-05  2 12h
 405 -2.8826180e+02 2.92e-03 6.70e-01 7.24e-07  -7.0     -   1.56e-02  2  7h
 406 -2.8826180e+02 2.92e-03 1.91e+00 2.08e-06  -7.0     -   8.16e-05  2 12h
 407 -2.8826237e+02 2.91e-03 6.59e-01 7.36e-07  -7.0     -   1.56e-02  2  7h
 408 -2.8826237e+02 2.91e-03 1.94e+00 2.09e-06  -7.0     -   8.61e-05  2 12h
 409 -2.8826293e+02 2.91e-03 6.49e-01 7.38e-07  -7.0     -   1.56e-02  2  7h
iter    objective    inf_pr   inf_du inf_compl lg(mu) lg(rg) alpha_pr ir ls
 410 -2.8826293e+02 2.91e-03 1.95e+00 2.10e-06  -7.0     -   8.46e-05  2 12h
 411 -2.8826348e+02 2.90e-03 6.38e-01 7.58e-07  -7.0     -   1.56e-02  2  7h
 412 -2.8826349e+02 2.90e-03 1.98e+00 2.12e-06  -7.0     -   9.53e-05  2 12h
 413 -2.8826403e+02 2.90e-03 6.28e-01 7.65e-07  -7.0     -   1.56e-02  2  7h
 414 -2.8826404e+02 2.90e-03 2.00e+00 2.13e-06  -7.0     -   9.70e-05  2 12h
 415 -2.8826458e+02 2.89e-03 6.19e-01 7.77e-07  -7.0     -   1.56e-02  2  7h
 416 -2.8826459e+02 2.89e-03 2.03e+00 2.15e-06  -7.0     -   1.02e-04  2 12h
 417 -2.8826512e+02 2.89e-03 6.09e-01 7.83e-07  -7.0     -   1.56e-02  2  7h
 418 -2.8826512e+02 2.89e-03 2.05e+00 2.16e-06  -7.0     -   1.03e-04  2 12h
 419 -2.8826565e+02 2.89e-03 5.99e-01 7.86e-07  -7.0     -   1.56e-02  2  7h
iter    objective    inf_pr   inf_du inf_compl lg(mu) lg(rg) alpha_pr ir ls
 420 -2.8826566e+02 2.89e-03 2.07e+00 2.17e-06  -7.0     -   1.03e-04  2 12h
 421 -2.8826618e+02 2.89e-03 5.90e-01 8.03e-07  -7.0     -   1.56e-02  2  7h
 422 -2.8826618e+02 2.89e-03 2.09e+00 2.19e-06  -7.0     -   1.11e-04  3 12h
 423 -2.8826670e+02 2.89e-03 5.81e-01 8.08e-07  -7.0     -   1.56e-02  2  7h
 424 -2.8826671e+02 2.89e-03 2.11e+00 2.20e-06  -7.0     -   1.13e-04  2 12h
 425 -2.8826696e+02 2.88e-03 5.76e-01 8.28e-07  -7.0     -   7.81e-03  2  8h
 426 -2.8826698e+02 2.88e-03 2.13e+00 2.21e-06  -7.0     -   2.49e-04  2 11h
 427 -2.8826723e+02 2.86e-03 5.71e-01 8.30e-07  -7.0     -   7.81e-03  2  8h
 428 -2.8826725e+02 2.86e-03 2.14e+00 2.21e-06  -7.0     -   2.49e-04  2 11h
 429 -2.8826750e+02 2.85e-03 5.67e-01 8.32e-07  -7.0     -   7.81e-03  2  8h
iter    objective    inf_pr   inf_du inf_compl lg(mu) lg(rg) alpha_pr ir ls
 430 -2.8826752e+02 2.85e-03 2.15e+00 2.22e-06  -7.0     -   2.50e-04  2 11h
 431 -2.8826777e+02 2.84e-03 5.62e-01 8.43e-07  -7.0     -   7.81e-03  2  8h
 432 -2.8826779e+02 2.84e-03 2.16e+00 2.23e-06  -7.0     -   2.64e-04  2 11h
 433 -2.8826804e+02 2.83e-03 5.58e-01 8.49e-07  -7.0     -   7.81e-03  2  8h
 434 -2.8826806e+02 2.83e-03 2.18e+00 2.23e-06  -7.0     -   2.70e-04  2 11h
 435 -2.8826831e+02 2.83e-03 5.53e-01 8.54e-07  -7.0     -   7.81e-03  2  8h
 436 -2.8826832e+02 2.83e-03 2.19e+00 2.24e-06  -7.0     -   2.75e-04  2 11h
 437 -2.8826857e+02 2.82e-03 5.49e-01 8.51e-07  -7.0     -   7.81e-03  2  8h
 438 -2.8826859e+02 2.82e-03 2.20e+00 2.24e-06  -7.0     -   2.69e-04  2 11h
 439 -2.8826884e+02 2.81e-03 5.44e-01 8.65e-07  -7.0     -   7.81e-03  2  8h
iter    objective    inf_pr   inf_du inf_compl lg(mu) lg(rg) alpha_pr ir ls
 440 -2.8826885e+02 2.81e-03 2.21e+00 2.24e-06  -7.0     -   2.89e-04  2 11h
 441 -2.8826910e+02 2.80e-03 5.40e-01 8.66e-07  -7.0     -   7.81e-03  2  8h
 442 -2.8826912e+02 2.80e-03 2.22e+00 2.25e-06  -7.0     -   2.89e-04  2 11h
 443 -2.8826936e+02 2.79e-03 5.35e-01 8.79e-07  -7.0     -   7.81e-03  2  8h
 444 -2.8826938e+02 2.79e-03 2.22e+00 2.25e-06  -7.0     -   3.07e-04  3 11h
 445 -2.8826963e+02 2.78e-03 5.31e-01 8.74e-07  -7.0     -   7.81e-03  2  8h
 446 -2.8826964e+02 2.78e-03 2.24e+00 2.26e-06  -7.0     -   2.97e-04  2 11h
 447 -2.8826989e+02 2.77e-03 5.27e-01 8.86e-07  -7.0     -   7.81e-03  2  8h
 448 -2.8826991e+02 2.77e-03 2.25e+00 2.26e-06  -7.0     -   3.15e-04  2 11h
 449 -2.8827015e+02 2.76e-03 5.26e-01 8.87e-07  -7.0     -   7.81e-03  2  8h
iter    objective    inf_pr   inf_du inf_compl lg(mu) lg(rg) alpha_pr ir ls
 450 -2.8827017e+02 2.76e-03 2.26e+00 2.27e-06  -7.0     -   3.13e-04  2 11h
 451 -2.8827041e+02 2.76e-03 5.30e-01 8.91e-07  -7.0     -   7.81e-03  2  8h
 452 -2.8827043e+02 2.76e-03 2.27e+00 2.27e-06  -7.0     -   3.18e-04  2 11h
 453 -2.8827067e+02 2.75e-03 5.40e-01 9.00e-07  -7.0     -   7.81e-03  2  8h
 454 -2.8827069e+02 2.75e-03 2.28e+00 2.27e-06  -7.0     -   3.31e-04  2 11h
 455 -2.8827092e+02 2.74e-03 5.47e-01 9.06e-07  -7.0     -   7.81e-03  2  8h
 456 -2.8827094e+02 2.74e-03 2.29e+00 2.27e-06  -7.0     -   3.37e-04  2 11h
 457 -2.8827118e+02 2.73e-03 5.52e-01 9.11e-07  -7.0     -   7.81e-03  2  8h
 458 -2.8827120e+02 2.73e-03 2.30e+00 2.28e-06  -7.0     -   3.43e-04  2 11h
 459 -2.8827144e+02 2.73e-03 5.54e-01 9.13e-07  -7.0     -   7.81e-03  2  8h
iter    objective    inf_pr   inf_du inf_compl lg(mu) lg(rg) alpha_pr ir ls
 460 -2.8827146e+02 2.73e-03 2.30e+00 2.27e-06  -7.0     -   3.46e-04  2 11h
 461 -2.8827169e+02 2.72e-03 5.65e-01 9.22e-07  -7.0     -   7.81e-03  2  8h
 462 -2.8827172e+02 2.72e-03 2.30e+00 2.27e-06  -7.0     -   3.59e-04  2 11h
 463 -2.8827195e+02 2.71e-03 5.66e-01 9.24e-07  -7.0     -   7.81e-03  2  8h
 464 -2.8827197e+02 2.71e-03 2.30e+00 2.26e-06  -7.0     -   3.61e-04  2 11h
 465 -2.8827221e+02 2.71e-03 5.83e-01 9.38e-07  -7.0     -   7.81e-03  2  8h
 466 -2.8827223e+02 2.71e-03 2.30e+00 2.26e-06  -7.0     -   3.80e-04  2 11h
 467 -2.8827246e+02 2.70e-03 5.80e-01 9.36e-07  -7.0     -   7.81e-03  2  8h
 468 -2.8827248e+02 2.70e-03 2.29e+00 2.25e-06  -7.0     -   3.81e-04  2 11h
 469 -2.8827272e+02 2.69e-03 5.96e-01 9.49e-07  -7.0     -   7.81e-03  2  8h
iter    objective    inf_pr   inf_du inf_compl lg(mu) lg(rg) alpha_pr ir ls
 470 -2.8827274e+02 2.69e-03 2.29e+00 2.24e-06  -7.0     -   3.99e-04  2 11h
 471 -2.8827297e+02 2.69e-03 6.05e-01 9.57e-07  -7.0     -   7.81e-03  2  8h
 472 -2.8827299e+02 2.69e-03 2.29e+00 2.24e-06  -7.0     -   4.07e-04  2 11h
 473 -2.8827323e+02 2.68e-03 6.16e-01 9.66e-07  -7.0     -   7.81e-03  2  8h
 474 -2.8827325e+02 2.68e-03 2.29e+00 2.23e-06  -7.0     -   4.21e-04  2 11h
 475 -2.8827348e+02 2.68e-03 6.19e-01 9.68e-07  -7.0     -   7.81e-03  2  8h
 476 -2.8827350e+02 2.68e-03 2.28e+00 2.23e-06  -7.0     -   4.26e-04  2 11h
 477 -2.8827373e+02 2.67e-03 6.25e-01 9.74e-07  -7.0     -   7.81e-03  2  8h
 478 -2.8827376e+02 2.67e-03 2.28e+00 2.22e-06  -7.0     -   4.34e-04  2 11h
 479 -2.8827399e+02 2.67e-03 6.28e-01 9.76e-07  -7.0     -   7.81e-03  2  8h
iter    objective    inf_pr   inf_du inf_compl lg(mu) lg(rg) alpha_pr ir ls
 480 -2.8827401e+02 2.67e-03 2.28e+00 2.22e-06  -7.0     -   4.38e-04  2 11h
 481 -2.8827424e+02 2.67e-03 6.45e-01 9.90e-07  -7.0     -   7.81e-03  2  8h
 482 -2.8827426e+02 2.67e-03 2.26e+00 2.19e-06  -7.0     -   4.59e-04  2 11h
 483 -2.8827449e+02 2.66e-03 6.52e-01 9.95e-07  -7.0     -   7.81e-03  2  8h
 484 -2.8827452e+02 2.66e-03 2.23e+00 2.17e-06  -7.0     -   4.67e-04  2 11h
 485 -2.8827475e+02 2.66e-03 6.68e-01 1.01e-06  -7.0     -   7.81e-03  2  8h
 486 -2.8827477e+02 2.66e-03 2.16e+00 2.12e-06  -7.0     -   4.86e-04  2 11h
 487 -2.8827501e+02 2.66e-03 6.92e-01 1.03e-06  -7.0     -   7.81e-03  2  8h
 488 -2.8827503e+02 2.66e-03 2.08e+00 2.04e-06  -7.0     -   5.12e-04  2 11h
 489 -2.8827515e+02 2.65e-03 7.35e-01 1.06e-06  -7.0     -   3.91e-03  2  9h
iter    objective    inf_pr   inf_du inf_compl lg(mu) lg(rg) alpha_pr ir ls
 490 -2.8827517e+02 2.65e-03 1.95e+00 1.95e-06  -7.0     -   5.56e-04  2 11h
 491 -2.8827530e+02 2.65e-03 7.75e-01 1.09e-06  -7.0     -   3.91e-03  2  9h
 492 -2.8827535e+02 2.65e-03 1.84e+00 1.87e-06  -7.0     -   1.19e-03  2 10h
 493 -2.8827547e+02 2.64e-03 8.18e-01 1.12e-06  -7.0     -   3.91e-03  2  9h
 494 -2.8827553e+02 2.64e-03 1.74e+00 1.79e-06  -7.0     -   1.28e-03  2 10h
 495 -2.8827565e+02 2.64e-03 8.65e-01 1.15e-06  -7.0     -   3.91e-03  2  9h
 496 -2.8827571e+02 2.64e-03 1.65e+00 1.72e-06  -7.0     -   1.38e-03  2 10h
 497 -2.8827584e+02 2.64e-03 9.12e-01 1.18e-06  -7.0     -   3.91e-03  2  9h
 498 -2.8827590e+02 2.64e-03 1.56e+00 1.65e-06  -7.0     -   1.48e-03  2 10h
 499 -2.8827603e+02 2.64e-03 9.57e-01 1.22e-06  -7.0     -   3.91e-03  2  9h
iter    objective    inf_pr   inf_du inf_compl lg(mu) lg(rg) alpha_pr ir ls
 500 -2.8827609e+02 2.63e-03 1.49e+00 1.60e-06  -7.0     -   1.58e-03  2 10h
 501 -2.8827623e+02 2.63e-03 1.00e+00 1.25e-06  -7.0     -   3.91e-03  2  9h
 502 -2.8827629e+02 2.63e-03 1.42e+00 1.55e-06  -7.0     -   1.67e-03  2 10h
 503 -2.8827643e+02 2.63e-03 1.04e+00 1.27e-06  -7.0     -   3.91e-03  2  9h
 504 -2.8827649e+02 2.63e-03 1.37e+00 1.50e-06  -7.0     -   1.76e-03  2 10h
 505 -2.8827656e+02 2.63e-03 1.08e+00 1.30e-06  -7.0     -   1.95e-03  2 10h
 506 -2.8827663e+02 2.63e-03 1.32e+00 1.47e-06  -7.0     -   1.84e-03  2 10h
 507 -2.8827670e+02 2.63e-03 1.10e+00 1.31e-06  -7.0     -   1.95e-03  2 10h
 508 -2.8827677e+02 2.62e-03 1.30e+00 1.45e-06  -7.0     -   1.87e-03  2 10h
 509 -2.8827684e+02 2.62e-03 1.12e+00 1.33e-06  -7.0     -   1.95e-03  2 10h
iter    objective    inf_pr   inf_du inf_compl lg(mu) lg(rg) alpha_pr ir ls
 510 -2.8827691e+02 2.62e-03 1.27e+00 1.43e-06  -7.0     -   1.93e-03  2 10h
 511 -2.8827698e+02 2.62e-03 1.14e+00 1.34e-06  -7.0     -   1.95e-03  2 10h
 512 -2.8827705e+02 2.62e-03 1.25e+00 1.41e-06  -7.0     -   1.95e-03  2 10h
 513 -2.8827712e+02 2.61e-03 1.16e+00 1.35e-06  -7.0     -   1.95e-03  2 10h
 514 -2.8827720e+02 2.61e-03 1.23e+00 1.40e-06  -7.0     -   1.95e-03  2 10h
 515 -2.8827727e+02 2.61e-03 1.17e+00 1.36e-06  -7.0     -   1.95e-03  2 10h
 516 -2.8827734e+02 2.61e-03 1.22e+00 1.39e-06  -7.0     -   1.95e-03  2 10h
 517 -2.8827741e+02 2.61e-03 1.18e+00 1.36e-06  -7.0     -   1.95e-03  2 10h
 518 -2.8827748e+02 2.61e-03 1.21e+00 1.38e-06  -7.0     -   1.95e-03  2 10h
 519 -2.8827755e+02 2.60e-03 1.18e+00 1.36e-06  -7.0     -   1.95e-03  2 10h
iter    objective    inf_pr   inf_du inf_compl lg(mu) lg(rg) alpha_pr ir ls
 520 -2.8827762e+02 2.60e-03 1.20e+00 1.37e-06  -7.0     -   1.95e-03  2 10h
 521 -2.8827769e+02 2.60e-03 1.19e+00 1.36e-06  -7.0     -   1.95e-03  2 10h
 522 -2.8827776e+02 2.60e-03 1.20e+00 1.37e-06  -7.0     -   1.95e-03  2 10h
 523 -2.8827783e+02 2.60e-03 1.19e+00 1.36e-06  -7.0     -   1.95e-03  2 10h
 524 -2.8827790e+02 2.59e-03 1.19e+00 1.36e-06  -7.0     -   1.95e-03  2 10h
 525 -2.8827797e+02 2.59e-03 1.19e+00 1.36e-06  -7.0     -   1.95e-03  2 10h
 526 -2.8827804e+02 2.59e-03 1.19e+00 1.36e-06  -7.0     -   1.95e-03  2 10h
 527 -2.8827811e+02 2.59e-03 1.19e+00 1.36e-06  -7.0     -   1.95e-03  2 10h
 528 -2.8827818e+02 2.59e-03 1.19e+00 1.36e-06  -7.0     -   1.95e-03  2 10h
 529 -2.8827825e+02 2.58e-03 1.19e+00 1.36e-06  -7.0     -   1.95e-03  2 10h
iter    objective    inf_pr   inf_du inf_compl lg(mu) lg(rg) alpha_pr ir ls
 530 -2.8827832e+02 2.58e-03 1.18e+00 1.35e-06  -7.0     -   1.95e-03  2 10h
 531 -2.8827840e+02 2.58e-03 1.19e+00 1.35e-06  -7.0     -   1.95e-03  2 10h
 532 -2.8827847e+02 2.58e-03 1.18e+00 1.35e-06  -7.0     -   1.95e-03  2 10h
 533 -2.8827854e+02 2.58e-03 1.18e+00 1.35e-06  -7.0     -   1.95e-03  2 10h
 534 -2.8827861e+02 2.57e-03 1.18e+00 1.34e-06  -7.0     -   1.95e-03  2 10h
 535 -2.8827868e+02 2.57e-03 1.18e+00 1.34e-06  -7.0     -   1.95e-03  2 10h
 536 -2.8827875e+02 2.57e-03 1.18e+00 1.34e-06  -7.0     -   1.95e-03  2 10h
 537 -2.8827882e+02 2.57e-03 1.18e+00 1.34e-06  -7.0     -   1.95e-03  2 10h
 538 -2.8827889e+02 2.56e-03 1.17e+00 1.34e-06  -7.0     -   1.95e-03  2 10h
 539 -2.8827896e+02 2.56e-03 1.17e+00 1.34e-06  -7.0     -   1.95e-03  2 10h
iter    objective    inf_pr   inf_du inf_compl lg(mu) lg(rg) alpha_pr ir ls
 540 -2.8827903e+02 2.56e-03 1.17e+00 1.34e-06  -7.0     -   1.95e-03  2 10h
 541 -2.8827910e+02 2.56e-03 1.17e+00 1.33e-06  -7.0     -   1.95e-03  2 10h
 542 -2.8827917e+02 2.56e-03 1.17e+00 1.33e-06  -7.0     -   1.95e-03  2 10h
 543 -2.8827923e+02 2.55e-03 1.17e+00 1.33e-06  -7.0     -   1.95e-03  2 10h
 544 -2.8827930e+02 2.55e-03 1.17e+00 1.33e-06  -7.0     -   1.95e-03  2 10h
 545 -2.8827937e+02 2.55e-03 1.17e+00 1.33e-06  -7.0     -   1.95e-03  2 10h
 546 -2.8827944e+02 2.55e-03 1.17e+00 1.33e-06  -7.0     -   1.95e-03  2 10h
 547 -2.8827951e+02 2.55e-03 1.16e+00 1.32e-06  -7.0     -   1.95e-03  2 10h
 548 -2.8827958e+02 2.54e-03 1.17e+00 1.32e-06  -7.0     -   1.95e-03  2 10h
 549 -2.8827965e+02 2.54e-03 1.16e+00 1.32e-06  -7.0     -   1.95e-03  2 10h
iter    objective    inf_pr   inf_du inf_compl lg(mu) lg(rg) alpha_pr ir ls
 550 -2.8827972e+02 2.54e-03 1.16e+00 1.32e-06  -7.0     -   1.95e-03  2 10h
 551 -2.8827979e+02 2.54e-03 1.16e+00 1.32e-06  -7.0     -   1.95e-03  2 10h
 552 -2.8827986e+02 2.53e-03 1.16e+00 1.32e-06  -7.0     -   1.95e-03  2 10h
 553 -2.8827993e+02 2.53e-03 1.15e+00 1.31e-06  -7.0     -   1.95e-03  2 10h
 554 -2.8828000e+02 2.53e-03 1.15e+00 1.31e-06  -7.0     -   1.95e-03  2 10h
 555 -2.8828007e+02 2.53e-03 1.16e+00 1.31e-06  -7.0     -   1.95e-03  2 10h
 556 -2.8828014e+02 2.53e-03 1.15e+00 1.30e-06  -7.0     -   1.95e-03  2 10h
 557 -2.8828021e+02 2.52e-03 1.15e+00 1.31e-06  -7.0     -   1.95e-03  2 10h
 558 -2.8828027e+02 2.52e-03 1.15e+00 1.30e-06  -7.0     -   1.95e-03  2 10h
 559 -2.8828034e+02 2.52e-03 1.15e+00 1.30e-06  -7.0     -   1.95e-03  2 10h
iter    objective    inf_pr   inf_du inf_compl lg(mu) lg(rg) alpha_pr ir ls
 560 -2.8828041e+02 2.52e-03 1.14e+00 1.30e-06  -7.0     -   1.95e-03  2 10h
 561 -2.8828048e+02 2.51e-03 1.15e+00 1.30e-06  -7.0     -   1.95e-03  2 10h
 562 -2.8828055e+02 2.51e-03 1.14e+00 1.30e-06  -7.0     -   1.95e-03  2 10h
 563 -2.8828062e+02 2.51e-03 1.14e+00 1.29e-06  -7.0     -   1.95e-03  2 10h
 564 -2.8828069e+02 2.51e-03 1.14e+00 1.29e-06  -7.0     -   1.95e-03  2 10h
 565 -2.8828076e+02 2.50e-03 1.14e+00 1.29e-06  -7.0     -   1.95e-03  2 10h
 566 -2.8828082e+02 2.50e-03 1.14e+00 1.29e-06  -7.0     -   1.95e-03  2 10h
 567 -2.8828089e+02 2.50e-03 1.14e+00 1.29e-06  -7.0     -   1.95e-03  2 10h
 568 -2.8828096e+02 2.50e-03 1.13e+00 1.28e-06  -7.0     -   1.95e-03  2 10h
 569 -2.8828103e+02 2.50e-03 1.14e+00 1.29e-06  -7.0     -   1.95e-03  2 10h
iter    objective    inf_pr   inf_du inf_compl lg(mu) lg(rg) alpha_pr ir ls
 570 -2.8828110e+02 2.49e-03 1.13e+00 1.28e-06  -7.0     -   1.95e-03  2 10h
 571 -2.8828117e+02 2.49e-03 1.13e+00 1.28e-06  -7.0     -   1.95e-03  2 10h
 572 -2.8828130e+02 2.49e-03 1.12e+00 1.27e-06  -7.0     -   3.91e-03  2  9h
 573 -2.8828144e+02 2.49e-03 1.11e+00 1.26e-06  -7.0     -   3.91e-03  2  9h
 574 -2.8828158e+02 2.49e-03 1.13e+00 1.27e-06  -7.0     -   3.91e-03  2  9h
 575 -2.8828171e+02 2.49e-03 1.11e+00 1.26e-06  -7.0     -   3.91e-03  2  9h
 576 -2.8828185e+02 2.49e-03 1.12e+00 1.26e-06  -7.0     -   3.91e-03  2  9h
 577 -2.8828198e+02 2.49e-03 1.11e+00 1.25e-06  -7.0     -   3.91e-03  2  9h
 578 -2.8828212e+02 2.49e-03 1.11e+00 1.25e-06  -7.0     -   3.91e-03  2  9h
 579 -2.8828225e+02 2.49e-03 1.10e+00 1.25e-06  -7.0     -   3.91e-03  2  9h
iter    objective    inf_pr   inf_du inf_compl lg(mu) lg(rg) alpha_pr ir ls
 580 -2.8828239e+02 2.49e-03 1.10e+00 1.24e-06  -7.0     -   3.91e-03  2  9h
 581 -2.8828252e+02 2.49e-03 1.09e+00 1.24e-06  -7.0     -   3.91e-03  2  9h
 582 -2.8828266e+02 2.49e-03 1.10e+00 1.24e-06  -7.0     -   3.91e-03  2  9h
 583 -2.8828279e+02 2.49e-03 1.08e+00 1.23e-06  -7.0     -   3.91e-03  2  9h
 584 -2.8828292e+02 2.48e-03 1.09e+00 1.23e-06  -7.0     -   3.91e-03  2  9h
 585 -2.8828306e+02 2.48e-03 1.09e+00 1.23e-06  -7.0     -   3.91e-03  2  9h
 586 -2.8828319e+02 2.48e-03 1.07e+00 1.22e-06  -7.0     -   3.91e-03  2  9h
 587 -2.8828332e+02 2.48e-03 1.07e+00 1.22e-06  -7.0     -   3.91e-03  2  9h
 588 -2.8828346e+02 2.48e-03 1.07e+00 1.21e-06  -7.0     -   3.91e-03  2  9h
 589 -2.8828359e+02 2.48e-03 1.07e+00 1.21e-06  -7.0     -   3.91e-03  2  9h
iter    objective    inf_pr   inf_du inf_compl lg(mu) lg(rg) alpha_pr ir ls
 590 -2.8828372e+02 2.48e-03 1.06e+00 1.20e-06  -7.0     -   3.91e-03  2  9h
 591 -2.8828385e+02 2.48e-03 1.06e+00 1.20e-06  -7.0     -   3.91e-03  2  9h
 592 -2.8828398e+02 2.47e-03 1.05e+00 1.19e-06  -7.0     -   3.91e-03  2  9h
 593 -2.8828412e+02 2.47e-03 1.05e+00 1.19e-06  -7.0     -   3.91e-03  2  9h
 594 -2.8828425e+02 2.47e-03 1.05e+00 1.18e-06  -7.0     -   3.91e-03  2  9h
 595 -2.8828438e+02 2.47e-03 1.04e+00 1.18e-06  -7.0     -   3.91e-03  2  9h
 596 -2.8828451e+02 2.47e-03 1.04e+00 1.18e-06  -7.0     -   3.91e-03  2  9h
 597 -2.8828464e+02 2.46e-03 1.03e+00 1.17e-06  -7.0     -   3.91e-03  2  9h
 598 -2.8828477e+02 2.46e-03 1.03e+00 1.17e-06  -7.0     -   3.91e-03  2  9h
 599 -2.8828490e+02 2.46e-03 1.03e+00 1.17e-06  -7.0     -   3.91e-03  2  9h
iter    objective    inf_pr   inf_du inf_compl lg(mu) lg(rg) alpha_pr ir ls
 600 -2.8828503e+02 2.46e-03 1.03e+00 1.16e-06  -7.0     -   3.91e-03  1  9h
 601 -2.8828516e+02 2.45e-03 1.02e+00 1.16e-06  -7.0     -   3.91e-03  2  9h
 602 -2.8828529e+02 2.45e-03 1.02e+00 1.15e-06  -7.0     -   3.91e-03  2  9h
 603 -2.8828542e+02 2.45e-03 1.01e+00 1.15e-06  -7.0     -   3.91e-03  2  9h
 604 -2.8828555e+02 2.45e-03 1.00e+00 1.14e-06  -7.0     -   3.91e-03  2  9h
 605 -2.8828567e+02 2.44e-03 1.00e+00 1.14e-06  -7.0     -   3.91e-03  2  9h
 606 -2.8828580e+02 2.44e-03 9.98e-01 1.14e-06  -7.0     -   3.91e-03  2  9h
 607 -2.8828593e+02 2.44e-03 9.95e-01 1.13e-06  -7.0     -   3.91e-03  2  9h
 608 -2.8828606e+02 2.44e-03 9.91e-01 1.13e-06  -7.0     -   3.91e-03  2  9h
 609 -2.8828618e+02 2.43e-03 9.87e-01 1.12e-06  -7.0     -   3.91e-03  2  9h
iter    objective    inf_pr   inf_du inf_compl lg(mu) lg(rg) alpha_pr ir ls
 610 -2.8828631e+02 2.43e-03 9.83e-01 1.12e-06  -7.0     -   3.91e-03  2  9h
 611 -2.8828644e+02 2.43e-03 9.79e-01 1.12e-06  -7.0     -   3.91e-03  2  9h
 612 -2.8828656e+02 2.42e-03 9.75e-01 1.11e-06  -7.0     -   3.91e-03  2  9h
 613 -2.8828669e+02 2.42e-03 9.64e-01 1.10e-06  -7.0     -   3.91e-03  1  9h
 614 -2.8828682e+02 2.42e-03 9.70e-01 1.10e-06  -7.0     -   3.91e-03  2  9h
 615 -2.8828694e+02 2.41e-03 9.62e-01 1.10e-06  -7.0     -   3.91e-03  2  9h
 616 -2.8828707e+02 2.41e-03 9.60e-01 1.10e-06  -7.0     -   3.91e-03  2  9h
 617 -2.8828719e+02 2.41e-03 9.55e-01 1.09e-06  -7.0     -   3.91e-03  2  9h
 618 -2.8828732e+02 2.40e-03 9.51e-01 1.09e-06  -7.0     -   3.91e-03  2  9h
 619 -2.8828744e+02 2.40e-03 9.47e-01 1.08e-06  -7.0     -   3.91e-03  2  9h
iter    objective    inf_pr   inf_du inf_compl lg(mu) lg(rg) alpha_pr ir ls
 620 -2.8828757e+02 2.40e-03 9.43e-01 1.08e-06  -7.0     -   3.91e-03  2  9h
 621 -2.8828769e+02 2.39e-03 9.41e-01 1.08e-06  -7.0     -   3.91e-03  1  9h
 622 -2.8828781e+02 2.39e-03 9.34e-01 1.07e-06  -7.0     -   3.91e-03  2  9h
 623 -2.8828794e+02 2.39e-03 9.32e-01 1.07e-06  -7.0     -   3.91e-03  2  9h
 624 -2.8828806e+02 2.38e-03 9.27e-01 1.06e-06  -7.0     -   3.91e-03  2  9h
 625 -2.8828818e+02 2.38e-03 9.23e-01 1.06e-06  -7.0     -   3.91e-03  2  9h
 626 -2.8828831e+02 2.38e-03 9.19e-01 1.05e-06  -7.0     -   3.91e-03  2  9h
 627 -2.8828843e+02 2.37e-03 9.15e-01 1.05e-06  -7.0     -   3.91e-03  2  9h
 628 -2.8828855e+02 2.37e-03 9.12e-01 1.05e-06  -7.0     -   3.91e-03  2  9h
 629 -2.8828867e+02 2.36e-03 9.07e-01 1.04e-06  -7.0     -   3.91e-03  2  9h
iter    objective    inf_pr   inf_du inf_compl lg(mu) lg(rg) alpha_pr ir ls
 630 -2.8828879e+02 2.36e-03 9.04e-01 1.04e-06  -7.0     -   3.91e-03  2  9h
 631 -2.8828891e+02 2.36e-03 9.00e-01 1.03e-06  -7.0     -   3.91e-03  2  9h
 632 -2.8828904e+02 2.35e-03 8.96e-01 1.03e-06  -7.0     -   3.91e-03  2  9h
 633 -2.8828916e+02 2.35e-03 8.91e-01 1.03e-06  -7.0     -   3.91e-03  2  9h
 634 -2.8828928e+02 2.34e-03 8.88e-01 1.02e-06  -7.0     -   3.91e-03  2  9h
 635 -2.8828940e+02 2.34e-03 8.84e-01 1.02e-06  -7.0     -   3.91e-03  2  9h
 636 -2.8828952e+02 2.34e-03 8.81e-01 1.02e-06  -7.0     -   3.91e-03  2  9h
 637 -2.8828963e+02 2.33e-03 8.76e-01 1.01e-06  -7.0     -   3.91e-03  2  9h
 638 -2.8828975e+02 2.33e-03 8.73e-01 1.01e-06  -7.0     -   3.91e-03  2  9h
 639 -2.8828987e+02 2.32e-03 8.69e-01 1.00e-06  -7.0     -   3.91e-03  2  9h
iter    objective    inf_pr   inf_du inf_compl lg(mu) lg(rg) alpha_pr ir ls
 640 -2.8828999e+02 2.32e-03 8.65e-01 1.00e-06  -7.0     -   3.91e-03  2  9h
 641 -2.8829011e+02 2.31e-03 8.61e-01 9.97e-07  -7.0     -   3.91e-03  2  9h
 642 -2.8829023e+02 2.31e-03 8.57e-01 9.93e-07  -7.0     -   3.91e-03  2  9h
 643 -2.8829034e+02 2.30e-03 8.53e-01 9.89e-07  -7.0     -   3.91e-03  2  9h
 644 -2.8829058e+02 2.30e-03 8.46e-01 9.82e-07  -7.0     -   7.81e-03  2  8h
 645 -2.8829081e+02 2.30e-03 8.38e-01 9.74e-07  -7.0     -   7.81e-03  2  8h
 646 -2.8829104e+02 2.30e-03 8.31e-01 9.67e-07  -7.0     -   7.81e-03  2  8h
 647 -2.8829128e+02 2.30e-03 8.23e-01 9.59e-07  -7.0     -   7.81e-03  2  8h
 648 -2.8829151e+02 2.30e-03 8.16e-01 9.52e-07  -7.0     -   7.81e-03  2  8h
 649 -2.8829173e+02 2.30e-03 8.08e-01 9.45e-07  -7.0     -   7.81e-03  2  8h
iter    objective    inf_pr   inf_du inf_compl lg(mu) lg(rg) alpha_pr ir ls
 650 -2.8829196e+02 2.30e-03 8.01e-01 9.38e-07  -7.0     -   7.81e-03  2  8h
 651 -2.8829219e+02 2.29e-03 7.93e-01 9.31e-07  -7.0     -   7.81e-03  2  8h
 652 -2.8829241e+02 2.29e-03 7.86e-01 9.24e-07  -7.0     -   7.81e-03  2  8h
 653 -2.8829264e+02 2.29e-03 7.79e-01 9.17e-07  -7.0     -   7.81e-03  2  8h
 654 -2.8829286e+02 2.28e-03 7.70e-01 9.09e-07  -7.0     -   7.81e-03  1  8h
 655 -2.8829308e+02 2.28e-03 7.65e-01 9.03e-07  -7.0     -   7.81e-03  2  8h
 656 -2.8829330e+02 2.28e-03 7.57e-01 8.96e-07  -7.0     -   7.81e-03  2  8h
 657 -2.8829352e+02 2.27e-03 7.50e-01 8.89e-07  -7.0     -   7.81e-03  2  8h
 658 -2.8829374e+02 2.27e-03 7.43e-01 8.82e-07  -7.0     -   7.81e-03  2  8h
 659 -2.8829395e+02 2.26e-03 7.36e-01 8.76e-07  -7.0     -   7.81e-03  2  8h
iter    objective    inf_pr   inf_du inf_compl lg(mu) lg(rg) alpha_pr ir ls
 660 -2.8829417e+02 2.26e-03 7.29e-01 8.69e-07  -7.0     -   7.81e-03  2  8h
 661 -2.8829438e+02 2.25e-03 7.22e-01 8.62e-07  -7.0     -   7.81e-03  2  8h
 662 -2.8829459e+02 2.25e-03 7.15e-01 8.56e-07  -7.0     -   7.81e-03  2  8h
 663 -2.8829481e+02 2.24e-03 7.09e-01 8.49e-07  -7.0     -   7.81e-03  2  8h
 664 -2.8829502e+02 2.24e-03 7.02e-01 8.43e-07  -7.0     -   7.81e-03  2  8h
 665 -2.8829522e+02 2.23e-03 6.95e-01 8.37e-07  -7.0     -   7.81e-03  2  8h
 666 -2.8829543e+02 2.22e-03 6.89e-01 8.30e-07  -7.0     -   7.81e-03  2  8h
 667 -2.8829564e+02 2.22e-03 6.82e-01 8.24e-07  -7.0     -   7.81e-03  2  8h
 668 -2.8829584e+02 2.21e-03 6.76e-01 8.18e-07  -7.0     -   7.81e-03  2  8h
 669 -2.8829605e+02 2.20e-03 6.69e-01 8.12e-07  -7.0     -   7.81e-03  2  8h
iter    objective    inf_pr   inf_du inf_compl lg(mu) lg(rg) alpha_pr ir ls
 670 -2.8829625e+02 2.20e-03 6.63e-01 8.06e-07  -7.0     -   7.81e-03  2  8h
 671 -2.8829645e+02 2.19e-03 6.57e-01 8.00e-07  -7.0     -   7.81e-03  2  8h
 672 -2.8829665e+02 2.18e-03 6.51e-01 7.94e-07  -7.0     -   7.81e-03  2  8h
 673 -2.8829685e+02 2.17e-03 6.44e-01 7.88e-07  -7.0     -   7.81e-03  2  8h
 674 -2.8829705e+02 2.17e-03 6.38e-01 7.82e-07  -7.0     -   7.81e-03  2  8h
 675 -2.8829725e+02 2.16e-03 6.32e-01 7.76e-07  -7.0     -   7.81e-03  2  8h
 676 -2.8829745e+02 2.15e-03 6.26e-01 7.70e-07  -7.0     -   7.81e-03  2  8h
 677 -2.8829764e+02 2.14e-03 6.20e-01 7.65e-07  -7.0     -   7.81e-03  2  8h
 678 -2.8829783e+02 2.13e-03 6.14e-01 7.59e-07  -7.0     -   7.81e-03  2  8h
 679 -2.8829803e+02 2.13e-03 6.09e-01 7.53e-07  -7.0     -   7.81e-03  2  8h
iter    objective    inf_pr   inf_du inf_compl lg(mu) lg(rg) alpha_pr ir ls
 680 -2.8829841e+02 2.13e-03 5.98e-01 7.43e-07  -7.0     -   1.56e-02  2  7h
 681 -2.8829879e+02 2.12e-03 5.86e-01 7.31e-07  -7.0     -   1.56e-02  2  7h
 682 -2.8829916e+02 2.12e-03 5.75e-01 7.21e-07  -7.0     -   1.56e-02  2  7h
 683 -2.8829953e+02 2.12e-03 5.64e-01 7.10e-07  -7.0     -   1.56e-02  2  7h
 684 -2.8829989e+02 2.11e-03 5.53e-01 7.00e-07  -7.0     -   1.56e-02  2  7h
 685 -2.8830025e+02 2.11e-03 5.43e-01 6.90e-07  -7.0     -   1.56e-02  2  7h
 686 -2.8830060e+02 2.10e-03 5.33e-01 6.80e-07  -7.0     -   1.56e-02  2  7h
 687 -2.8830095e+02 2.09e-03 5.22e-01 6.70e-07  -7.0     -   1.56e-02  2  7h
 688 -2.8830130e+02 2.08e-03 5.13e-01 6.60e-07  -7.0     -   1.56e-02  2  7h
 689 -2.8830164e+02 2.07e-03 5.03e-01 6.51e-07  -7.0     -   1.56e-02  2  7h
iter    objective    inf_pr   inf_du inf_compl lg(mu) lg(rg) alpha_pr ir ls
 690 -2.8830198e+02 2.06e-03 4.93e-01 6.41e-07  -7.0     -   1.56e-02  2  7h
 691 -2.8830231e+02 2.05e-03 4.84e-01 6.32e-07  -7.0     -   1.56e-02  2  7h
 692 -2.8830264e+02 2.04e-03 4.75e-01 6.23e-07  -7.0     -   1.56e-02  2  7h
 693 -2.8830296e+02 2.02e-03 4.66e-01 6.15e-07  -7.0     -   1.56e-02  2  7h
 694 -2.8830328e+02 2.01e-03 4.57e-01 6.06e-07  -7.0     -   1.56e-02  2  7h
 695 -2.8830360e+02 2.00e-03 4.49e-01 5.97e-07  -7.0     -   1.56e-02  2  7h
 696 -2.8830391e+02 1.98e-03 4.40e-01 5.89e-07  -7.0     -   1.56e-02  2  7h
 697 -2.8830421e+02 1.97e-03 4.32e-01 5.81e-07  -7.0     -   1.56e-02  2  7h
 698 -2.8830452e+02 1.95e-03 4.24e-01 5.73e-07  -7.0     -   1.56e-02  2  7h
 699 -2.8830511e+02 1.95e-03 4.09e-01 5.57e-07  -7.0     -   3.12e-02  2  6h
iter    objective    inf_pr   inf_du inf_compl lg(mu) lg(rg) alpha_pr ir ls
 700 -2.8830569e+02 1.95e-03 3.94e-01 5.42e-07  -7.0     -   3.12e-02  2  6h
 701 -2.8830626e+02 1.94e-03 3.79e-01 5.27e-07  -7.0     -   3.12e-02  2  6h
 702 -2.8830681e+02 1.92e-03 3.65e-01 5.13e-07  -7.0     -   3.12e-02  2  6h
 703 -2.8830734e+02 1.91e-03 3.52e-01 4.99e-07  -7.0     -   3.12e-02  2  6h
 704 -2.8830786e+02 1.89e-03 3.39e-01 4.86e-07  -7.0     -   3.12e-02  2  6h
 705 -2.8830837e+02 1.87e-03 3.26e-01 4.73e-07  -7.0     -   3.12e-02  2  6h
 706 -2.8830886e+02 1.84e-03 3.14e-01 4.61e-07  -7.0     -   3.12e-02  2  6h
 707 -2.8830933e+02 1.82e-03 3.03e-01 4.49e-07  -7.0     -   3.12e-02  2  6h
 708 -2.8830980e+02 1.79e-03 2.92e-01 4.38e-07  -7.0     -   3.12e-02  2  6h
 709 -2.8831070e+02 1.79e-03 2.72e-01 4.16e-07  -7.0     -   6.25e-02  2  5h
iter    objective    inf_pr   inf_du inf_compl lg(mu) lg(rg) alpha_pr ir ls
 710 -2.8831155e+02 1.77e-03 2.53e-01 3.95e-07  -7.0     -   6.25e-02  2  5h
 711 -2.8831235e+02 1.74e-03 2.35e-01 3.75e-07  -7.0     -   6.25e-02  2  5h
 712 -2.8831310e+02 1.70e-03 2.18e-01 3.57e-07  -7.0     -   6.25e-02  2  5h
 713 -2.8831381e+02 1.65e-03 2.02e-01 3.40e-07  -7.0     -   6.25e-02  2  5h
 714 -2.8831448e+02 1.60e-03 1.88e-01 3.24e-07  -7.0     -   6.25e-02  2  5h
 715 -2.8831574e+02 1.58e-03 1.63e-01 2.95e-07  -7.0     -   1.25e-01  2  4h
 716 -2.8831684e+02 1.51e-03 1.41e-01 2.69e-07  -7.0     -   1.25e-01  1  4h
 717 -2.8831782e+02 1.42e-03 1.21e-01 2.47e-07  -7.0     -   1.25e-01  2  4h
 718 -2.8831953e+02 1.35e-03 8.96e-02 2.08e-07  -7.0     -   2.50e-01  2  3h
 719 -2.8832213e+02 1.28e-03 4.34e-02 1.49e-07  -7.0     -   5.00e-01  2  2h
iter    objective    inf_pr   inf_du inf_compl lg(mu) lg(rg) alpha_pr ir ls
 720 -2.8832474e+02 5.16e-04 1.27e-03 9.10e-08  -7.0     -   1.00e+00  1  1h
 721 -2.8832471e+02 1.05e-05 4.26e-05 9.09e-08  -7.0     -   1.00e+00  1  1h
 722 -2.8832469e+02 7.41e-07 2.51e-06 9.10e-08  -7.0     -   1.00e+00  2  1h
 723 -2.8832469e+02 8.36e-12 4.45e-11 9.09e-08  -7.0     -   1.00e+00  1  1h

Number of Iterations....: 723

                                   (scaled)                 (unscaled)
Objective...............:  -1.2640665864394685e-01   -2.8832468820270805e+02
Dual infeasibility......:   4.4522378839229049e-11    1.0155241135691768e-07
Constraint violation....:   8.3587922057841685e-12    8.3587922057841685e-12
Complementarity.........:   3.9856163032196939e-11    9.0909101644581517e-08
Overall NLP error.......:   9.0909101644581517e-08    9.0909101644581517e-08

Number of objective function evaluations              = 6335
Number of objective gradient evaluations              = 724
Number of constraint evaluations                      = 6335
Number of constraint Jacobian evaluations             = 725
Number of Lagrangian Hessian evaluations              = 723
Number of KKT factorizations                          = 797
Number of KKT backsolves                              = 2586

Total wall secs in initialization                     =  0.136 s
Total wall secs in linear solver                      =  unavailable
Total wall secs in NLP function evaluations           =  9.714 s
Total wall secs in solver (w/o init./fun./lin. alg.)  =  unavailable
Total wall secs                                       = 19.477 s

[32mEXIT: Optimal Solution Found (tol = 1.0e-06).[0m
This is [34mMad[31mN[32mL[35mP[0m version v0.9.2, running with cuDSS v0.7.1

Number of nonzeros in constraint Jacobian............:    42340
Number of nonzeros in Lagrangian Hessian.............:    36600

Total number of variables............................:     3332
                     variables with only lower bounds:        0
                variables with lower and upper bounds:       14
                     variables with only upper bounds:        0
Total number of equality constraints.................:     3318
Total number of inequality constraints...............:        0
        inequality constraints with only lower bounds:        0
   inequality constraints with lower and upper bounds:        0
        inequality constraints with only upper bounds:        0

iter    objective    inf_pr   inf_du inf_compl lg(mu) lg(rg) alpha_pr ir ls
   0 -3.0191618e+02 5.19e-01 1.00e+02 5.97e+00  -1.0     -   0.00e+00  0  0 
   1 -3.0191628e+02 5.19e-01 1.00e+02 5.97e+00  -1.0    6.0  5.50e-07  1  1h
   2 -3.0191733e+02 5.19e-01 2.73e+02 5.97e+00  -1.0    5.5  7.54e-06  1  1h
   3 -3.0191984e+02 5.19e-01 3.06e+02 5.97e+00  -1.0    5.0  1.73e-05  1  1h
   4 -3.0192256e+02 5.19e-01 4.01e+02 5.97e+00  -1.0    4.6  3.02e-05  1  1h
   5 -3.0191034e+02 5.19e-01 4.07e+00 9.32e-04  -1.0     -   5.69e-04  1  1h
   6 -3.0040121e+02 5.00e-01 1.88e+02 8.60e-04  -1.0    4.1  3.62e-02  1  1h
   7 -2.6447968e+02 3.61e-01 6.01e+02 3.35e-04  -1.0    3.6  2.80e-01  1  1h
   8 -1.6197234e+02 1.01e-02 3.08e+00 3.37e-04  -1.0    3.1  1.00e+00  1  1h
   9 -1.0002983e+02 5.60e-04 1.92e+00 2.15e-04  -1.0    2.7  1.00e+00  1  1h
iter    objective    inf_pr   inf_du inf_compl lg(mu) lg(rg) alpha_pr ir ls
  10 -9.1863976e+01 3.56e-05 1.21e-01 2.45e-04  -1.0    2.2  1.00e+00  1  1h
  11 -9.7561720e+01 3.57e-06 6.65e-01 4.54e-04  -2.5    1.7  1.00e+00  1  1h
  12 -1.1825380e+02 3.87e-05 2.68e-01 2.27e-04  -2.5    1.2  1.00e+00  1  1h
  13 -1.5721239e+02 2.09e-04 2.31e+00 2.01e-04  -2.5    0.8  1.00e+00  1  1h
  14 -2.0024042e+02 5.76e-04 5.59e+00 2.01e-04  -2.5    0.3  1.00e+00  1  1h
  15 -2.3048267e+02 8.78e-04 4.94e+00 2.01e-04  -2.5   -0.2  1.00e+00  1  1h
  16 -2.4570507e+02 1.16e-03 3.14e+00 2.01e-04  -2.5   -0.7  1.00e+00  1  1h
  17 -2.5615064e+02 2.56e-03 1.63e+00 2.01e-04  -2.5   -1.2  1.00e+00  2  1h
  18 -2.6266319e+02 3.58e-03 6.02e-01 2.01e-04  -2.5   -1.6  1.00e+00  2  1h
  19 -2.6844815e+02 3.78e-03 4.95e-01 2.01e-04  -2.5   -2.1  1.00e+00  2  1h
iter    objective    inf_pr   inf_du inf_compl lg(mu) lg(rg) alpha_pr ir ls
  20 -2.7142461e+02 5.71e-04 2.10e-01 2.03e-04  -2.5   -1.7  1.00e+00  2  1h
  21 -2.8077641e+02 1.46e-03 7.24e+00 2.50e-04  -2.5   -2.2  6.96e-02  2  3h
  22 -2.8432212e+02 1.38e-03 5.57e+01 3.54e-04  -2.5     -   6.25e-02  3  5h
  23 -2.7864708e+02 7.93e-03 2.66e+01 2.65e-04  -2.5   -2.6  1.00e+00  1  1h
  24 -2.7833022e+02 8.35e-03 9.73e+00 3.46e-04  -2.5   -3.1  4.26e-01  1  2h
  25 -2.8004220e+02 5.97e-02 1.86e+00 2.06e-04  -2.5     -   1.00e+00  6  1h
  26 -2.7987961e+02 6.05e-02 6.70e-01 2.52e-04  -2.5   -2.7  1.00e+00  2  1h
  27 -2.8100036e+02 1.98e-02 5.27e+00 2.03e-04  -2.5   -3.2  1.00e+00  2  1h
  28 -2.8110342e+02 2.04e-02 7.72e+00 3.15e-04  -2.5   -3.6  8.70e-02  2  4h
  29 -2.8008480e+02 1.17e-02 1.53e+00 2.03e-04  -2.5   -4.1  1.00e+00  2  1h
iter    objective    inf_pr   inf_du inf_compl lg(mu) lg(rg) alpha_pr ir ls
  30 -2.8058210e+02 3.02e-03 1.37e+00 2.03e-04  -2.5   -1.9  1.00e+00  2  1h
  31 -2.8102807e+02 2.59e-03 5.98e-01 2.11e-04  -2.5   -2.4  1.00e+00  2  1H
  32 -2.8135142e+02 9.53e-04 1.12e-01 2.01e-04  -2.5   -2.8  1.00e+00  2  1h
  33 -2.8128447e+02 5.50e-02 9.86e-02 2.01e-04  -2.5     -   1.00e+00  5  1h
  34 -2.8087029e+02 3.12e-03 4.38e-01 2.01e-04  -2.5   -3.3  1.00e+00  2  1h
  35 -2.8092411e+02 1.06e-03 4.83e-02 2.01e-04  -2.5   -2.9  1.00e+00  2  1h
  36 -2.8134880e+02 6.43e-05 3.50e-01 2.01e-04  -2.5   -2.5  1.00e+00  2  1h
  37 -2.8134247e+02 1.43e-03 7.08e-01 2.84e-04  -2.5     -   6.25e-02 10  5h
  38 -2.8127771e+02 8.40e-04 3.86e-02 2.03e-04  -2.5   -2.9  1.00e+00  2  1h
  39 -2.8125640e+02 9.79e-04 1.66e-02 2.01e-04  -2.5   -3.4  1.00e+00  3  1H
iter    objective    inf_pr   inf_du inf_compl lg(mu) lg(rg) alpha_pr ir ls
  40 -2.8147149e+02 1.13e-02 1.97e+01 3.88e-04  -3.8     -   1.00e+00  2  1h
  41 -2.8232814e+02 2.09e-02 3.82e+00 1.91e-04  -3.8   -3.9  1.00e+00  2  1h
  42 -2.8278507e+02 1.89e-02 1.17e+01 4.79e-04  -3.8   -3.5  9.49e-02  2  2h
  43 -2.8402662e+02 1.89e-03 2.96e+00 1.68e-04  -3.8   -4.0  1.00e+00  2  1h
  44 -2.8429968e+02 1.06e-02 3.85e-01 1.51e-04  -3.8   -4.4  1.00e+00  2  1h
  45 -2.8453146e+02 2.69e-02 5.21e-01 1.50e-04  -3.8   -4.9  1.00e+00  3  1h
  46 -2.8456840e+02 9.27e-03 7.56e-02 1.50e-04  -3.8     -   1.00e+00  3  1h
  47 -2.8456697e+02 7.53e-03 7.58e-02 1.50e-04  -3.8     -   1.00e+00  4  1h
  48 -2.8456812e+02 1.31e-03 9.86e-03 1.50e-04  -3.8     -   1.00e+00  4  1h
  49 -2.8456609e+02 1.92e-06 3.34e-05 1.50e-04  -3.8     -   1.00e+00  3  1h
iter    objective    inf_pr   inf_du inf_compl lg(mu) lg(rg) alpha_pr ir ls
  50 -2.8545572e+02 2.01e-02 1.75e+00 4.60e-05  -5.7     -   1.00e+00  2  1h
  51 -2.8675713e+02 9.44e-01 1.55e+01 1.41e-05  -5.7   -5.4  9.35e-01  2  1h
  52 -2.8683052e+02 6.47e-01 9.49e+00 1.33e-05  -5.7   -5.9  1.24e-01  2  1h
  53 -2.8744711e+02 1.87e-01 3.40e+00 5.30e-06  -5.7   -5.4  8.97e-01  1  1h
  54 -2.8808118e+02 1.13e-01 4.39e+00 2.45e-06  -5.7   -4.1  1.00e+00  1  1h
  55 -2.8795518e+02 1.15e-02 1.18e+00 1.91e-06  -5.7     -   1.00e+00  1  1h
  56 -2.8795516e+02 1.15e-02 1.25e+00 2.46e-06  -5.7     -   8.06e-04  2  8h
  57 -2.8795929e+02 8.94e-04 6.79e-02 2.04e-06  -5.7   -4.6  1.00e+00  1  1h
  58 -2.8796298e+02 1.47e-03 3.99e-02 1.84e-06  -5.7   -5.1  1.00e+00  1  1h
  59 -2.8796300e+02 1.49e-03 2.26e+00 3.00e-06  -5.7   -5.5  3.12e-02  2  6h
iter    objective    inf_pr   inf_du inf_compl lg(mu) lg(rg) alpha_pr ir ls
  60 -2.8796293e+02 1.78e-03 2.89e-01 2.21e-06  -5.7   -5.1  5.00e-01  1  2h
  61 -2.8796325e+02 1.78e-03 7.32e-01 2.60e-06  -5.7   -5.6  6.25e-02  2  5h
  62 -2.8796329e+02 1.77e-03 2.41e+00 4.73e-06  -5.7   -6.1  3.50e-03  2  9h
  63r-2.8796261e+02 1.08e-19 9.99e+02 1.77e-03  -2.8     -   6.36e-02  2 19R
  64 -2.8768556e+02 4.44e-04 8.31e+00 2.54e-04  -5.7     -   9.99e-04  1  1f
  65 -2.8772597e+02 3.61e-06 2.25e-01 1.71e-05  -5.7   -1.6  1.00e+00  1  1h
  66 -2.8793031e+02 4.97e-08 3.92e-02 2.77e-06  -5.7   -2.1  1.00e+00  1  1h
  67 -2.8794541e+02 9.40e-02 1.53e+00 2.31e-06  -5.7     -   1.21e-01  2  2h
  68 -2.8799543e+02 7.89e-03 8.13e-02 1.92e-06  -5.7   -2.6  1.00e+00  1  1h
  69 -2.8797660e+02 5.81e-05 1.71e-02 1.86e-06  -5.7   -3.0  1.00e+00  1  1h
iter    objective    inf_pr   inf_du inf_compl lg(mu) lg(rg) alpha_pr ir ls
  70 -2.8798160e+02 4.23e-03 7.69e-02 1.84e-06  -5.7     -   1.00e+00  1  1h
  71 -2.8798164e+02 4.23e-03 2.97e+00 1.23e-05  -5.7     -   2.22e-04  4  9h
  72 -2.8798182e+02 4.12e-03 6.18e-01 4.53e-06  -5.7     -   3.12e-02  2  6h
  73 -2.8798197e+02 4.06e-03 7.68e-01 5.08e-06  -5.7     -   1.56e-02  2  7h
  74 -2.8798223e+02 3.96e-03 6.64e-01 4.70e-06  -5.7     -   3.12e-02  2  6h
  75 -2.8798246e+02 3.86e-03 5.91e-01 4.44e-06  -5.7     -   3.12e-02  2  6h
  76 -2.8798267e+02 3.75e-03 5.26e-01 4.21e-06  -5.7     -   3.12e-02  2  6h
  77 -2.8798286e+02 3.65e-03 4.73e-01 4.01e-06  -5.7     -   3.12e-02  2  6h
  78 -2.8798303e+02 3.55e-03 4.30e-01 3.83e-06  -5.7     -   3.12e-02  2  6h
  79 -2.8798334e+02 3.42e-03 3.78e-01 3.62e-06  -5.7     -   6.25e-02  2  5h
iter    objective    inf_pr   inf_du inf_compl lg(mu) lg(rg) alpha_pr ir ls
  80 -2.8798359e+02 3.39e-03 3.12e-01 3.35e-06  -5.7     -   6.25e-02  2  5h
  81 -2.8798381e+02 3.32e-03 2.66e-01 3.15e-06  -5.7     -   6.25e-02  2  5h
  82 -2.8798417e+02 3.36e-03 2.13e-01 2.91e-06  -5.7     -   1.25e-01  2  4h
  83 -2.8798443e+02 3.24e-03 1.58e-01 2.66e-06  -5.7     -   1.25e-01  2  4h
  84 -2.8798482e+02 3.24e-03 1.05e-01 2.39e-06  -5.7     -   2.50e-01  2  3h
  85 -2.8798524e+02 3.13e-03 4.25e-02 2.08e-06  -5.7     -   5.00e-01  2  2h
  86 -2.8798546e+02 1.24e-03 8.23e-03 1.85e-06  -5.7     -   1.00e+00  2  1h
  87 -2.8798546e+02 6.31e-07 7.59e-06 1.84e-06  -5.7     -   1.00e+00  2  1h
  88 -2.8821009e+02 1.82e-02 1.04e-01 6.55e-07  -7.0     -   8.63e-01  2  1h
  89 -2.8821146e+02 1.79e-02 3.65e-01 9.80e-07  -7.0     -   1.82e-02  2  6h
iter    objective    inf_pr   inf_du inf_compl lg(mu) lg(rg) alpha_pr ir ls
  90 -2.8821237e+02 1.77e-02 6.18e-01 1.20e-06  -7.0     -   1.18e-02  2  7h
  91 -2.8821361e+02 1.74e-02 6.28e-01 1.20e-06  -7.0     -   1.56e-02  1  7h
  92 -2.8821479e+02 1.72e-02 5.55e-01 1.13e-06  -7.0     -   1.56e-02  2  7h
  93 -2.8821599e+02 1.69e-02 6.32e-01 1.18e-06  -7.0     -   1.56e-02  2  7h
  94 -2.8821715e+02 1.67e-02 5.77e-01 1.13e-06  -7.0     -   1.56e-02  2  7h
  95 -2.8821830e+02 1.64e-02 6.16e-01 1.15e-06  -7.0     -   1.56e-02  2  7h
  96 -2.8821943e+02 1.61e-02 6.10e-01 1.13e-06  -7.0     -   1.56e-02  2  7h
  97 -2.8822055e+02 1.59e-02 6.16e-01 1.13e-06  -7.0     -   1.56e-02  2  7h
  98 -2.8822165e+02 1.57e-02 6.24e-01 1.12e-06  -7.0     -   1.56e-02  2  7h
  99 -2.8822273e+02 1.54e-02 6.27e-01 1.11e-06  -7.0     -   1.56e-02  2  7h
iter    objective    inf_pr   inf_du inf_compl lg(mu) lg(rg) alpha_pr ir ls
 100 -2.8822380e+02 1.52e-02 6.38e-01 1.11e-06  -7.0     -   1.56e-02  2  7h
 101 -2.8822485e+02 1.49e-02 6.44e-01 1.11e-06  -7.0     -   1.56e-02  2  7h
 102 -2.8822589e+02 1.47e-02 6.41e-01 1.10e-06  -7.0     -   1.56e-02  2  7h
 103 -2.8822692e+02 1.45e-02 6.71e-01 1.11e-06  -7.0     -   1.56e-02  1  7h
 104 -2.8822793e+02 1.43e-02 6.73e-01 1.10e-06  -7.0     -   1.56e-02  2  7h
 105 -2.8822892e+02 1.40e-02 6.72e-01 1.09e-06  -7.0     -   1.56e-02  2  7h
 106 -2.8822941e+02 1.39e-02 7.25e-01 1.12e-06  -7.0     -   7.81e-03  2  8h
 107 -2.8823038e+02 1.37e-02 6.79e-01 1.08e-06  -7.0     -   1.56e-02  2  7h
 108 -2.8823085e+02 1.36e-02 7.94e-01 1.15e-06  -7.0     -   7.60e-03  1  8h
 109 -2.8823179e+02 1.34e-02 6.74e-01 1.06e-06  -7.0     -   1.56e-02  1  7h
iter    objective    inf_pr   inf_du inf_compl lg(mu) lg(rg) alpha_pr ir ls
 110 -2.8823224e+02 1.33e-02 8.29e-01 1.19e-06  -7.0     -   7.36e-03  2  8h
 111 -2.8823316e+02 1.31e-02 6.66e-01 1.04e-06  -7.0     -   1.56e-02  2  7h
 112 -2.8823356e+02 1.30e-02 9.26e-01 1.28e-06  -7.0     -   6.77e-03  2  8h
 113 -2.8823445e+02 1.28e-02 6.35e-01 1.02e-06  -7.0     -   1.56e-02  2  7h
 114 -2.8823480e+02 1.27e-02 1.11e+00 1.46e-06  -7.0     -   5.77e-03  2  8h
 115 -2.8823565e+02 1.25e-02 5.23e-01 9.36e-07  -7.0     -   1.56e-02  2  7h
 116 -2.8823575e+02 1.25e-02 1.49e+00 1.82e-06  -7.0     -   1.60e-03  2  9h
 117 -2.8823736e+02 1.21e-02 3.52e-01 8.26e-07  -7.0     -   3.12e-02  2  6h
 118r-2.8824402e+02 8.67e-19 9.99e+02 1.21e-02  -1.9     -   4.00e-02  2 18R
 119r-2.8810481e+02 1.05e-07 4.15e-01 1.95e-01  -1.9     -   4.41e-05  1  1f
iter    objective    inf_pr   inf_du inf_compl lg(mu) lg(rg) alpha_pr ir ls
 120 -2.5218228e+02 7.29e-04 3.56e+00 3.95e-04  -7.0     -   9.90e-01  1  1f
 121 -2.7128487e+02 6.15e-04 3.86e+01 4.64e-04  -7.0   -0.8  2.50e-01  2  3h
 122 -2.7672196e+02 1.12e-05 3.60e+01 5.15e-04  -7.0   -0.4  1.00e+00  1  1h
 123 -2.8087628e+02 2.17e-05 4.05e+01 4.68e-04  -7.0   -0.9  1.00e+00  1  1h
 124 -2.8218434e+02 2.52e-05 4.47e+01 2.86e-04  -7.0   -1.3  1.00e+00  1  1h
 125r-2.8207778e+02 8.47e-22 9.99e+02 2.33e-04  -4.6     -   1.72e-02 10 19R
 126 -2.8217438e+02 6.30e-06 4.27e+01 1.75e-04  -7.0     -   1.00e-03  1  1f
 127 -2.8226978e+02 5.83e-06 3.85e+01 1.01e-04  -7.0   -1.8  1.00e-01  1  1h
 128 -2.8335733e+02 4.33e-06 2.35e+01 8.15e-05  -7.0   -1.4  4.49e-01  1  1h
 129 -2.8458126e+02 6.51e-06 2.45e+01 5.39e-05  -7.0   -1.9  3.59e-01  1  1h
iter    objective    inf_pr   inf_du inf_compl lg(mu) lg(rg) alpha_pr ir ls
 130 -2.8573659e+02 2.31e-05 2.35e+01 4.10e-05  -7.0   -2.3  4.33e-01  1  1h
 131 -2.8659195e+02 1.61e-05 1.98e+01 3.11e-05  -7.0   -2.8  3.48e-01  1  1h
 132 -2.8773990e+02 6.16e-06 1.81e+01 2.20e-05  -7.0   -2.4  6.15e-01  1  1h
 133 -2.8809814e+02 1.84e-06 1.04e+01 1.14e-05  -7.0   -2.9  7.01e-01  1  1h
 134 -2.8823606e+02 7.57e-07 4.14e+00 4.23e-06  -7.0   -3.3  9.17e-01  1  1h
 135 -2.8827259e+02 6.80e-06 8.03e-01 8.74e-07  -7.0   -3.8  1.00e+00  1  1h
 136 -2.8828817e+02 2.61e-05 1.88e-03 1.44e-07  -7.0   -4.3  1.00e+00  1  1h
 137 -2.8829370e+02 5.62e-05 5.57e-04 9.56e-08  -7.0   -4.8  1.00e+00  1  1h
 138 -2.8829360e+02 1.00e-04 2.86e-04 9.09e-08  -7.0   -5.2  1.00e+00  2  1h
 139 -2.8829634e+02 3.05e-02 6.99e-01 1.88e-07  -7.0     -   7.12e-02  2  2h
iter    objective    inf_pr   inf_du inf_compl lg(mu) lg(rg) alpha_pr ir ls
 140 -2.8829634e+02 3.05e-02 1.41e+00 4.39e-07  -7.0     -   6.14e-04  2  9h
 141 -2.8829635e+02 3.05e-02 1.78e+00 6.46e-07  -7.0     -   4.80e-03  2  8h
 142 -2.8829635e+02 3.04e-02 1.50e+00 5.70e-07  -7.0     -   3.91e-03  2  9h
 143 -2.8829635e+02 3.04e-02 1.67e+00 6.35e-07  -7.0     -   3.59e-03  2  9h
 144 -2.8829636e+02 3.03e-02 1.61e+00 6.26e-07  -7.0     -   3.72e-03  2  9h
 145 -2.8829636e+02 3.03e-02 1.68e+00 7.71e-07  -7.0     -   3.57e-03  2  9h
 146 -2.8829637e+02 3.02e-02 1.68e+00 9.30e-07  -7.0     -   3.57e-03  2  9h
 147 -2.8829637e+02 3.02e-02 1.70e+00 1.12e-06  -7.0     -   3.53e-03  2  9h
 148 -2.8829638e+02 3.02e-02 1.70e+00 1.33e-06  -7.0     -   3.51e-03  2  9h
 149 -2.8829639e+02 3.01e-02 1.70e+00 1.57e-06  -7.0     -   3.50e-03  2  9h
iter    objective    inf_pr   inf_du inf_compl lg(mu) lg(rg) alpha_pr ir ls
 150 -2.8829639e+02 3.01e-02 1.70e+00 1.83e-06  -7.0     -   3.51e-03  2  9h
 151 -2.8829640e+02 3.00e-02 1.69e+00 2.11e-06  -7.0     -   3.52e-03  2  9h
 152 -2.8829641e+02 3.00e-02 1.68e+00 2.40e-06  -7.0     -   3.55e-03  2  9h
 153 -2.8829642e+02 3.00e-02 1.66e+00 2.70e-06  -7.0     -   3.58e-03  2  9h
 154 -2.8829643e+02 2.99e-02 1.64e+00 3.01e-06  -7.0     -   3.61e-03  2  9h
 155 -2.8829644e+02 2.99e-02 1.62e+00 3.30e-06  -7.0     -   3.65e-03  2  9h
 156 -2.8829645e+02 2.98e-02 1.60e+00 3.57e-06  -7.0     -   3.68e-03  2  9h
 157 -2.8829647e+02 2.98e-02 1.59e+00 3.83e-06  -7.0     -   3.71e-03  2  9h
 158 -2.8829648e+02 2.97e-02 1.56e+00 4.06e-06  -7.0     -   3.76e-03  2  9h
 159 -2.8829650e+02 2.97e-02 1.56e+00 4.29e-06  -7.0     -   3.76e-03  2  9h
iter    objective    inf_pr   inf_du inf_compl lg(mu) lg(rg) alpha_pr ir ls
 160 -2.8829651e+02 2.96e-02 1.53e+00 4.45e-06  -7.0     -   3.83e-03  2  9h
 161 -2.8829653e+02 2.96e-02 1.54e+00 4.67e-06  -7.0     -   3.79e-03  2  9h
 162 -2.8829655e+02 2.95e-02 1.52e+00 4.82e-06  -7.0     -   3.84e-03  2  9h
 163 -2.8829657e+02 2.95e-02 1.52e+00 4.97e-06  -7.0     -   3.84e-03  2  9h
 164 -2.8829659e+02 2.94e-02 1.51e+00 5.11e-06  -7.0     -   3.86e-03  2  9h
 165 -2.8829661e+02 2.94e-02 1.51e+00 5.23e-06  -7.0     -   3.87e-03  2  9h
 166 -2.8829663e+02 2.93e-02 1.52e+00 5.33e-06  -7.0     -   3.89e-03  2  9h
 167 -2.8829665e+02 2.93e-02 1.54e+00 5.44e-06  -7.0     -   3.87e-03  2  9h
 168 -2.8829667e+02 2.92e-02 1.55e+00 5.53e-06  -7.0     -   3.90e-03  2  9h
 169 -2.8829670e+02 2.92e-02 1.57e+00 5.61e-06  -7.0     -   3.89e-03  2  9h
iter    objective    inf_pr   inf_du inf_compl lg(mu) lg(rg) alpha_pr ir ls
 170 -2.8829672e+02 2.91e-02 1.58e+00 5.68e-06  -7.0     -   3.90e-03  2  9h
 171 -2.8829675e+02 2.91e-02 1.60e+00 5.74e-06  -7.0     -   3.91e-03  2  9h
 172 -2.8829677e+02 2.90e-02 1.62e+00 5.81e-06  -7.0     -   3.91e-03  2  9h
 173 -2.8829680e+02 2.90e-02 1.63e+00 5.84e-06  -7.0     -   3.91e-03  2  9h
 174 -2.8829683e+02 2.89e-02 1.65e+00 5.90e-06  -7.0     -   3.91e-03  2  9h
 175 -2.8829685e+02 2.89e-02 1.66e+00 5.92e-06  -7.0     -   3.91e-03  2  9h
 176 -2.8829688e+02 2.88e-02 1.69e+00 5.98e-06  -7.0     -   3.91e-03  2  9h
 177 -2.8829691e+02 2.88e-02 1.68e+00 5.96e-06  -7.0     -   3.91e-03  2  9h
 178 -2.8829694e+02 2.87e-02 1.71e+00 5.99e-06  -7.0     -   3.91e-03  2  9h
 179 -2.8829697e+02 2.86e-02 1.76e+00 6.14e-06  -7.0     -   3.85e-03  2  9h
iter    objective    inf_pr   inf_du inf_compl lg(mu) lg(rg) alpha_pr ir ls
 180 -2.8829704e+02 2.86e-02 1.68e+00 5.94e-06  -7.0     -   7.81e-03  2  8h
 181 -2.8829707e+02 2.86e-02 1.80e+00 6.05e-06  -7.0     -   3.88e-03  2  9h
 182 -2.8829714e+02 2.86e-02 1.74e+00 5.90e-06  -7.0     -   7.81e-03  2  8h
 183 -2.8829721e+02 2.86e-02 1.81e+00 5.91e-06  -7.0     -   7.81e-03  2  8h
 184 -2.8829728e+02 2.86e-02 1.82e+00 5.83e-06  -7.0     -   7.81e-03  2  8h
 185 -2.8829735e+02 2.86e-02 1.84e+00 5.72e-06  -7.0     -   7.81e-03  2  8h
 186 -2.8829743e+02 2.86e-02 1.87e+00 5.63e-06  -7.0     -   7.81e-03  2  8h
 187 -2.8829750e+02 2.86e-02 1.89e+00 5.49e-06  -7.0     -   7.81e-03  2  8h
 188 -2.8829758e+02 2.86e-02 1.92e+00 5.37e-06  -7.0     -   7.81e-03  2  8h
 189 -2.8829767e+02 2.85e-02 1.94e+00 5.22e-06  -7.0     -   7.81e-03  2  8h
iter    objective    inf_pr   inf_du inf_compl lg(mu) lg(rg) alpha_pr ir ls
 190 -2.8829775e+02 2.85e-02 1.98e+00 5.13e-06  -7.0     -   7.81e-03  2  8h
 191 -2.8829783e+02 2.85e-02 1.97e+00 4.91e-06  -7.0     -   7.81e-03  2  8h
 192 -2.8829792e+02 2.85e-02 2.01e+00 4.76e-06  -7.0     -   7.81e-03  2  8h
 193 -2.8829800e+02 2.85e-02 2.05e+00 4.62e-06  -7.0     -   7.81e-03  2  8h
 194 -2.8829804e+02 2.84e-02 2.12e+00 4.64e-06  -7.0     -   3.90e-03  2  9h
 195 -2.8829820e+02 2.83e-02 1.73e+00 3.56e-06  -7.0   -5.7  3.21e-03  1  2h
 196 -2.8829821e+02 2.83e-02 1.76e+00 3.85e-06  -7.0     -   2.37e-05  3  7h
 197 -2.8829886e+02 2.61e-02 5.15e-02 2.20e-07  -7.0   -4.4  7.81e-02  1  2h
 198 -2.8830609e+02 2.41e-05 1.16e-04 9.21e-08  -7.0   -4.9  1.00e+00  1  1h
 199 -2.8830642e+02 5.08e-04 1.64e-03 9.09e-08  -7.0   -5.3  1.00e+00  2  1h
iter    objective    inf_pr   inf_du inf_compl lg(mu) lg(rg) alpha_pr ir ls
 200 -2.8830651e+02 4.95e-04 7.92e-02 1.02e-07  -7.0   -5.8  6.25e-02  2  5h
 201 -2.8830877e+02 1.32e-02 1.37e-01 1.05e-07  -7.0   -6.3  5.00e-01  2  2h
 202 -2.8830895e+02 1.31e-02 1.06e+00 2.18e-07  -7.0   -6.8  1.22e-02  2  7h
 203 -2.8830902e+02 1.31e-02 1.53e+00 2.90e-07  -7.0   -7.3  1.93e-03  2  9h
 204 -2.8830942e+02 7.37e-05 1.93e-04 9.41e-08  -7.0   -5.0  1.00e+00  1  1h
 205 -2.8831024e+02 1.28e-03 4.30e-03 9.09e-08  -7.0   -5.5  1.00e+00  2  1h
 206 -2.8831039e+02 1.25e-03 1.49e-01 1.09e-07  -7.0   -6.0  6.25e-02  2  5h
 207 -2.8831046e+02 1.25e-03 5.22e-01 1.58e-07  -7.0   -6.5  7.81e-03  2  8h
 208 -2.8831047e+02 1.25e-03 1.33e+00 2.70e-07  -7.0   -6.9  5.75e-04  2 11h
 209 -2.8831106e+02 1.08e-03 1.96e-01 3.62e-07  -7.0   -5.6  1.00e+00  1  1H
iter    objective    inf_pr   inf_du inf_compl lg(mu) lg(rg) alpha_pr ir ls
 210 -2.8831203e+02 2.51e-04 1.46e-01 2.41e-07  -7.0   -6.1  2.50e-01  2  3h
 211 -2.8831205e+02 2.50e-04 6.59e-01 1.89e-07  -7.0   -6.6  1.95e-03  2 10h
 212 -2.8831206e+02 2.51e-04 1.36e+00 2.92e-07  -7.0   -7.0  3.31e-04  2 12h
 213 -2.8831209e+02 2.51e-04 1.17e+00 1.61e-07  -7.0   -5.7  2.47e-03  1  5h
 214 -2.8831188e+02 2.52e-04 8.14e-01 8.16e-07  -7.0   -5.3  1.10e-02  2  4h
 215 -2.8831203e+02 2.49e-04 1.35e-01 1.98e-07  -7.0   -5.8  6.25e-02  1  5h
 216 -2.8831207e+02 2.49e-04 2.99e-01 1.70e-07  -7.0   -6.2  7.81e-03  2  8h
 217 -2.8831209e+02 2.49e-04 9.60e-01 2.30e-07  -7.0   -6.7  9.63e-04  2 11h
 218 -2.8831209e+02 2.49e-04 1.34e+00 2.86e-07  -7.0   -7.2  1.36e-04  2 13h
 219 -2.8831278e+02 1.34e-04 5.27e-02 1.20e-07  -7.0   -5.0  6.08e-01  1  1h
iter    objective    inf_pr   inf_du inf_compl lg(mu) lg(rg) alpha_pr ir ls
 220 -2.8831346e+02 1.79e-04 1.17e-02 2.35e-07  -7.0   -5.4  1.00e+00  1  1H
 221 -2.8831350e+02 1.78e-04 1.50e-01 1.81e-07  -7.0   -5.9  1.56e-02  2  7h
 222 -2.8831352e+02 1.78e-04 4.83e-01 1.52e-07  -7.0   -6.4  1.95e-03  2 10h
 223 -2.8831352e+02 1.78e-04 1.22e+00 2.50e-07  -7.0   -6.9  1.80e-04  2 13h
 224 -2.8831357e+02 1.78e-04 5.07e-01 1.21e-07  -7.0   -5.5  1.42e-02  1  4h
 225 -2.8831362e+02 1.78e-04 1.86e-01 1.53e-07  -7.0   -6.0  1.56e-02  2  7h
 226 -2.8831363e+02 1.78e-04 6.26e-01 1.70e-07  -7.0   -6.5  9.77e-04  2 11h
 227 -2.8831364e+02 1.78e-04 1.22e+00 2.50e-07  -7.0   -7.0  7.78e-05  2 14h
 228 -2.8831366e+02 1.78e-04 7.57e-01 1.36e-07  -7.0   -5.6  4.09e-03  2  5h
 229 -2.8831369e+02 1.78e-04 2.57e-01 1.33e-07  -7.0   -6.1  7.81e-03  1  8h
iter    objective    inf_pr   inf_du inf_compl lg(mu) lg(rg) alpha_pr ir ls
 230 -2.8831370e+02 1.78e-04 8.06e-01 1.94e-07  -7.0   -6.6  4.88e-04  2 12h
 231 -2.8831370e+02 1.78e-04 1.22e+00 2.48e-07  -7.0   -7.1  3.32e-05  2 15h
 232 -2.8831371e+02 1.78e-04 1.03e+00 1.57e-07  -7.0   -5.7  8.15e-04  2  6h
 233 -2.8831364e+02 1.76e-04 3.57e-01 4.23e-07  -7.0   -6.2  1.98e-02  2  4h
 234 -2.8831365e+02 1.76e-04 1.06e+00 2.25e-07  -7.0   -6.7  3.89e-04  2 12h
 235r-2.8831528e+02 1.36e-20 9.99e+02 1.76e-04  -3.8     -   2.37e-02  2 20R
 236 -2.8825788e+02 4.40e-05 4.79e+01 1.96e-04  -7.0     -   1.00e-03  1  1f
 237 -2.8826150e+02 3.58e-05 3.89e+01 2.22e-06  -7.0   -2.2  1.87e-01  1  1h
 238 -2.8830140e+02 6.74e-09 5.74e-02 5.50e-07  -7.0   -1.8  1.00e+00  1  1h
 239 -2.8830180e+02 1.69e-04 1.17e+00 3.43e-07  -7.0     -   9.17e-03  2  6h
iter    objective    inf_pr   inf_du inf_compl lg(mu) lg(rg) alpha_pr ir ls
 240 -2.8831216e+02 6.55e-09 1.87e-03 1.17e-07  -7.0   -2.3  1.00e+00  1  1h
 241 -2.8831407e+02 3.33e-09 4.08e-05 9.23e-08  -7.0   -2.8  1.00e+00  1  1h
 242 -2.8831412e+02 2.13e-08 1.29e-06 9.09e-08  -7.0   -3.2  1.00e+00  1  1h
 243 -2.8831416e+02 1.17e-07 8.34e-06 9.09e-08  -7.0   -3.7  1.00e+00  1  1h
 244 -2.8831423e+02 6.07e-07 3.26e-05 9.09e-08  -7.0   -4.2  1.00e+00  2  1h
 245 -2.8831438e+02 1.85e-05 1.49e-04 9.09e-08  -7.0   -4.7  1.00e+00  2  1h
 246 -2.8831479e+02 2.64e-04 9.80e-04 9.09e-08  -7.0   -5.1  1.00e+00  2  1h
 247 -2.8831604e+02 2.53e-04 2.13e-02 9.10e-08  -7.0   -5.6  1.00e+00  2  1H
 248 -2.8831607e+02 2.53e-04 2.55e-01 1.21e-07  -7.0   -6.1  7.81e-03  2  8h
 249r-2.8832911e+02 1.36e-20 9.99e+02 2.53e-04  -3.6     -   3.34e-02  3 18R
iter    objective    inf_pr   inf_du inf_compl lg(mu) lg(rg) alpha_pr ir ls
 250r-2.8823228e+02 2.95e-08 1.38e-01 5.15e-02  -3.6     -   1.00e-03  1  1f
 251r-2.8627257e+02 3.31e-05 2.97e-02 4.87e-02  -3.6     -   3.12e-02  2  6f
 252r-2.8212905e+02 5.39e-05 7.10e-02 4.27e-02  -3.6     -   1.25e-01  2  4h
 253r-2.7298251e+02 1.09e-04 3.55e-02 4.00e-02  -3.6     -   6.25e-02  2  5h
 254r-2.6845517e+02 1.11e-04 4.57e-02 3.75e-02  -3.6     -   6.25e-02  2  5h
 255r-2.6435889e+02 1.14e-04 3.86e-02 3.64e-02  -3.6     -   3.12e-02  2  6h
 256r-2.5816119e+02 1.19e-04 3.82e-02 3.41e-02  -3.6     -   6.25e-02  2  5h
 257r-2.5444296e+02 1.19e-04 3.61e-02 3.30e-02  -3.6     -   3.12e-02  2  6h
 258r-2.5102541e+02 1.18e-04 3.52e-02 3.20e-02  -3.6     -   3.12e-02  2  6h
 259r-2.4746525e+02 1.17e-04 3.40e-02 3.10e-02  -3.6     -   3.12e-02  2  6h
iter    objective    inf_pr   inf_du inf_compl lg(mu) lg(rg) alpha_pr ir ls
 260r-2.4398914e+02 1.17e-04 3.30e-02 3.01e-02  -3.6     -   3.12e-02  2  6h
 261r-2.4051156e+02 1.16e-04 3.19e-02 2.91e-02  -3.6     -   3.12e-02  2  6h
 262r-2.3363946e+02 1.18e-04 2.99e-02 2.73e-02  -3.6     -   6.25e-02  2  5h
 263r-2.2695774e+02 1.20e-04 2.80e-02 2.56e-02  -3.6     -   6.25e-02  2  5h
 264r-2.2051807e+02 1.20e-04 2.62e-02 2.40e-02  -3.6     -   6.25e-02  2  5h
 265r-2.1434015e+02 1.19e-04 2.45e-02 2.25e-02  -3.6     -   6.25e-02  2  5h
 266r-2.0843967e+02 1.18e-04 2.30e-02 2.11e-02  -3.6     -   6.25e-02  2  5h
 267r-2.0282271e+02 1.15e-04 2.15e-02 1.98e-02  -3.6     -   6.25e-02  2  5h
 268r-1.9221189e+02 1.19e-04 1.88e-02 1.74e-02  -3.6     -   1.25e-01  2  4h
 269r-1.8273689e+02 1.18e-04 1.64e-02 1.52e-02  -3.6     -   1.25e-01  2  4h
iter    objective    inf_pr   inf_du inf_compl lg(mu) lg(rg) alpha_pr ir ls
 270r-1.7432769e+02 1.14e-04 1.44e-02 1.34e-02  -3.6     -   1.25e-01  2  4h
 271r-1.5962543e+02 1.19e-04 1.08e-02 1.01e-02  -3.6     -   2.50e-01  2  3h
 272r-1.4838692e+02 1.08e-04 8.05e-03 7.60e-03  -3.6     -   2.50e-01  2  3h
 273r-1.3159760e+02 9.63e-05 4.03e-03 3.90e-03  -3.6     -   5.00e-01  3  2h
 274r-1.1445713e+02 4.48e-05 8.85e-06 2.01e-04  -3.6     -   1.00e+00  3  1h
 275r-1.3589854e+02 1.16e-04 6.36e-03 2.22e-04  -5.4     -   1.25e-01  2  4h
 276r-1.5430062e+02 4.50e-05 1.85e-04 1.98e-05  -5.4     -   1.00e+00  1  1h
 277r-1.7347166e+02 8.63e-05 2.08e-03 1.08e-05  -5.4     -   2.50e-01  2  3h
 278r-1.9245235e+02 1.18e-04 2.03e-03 7.88e-06  -5.4     -   2.50e-01  2  3h
 279r-1.9995611e+02 1.12e-04 1.92e-03 6.96e-06  -5.4     -   1.25e-01  2  4h
iter    objective    inf_pr   inf_du inf_compl lg(mu) lg(rg) alpha_pr ir ls
 280r-2.1331316e+02 1.13e-04 1.46e-03 6.14e-06  -5.4     -   2.50e-01  2  3h
 281r-2.2294437e+02 1.01e-04 1.11e-03 5.59e-06  -5.4     -   2.50e-01  2  3h
 282r-2.3676033e+02 8.73e-05 5.54e-04 4.80e-06  -5.4     -   5.00e-01  2  2h
 283r-2.4911226e+02 3.47e-05 1.22e-06 4.01e-06  -5.4     -   1.00e+00  2  1h
 284r-2.6088323e+02 6.91e-05 4.43e-04 3.03e-06  -7.0     -   2.50e-01  2  3h
 285r-2.6450326e+02 4.20e-06 1.23e-06 3.07e-07  -7.0     -   1.00e+00  1  1h
 286r-2.7588926e+02 6.83e-05 4.32e-08 1.29e-07  -7.0     -   1.00e+00  1  1h
 287r-2.7783794e+02 3.40e-06 1.51e-10 9.37e-08  -7.0     -   1.00e+00  1  1h
 288r-2.7800520e+02 2.97e-08 1.19e-12 9.09e-08  -7.0     -   1.00e+00  1  1h

Number of Iterations....: 288

                                   (scaled)                 (unscaled)
Objective...............:  -1.2188240986093164e-01   -2.7800519527640085e+02
Dual infeasibility......:   1.5413538543004913e+02    3.5157196165038628e+05
Constraint violation....:   2.9747723867436393e-08    2.9747723867436393e-08
Complementarity.........:   3.9865362969971688e-11    9.0930086054887472e-08
Overall NLP error.......:   6.7575687577996313e-02    1.5413538543004913e+02

Number of objective function evaluations              = 1484
Number of objective gradient evaluations              = 289
Number of constraint evaluations                      = 1589
Number of constraint Jacobian evaluations             = 294
Number of Lagrangian Hessian evaluations              = 288
Number of KKT factorizations                          = 468
Number of KKT backsolves                              = 861

Total wall secs in initialization                     =  0.086 s
Total wall secs in linear solver                      =  unavailable
Total wall secs in NLP function evaluations           =  2.689 s
Total wall secs in solver (w/o init./fun./lin. alg.)  =  unavailable
Total wall secs                                       =  6.297 s

[31mEXIT: Converged to a point of local infeasibility. Problem may be infeasible.[0m
This is [34mMad[31mN[32mL[35mP[0m version v0.9.2, running with cuDSS v0.7.1

Number of nonzeros in constraint Jacobian............:    42340
Number of nonzeros in Lagrangian Hessian.............:    36600

Total number of variables............................:     3332
                     variables with only lower bounds:        0
                variables with lower and upper bounds:       14
                     variables with only upper bounds:        0
Total number of equality constraints.................:     3318
Total number of inequality constraints...............:        0
        inequality constraints with only lower bounds:        0
   inequality constraints with lower and upper bounds:        0
        inequality constraints with only upper bounds:        0

iter    objective    inf_pr   inf_du inf_compl lg(mu) lg(rg) alpha_pr ir ls
   0 -3.0191618e+02 5.19e-01 1.00e+02 5.97e+00  -1.0     -   0.00e+00  0  0 
   1 -3.0191628e+02 5.19e-01 1.00e+02 5.97e+00  -1.0    6.0  5.50e-07  1  1h
   2 -3.0191733e+02 5.19e-01 2.73e+02 5.97e+00  -1.0    5.5  7.54e-06  1  1h
   3 -3.0191984e+02 5.19e-01 3.06e+02 5.97e+00  -1.0    5.0  1.73e-05  1  1h
   4 -3.0192256e+02 5.19e-01 4.01e+02 5.97e+00  -1.0    4.6  3.02e-05  1  1h
   5 -3.0191034e+02 5.19e-01 4.07e+00 9.32e-04  -1.0     -   5.69e-04  1  1h
   6 -3.0040121e+02 5.00e-01 1.88e+02 8.60e-04  -1.0    4.1  3.62e-02  1  1h
   7 -2.6447968e+02 3.61e-01 6.01e+02 3.35e-04  -1.0    3.6  2.80e-01  1  1h
   8 -1.6197234e+02 1.01e-02 3.08e+00 3.37e-04  -1.0    3.1  1.00e+00  1  1h
   9 -1.0002983e+02 5.60e-04 1.92e+00 2.15e-04  -1.0    2.7  1.00e+00  1  1h
iter    objective    inf_pr   inf_du inf_compl lg(mu) lg(rg) alpha_pr ir ls
  10 -9.1863975e+01 3.56e-05 1.21e-01 2.45e-04  -1.0    2.2  1.00e+00  1  1h
  11 -9.7561719e+01 3.57e-06 6.65e-01 4.54e-04  -2.5    1.7  1.00e+00  1  1h
  12 -1.1825380e+02 3.87e-05 2.68e-01 2.27e-04  -2.5    1.2  1.00e+00  1  1h
  13 -1.5721240e+02 2.09e-04 2.31e+00 2.01e-04  -2.5    0.8  1.00e+00  1  1h
  14 -2.0024041e+02 5.76e-04 5.59e+00 2.01e-04  -2.5    0.3  1.00e+00  1  1h
  15 -2.3048265e+02 8.78e-04 4.94e+00 2.01e-04  -2.5   -0.2  1.00e+00  1  1h
  16 -2.4570508e+02 1.16e-03 3.14e+00 2.01e-04  -2.5   -0.7  1.00e+00  1  1h
  17 -2.5615065e+02 2.56e-03 1.63e+00 2.01e-04  -2.5   -1.2  1.00e+00  2  1h
  18 -2.6266319e+02 3.58e-03 6.02e-01 2.01e-04  -2.5   -1.6  1.00e+00  2  1h
  19 -2.6844816e+02 3.78e-03 4.95e-01 2.01e-04  -2.5   -2.1  1.00e+00  2  1h
iter    objective    inf_pr   inf_du inf_compl lg(mu) lg(rg) alpha_pr ir ls
  20 -2.7142463e+02 5.71e-04 2.10e-01 2.03e-04  -2.5   -1.7  1.00e+00  2  1h
  21 -2.8077641e+02 1.46e-03 7.24e+00 2.50e-04  -2.5   -2.2  6.96e-02  2  3h
  22 -2.8432213e+02 1.38e-03 5.56e+01 3.54e-04  -2.5     -   6.25e-02  2  5h
  23 -2.7867708e+02 7.83e-03 2.63e+01 2.64e-04  -2.5   -2.6  1.00e+00  1  1h
  24 -2.7827847e+02 8.49e-03 1.01e+01 3.34e-04  -2.5   -3.1  4.08e-01  1  2h
  25 -2.8002237e+02 6.25e-02 1.93e+00 2.05e-04  -2.5     -   1.00e+00  3  1h
  26 -2.7990453e+02 5.75e-02 6.05e-01 2.50e-04  -2.5   -2.7  1.00e+00  2  1h
  27 -2.8114155e+02 1.50e-02 3.54e+00 2.03e-04  -2.5   -3.2  1.00e+00  2  1h
  28 -2.8128271e+02 6.48e-03 1.05e+00 2.01e-04  -2.5   -3.6  1.00e+00  2  1h
  29 -2.8140731e+02 1.62e-03 9.39e-02 2.01e-04  -2.5   -3.2  1.00e+00  2  1h
iter    objective    inf_pr   inf_du inf_compl lg(mu) lg(rg) alpha_pr ir ls
  30 -2.8136954e+02 4.73e-03 6.27e-01 2.12e-04  -2.5   -3.7  5.00e-01  2  2h
  31 -2.8135902e+02 5.23e-03 1.48e+00 2.82e-04  -2.5     -   6.25e-02  5  5h
  32 -2.8134168e+02 5.46e-03 1.31e+00 2.63e-04  -2.5   -4.2  1.25e-01  2  4h
  33 -2.8132893e+02 5.53e-03 8.76e-01 2.55e-04  -2.5     -   1.25e-01 10  4h
  34 -2.8131935e+02 7.85e-02 7.22e-01 2.32e-04  -2.5     -   1.00e+00 10  1H
  35 -2.8123336e+02 3.27e-04 2.22e-02 2.01e-04  -2.5     -   1.00e+00  5  1h
  36 -2.8140564e+02 4.82e-03 3.29e+01 7.34e-04  -3.8     -   1.00e+00  1  1H
  37 -2.8199388e+02 3.84e-02 1.28e+01 4.48e-04  -3.8   -4.7  1.00e+00  2  1h
  38 -2.8306811e+02 8.06e-03 2.58e+00 1.57e-04  -3.8   -2.4  1.00e+00  2  1h
  39 -2.8409533e+02 1.45e-03 3.21e+00 1.50e-04  -3.8   -2.9  1.00e+00  2  1h
iter    objective    inf_pr   inf_du inf_compl lg(mu) lg(rg) alpha_pr ir ls
  40 -2.8366778e+02 4.84e-04 6.92e-01 2.70e-04  -3.8   -3.4  1.00e+00  2  1h
  41 -2.8395197e+02 2.90e-04 1.08e-01 1.57e-04  -3.8   -3.8  1.00e+00  2  1h
  42 -2.8398116e+02 4.44e-05 5.18e-03 1.50e-04  -3.8   -3.4  1.00e+00  2  1h
  43 -2.8399577e+02 2.92e-03 1.26e-01 1.50e-04  -3.8   -3.9  1.00e+00  2  1h
  44 -2.8397888e+02 1.10e-03 1.20e+00 1.50e-04  -3.8   -4.4  1.00e+00  2  1h
  45 -2.8401232e+02 8.59e-04 1.27e-01 1.50e-04  -3.8   -4.0  1.00e+00  2  1h
  46 -2.8403290e+02 4.60e-03 2.09e-02 1.50e-04  -3.8   -4.4  1.00e+00  3  1h
  47 -2.8410027e+02 1.44e-02 5.56e+00 1.69e-04  -3.8   -4.9  5.00e-01  3  2h
  48 -2.8444640e+02 1.12e-01 1.37e+01 1.84e-04  -3.8   -4.5  3.94e-01  4  2h
  49 -2.8442790e+02 9.61e-02 9.99e+00 3.21e-04  -3.8     -   8.00e-02  4  4h
iter    objective    inf_pr   inf_du inf_compl lg(mu) lg(rg) alpha_pr ir ls
  50 -2.8449523e+02 1.31e-02 7.83e-01 1.51e-04  -3.8     -   1.00e+00  2  1h
  51 -2.8461411e+02 1.16e-02 4.18e-01 1.52e-04  -3.8     -   1.00e+00  3  1h
  52 -2.8460346e+02 1.02e-02 5.86e+00 2.29e-04  -3.8   -5.0  2.73e-03 10  5h
  53 -2.8455446e+02 1.17e-02 8.38e-01 1.87e-04  -3.8   -4.5  1.00e+00  2  1H
  54 -2.8457096e+02 7.53e-03 1.14e-01 1.52e-04  -3.8     -   1.00e+00  3  1h
  55 -2.8456642e+02 1.20e-04 2.07e-03 1.50e-04  -3.8     -   1.00e+00  3  1h
  56 -2.8456608e+02 1.55e-06 9.28e-06 1.50e-04  -3.8     -   1.00e+00  3  1h
  57 -2.8545702e+02 2.02e-02 1.75e+00 4.60e-05  -7.0     -   9.90e-01  2  1h
  58 -2.8677069e+02 4.91e-02 1.67e+00 1.68e-05  -7.0   -5.0  9.25e-01  2  1h
  59 -2.8772952e+02 1.90e-02 2.13e+00 5.88e-06  -7.0   -5.5  8.24e-01  2  1h
iter    objective    inf_pr   inf_du inf_compl lg(mu) lg(rg) alpha_pr ir ls
  60 -2.8810701e+02 2.30e-03 1.01e+00 2.44e-06  -7.0   -4.2  8.43e-01  1  1h
  61 -2.8816775e+02 7.03e-03 6.70e-01 1.06e-06  -7.0   -4.6  5.02e-01  1  1h
  62 -2.8816844e+02 7.03e-03 2.96e+00 4.97e-06  -7.0   -5.1  2.04e-03  2  5h
  63 -2.8825548e+02 4.30e-01 2.05e+00 6.49e-07  -7.0   -5.6  9.16e-01  1  1h
  64 -2.8827444e+02 2.05e-01 9.80e-01 3.58e-07  -7.0   -5.2  5.20e-01  1  1h
  65 -2.8825536e+02 4.44e-02 2.22e-01 1.47e-07  -7.0   -4.7  7.85e-01  1  1h
  66 -2.8825992e+02 2.83e-04 7.20e-03 9.96e-08  -7.0   -5.2  1.00e+00  1  1h
  67 -2.8825931e+02 2.12e-04 7.57e-03 9.47e-08  -7.0   -4.8  1.00e+00  1  1h
  68r-2.8826242e+02 1.36e-20 9.99e+02 2.12e-04  -3.7     -   3.98e-02  1 18R
  69 -2.8820158e+02 5.35e-05 4.86e+01 2.53e-04  -7.0     -   1.00e-03  1  1f
iter    objective    inf_pr   inf_du inf_compl lg(mu) lg(rg) alpha_pr ir ls
  70 -2.8820936e+02 3.50e-05 3.20e+01 2.24e-06  -7.0   -2.1  3.47e-01  1  1h
  71 -2.8824947e+02 3.50e-08 5.64e-02 4.78e-07  -7.0   -2.6  1.00e+00  1  1h
  72 -2.8826060e+02 3.53e-07 8.65e-04 1.75e-07  -7.0   -3.1  1.00e+00  1  1h
  73 -2.8825940e+02 1.01e-06 1.84e-04 9.98e-08  -7.0   -3.6  1.00e+00  1  1h
  74 -2.8825956e+02 1.50e-05 6.50e-04 9.11e-08  -7.0   -4.0  1.00e+00  1  1h
  75 -2.8826035e+02 2.13e-04 8.17e-03 9.09e-08  -7.0   -4.5  1.00e+00  1  1h
  76 -2.8826596e+02 6.52e-03 4.20e+00 4.58e-07  -7.0   -5.0  1.00e+00  1  1H
  77 -2.8826272e+02 2.78e-03 2.06e+00 1.17e-07  -7.0     -   5.00e-01  1  2h
  78 -2.8826224e+02 2.89e-04 9.96e-01 1.12e-07  -7.0   -5.5  4.96e-01  1  2h
  79 -2.8826341e+02 4.55e-04 7.07e-01 1.24e-07  -7.0   -5.0  2.82e-01  1  2h
iter    objective    inf_pr   inf_du inf_compl lg(mu) lg(rg) alpha_pr ir ls
  80 -2.8826615e+02 2.10e-03 2.14e+00 2.96e-07  -7.0   -5.5  8.07e-02  1  3h
  81 -2.8827527e+02 8.61e-03 1.53e-01 2.37e-07  -7.0   -5.1  1.00e+00  1  1h
  82 -2.8829880e+02 3.90e-03 6.65e+00 1.55e-07  -7.0   -5.6  8.06e-01  1  1H
  83 -2.8830051e+02 2.16e-03 4.92e+00 1.34e-07  -7.0     -   2.50e-01  1  3h
  84 -2.8830445e+02 1.50e-03 3.64e+00 1.56e-07  -7.0     -   2.50e-01  1  3h
  85 -2.8831729e+02 1.05e-02 1.85e+00 1.30e-07  -7.0     -   4.79e-01  1  2h
  86 -2.8833681e+02 9.49e-03 3.01e+00 1.46e-07  -7.0     -   4.60e-01  1  1H
  87 -2.8832735e+02 4.82e-04 1.51e-01 1.10e-06  -7.0     -   1.00e+00  1  1h
  88 -2.8832999e+02 2.13e-04 1.19e-02 1.21e-07  -7.0     -   1.00e+00  1  1h
  89 -2.8833006e+02 1.17e-07 7.06e-06 9.10e-08  -7.0     -   1.00e+00  1  1h
iter    objective    inf_pr   inf_du inf_compl lg(mu) lg(rg) alpha_pr ir ls
  90 -2.8833006e+02 4.82e-12 2.73e-10 9.09e-08  -7.0     -   1.00e+00  1  1h

Number of Iterations....: 90

                                   (scaled)                 (unscaled)
Objective...............:  -1.2640901578014599e-01   -2.8833006466441475e+02
Dual infeasibility......:   2.7267788027529605e-10    6.2195904593602596e-07
Constraint violation....:   4.8209744449211639e-12    4.8209744449211639e-12
Complementarity.........:   3.9856159074858751e-11    9.0909092618171739e-08
Overall NLP error.......:   9.0909092618171739e-08    9.0909092618171739e-08

Number of objective function evaluations              = 174
Number of objective gradient evaluations              = 91
Number of constraint evaluations                      = 174
Number of constraint Jacobian evaluations             = 92
Number of Lagrangian Hessian evaluations              = 90
Number of KKT factorizations                          = 182
Number of KKT backsolves                              = 261

Total wall secs in initialization                     =  0.086 s
Total wall secs in linear solver                      =  unavailable
Total wall secs in NLP function evaluations           =  0.418 s
Total wall secs in solver (w/o init./fun./lin. alg.)  =  unavailable
Total wall secs                                       =  1.436 s

[32mEXIT: Optimal Solution Found (tol = 1.0e-06).[0m

============================================================
[0][2/10] Bertozzi_PNAS2020
============================================================
This is [34mMad[31mN[32mL[35mP[0m version v0.9.2, running with cuDSS v0.7.1

Number of nonzeros in constraint Jacobian............:   136050
Number of nonzeros in Lagrangian Hessian.............:   121270

Total number of variables............................:    12912
                     variables with only lower bounds:        0
                variables with lower and upper bounds:        8
                     variables with only upper bounds:        0
Total number of equality constraints.................:    12904
Total number of inequality constraints...............:        0
        inequality constraints with only lower bounds:        0
   inequality constraints with lower and upper bounds:        0
        inequality constraints with only upper bounds:        0

iter    objective    inf_pr   inf_du inf_compl lg(mu) lg(rg) alpha_pr ir ls
   0  1.7863906e+11 1.17e+06 1.00e+02 1.20e+00  -1.0     -   0.00e+00  0  0 
   1r 1.7863906e+11 1.16e-10 9.99e+02 1.17e+06   6.1     -   1.45e-10  2  4R
   2r 1.7863906e+11 7.15e-07 1.62e-05 1.57e-03   4.7     -   9.25e-16  1  1f
   3r 1.3290067e+11 3.22e+01 1.62e-05 8.74e-06  -5.5     -   1.86e-05  1  1f
   4r 1.3290067e+11 1.88e+05 6.29e-05 8.74e-06  -5.5   -4.5  6.00e-05  1  1f
   5r 1.3290067e+11 1.97e+07 1.43e-02 8.74e-06  -5.5    0.5  3.67e-04  1  1h
   6r 1.3290067e+11 1.97e+07 1.43e-02 8.74e-06  -5.5    0.9  4.79e-05  1  1h
   7r 1.3290067e+11 1.97e+07 1.43e-02 8.74e-06  -5.5    1.3  3.45e-07  1  1h
   8r 1.3290067e+11 1.97e+07 1.43e-02 8.74e-06  -5.5    1.7  1.13e-05  1  1h
   9r 1.3290067e+11 1.97e+07 1.43e-02 8.74e-06  -5.5    2.2  3.17e-04  1  1h
iter    objective    inf_pr   inf_du inf_compl lg(mu) lg(rg) alpha_pr ir ls
  10  1.3290067e+11 1.97e+07 1.62e-05 1.01e-07  -1.0    2.6  1.50e-04  2  1h
  11  1.3290066e+11 1.97e+07 1.52e-04 1.01e-07  -1.0    2.1  2.20e-05  2  1h
  12r 1.3290065e+11 2.91e-11 1.50e+02 1.97e+06   7.3     -   2.26e-07  2  2R
  13r 1.3290066e+11 7.16e-07 4.52e-07 6.43e-03   5.2     -   9.20e-14  1  1f
  14  6.4039338e+10 1.48e+07 3.03e-04 1.18e-07  -1.0     -   5.47e-02  2  1f
  15r 6.4039338e+10 9.31e-10 1.50e+02 1.48e+06   7.2     -   2.07e-07  2  2R
  16r 6.4039338e+10 7.14e-07 2.10e-07 6.36e-03   5.1     -   1.22e-13  1  1f
  17  6.7203005e+10 7.20e+06 1.29e-04 1.29e-07  -1.0     -   1.38e-02  1  1f
  18r 6.7203001e+10 4.66e-10 1.50e+02 7.20e+05   6.9     -   2.05e-07  2  2R
  19r 6.7203005e+10 7.06e-07 4.76e-07 6.34e-03   4.8     -   2.51e-13  1  1f
iter    objective    inf_pr   inf_du inf_compl lg(mu) lg(rg) alpha_pr ir ls
  20r       NaN 4.38e+09 2.37e-06 7.48e-05  -3.4     -   1.09e-02  1  1f
  21r       NaN 4.37e+09 5.18e-06 7.55e-05  -3.4    0.2  7.98e-04  1  1h
  22r       NaN 4.36e+09 1.42e-05 7.57e-05  -3.4   -0.3  2.31e-03  1  1h
  23r       NaN 4.35e+09 1.97e-05 7.59e-05  -3.4   -0.7  2.56e-03  1  1h
  24r       NaN 4.34e+09 2.05e-05 7.64e-05  -3.4   -1.2  1.88e-03  1  1h
  25r       NaN 4.32e+09 2.16e-05 7.77e-05  -3.4   -1.7  5.56e-03  1  1h
  26r       NaN 4.24e+09 2.72e-05 8.15e-05  -3.4   -2.2  1.88e-02  1  1h
  27r       NaN 4.05e+09 4.34e-05 7.97e-05  -3.4   -1.8  4.26e-02  1  1h
  28r       NaN 3.82e+09 8.95e-05 7.70e-05  -3.4   -2.2  5.81e-02  1  1h
  29r       NaN 3.55e+09 1.32e-04 7.86e-05  -3.4   -1.8  6.99e-02  1  1h
iter    objective    inf_pr   inf_du inf_compl lg(mu) lg(rg) alpha_pr ir ls
  30r       NaN 3.37e+09 1.73e-04 8.17e-05  -3.4   -2.3  5.24e-02  1  1h
  31r       NaN 3.00e+09 2.80e-04 7.89e-05  -3.4   -1.9  1.13e-01  1  1h
  32r       NaN 2.72e+09 7.25e-04 7.99e-05  -3.4   -2.3  9.40e-02  1  1h
  33r 3.1127761e+14 2.52e+09 9.01e-04 8.02e-05  -3.4   -1.9  7.69e-02  1  1h
  34r 1.0230106e+12 2.34e+09 1.21e-03 1.21e-04  -3.4   -2.4  6.93e-02  1  1h
  35r 4.1528927e+11 2.05e+09 1.44e-03 1.16e-04  -3.4   -2.0  1.29e-01  1  1h
  36r 3.1762036e+11 2.00e+09 2.16e-03 2.69e-04  -3.4   -2.4  2.10e-02  1  1h
  37r 2.6865341e+11 1.92e+09 2.09e-03 2.35e-04  -3.4   -2.0  4.08e-02  1  1h
  38r 2.5822107e+11 1.92e+09 2.12e-03 2.50e-04  -3.4   -2.5  3.87e-03  1  1h
  39r 2.2675897e+11 1.85e+09 2.06e-03 2.22e-04  -3.4   -2.1  3.32e-02  1  1h
iter    objective    inf_pr   inf_du inf_compl lg(mu) lg(rg) alpha_pr ir ls
  40r 2.2498697e+11 1.85e+09 2.09e-03 2.41e-04  -3.4   -2.5  8.11e-04  1  1h
  41r 2.2497531e+11 1.85e+09 2.66e-03 3.53e-04  -3.4   -2.1  1.27e-05  1  1h
  42r 1.6193347e+11 1.42e+09 3.82e-03 3.17e-04  -3.4   -1.7  2.56e-01  1  1h
  43r 1.0701124e+11 1.19e+09 5.19e-03 3.39e-04  -3.4   -2.2  1.74e-01  1  1h
  44r 8.8363807e+10 8.27e+08 1.10e-02 2.60e-04  -3.4   -1.7  3.46e-01  1  1h
  45r 7.1038402e+10 6.23e+08 3.40e-02 8.00e-04  -3.4   -2.2  2.63e-01  1  1h
  46r 6.7551787e+10 4.74e+08 3.70e-02 8.35e-04  -3.4   -1.8  2.63e-01  1  1h
  47r 6.7128572e+10 4.66e+08 3.77e-02 8.76e-04  -3.4   -2.3  1.75e-02  1  1h
  48r 6.7124218e+10 4.65e+08 3.78e-02 8.77e-04  -3.4   -1.8  3.68e-04  1  1h
  49r 6.6166468e+10 3.78e+08 4.68e-02 1.71e-03  -3.4   -1.4  2.00e-01  1  1h
iter    objective    inf_pr   inf_du inf_compl lg(mu) lg(rg) alpha_pr ir ls
  50r 6.4772793e+10 3.29e+08 4.62e-02 1.45e-03  -3.4   -1.9  1.29e-01  1  1h
  51r 6.3805690e+10 2.56e+08 6.91e-02 1.06e-03  -3.4   -1.5  2.34e-01  1  1h
  52r 6.3736392e+10 2.54e+08 7.91e-02 3.78e-03  -3.4   -1.9  7.83e-03  1  1h
  53r 6.3736080e+10 2.54e+08 1.27e-01 5.91e-03  -3.4   -1.5  7.36e-05  1  1h
  54r 6.3735294e+10 2.54e+08 1.62e-01 1.01e-02  -3.4   -2.0  8.37e-05  1  1h
  55  6.2735725e+10 1.95e+08 1.31e-04 4.78e-07  -1.0   -1.6  2.34e-01  2  1h
  56r 6.2735720e+10 2.33e-10 1.50e+02 1.95e+07   8.3     -   1.09e-07  3  2R
  57r 6.2735725e+10 4.77e-07 4.71e-07 6.39e-03   6.2     -   9.29e-15  1  1f
  58r 5.7347745e+11 2.99e+11 7.30e-07 9.88e-05  -3.4     -   2.74e-03  1  3f
  59r 5.7347752e+11 2.99e+11 4.74e-04 9.95e-05  -3.4   -0.7  8.52e-04  1  1h
iter    objective    inf_pr   inf_du inf_compl lg(mu) lg(rg) alpha_pr ir ls
  60r 5.7347757e+11 2.99e+11 5.34e-04 9.98e-05  -3.4   -1.2  2.34e-04  1  1h
  61r 5.7347802e+11 2.99e+11 5.98e-04 1.00e-04  -3.4   -1.7  4.92e-04  1  1h
  62r 5.7347862e+11 2.99e+11 6.67e-04 1.12e-04  -3.4   -2.1  2.14e-04  1  1h
  63r 5.7347868e+11 2.99e+11 1.28e-02 2.15e-03  -3.4   -2.6  7.35e-06  1  1h
  64r 5.7350551e+11 2.99e+11 2.07e-02 3.46e-03  -3.4   -3.1  1.29e-03  1  1h
  65r 5.7381768e+11 2.97e+11 3.58e-02 5.96e-03  -3.4   -3.6  5.55e-03  1  1h
  66r 5.7381768e+11 2.97e+11 4.10e-02 5.96e-03  -3.4    2.3  1.23e-04  1  1h
  67r 5.7381768e+11 2.97e+11 4.33e-02 5.96e-03  -3.4    2.7  1.05e-04  1  1h
  68r 5.7381768e+11 2.97e+11 4.82e-02 5.96e-03  -3.4    2.2  2.42e-04  1  1h
  69r 5.7381768e+11 2.97e+11 4.82e-02 5.95e-03  -3.4    2.6  6.73e-06  1  1h
iter    objective    inf_pr   inf_du inf_compl lg(mu) lg(rg) alpha_pr ir ls
  70r 5.7381768e+11 2.97e+11 6.30e-02 5.96e-03  -3.4    2.2  2.22e-04  1  1h
  71r 5.7381768e+11 2.97e+11 7.24e-02 5.96e-03  -3.4    2.6  2.84e-04  1  1h
  72r 5.7381768e+11 2.96e+11 1.01e-01 5.96e-03  -3.4    2.1  7.98e-04  1  1h
  73r 5.7381768e+11 2.96e+11 1.17e-01 5.96e-03  -3.4    2.5  4.08e-04  1  1h
  74r 5.7381768e+11 2.96e+11 2.59e-01 5.96e-03  -3.4    2.1  2.24e-03  1  1h
  75r 5.7381768e+11 2.95e+11 3.33e-01 5.96e-03  -3.4    2.5  1.19e-03  1  1h
  76r 5.7381768e+11 2.94e+11 4.08e-01 5.97e-03  -3.4    2.0  3.80e-03  1  1h
  77r 5.7381768e+11 2.94e+11 4.37e-01 5.83e-03  -3.4    2.4  1.57e-03  1  1h
  78r 5.7381768e+11 2.90e+11 6.83e-01 5.98e-03  -3.4    2.0  1.40e-02  1  1h
  79r 5.7381768e+11 2.88e+11 7.40e-01 5.99e-03  -3.4    2.4  5.97e-03  1  1h
iter    objective    inf_pr   inf_du inf_compl lg(mu) lg(rg) alpha_pr ir ls
  80r 5.7381769e+11 2.83e+11 9.02e-01 6.05e-03  -3.4    1.9  1.52e-02  1  1h
  81r 5.7381771e+11 2.79e+11 1.09e+00 6.26e-03  -3.4    1.4  1.43e-02  1  1h
  82r 5.7381775e+11 2.78e+11 1.17e+00 6.59e-03  -3.4    1.0  4.16e-03  1  1h
  83r 5.7381782e+11 2.78e+11 1.25e+00 6.96e-03  -3.4    0.5  2.23e-03  1  1h
  84  5.7381782e+11 2.78e+11 1.11e+03 1.26e+00  -1.0    0.0  2.01e-08  1  5 
  85r 5.7381782e+11 7.63e-06 9.99e+02 2.78e+11  11.4     -   3.52e-12 10  2R
  86r 5.7381782e+11 7.63e-06 7.87e-03 1.98e-03  10.0     -   1.36e-21  1  1f
  87r 1.8411469e+12 4.31e+12 3.77e+04 4.54e-08  -4.1     -   2.16e-05  1  8f
  88r 1.8411469e+12 4.31e+12 3.77e+04 4.54e-08  -4.1   -1.0  2.31e-07  1  1h
  89r 1.8411469e+12 4.31e+12 3.77e+04 4.54e-08  -4.1   -1.4  1.28e-07  1  1h
iter    objective    inf_pr   inf_du inf_compl lg(mu) lg(rg) alpha_pr ir ls
  90r 1.8411469e+12 4.31e+12 3.77e+04 4.54e-08  -4.1   -1.9  6.45e-08  1  1h
  91r 1.8411469e+12 4.31e+12 3.77e+04 6.16e-04  -4.1   -2.4  1.71e-07  1  1h
  92r 1.8411469e+12 4.31e+12 3.76e+04 5.27e-01  -4.1   -2.9  2.73e-06  1  1h
  93r 1.8411469e+12 4.31e+12 3.76e+04 6.27e-01  -4.1   -3.3  2.42e-06  1  1h
  94r 1.8411469e+12 4.31e+12 3.76e+04 6.30e-01  -4.1   -3.8  1.42e-06  1  1h
  95r 1.8411470e+12 4.31e+12 3.76e+04 6.30e-01  -4.1   -4.3  2.07e-06  1  1h
  96r 1.8411475e+12 4.31e+12 3.76e+04 6.31e-01  -4.1   -4.8  2.00e-06  1  1h
  97r 1.8411516e+12 4.30e+12 3.76e+04 6.31e-01  -4.1   -5.2  8.14e-07  1  1h
  98r 1.8411519e+12 4.30e+12 3.76e+04 6.31e-01  -4.1   -4.8  5.74e-07  1  1h
  99r 1.8411539e+12 4.30e+12 3.76e+04 6.31e-01  -4.1   -5.3  1.21e-07  1  1h
iter    objective    inf_pr   inf_du inf_compl lg(mu) lg(rg) alpha_pr ir ls
 100r 1.8411549e+12 4.30e+12 3.76e+04 6.31e-01  -4.1   -4.9  1.16e-06  1  1h
 101r 1.8411552e+12 4.30e+12 3.76e+04 6.31e-01  -4.1   -4.4  1.30e-06  1  1h
 102r 1.8411567e+12 4.29e+12 3.76e+04 6.31e-01  -4.1   -4.9  1.04e-06  1  1h
 103r 1.8411569e+12 4.29e+12 3.75e+04 2.79e+00  -4.1   -4.5  6.14e-07  1  1h
 104r 1.8411569e+12 4.29e+12 3.75e+04 2.80e+00  -4.1   -1.4  2.34e-05  1  1h
 105r 1.8411569e+12 4.29e+12 3.74e+04 3.68e+00  -4.1   -0.9  7.45e-05  1  1h
 106r 1.8411570e+12 4.29e+12 3.74e+04 3.68e+00  -4.1   -1.4  8.58e-05  1  1h
 107r 1.8411570e+12 4.29e+12 3.74e+04 3.83e+00  -4.1   -1.9  7.89e-05  1  1h
 108r 1.8411573e+12 4.29e+12 3.74e+04 3.85e+00  -4.1   -2.4  1.02e-04  1  1h
 109r 1.8411577e+12 4.29e+12 3.74e+04 3.85e+00  -4.1   -2.8  5.47e-05  1  1h
iter    objective    inf_pr   inf_du inf_compl lg(mu) lg(rg) alpha_pr ir ls
 110r 1.8411581e+12 4.29e+12 3.74e+04 3.85e+00  -4.1   -3.3  1.78e-05  1  1h
 111r 1.8411591e+12 4.29e+12 3.74e+04 3.86e+00  -4.1   -2.9  9.77e-05  1  1h
 112r 1.8411599e+12 4.29e+12 3.74e+04 3.86e+00  -4.1   -3.4  2.70e-05  1  1h
 113r 1.8411609e+12 4.29e+12 3.74e+04 3.86e+00  -4.1   -2.9  8.44e-05  1  1h
 114r 1.8411609e+12 4.29e+12 3.74e+04 3.86e+00  -4.1   -3.4  6.09e-07  1  1h
 115r 1.8411621e+12 4.29e+12 3.74e+04 3.87e+00  -4.1   -3.0  8.28e-05  1  1h
 116r 1.8411626e+12 4.29e+12 3.74e+04 3.87e+00  -4.1   -3.5  1.08e-05  1  1h
 117r 1.8411627e+12 4.29e+12 3.74e+04 3.87e+00  -4.1   -3.0  1.01e-05  1  1h
 118r 1.8411628e+12 4.29e+12 3.74e+04 3.88e+00  -4.1   -2.6  1.24e-06  1  1h
 119r 1.8411648e+12 4.29e+12 3.74e+04 3.89e+00  -4.1   -3.1  1.10e-04  1  1h
iter    objective    inf_pr   inf_du inf_compl lg(mu) lg(rg) alpha_pr ir ls
 120r 1.8411654e+12 4.29e+12 3.74e+04 3.92e+00  -4.1   -2.7  7.82e-05  1  1h
 121r 1.8411700e+12 4.29e+12 3.74e+04 3.93e+00  -4.1   -3.1  2.01e-04  1  1h
 122r 1.8411770e+12 4.29e+12 3.74e+04 3.95e+00  -4.1   -2.7  7.34e-04  1  1h
 123r 1.8411780e+12 4.28e+12 3.74e+04 3.98e+00  -4.1   -2.3  1.90e-04  1  1h
 124r 1.8411796e+12 4.28e+12 3.74e+04 3.98e+00  -4.1   -2.8  1.01e-04  1  1h
 125r 1.8411805e+12 4.28e+12 3.74e+04 4.01e+00  -4.1   -2.3  1.44e-04  1  1h
 126r 1.8411829e+12 4.28e+12 3.74e+04 4.02e+00  -4.1   -2.8  2.44e-04  1  1h
 127r 1.8411830e+12 4.28e+12 3.74e+04 4.03e+00  -4.1   -2.4  4.72e-07  1  1h
 128r 1.8411865e+12 4.28e+12 3.74e+04 4.03e+00  -4.1   -2.9  3.24e-04  1  1h
 129r 1.8411865e+12 4.28e+12 3.74e+04 4.04e+00  -4.1   -2.5  9.35e-08  1  1h
iter    objective    inf_pr   inf_du inf_compl lg(mu) lg(rg) alpha_pr ir ls
 130  1.8411865e+12 4.28e+12 6.63e+03 1.26e+00  -1.0   -2.0  1.55e-09  1  4 
 131r 1.8411865e+12 7.63e-06 9.99e+02 4.28e+12  12.6     -   3.04e-13  9  2R
 132r 1.8411865e+12 7.63e-06 3.34e-02 1.95e-03  11.2     -   8.55e-23  1  1f
 133  1.7641178e+12 2.61e+12 3.34e-02 1.04e-07  -1.0     -   2.76e-06 10 11f
 134  1.7646101e+12 2.60e+12 3.29e+00 2.62e-07  -1.0    3.3  6.51e-03  9  1h
 135r 1.7646101e+12 3.05e-05 1.50e+02 2.60e+11  12.4     -   9.42e-07 10  2R
 136r 1.7646101e+12 2.44e-04 1.09e-05 6.39e-03  10.3     -   6.96e-19  1  1f
 137  1.4875159e+12 9.77e+11 1.88e+05 4.06e-08  -1.0     -   2.39e-05 10 13f
 138r 1.4875159e+12 1.53e-05 1.50e+02 9.77e+10  12.0     -   5.25e-06  5  5R
 139r 1.4875159e+12 3.66e-04 6.71e-06 6.38e-03   9.9     -   1.85e-18  1  1f
iter    objective    inf_pr   inf_du inf_compl lg(mu) lg(rg) alpha_pr ir ls
 140  1.1818124e+12 8.77e+11 3.98e+05 3.84e-08  -1.0     -   4.79e-05  7 12f
 141r 1.1818124e+12 7.63e-06 1.50e+02 8.77e+10  11.9     -   4.93e-07 10  2R
 142r 1.1818124e+12 4.88e-04 6.36e-06 6.39e-03   9.8     -   2.06e-18  1  1f
 143  1.0471942e+12 3.17e+11 6.36e-06 1.01e-07  -1.0     -   1.21e-05 10 14f
 144r 1.0471942e+12 2.38e-07 1.50e+02 3.17e+10  11.5     -   6.90e-09 10  2R
 145r 1.0471942e+12 6.10e-05 3.82e-06 6.38e-03   9.4     -   5.70e-18  1  1f
 146  1.2405394e+12 9.67e+10 3.04e+05 4.03e-08  -1.0     -   1.12e-04 10 11f
 147r 1.2405394e+12 1.91e-06 1.50e+02 9.67e+09  11.0     -   3.62e-07 10  2R
 148r 1.2405394e+12 1.34e-05 2.11e-06 6.37e-03   8.9     -   1.87e-17  1  1f
 149r 1.2540984e+12 1.67e+12 2.11e-06 5.06e-06  -3.6     -   4.36e-06  1 15f
iter    objective    inf_pr   inf_du inf_compl lg(mu) lg(rg) alpha_pr ir ls
 150r 1.2540984e+12 1.67e+12 6.11e-01 5.06e-06  -3.6   14.0  2.12e-05  1  1h
 151r 1.2540984e+12 1.67e+12 1.06e+00 5.06e-06  -3.6   13.5  1.57e-05  1  1h
 152r 1.2540984e+12 1.67e+12 1.06e+00 5.06e-06  -3.6   13.1  2.26e-07  1  1h
 153r 1.2540984e+12 1.67e+12 1.08e+00 5.06e-06  -3.6   12.6  7.35e-07  1  1h
 154r 1.2540984e+12 1.67e+12 1.08e+00 5.06e-06  -3.6   12.1  1.62e-07  1  1h
 155r 1.2540984e+12 1.67e+12 1.08e+00 5.06e-06  -3.6   11.6  4.26e-07  1  1h
 156r 1.2540984e+12 1.67e+12 1.08e+00 5.06e-06  -3.6   11.2  4.95e-08  1  1h
 157r 1.2540984e+12 1.67e+12 1.08e+00 5.06e-06  -3.6   10.7  9.39e-08  1  1h
 158r 1.2540984e+12 1.67e+12 1.08e+00 5.06e-06  -3.6   10.2  6.39e-08  1  1h
 159r 1.2540984e+12 1.67e+12 1.08e+00 5.06e-06  -3.6    9.7  2.58e-07  1  1h
iter    objective    inf_pr   inf_du inf_compl lg(mu) lg(rg) alpha_pr ir ls
 160r 1.2540984e+12 1.67e+12 1.08e+00 5.07e-06  -3.6    9.3  6.53e-08  1  1h
 161r 1.2540984e+12 1.67e+12 4.22e+03 1.98e-02  -3.6    8.8  1.32e-04  1  1h
 162r 1.2540984e+12 1.67e+12 2.18e+04 1.02e-01  -3.6    8.3  5.30e-04  1  1h
 163r 1.2540984e+12 1.66e+12 1.20e+07 5.63e+01  -3.6    7.8  1.83e-03  1  1h
 164r 1.2540984e+12 1.65e+12 1.60e+07 7.55e+01  -3.6    7.3  7.33e-03  1  1h
 165r 1.2540984e+12 1.61e+12 2.31e+07 1.12e+02  -3.6    6.9  2.48e-02  1  1h
 166r 1.2540984e+12 1.45e+12 2.40e+07 1.22e+02  -3.6    6.4  9.89e-02  1  1h
 167r 1.2540984e+12 1.44e+12 2.75e+07 1.49e+02  -3.6    5.9  6.18e-03  1  1h
 168r 1.2540983e+12 1.12e+12 2.39e+07 1.25e+02  -3.6    5.4  2.38e-01  1  1h
 169r 1.2540980e+12 9.48e+11 2.37e+07 1.18e+02  -3.6    5.0  1.61e-01  1  1h
iter    objective    inf_pr   inf_du inf_compl lg(mu) lg(rg) alpha_pr ir ls
 170r 1.2540968e+12 7.12e+11 2.07e+07 1.06e+02  -3.6    4.5  2.66e-01  1  1h
 171r 1.2540948e+12 5.95e+11 2.11e+07 9.68e+01  -3.6    4.0  1.72e-01  1  1h
 172r 1.2540948e+12 5.95e+11 2.30e+07 1.08e+02  -3.6    3.5  4.54e-05  1  1h
 173r 1.2540947e+12 5.94e+11 2.53e+07 1.21e+02  -3.6    4.0  9.41e-04  1  1h
 174r 1.2540942e+12 5.82e+11 2.62e+07 1.48e+02  -3.6    3.5  2.04e-02  1  1h
 175r 1.2540940e+12 5.81e+11 2.76e+07 1.76e+02  -3.6    3.0  1.40e-03  1  1h
 176r 1.2540459e+12 4.63e+11 2.36e+07 1.47e+02  -3.6    2.5  2.15e-01  1  1h
 177r 1.2540139e+12 4.38e+11 2.43e+07 1.82e+02  -3.6    2.0  5.52e-02  1  1h
 178r 1.2538594e+12 3.97e+11 2.25e+07 1.65e+02  -3.6    1.6  9.71e-02  1  1h
 179r 1.2537460e+12 3.86e+11 2.20e+07 1.64e+02  -3.6    1.1  2.55e-02  1  1h
iter    objective    inf_pr   inf_du inf_compl lg(mu) lg(rg) alpha_pr ir ls
 180r 1.2537155e+12 3.79e+11 2.16e+07 1.60e+02  -3.6    1.5  1.87e-02  1  1h
 181r 1.2536979e+12 3.78e+11 2.17e+07 1.66e+02  -3.6    1.0  3.64e-03  1  1h
 182r 1.2536323e+12 3.76e+11 2.16e+07 1.65e+02  -3.6    0.6  4.58e-03  1  1h
 183r 1.2535916e+12 3.76e+11 2.16e+07 1.65e+02  -3.6    0.1  9.55e-04  1  1h
 184r 1.2532089e+12 3.75e+11 2.15e+07 1.65e+02  -3.6   -0.4  3.06e-03  1  1h
 185r 1.2517515e+12 3.73e+11 2.15e+07 1.64e+02  -3.6   -0.9  4.12e-03  1  1h
 186r 1.2508966e+12 3.73e+11 2.15e+07 1.64e+02  -3.6   -1.3  9.43e-04  1  1h
 187r 1.2486431e+12 3.72e+11 2.15e+07 1.64e+02  -3.6   -1.8  1.18e-03  1  1h
 188r 1.2486428e+12 3.72e+11 2.15e+07 2.48e+02  -3.6   -2.3  1.11e-07  1  1h
 189r 1.2486222e+12 3.72e+11 2.15e+07 4.47e+02  -3.6   -1.9  1.02e-05  1  1h
iter    objective    inf_pr   inf_du inf_compl lg(mu) lg(rg) alpha_pr ir ls
 190r 1.2473220e+12 3.72e+11 2.15e+07 4.47e+02  -3.6   -2.3  4.19e-04  1  1h
 191r 1.2473063e+12 3.72e+11 2.15e+07 4.47e+02  -3.6   -1.9  7.36e-06  1  1h
 192r 1.2381512e+12 3.71e+11 2.21e+07 4.48e+02  -3.6   -2.4  2.89e-03  1  1h
 193r 1.2360618e+12 3.71e+11 2.21e+07 4.48e+02  -3.6   -2.0  9.44e-04  1  1h
 194r 1.2313147e+12 3.70e+11 2.23e+07 4.47e+02  -3.6   -2.5  1.49e-03  1  1h
 195r 1.2297420e+12 3.70e+11 2.23e+07 4.48e+02  -3.6   -2.0  6.83e-04  1  1h
 196r 1.2197255e+12 3.69e+11 2.37e+07 4.49e+02  -3.6   -2.5  3.11e-03  1  1h
 197r 1.2092404e+12 3.67e+11 2.41e+07 4.35e+02  -3.6   -2.1  4.47e-03  1  1h
 198r 1.2064066e+12 3.67e+11 2.42e+07 4.31e+02  -3.6   -2.6  8.92e-04  1  1h
 199r 1.2039008e+12 3.66e+11 2.42e+07 4.29e+02  -3.6   -2.1  1.04e-03  1  1h
iter    objective    inf_pr   inf_du inf_compl lg(mu) lg(rg) alpha_pr ir ls
 200r 1.2012246e+12 3.66e+11 2.46e+07 4.49e+02  -3.6   -2.6  8.33e-04  1  1h
 201r 1.1755275e+12 3.62e+11 2.76e+07 4.37e+02  -3.6   -2.2  1.05e-02  1  1h
 202r 1.1663484e+12 3.61e+11 4.12e+07 4.47e+02  -3.6   -2.7  2.99e-03  1  1h
 203r 1.1663258e+12 3.61e+11 4.12e+07 4.47e+02  -3.6   -2.2  9.39e-06  1  1h
 204  1.1663258e+12 3.61e+11 2.27e+03 1.30e+00  -1.0   -2.7  3.12e-09  1  3 
 205r 1.1663258e+12 3.05e-05 9.99e+02 3.61e+11  11.6     -   6.60e-14 10  2R

Number of Iterations....: 205

                                   (scaled)                 (unscaled)
Objective...............:   4.0681889917629713e+05    1.1663257696516963e+12
Dual infeasibility......:   2.2689301155339685e+03    6.5048887075899467e+09
Constraint violation....:   3.6119899652909235e+11    3.6119899652909235e+11
Complementarity.........:   4.5379982839616034e-07    1.3010173204676851e+00
Overall NLP error.......:   3.6119899652909235e+11    3.6119899652909235e+11

Number of objective function evaluations              = 221
Number of objective gradient evaluations              = 203
Number of constraint evaluations                      = 310
Number of constraint Jacobian evaluations             = 219
Number of Lagrangian Hessian evaluations              = 206
Number of KKT factorizations                          = 497
Number of KKT backsolves                              = 431

Total wall secs in initialization                     =  8.982 s
Total wall secs in linear solver                      =  unavailable
Total wall secs in NLP function evaluations           =  4.619 s
Total wall secs in solver (w/o init./fun./lin. alg.)  =  unavailable
Total wall secs                                       = 32.315 s

[31mEXIT: Search Direction is becoming Too Small.[0m
This is [34mMad[31mN[32mL[35mP[0m version v0.9.2, running with cuDSS v0.7.1

Number of nonzeros in constraint Jacobian............:   136050
Number of nonzeros in Lagrangian Hessian.............:   121270

Total number of variables............................:    12912
                     variables with only lower bounds:        0
                variables with lower and upper bounds:        8
                     variables with only upper bounds:        0
Total number of equality constraints.................:    12904
Total number of inequality constraints...............:        0
        inequality constraints with only lower bounds:        0
   inequality constraints with lower and upper bounds:        0
        inequality constraints with only upper bounds:        0

iter    objective    inf_pr   inf_du inf_compl lg(mu) lg(rg) alpha_pr ir ls
   0  1.7863906e+11 1.17e+06 1.00e+02 1.20e+00  -1.0     -   0.00e+00  0  0 
   1r 1.7863906e+11 1.16e-10 9.99e+02 1.17e+06   6.1     -   1.45e-10  2  4R
   2r 1.7863906e+11 7.15e-07 1.62e-05 1.57e-03   4.7     -   9.25e-16  1  1f
   3r 1.3091198e+11 3.22e+01 1.62e-05 8.74e-06  -5.5     -   1.86e-05  1  1f
   4r 1.3091197e+11 1.89e+05 6.56e-05 8.74e-06  -5.5   -4.5  5.91e-05  1  1f
   5r 1.3091197e+11 1.88e+07 1.40e-02 8.74e-06  -5.5    0.5  3.81e-04  1  1h
   6r 1.3091197e+11 1.88e+07 1.40e-02 8.74e-06  -5.5    0.9  5.05e-05  1  1h
   7r 1.3091197e+11 1.88e+07 1.40e-02 8.74e-06  -5.5    2.2  3.07e-07  1  1h
   8r 1.3091197e+11 1.88e+07 1.40e-02 8.74e-06  -5.5    1.7  1.22e-04  1  1h
   9  1.3091197e+11 1.88e+07 1.62e-05 1.01e-07  -1.0    2.2  9.14e-05  2  1h
iter    objective    inf_pr   inf_du inf_compl lg(mu) lg(rg) alpha_pr ir ls
  10  1.3091195e+11 1.88e+07 1.12e-04 1.01e-07  -1.0    1.7  1.66e-05  2  1h
  11r 1.3091195e+11 2.91e-11 1.50e+02 1.88e+06   7.3     -   1.70e-07  2  2R
  12r 1.3091195e+11 9.54e-07 4.65e-07 6.43e-03   5.2     -   9.64e-14  1  1f
  13  6.7169601e+10 1.59e+07 6.81e-04 1.13e-07  -1.0     -   5.38e-02  2  1f
  14r 6.7169601e+10 9.31e-10 1.50e+02 1.59e+06   7.2     -   1.66e-07  2  2R
  15r 6.7169601e+10 6.02e-07 1.88e-07 6.36e-03   5.1     -   1.14e-13  1  1f
  16  4.6569494e+10 1.28e+07 2.23e-07 1.02e-07  -1.0     -   1.82e-02  1  1f
  17r 4.6569494e+10 4.66e-10 1.50e+02 1.28e+06   7.1     -   1.75e-07  2  2R
  18r 4.6569494e+10 9.61e-07 2.42e-07 6.52e-03   5.0     -   1.41e-13  1  1f
  19r 4.6024623e+10 7.01e+07 1.15e-06 1.58e-05  -4.5     -   2.91e-02  1  1f
iter    objective    inf_pr   inf_du inf_compl lg(mu) lg(rg) alpha_pr ir ls
  20r 4.6024980e+10 7.01e+07 4.41e-06 1.59e-05  -4.5   -0.2  1.24e-03  1  1h
  21r 4.6027110e+10 6.98e+07 1.09e-05 1.60e-05  -4.5   -0.7  2.36e-03  1  1h
  22r 4.6034067e+10 6.96e+07 1.43e-05 1.63e-05  -4.5   -1.2  2.38e-03  1  1h
  23r 4.6050513e+10 6.95e+07 1.72e-05 1.66e-05  -4.5   -1.6  1.75e-03  1  1h
  24r 4.6050513e+10 6.95e+07 1.73e-05 1.67e-05  -4.5   -2.1  1.67e-08  1  1h
  25r 4.6053920e+10 6.95e+07 1.74e-05 1.67e-05  -4.5   -2.6  4.00e-05  1  1h
  26r 4.6271555e+10 6.76e+07 5.24e-05 1.67e-05  -4.5   -2.2  6.58e-03  1  1h
  27r 4.6277213e+10 6.76e+07 5.29e-05 1.68e-05  -4.5   -2.7  5.22e-05  1  1h
  28r 4.6283145e+10 6.76e+07 5.31e-05 1.69e-05  -4.5   -2.2  1.39e-04  1  1h
  29r 4.6398911e+10 6.70e+07 6.70e-05 1.71e-05  -4.5   -1.8  6.81e-03  1  1h
iter    objective    inf_pr   inf_du inf_compl lg(mu) lg(rg) alpha_pr ir ls
  30r 4.6536522e+10 6.68e+07 7.04e-05 1.72e-05  -4.5   -2.3  2.40e-03  1  1h
  31r 4.6536535e+10 6.68e+07 7.22e-05 1.76e-05  -4.5   -1.9  5.52e-07  1  1h
  32r 4.6537057e+10 6.68e+07 7.41e-05 1.81e-05  -4.5   -2.3  7.89e-06  1  1h
  33r 4.8213611e+10 6.34e+07 1.39e-04 1.81e-05  -4.5   -2.8  9.13e-03  1  1h
  34r 4.8213615e+10 6.34e+07 1.40e-04 1.83e-05  -4.5   -2.4  4.40e-08  1  1h
  35r 4.8213617e+10 6.34e+07 1.55e-04 2.03e-05  -4.5   -2.0  6.29e-08  1  1h
  36r 4.8614467e+10 6.12e+07 2.52e-04 2.20e-05  -4.5   -1.5  3.15e-02  1  1h
  37r 4.8829690e+10 6.09e+07 2.82e-04 2.44e-05  -4.5   -2.0  4.39e-03  1  1h
  38r 4.8832224e+10 6.09e+07 3.29e-04 2.85e-05  -4.5   -1.6  1.47e-04  1  1h
  39r 4.8989707e+10 6.06e+07 3.63e-04 3.14e-05  -4.5   -2.1  4.11e-03  1  1h
iter    objective    inf_pr   inf_du inf_compl lg(mu) lg(rg) alpha_pr ir ls
  40r 4.8989719e+10 6.06e+07 3.78e-04 3.27e-05  -4.5   -1.6  8.90e-07  1  1h
  41r 4.8994764e+10 6.06e+07 3.78e-04 3.27e-05  -4.5   -2.1  1.27e-04  1  1h
  42r 4.9998199e+10 5.63e+07 7.57e-04 3.70e-05  -4.5   -1.7  6.27e-02  1  1h
  43r 5.0426255e+10 5.41e+07 8.59e-04 3.92e-05  -4.5   -2.2  3.64e-02  1  1h
  44r 5.0541757e+10 5.16e+07 9.37e-04 3.89e-05  -4.5   -1.7  4.55e-02  1  1h
  45r 5.0661858e+10 4.99e+07 9.96e-04 4.12e-05  -4.5   -2.2  3.30e-02  1  1h
  46r 5.0686394e+10 4.84e+07 1.06e-03 4.66e-05  -4.5   -1.8  3.01e-02  1  1h
  47r 5.0703962e+10 4.75e+07 1.13e-03 5.01e-05  -4.5   -2.3  1.78e-02  1  1h
  48r 5.0709556e+10 4.57e+07 1.21e-03 5.43e-05  -4.5   -1.8  3.88e-02  1  1h
  49r 5.0707196e+10 4.49e+07 1.35e-03 6.14e-05  -4.5   -2.3  1.74e-02  1  1h
iter    objective    inf_pr   inf_du inf_compl lg(mu) lg(rg) alpha_pr ir ls
  50r 5.0700409e+10 4.29e+07 1.54e-03 7.13e-05  -4.5   -1.9  4.53e-02  1  1h
  51r 5.0687615e+10 4.21e+07 2.93e-03 7.58e-05  -4.5   -2.4  1.91e-02  1  1h
  52r 5.0678454e+10 4.08e+07 3.58e-03 9.43e-05  -4.5   -1.9  2.90e-02  1  1h
  53r 5.0653852e+10 3.43e+07 4.62e-03 1.04e-04  -4.5   -1.5  1.65e-01  1  1h
  54r 5.0641662e+10 3.33e+07 5.00e-03 1.37e-04  -4.5   -2.0  2.96e-02  1  1h
  55r 5.0630599e+10 3.10e+07 5.29e-03 1.48e-04  -4.5   -1.6  7.01e-02  1  1h
  56r 5.0621372e+10 3.03e+07 6.22e-03 1.86e-04  -4.5   -2.0  2.34e-02  1  1h
  57  5.0610775e+10 2.81e+07 1.14e-05 1.23e-06  -1.0   -1.6  7.25e-02  2  1h
  58r 5.0610772e+10 1.86e-09 1.50e+02 2.81e+06   7.4     -   7.19e-08  2  2R
  59r 5.0610775e+10 8.34e-07 7.61e-08 6.35e-03   5.4     -   6.42e-14  1  1f
iter    objective    inf_pr   inf_du inf_compl lg(mu) lg(rg) alpha_pr ir ls
  60r 2.9649627e+10 1.62e+08 2.57e-06 1.20e-05  -3.7     -   1.71e-02  1  1f
  61r 2.9658950e+10 1.62e+08 3.49e-05 1.20e-05  -3.7   -2.6  1.24e-03  1  1h
  62r 2.9673627e+10 1.61e+08 5.07e-05 1.21e-05  -3.7   -3.0  6.82e-04  1  1h
  63r 2.9702191e+10 1.61e+08 5.24e-05 1.25e-05  -3.7   -3.5  5.20e-04  1  1h
  64r 2.9732281e+10 1.61e+08 5.30e-05 1.26e-05  -3.7   -3.1  1.24e-03  1  1h
  65r 2.9943369e+10 1.60e+08 5.42e-05 1.27e-05  -3.7   -3.6  3.47e-03  1  1h
  66r 3.0316878e+10 1.57e+08 6.16e-05 1.43e-05  -3.7   -3.1  1.34e-02  1  1h
  67r 3.2426866e+10 1.51e+08 7.68e-05 1.67e-05  -3.7   -3.6  2.95e-02  1  1h
  68r 3.3061247e+10 1.48e+08 2.33e-04 5.09e-05  -3.7   -3.2  1.86e-02  1  1h
  69r 3.3063366e+10 1.48e+08 5.16e-04 1.13e-04  -3.7   -3.7  3.88e-05  1  1h
iter    objective    inf_pr   inf_du inf_compl lg(mu) lg(rg) alpha_pr ir ls
  70r 3.4480519e+10 1.42e+08 6.29e-04 1.39e-04  -3.7   -3.3  4.32e-02  1  1h
  71r 3.7054938e+10 1.32e+08 7.94e-04 1.68e-04  -3.7   -3.7  6.76e-02  1  1h
  72r 3.7055313e+10 1.32e+08 1.26e-03 2.67e-04  -3.7   -3.3  3.41e-05  1  1h
  73r 3.7055348e+10 1.32e+08 2.73e-03 5.77e-04  -3.7   -3.8  2.45e-06  1  1h
  74r 3.8766329e+10 1.03e+08 5.14e-03 6.98e-04  -3.7   -3.4  2.35e-01  1  1h
  75r 3.8681695e+10 7.98e+07 8.25e-03 7.73e-04  -3.7   -3.8  1.66e-01  1  1h
  76  3.8650496e+10 5.32e+07 7.12e-05 5.61e-07  -1.0   -3.4  1.39e-01  2  1h
  77r 3.8650349e+10 3.73e-09 1.50e+02 5.32e+06   7.7     -   3.56e-06  3  4R
  78r 3.8650496e+10 7.15e-07 3.50e-07 6.34e-03   5.6     -   3.40e-14  1  1f
  79r 1.7820819e+10 1.82e+11 1.23e-04 3.49e-04  -4.6     -   1.04e-02  1  1f
iter    objective    inf_pr   inf_du inf_compl lg(mu) lg(rg) alpha_pr ir ls
  80r 1.7822717e+10 1.82e+11 1.28e-04 3.49e-04  -4.6   -4.4  6.93e-06  1  1h
  81r 1.7843483e+10 1.82e+11 1.46e-04 3.99e-04  -4.6   -4.8  2.81e-05  1  1h
  82r 1.8025489e+10 1.82e+11 1.63e-04 4.45e-04  -4.6   -5.3  1.08e-04  1  1h
  83r 1.9378858e+10 1.82e+11 1.86e-04 5.09e-04  -4.6   -5.8  4.34e-04  1  1h
  84r 2.7542284e+10 1.82e+11 2.36e-04 6.44e-04  -4.6   -6.3  1.74e-03  1  1h
  85r 5.2351279e+10 1.78e+11 3.95e-04 1.04e-03  -4.6   -6.7  6.22e-03  1  1h
  86r 4.7529379e+10 1.76e+11 4.00e-04 1.04e-03  -4.6   -6.3  5.76e-03  2  1h
  87r 3.9124441e+10 1.50e+11 5.66e-04 1.06e-03  -4.6   -6.8  2.37e-02  2  1h
  88r 3.9124440e+10 1.49e+11 8.23e-03 1.06e-03  -4.6    0.9  3.38e-03  2  1h
  89r 3.9124438e+10 1.49e+11 1.15e-02 1.06e-03  -4.6    0.4  3.74e-03  2  1h
iter    objective    inf_pr   inf_du inf_compl lg(mu) lg(rg) alpha_pr ir ls
  90r 3.9124414e+10 1.46e+11 2.91e-02 1.07e-03  -4.6   -0.1  1.48e-02  2  1h
  91r 3.9124357e+10 1.43e+11 4.77e-02 1.08e-03  -4.6   -0.6  2.54e-02  1  1h
  92r 3.9124358e+10 1.40e+11 5.35e-02 1.14e-03  -4.6   -1.1  2.10e-02  1  1h
  93r 3.9124458e+10 1.36e+11 5.78e-02 1.21e-03  -4.6   -1.5  2.75e-02  1  1h
  94r 3.9124788e+10 1.31e+11 6.02e-02 1.30e-03  -4.6   -2.0  3.39e-02  1  1h
  95r 3.9124898e+10 1.23e+11 7.65e-02 1.12e-03  -4.6   -1.6  6.47e-02  1  1h
  96r 3.9124909e+10 1.22e+11 7.93e-02 1.28e-03  -4.6   -2.1  4.93e-03  1  1h
  97r 3.9124914e+10 1.17e+11 8.55e-02 1.10e-03  -4.6   -1.6  4.83e-02  1  1h
  98r 3.9124914e+10 1.16e+11 8.90e-02 1.22e-03  -4.6   -2.1  3.73e-04  1  1h
  99r 3.9124888e+10 1.11e+11 9.37e-02 1.29e-03  -4.6   -1.7  4.74e-02  1  1h
iter    objective    inf_pr   inf_du inf_compl lg(mu) lg(rg) alpha_pr ir ls
 100r 3.9124888e+10 1.11e+11 1.01e-01 1.37e-03  -4.6   -2.2  6.06e-04  1  1h
 101  3.9124888e+10 1.11e+11 1.56e+01 1.18e+00  -1.0   -1.7  3.37e-07  1  2 
 102r 3.9124888e+10 7.63e-06 9.99e+02 1.11e+11  11.0     -   1.71e-12  8  2R
 103r 3.9124888e+10 7.63e-06 4.96e-03 7.04e-03   9.6     -   3.34e-21  1  1f
 104r 2.1223753e+11 3.40e+12 4.96e-03 2.75e-07  -3.5     -   1.70e-04  1  4f
 105r 2.1223753e+11 3.40e+12 4.96e-03 2.75e-07  -3.5   -1.8  2.88e-07  1  1h
 106r 2.1223753e+11 3.40e+12 4.96e-03 2.75e-07  -3.5   -2.3  2.08e-07  1  1h
 107r 2.1223753e+11 3.40e+12 4.96e-03 2.75e-07  -3.5   -2.7  1.97e-07  1  1h
 108r 2.1223753e+11 3.40e+12 4.96e-03 2.75e-07  -3.5   -3.2  2.06e-07  1  1h
 109r 2.1223753e+11 3.40e+12 4.96e-03 7.87e-04  -3.5   -3.7  5.45e-08  1  1h
iter    objective    inf_pr   inf_du inf_compl lg(mu) lg(rg) alpha_pr ir ls
 110r 2.1223753e+11 3.40e+12 7.06e-02 1.83e+00  -3.5   -4.2  4.33e-07  1  1h
 111r 2.1223757e+11 3.40e+12 4.45e+00 1.41e+01  -3.5   -4.6  1.44e-06  1  1h
 112r 2.1223758e+11 3.40e+12 5.22e+00 1.61e+01  -3.5   -5.1  2.27e-06  1  1h
 113r 2.1223764e+11 3.40e+12 5.28e+00 1.61e+01  -3.5   -5.6  5.60e-06  1  1h
 114r 2.1223764e+11 3.40e+12 5.30e+00 1.61e+01  -3.5    2.0  1.29e-05  1  1h
 115r 2.1223764e+11 3.40e+12 5.34e+00 1.61e+01  -3.5    1.6  5.20e-05  1  1h
 116r 2.1223764e+11 3.40e+12 5.40e+00 1.62e+01  -3.5    1.1  4.80e-05  1  1h
 117r 2.1223764e+11 3.40e+12 5.75e+00 1.62e+01  -3.5    2.4  3.81e-04  1  1h
 118r 2.1223764e+11 3.40e+12 6.77e+00 1.85e+01  -3.5    2.8  4.30e-04  2  1h
 119r 2.1223764e+11 3.40e+12 6.79e+00 1.85e+01  -3.5    4.2  4.95e-06  1  1h
iter    objective    inf_pr   inf_du inf_compl lg(mu) lg(rg) alpha_pr ir ls
 120r 2.1223764e+11 3.39e+12 6.86e+00 1.85e+01  -3.5    4.6  2.15e-03  1  1h
 121r 2.1223764e+11 3.38e+12 7.60e+00 1.86e+01  -3.5    4.1  2.91e-03  1  1h
 122r 2.1223764e+11 3.38e+12 7.93e+00 1.86e+01  -3.5    3.6  1.57e-03  1  1h
 123r 2.1223764e+11 3.38e+12 8.17e+00 1.88e+01  -3.5    4.1  5.19e-04  1  1h
 124r 2.1223764e+11 3.37e+12 1.28e+01 1.88e+01  -3.5    5.4  8.00e-04  1  1h
 125r 2.1223764e+11 3.35e+12 1.75e+01 1.86e+01  -3.5    4.9  7.63e-03  1  1h
 126r 2.1223764e+11 3.35e+12 1.75e+01 1.86e+01  -3.5    4.4  3.81e-06  1  1h
 127r 2.1223764e+11 3.34e+12 1.88e+01 1.86e+01  -3.5    4.0  2.15e-03  1  1h
 128r 2.1223764e+11 3.33e+12 2.16e+01 1.87e+01  -3.5    3.5  4.67e-03  1  1h
 129r 2.1223764e+11 3.29e+12 2.72e+01 1.90e+01  -3.5    4.8  9.52e-03  1  1h
iter    objective    inf_pr   inf_du inf_compl lg(mu) lg(rg) alpha_pr ir ls
 130r 2.1223764e+11 3.27e+12 3.11e+01 1.86e+01  -3.5    5.3  6.28e-03  1  1h
 131r 2.1223764e+11 3.27e+12 3.11e+01 1.86e+01  -3.5    4.8  2.16e-05  1  1h
 132r 2.1223764e+11 3.19e+12 6.22e+01 1.92e+01  -3.5    4.3  2.56e-02  1  1h
 133r 2.1223764e+11 3.13e+12 1.12e+02 1.89e+01  -3.5    3.8  1.79e-02  1  1h
 134  2.1223764e+11 3.13e+12 4.13e+02 1.18e+00  -1.0    3.3  2.94e-07  1  6 
 135r 2.1223764e+11 3.05e-05 9.99e+02 3.13e+12  12.5     -   1.35e-13  7  2R
 136r 2.1223764e+11 3.05e-05 2.77e-02 1.47e-03  11.1     -   1.16e-22  1  1f
 137  2.1759229e+11 1.98e+12 2.77e-02 1.03e-07  -1.0     -   1.39e-05 10 10f
 138  2.1757944e+11 1.98e+12 2.76e-02 1.03e-07  -1.0    2.4  4.87e-04 10  1h
 139  2.1757895e+11 1.98e+12 2.76e-02 1.03e-07  -1.0    1.9  1.16e-05 10  1h
iter    objective    inf_pr   inf_du inf_compl lg(mu) lg(rg) alpha_pr ir ls
 140r 2.1757894e+11 1.22e-04 1.50e+02 1.98e+11  12.3     -   1.43e-07 10  2R
 141r 2.1757895e+11 3.66e-04 9.55e-06 6.37e-03  10.2     -   9.14e-19  1  1f
 142  4.0474076e+11 2.82e+10 9.55e-06 1.01e-07  -1.0     -   3.21e-05 10 13f
 143r 4.0474071e+11 1.19e-07 1.50e+02 2.82e+09  10.5     -   1.10e-07  3  2R
 144r 4.0474076e+11 3.81e-06 1.14e-06 6.34e-03   8.4     -   6.41e-17  1  1f
 145r 5.2406334e+10 2.38e+11 1.02e-05 5.10e-06  -3.2     -   1.70e-03  1  6f
 146r 5.2406334e+10 2.38e+11 1.02e-05 5.10e-06  -3.2    0.5  1.55e-05  1  1h
 147r 5.2406334e+10 2.38e+11 9.99e-03 4.94e-03  -3.2    0.0  5.07e-05  1  1h
 148r 5.2406334e+10 2.38e+11 3.90e-02 1.36e-02  -3.2   -0.5  2.46e-04  1  1h
 149r 5.2406335e+10 2.37e+11 5.84e-01 1.36e-02  -3.2   -1.0  9.70e-04  1  1h
iter    objective    inf_pr   inf_du inf_compl lg(mu) lg(rg) alpha_pr ir ls
 150r 5.2406356e+10 2.37e+11 1.31e+01 1.37e-02  -3.2   -1.4  2.70e-03  1  1h
 151r 5.2406432e+10 2.36e+11 2.33e+01 1.36e-02  -3.2   -1.9  1.45e-03  1  1h
 152r 5.2406553e+10 2.36e+11 2.68e+01 1.37e-02  -3.2   -2.4  5.15e-04  1  1h
 153r 5.2406717e+10 2.36e+11 2.76e+01 1.37e-02  -3.2   -2.9  1.40e-04  1  1h
 154r 5.2406733e+10 2.36e+11 2.77e+01 1.37e-02  -3.2   -3.3  6.38e-06  1  1h
 155r 5.2406733e+10 2.36e+11 2.77e+01 1.37e-02  -3.2   -2.9  1.43e-07  1  1h
 156r 5.2406733e+10 2.36e+11 2.77e+01 1.37e-02  -3.2   -3.4  9.69e-09  1  1h
 157r 5.2406858e+10 2.36e+11 2.85e+01 1.37e-02  -3.2   -3.0  1.28e-04  1  1h
 158r 5.2406858e+10 2.36e+11 2.85e+01 1.37e-02  -3.2   -2.5  1.23e-06  1  1h
 159r 5.2406858e+10 2.36e+11 2.86e+01 1.37e-02  -3.2   -3.0  9.01e-08  1  1h
iter    objective    inf_pr   inf_du inf_compl lg(mu) lg(rg) alpha_pr ir ls
 160r 5.2407528e+10 2.36e+11 3.32e+01 1.37e-02  -3.2   -3.5  1.81e-04  1  1h
 161r 5.2407738e+10 2.36e+11 3.43e+01 1.37e-02  -3.2   -3.1  1.49e-04  1  1h
 162r 5.2407738e+10 2.36e+11 3.43e+01 1.37e-02  -3.2   -3.5  4.16e-08  1  1h
 163  5.2407738e+10 2.36e+11 1.92e+01 1.16e+00  -1.0   -3.1  2.12e-11  1  3 
 164r 5.2407738e+10 1.53e-05 9.99e+02 2.36e+11  11.4     -   7.72e-13  9  2R
 165r 5.2407738e+10 1.53e-05 7.20e-03 1.14e-02  10.0     -   1.54e-21  1  1f
 166r 3.9617957e+10 9.61e+11 4.91e+03 5.52e-08  -4.3     -   1.53e-04  1  4f
 167r 3.9617957e+10 9.61e+11 4.91e+03 5.52e-08  -4.3   -2.3  6.09e-07  1  1h
 168r 3.9617957e+10 9.61e+11 4.91e+03 5.52e-08  -4.3   -2.7  7.66e-07  1  1h
 169r 3.9617957e+10 9.61e+11 4.91e+03 5.52e-08  -4.3   -3.2  2.32e-07  1  1h
iter    objective    inf_pr   inf_du inf_compl lg(mu) lg(rg) alpha_pr ir ls
 170r 3.9617957e+10 9.61e+11 4.91e+03 5.52e-08  -4.3   -3.7  4.31e-07  1  1h
 171r 3.9617957e+10 9.61e+11 4.91e+03 5.52e-08  -4.3   -4.2  3.46e-07  1  1h
 172r 3.9617957e+10 9.62e+11 4.91e+03 5.52e-08  -4.3   -4.7  2.02e-07  1  1h
 173r 3.9617957e+10 9.66e+11 4.91e+03 5.52e-08  -4.3   -4.2  2.53e-07  1  1h
 174r 3.9617957e+10 9.66e+11 4.91e+03 5.52e-08  -4.3   -4.7  9.10e-09  1  1h
 175r 3.9617957e+10 9.66e+11 4.91e+03 5.52e-08  -4.3   -5.2  9.11e-07  1  1h
 176r 3.9617958e+10 9.66e+11 4.91e+03 5.52e-08  -4.3   -5.7  6.06e-08  1  1h
 177r 3.9617958e+10 9.66e+11 4.91e+03 5.52e-08  -4.3   -5.2  4.92e-11  1  1h
 178r 3.9617958e+10 9.66e+11 4.91e+03 5.52e-08  -4.3   -5.7  1.46e-10  1  1h
 179r 3.9617929e+10 9.66e+11 4.91e+03 5.52e-08  -4.3   -6.2  3.85e-08  1  1h
iter    objective    inf_pr   inf_du inf_compl lg(mu) lg(rg) alpha_pr ir ls
 180r 3.9617924e+10 9.66e+11 4.91e+03 5.52e-08  -4.3   -5.8  3.09e-07  1  1h
 181r 3.9617868e+10 9.66e+11 4.91e+03 5.52e-08  -4.3   -6.2  1.39e-07  1  1h
 182r 3.9617866e+10 9.66e+11 4.91e+03 5.52e-08  -4.3   -5.8  6.17e-08  1  1h
 183r 3.9617656e+10 9.66e+11 4.91e+03 7.57e-04  -4.3   -6.3  1.47e-06  1  1h
 184r 3.9617615e+10 9.66e+11 4.91e+03 7.57e-04  -4.3   -5.9  8.46e-07  1  1h
 185r 3.9617135e+10 9.66e+11 4.91e+03 7.57e-04  -4.3   -6.3  1.07e-06  1  1h
 186r 3.9617054e+10 9.66e+11 4.91e+03 7.57e-04  -4.3   -5.9  8.56e-07  1  1h
 187r 3.9616960e+10 9.66e+11 4.91e+03 2.40e-03  -4.3   -5.5  2.62e-06  1  1h
 188r 3.9616784e+10 9.66e+11 4.91e+03 2.40e-03  -4.3   -6.0  1.91e-06  1  1h
 189r 3.9616715e+10 9.66e+11 4.91e+03 2.40e-03  -4.3   -5.5  1.97e-06  1  1h
iter    objective    inf_pr   inf_du inf_compl lg(mu) lg(rg) alpha_pr ir ls
 190r 3.9616658e+10 9.66e+11 4.91e+03 2.40e-03  -4.3   -6.0  6.36e-07  1  1h
 191r 3.9616561e+10 9.66e+11 4.91e+03 2.40e-03  -4.3   -5.6  2.66e-06  1  1h
 192r 3.9616414e+10 9.66e+11 4.91e+03 2.40e-03  -4.3   -6.1  1.50e-06  1  1h
 193r 3.9616095e+10 9.66e+11 4.91e+03 3.66e-03  -4.3   -5.6  7.90e-06  1  1h
 194r 3.9615752e+10 9.75e+11 4.91e+03 3.66e-03  -4.3   -6.1  3.61e-06  1  1h
 195r 3.9615563e+10 9.75e+11 4.91e+03 3.66e-03  -4.3   -5.7  5.27e-06  1  1h
 196r 3.9615368e+10 9.75e+11 4.91e+03 4.78e-03  -4.3   -5.3  1.49e-05  1  1h
 197r 3.9615069e+10 9.75e+11 4.91e+03 4.78e-03  -4.3   -5.7  1.01e-05  1  1h
 198r 3.9614806e+10 9.75e+11 4.91e+03 4.78e-03  -4.3   -5.3  2.64e-05  1  1h
 199r 3.9614751e+10 9.75e+11 4.91e+03 5.01e-03  -4.3   -4.9  3.02e-05  1  1h
iter    objective    inf_pr   inf_du inf_compl lg(mu) lg(rg) alpha_pr ir ls
 200r 3.9614762e+10 9.75e+11 4.91e+03 5.01e-03  -4.3   -5.4  1.41e-05  1  1h
 201r 3.9614762e+10 9.75e+11 4.91e+03 1.06e-02  -4.3   -4.9  6.95e-08  1  1h
 202r 3.9614860e+10 9.75e+11 4.91e+03 1.50e-02  -4.3   -5.4  3.12e-05  1  1h
 203r 3.9615301e+10 9.75e+11 4.91e+03 3.29e-01  -4.3   -5.0  1.25e-04  1  1h
 204r 3.9628422e+10 9.75e+11 4.91e+03 3.29e-01  -4.3   -5.5  1.98e-04  1  1h
 205r 3.9646951e+10 9.75e+11 4.91e+03 3.29e-01  -4.3   -5.0  3.92e-04  1  1h
 206r 3.9676848e+10 9.75e+11 4.91e+03 3.29e-01  -4.3   -5.5  1.38e-04  1  1h
 207r 3.9680009e+10 9.75e+11 4.91e+03 3.29e-01  -4.3   -5.1  2.68e-05  1  1h
 208r 3.9693951e+10 9.75e+11 4.91e+03 3.30e-01  -4.3   -5.6  3.41e-05  1  1h
 209r 3.9782521e+10 9.74e+11 4.91e+03 3.32e-01  -4.3   -5.1  5.62e-04  1  1h
iter    objective    inf_pr   inf_du inf_compl lg(mu) lg(rg) alpha_pr ir ls
 210r 3.9968496e+10 9.77e+11 4.91e+03 3.34e-01  -4.3   -5.6  2.78e-04  1  1h
 211r 4.0257607e+10 9.76e+11 4.91e+03 3.36e-01  -4.3   -5.2  1.01e-03  1  1h
 212r 4.1744166e+10 9.75e+11 4.91e+03 3.44e-01  -4.3   -5.7  1.16e-03  1  1h
 213r 4.3022286e+10 9.73e+11 4.91e+03 3.64e-01  -4.3   -5.2  1.87e-03  1  1h
 214r 4.4908983e+10 9.72e+11 4.90e+03 6.55e-01  -4.3   -5.7  7.31e-04  1  1h
 215r 4.8593947e+10 9.69e+11 4.90e+03 8.29e-01  -4.3   -5.3  2.85e-03  1  1h
 216r 5.8181138e+10 9.59e+11 1.44e+04 4.14e+00  -4.3   -4.9  1.00e-02  1  1h
 217r 6.0887243e+10 9.58e+11 1.49e+04 4.27e+00  -4.3   -5.3  1.03e-03  1  1h
 218r 7.0457035e+10 9.54e+11 1.61e+04 4.64e+00  -4.3   -4.9  4.63e-03  1  1h
 219r 8.3575191e+10 9.45e+11 1.71e+04 4.99e+00  -4.3   -4.5  9.37e-03  1  1h
iter    objective    inf_pr   inf_du inf_compl lg(mu) lg(rg) alpha_pr ir ls
 220r 9.3283980e+10 9.41e+11 1.84e+04 5.38e+00  -4.3   -5.0  3.82e-03  1  1h
 221r 9.6169747e+10 9.40e+11 2.00e+04 5.87e+00  -4.3   -4.5  1.67e-03  1  1h
 222r 1.8243064e+11 8.89e+11 2.34e+04 6.78e+00  -4.3   -4.1  5.33e-02  1  1h
 223r 2.1319663e+11 8.52e+11 2.94e+04 7.86e+00  -4.3   -3.7  4.20e-02  1  1h
 224r 2.1320171e+11 8.52e+11 3.21e+04 8.58e+00  -4.3   -3.3  1.81e-05  1  1h
 225r 2.1974286e+11 8.43e+11 3.19e+04 8.53e+00  -4.3   -3.7  1.01e-02  1  1h
 226r 2.9258906e+11 7.17e+11 1.38e+05 8.11e+00  -4.3   -3.3  1.51e-01  1  1h
 227r 2.9976973e+11 7.07e+11 1.40e+05 8.34e+00  -4.3   -3.8  1.40e-02  1  1h
 228r 3.2796764e+11 6.77e+11 1.40e+05 7.85e+00  -4.3   -4.3  4.22e-02  1  1h
 229r 3.3712715e+11 6.63e+11 1.41e+05 7.92e+00  -4.3   -3.9  2.18e-02  1  1h
iter    objective    inf_pr   inf_du inf_compl lg(mu) lg(rg) alpha_pr ir ls
 230r 3.4193583e+11 6.56e+11 1.48e+05 9.68e+00  -4.3   -4.3  9.89e-03  1  1h
 231r 3.4550368e+11 6.49e+11 1.54e+05 1.04e+01  -4.3   -3.9  1.14e-02  1  1h
 232r 3.4751074e+11 6.45e+11 1.61e+05 1.09e+01  -4.3   -4.4  5.71e-03  1  1h
 233r 3.5467628e+11 6.26e+11 1.65e+05 1.14e+01  -4.3   -4.0  3.00e-02  1  1h
 234r 3.5485379e+11 6.25e+11 1.73e+05 1.19e+01  -4.3   -4.4  6.64e-04  1  1h
 235r 3.6250582e+11 6.00e+11 1.79e+05 1.21e+01  -4.3   -4.0  4.10e-02  1  1h
 236r 3.6627791e+11 5.89e+11 1.77e+05 1.18e+01  -4.3   -4.5  1.78e-02  1  1h
 237r 3.6715714e+11 5.86e+11 1.79e+05 1.21e+01  -4.3   -4.1  5.84e-03  1  1h
 238r 3.7001294e+11 5.78e+11 1.77e+05 1.19e+01  -4.3   -4.5  1.41e-02  1  1h
 239r 3.7053101e+11 5.76e+11 1.77e+05 1.19e+01  -4.3   -4.1  3.59e-03  1  1h
iter    objective    inf_pr   inf_du inf_compl lg(mu) lg(rg) alpha_pr ir ls
 240r 3.7476325e+11 5.64e+11 1.75e+05 1.16e+01  -4.3   -4.6  2.10e-02  1  1h
 241r 3.7595445e+11 5.59e+11 1.76e+05 1.17e+01  -4.3   -4.2  8.53e-03  1  1h
 242r 3.7657854e+11 5.57e+11 1.78e+05 1.19e+01  -4.3   -4.6  3.25e-03  1  1h
[32mEXIT: Restoration Failed[0m
This is [34mMad[31mN[32mL[35mP[0m version v0.9.2, running with cuDSS v0.7.1

Number of nonzeros in constraint Jacobian............:   136050
Number of nonzeros in Lagrangian Hessian.............:   121270

Total number of variables............................:    12912
                     variables with only lower bounds:        0
                variables with lower and upper bounds:        8
                     variables with only upper bounds:        0
Total number of equality constraints.................:    12904
Total number of inequality constraints...............:        0
        inequality constraints with only lower bounds:        0
   inequality constraints with lower and upper bounds:        0
        inequality constraints with only upper bounds:        0

iter    objective    inf_pr   inf_du inf_compl lg(mu) lg(rg) alpha_pr ir ls
   0  1.7863906e+11 1.17e+06 1.00e+02 1.20e+00  -1.0     -   0.00e+00  0  0 
   1r 1.7863906e+11 1.16e-10 9.99e+02 1.17e+06   6.1     -   1.45e-10  2  4R
   2r 1.7863906e+11 7.15e-07 1.62e-05 1.57e-03   4.7     -   9.25e-16  1  1f
   3r 1.3076021e+11 3.22e+01 1.62e-05 8.74e-06  -5.5     -   1.86e-05  1  1f
   4r 1.3076021e+11 1.81e+05 5.43e-05 8.74e-06  -5.5   -4.5  6.32e-05  1  1f
   5r 1.3076021e+11 2.13e+07 1.55e-02 8.74e-06  -5.5    0.5  3.77e-04  1  1h
   6r 1.3076021e+11 2.13e+07 1.55e-02 8.74e-06  -5.5    0.9  4.38e-05  1  1h
   7r 1.3076021e+11 2.13e+07 1.55e-02 8.74e-06  -5.5    2.2  3.31e-07  1  1h
   8r 1.3076021e+11 2.13e+07 1.55e-02 8.74e-06  -5.5    1.7  1.30e-04  1  1h
   9r 1.3076021e+11 2.13e+07 1.55e-02 8.74e-06  -5.5    2.2  8.51e-05  1  1h
iter    objective    inf_pr   inf_du inf_compl lg(mu) lg(rg) alpha_pr ir ls
  10r 1.3076021e+11 2.13e+07 1.55e-02 8.75e-06  -5.5    1.7  4.47e-07  1  1h
  11r 1.3076021e+11 2.13e+07 1.55e-02 8.75e-06  -5.5    1.2  4.36e-05  1  1h
  12r 1.3076021e+11 2.13e+07 1.55e-02 8.75e-06  -5.5    0.7  2.10e-05  1  1h
  13r 1.3076021e+11 2.13e+07 1.55e-02 8.76e-06  -5.5    0.3  7.28e-05  1  1h
  14r 1.3076021e+11 2.13e+07 1.55e-02 8.76e-06  -5.5   -0.2  2.06e-04  1  1h
  15r 1.3076021e+11 2.13e+07 1.55e-02 8.76e-06  -5.5   -0.7  1.09e-04  1  1h
  16r 1.3076021e+11 2.13e+07 1.55e-02 8.76e-06  -5.5   -1.2  1.27e-04  1  1h
  17r 1.3076021e+11 2.13e+07 1.55e-02 8.76e-06  -5.5   -1.6  1.27e-04  1  1h
  18r 1.3076021e+11 2.13e+07 1.55e-02 8.76e-06  -5.5   -2.1  1.41e-04  1  1h
  19r 1.3076021e+11 2.13e+07 1.55e-02 8.77e-06  -5.5   -2.6  2.59e-05  1  1h
iter    objective    inf_pr   inf_du inf_compl lg(mu) lg(rg) alpha_pr ir ls
  20r 1.3076021e+11 2.13e+07 1.55e-02 8.77e-06  -5.5   -3.1  2.57e-06  1  1h
  21r 1.3076021e+11 2.13e+07 1.55e-02 8.77e-06  -5.5   -3.6  3.23e-05  1  1h
  22r 1.3076021e+11 2.13e+07 1.55e-02 8.77e-06  -5.5   -4.0  4.73e-11  1  1h
  23r 1.3076021e+11 2.13e+07 1.55e-02 8.77e-06  -5.5   -4.5  4.50e-09  1  1h
  24r 1.3076021e+11 2.13e+07 1.55e-02 8.77e-06  -5.5   -5.0  2.77e-06  1  1h
  25  1.3076021e+11 2.13e+07 9.36e+01 1.20e+00  -1.0   -5.5  7.25e-13  1  6 
  26r 1.3076021e+11 2.91e-11 9.99e+02 2.13e+07   7.3     -   1.45e-10  4  2R
  27r 1.3076021e+11 5.96e-07 1.39e-04 1.39e-02   5.9     -   5.11e-17  1  1f
  28  1.3041472e+11 4.99e+06 1.55e-04 1.01e-07  -1.0     -   1.18e-03  2  1f
  29r 1.3041390e+11 2.91e-11 1.50e+02 4.99e+05   6.7     -   9.11e-06  4  6R
iter    objective    inf_pr   inf_du inf_compl lg(mu) lg(rg) alpha_pr ir ls
  30r 1.3041472e+11 8.33e-07 5.29e-06 6.42e-03   4.6     -   3.63e-13  1  1f
  31r 1.1477484e+11 6.12e+08 1.90e-05 9.23e-05  -3.8     -   2.90e-02  1  1f
  32r 1.1479364e+11 6.11e+08 1.90e-05 9.24e-05  -3.8   -3.3  5.42e-04  1  1h
  33r 1.1484326e+11 6.10e+08 1.90e-05 9.27e-05  -3.8   -2.9  1.98e-03  1  1h
  34r 1.1501298e+11 6.05e+08 1.90e-05 9.60e-05  -3.8   -3.3  4.84e-03  1  1h
  35r 1.1546287e+11 5.84e+08 1.90e-05 9.61e-05  -3.8   -2.9  1.77e-02  1  1h
  36r 1.1600274e+11 5.73e+08 1.89e-05 1.09e-04  -3.8   -3.4  1.69e-02  1  1h
  37r 1.1799697e+11 5.19e+08 2.01e-05 1.13e-04  -3.8   -3.0  9.15e-02  1  1h
  38r 1.1844326e+11 5.07e+08 2.32e-05 1.30e-04  -3.8   -3.4  2.36e-02  1  1h
  39r 1.1844332e+11 5.07e+08 2.75e-05 1.54e-04  -3.8   -3.0  5.87e-06  1  1h
iter    objective    inf_pr   inf_du inf_compl lg(mu) lg(rg) alpha_pr ir ls
  40r 1.2022210e+11 3.66e+08 8.15e-05 1.42e-04  -3.8   -2.6  2.57e-01  1  1h
  41r 1.2086946e+11 2.70e+08 5.11e-04 1.35e-04  -3.8   -3.1  2.17e-01  1  1h
  42r 1.2109525e+11 9.94e+07 7.10e-04 1.40e-04  -3.8   -2.6  3.52e-01  1  1h
  43r 1.2109262e+11 8.42e+05 6.38e-04 1.76e-04  -3.8   -3.1  1.21e-01  1  1h
  44r 1.2109231e+11 8.37e+05 6.36e-04 1.75e-04  -3.8   -3.6  3.99e-03  1  1h
  45r 1.2109182e+11 8.18e+05 6.32e-04 1.73e-04  -3.8   -4.1  5.22e-03  1  1h
  46r 1.2109158e+11 7.69e+05 6.31e-04 1.73e-04  -3.8   -3.6  2.86e-03  1  1h
  47  1.2109157e+11 6.54e+05 1.19e-04 1.00e-07  -1.0   -3.2  1.21e-04  2  1h
  48r 1.2109155e+11 5.82e-11 1.50e+02 6.55e+04   5.8     -   1.24e-07  3  2R
  49r 1.2109157e+11 1.21e-06 2.19e-04 1.00e-01   3.7     -   2.76e-12  1  1f
iter    objective    inf_pr   inf_du inf_compl lg(mu) lg(rg) alpha_pr ir ls
  50r 1.2107314e+11 7.22e+04 3.55e-04 1.05e-01  -2.8     -   1.65e-06  1  1f
  51r 1.1995962e+11 1.15e+08 2.46e-03 1.79e-01  -2.8     -   9.31e-05  1  1h
  52r 9.9271143e+10 1.14e+09 1.28e-02 1.72e-01  -2.8     -   2.03e-03  1  1h
  53r 9.9268194e+10 1.13e+09 5.86e-01 1.72e-01  -2.8   -4.2  6.22e-03  1  1h
  54r 9.9263433e+10 1.12e+09 9.55e-01 1.71e-01  -2.8   -4.6  9.81e-03  1  1h
  55r 9.9258412e+10 1.11e+09 1.32e+00 1.70e-01  -2.8   -5.1  1.00e-02  1  1h
  56r 9.9255121e+10 1.10e+09 1.39e+00 1.69e-01  -2.8   -5.6  5.95e-03  1  1h
  57r 9.9255121e+10 1.10e+09 1.39e+00 1.70e-01  -2.8   -6.1  4.07e-07  1  1h
  58r 9.9255113e+10 1.10e+09 1.39e+00 1.70e-01  -2.8   -5.7  1.49e-05  1  1h
  59r 9.9255102e+10 1.10e+09 1.39e+00 1.70e-01  -2.8   -5.2  2.17e-05  1  1h
iter    objective    inf_pr   inf_du inf_compl lg(mu) lg(rg) alpha_pr ir ls
  60r 9.9247468e+10 1.08e+09 1.55e+00 1.70e-01  -2.8   -5.7  1.35e-02  1  1h
  61r 9.9244540e+10 1.07e+09 1.57e+00 1.70e-01  -2.8   -5.3  6.07e-03  1  1h
  62r 9.9233167e+10 1.03e+09 1.58e+00 1.70e-01  -2.8   -5.8  2.05e-02  1  1h
  63r 9.9221474e+10 1.01e+09 1.56e+00 1.66e-01  -2.8   -5.3  2.52e-02  1  1h
  64r 9.9216850e+10 9.97e+08 1.55e+00 1.65e-01  -2.8   -5.8  8.65e-03  1  1h
  65r 9.9216849e+10 9.97e+08 1.55e+00 1.65e-01  -2.8   -3.6  3.61e-06  1  1h
  66r 9.9216848e+10 9.97e+08 1.61e+00 1.72e-01  -2.8   -4.1  2.63e-06  1  1h
  67r 9.9209501e+10 9.79e+08 1.77e+00 1.88e-01  -2.8   -4.5  1.87e-02  1  1h
  68r 9.9182711e+10 9.10e+08 1.69e+00 1.77e-01  -2.8   -5.0  7.06e-02  1  1h
  69r 9.9171896e+10 8.83e+08 1.68e+00 1.76e-01  -2.8   -5.5  2.80e-02  1  1h
iter    objective    inf_pr   inf_du inf_compl lg(mu) lg(rg) alpha_pr ir ls
  70r 9.9166401e+10 8.72e+08 1.66e+00 1.74e-01  -2.8   -6.0  1.08e-02  1  1h
  71r 9.9166401e+10 8.72e+08 1.66e+00 1.92e-01  -2.8    4.4  1.02e-03  1  1h
  72r 9.9166401e+10 8.71e+08 1.66e+00 2.15e-01  -2.8    4.8  2.37e-04  1  1h
  73r 9.9166401e+10 8.71e+08 1.66e+00 2.78e-01  -2.8    4.3  4.95e-04  1  1h
  74r 9.9166401e+10 8.71e+08 1.66e+00 2.89e-01  -2.8    4.8  1.18e-04  1  1h
  75r 9.9166401e+10 8.71e+08 1.66e+00 3.04e-01  -2.8    4.3  2.76e-04  1  1h
  76r 9.9166401e+10 8.70e+08 1.66e+00 3.41e-01  -2.8    4.7  4.29e-04  1  1h
  77r 9.9166401e+10 8.69e+08 1.66e+00 3.67e-01  -2.8    4.2  7.53e-04  1  1h
  78r 9.9166401e+10 8.69e+08 1.66e+00 2.91e-01  -2.8    4.7  6.30e-04  1  1h
  79r 9.9166401e+10 8.67e+08 1.66e+00 2.73e-01  -2.8    4.2  1.76e-03  1  1h
iter    objective    inf_pr   inf_du inf_compl lg(mu) lg(rg) alpha_pr ir ls
  80r 9.9166401e+10 8.65e+08 1.66e+00 2.87e-01  -2.8    4.6  3.21e-03  1  1h
  81r 9.9166401e+10 8.62e+08 1.66e+00 2.24e-01  -2.8    4.1  3.23e-03  1  1h
  82r 9.9166401e+10 8.59e+08 1.66e+00 2.28e-01  -2.8    4.6  3.28e-03  1  1h
  83r 9.9166401e+10 8.49e+08 1.64e+00 3.17e-01  -2.8    4.1  1.13e-02  1  1h
  84r 9.9166401e+10 8.42e+08 1.64e+00 3.37e-01  -2.8    4.5  8.03e-03  1  1h
  85r 9.9166401e+10 8.37e+08 1.63e+00 3.95e-01  -2.8    4.0  6.56e-03  1  1h
  86r 9.9166401e+10 8.22e+08 1.61e+00 4.63e-01  -2.8    3.6  1.69e-02  1  1h
  87r 9.9166401e+10 8.15e+08 1.61e+00 4.70e-01  -2.8    3.1  8.52e-03  1  1h
  88r 9.9166401e+10 7.97e+08 1.58e+00 5.84e-01  -2.8    2.6  2.27e-02  1  1h
  89r 9.9166401e+10 7.85e+08 1.57e+00 6.06e-01  -2.8    2.1  1.51e-02  1  1h
iter    objective    inf_pr   inf_du inf_compl lg(mu) lg(rg) alpha_pr ir ls
  90r 9.9166401e+10 7.69e+08 1.55e+00 6.71e-01  -2.8    1.7  1.99e-02  1  1h
  91r 9.9166400e+10 7.47e+08 1.52e+00 7.27e-01  -2.8    1.2  2.88e-02  1  1h
  92r 9.9166398e+10 7.31e+08 1.50e+00 7.86e-01  -2.8    0.7  2.22e-02  1  1h
  93r 9.9166398e+10 7.31e+08 1.50e+00 7.81e-01  -2.8    0.2  3.27e-05  1  1h
  94r 9.9166396e+10 7.09e+08 1.45e+00 8.84e-01  -2.8    0.7  3.08e-02  1  1h
  95r 9.9166395e+10 6.99e+08 1.43e+00 9.78e-01  -2.8    1.1  1.39e-02  1  1h
  96r 9.9166393e+10 6.82e+08 1.42e+00 9.98e-01  -2.8    0.6  2.48e-02  1  1h
  97r 9.9166392e+10 6.66e+08 1.42e+00 9.49e-01  -2.8    1.0  2.27e-02  1  1h
  98r 9.9166392e+10 6.66e+08 1.44e+00 8.90e-01  -2.8    0.5  2.00e-04  1  1h
  99r 9.9166391e+10 6.57e+08 1.45e+00 8.86e-01  -2.8    1.0  1.42e-02  1  1h
iter    objective    inf_pr   inf_du inf_compl lg(mu) lg(rg) alpha_pr ir ls
 100r 9.9166390e+10 6.50e+08 1.44e+00 8.87e-01  -2.8    0.5  1.04e-02  1  1h
 101r 9.9166389e+10 6.30e+08 1.46e+00 8.39e-01  -2.8    0.9  3.10e-02  1  1h
 102r 9.9166385e+10 6.00e+08 1.51e+00 9.05e-01  -2.8    0.4  4.71e-02  1  1h
 103r 9.9166383e+10 5.69e+08 1.88e+00 7.36e-01  -2.8    0.9  5.31e-02  1  1h
 104r 9.9166380e+10 5.44e+08 2.39e+00 7.27e-01  -2.8    0.4  4.34e-02  1  1h
 105r 9.9166380e+10 5.44e+08 2.64e+00 6.03e-01  -2.8    0.8  7.49e-05  1  1h
 106r 9.9166379e+10 5.38e+08 2.66e+00 6.09e-01  -2.8    0.3  1.12e-02  1  1h
 107r 9.9166379e+10 5.28e+08 2.64e+00 6.26e-01  -2.8    0.8  1.75e-02  1  1h
 108r 9.9166378e+10 5.28e+08 2.63e+00 6.28e-01  -2.8    0.3  1.62e-03  1  1h
 109r 9.9166378e+10 5.27e+08 2.79e+00 5.69e-01  -2.8    0.7  1.70e-03  1  1h
iter    objective    inf_pr   inf_du inf_compl lg(mu) lg(rg) alpha_pr ir ls
 110r 9.9166375e+10 4.99e+08 3.76e+00 6.57e-01  -2.8    0.2  5.21e-02  1  1h
 111r 9.9166374e+10 4.78e+08 4.02e+00 6.53e-01  -2.8    0.7  4.31e-02  1  1h
 112r 9.9166373e+10 4.74e+08 4.11e+00 6.31e-01  -2.8    0.2  8.99e-03  1  1h
 113r 9.9166373e+10 4.74e+08 4.26e+00 6.31e-01  -2.8    0.6  5.35e-05  1  1h
 114r 9.9166372e+10 4.67e+08 4.33e+00 6.32e-01  -2.8    0.1  1.41e-02  1  1h
 115r 9.9166372e+10 4.64e+08 4.45e+00 6.32e-01  -2.8    0.6  5.96e-03  1  1h
 116r 9.9166372e+10 4.64e+08 4.52e+00 6.02e-01  -2.8    0.1  3.03e-05  1  1h
 117r 9.9166372e+10 4.58e+08 4.58e+00 6.02e-01  -2.8    0.5  1.30e-02  1  1h
 118r 9.9166371e+10 4.51e+08 4.77e+00 6.45e-01  -2.8    0.0  1.61e-02  1  1h
 119r 9.9166369e+10 4.26e+08 4.79e+00 6.41e-01  -2.8    0.5  5.58e-02  1  1h
iter    objective    inf_pr   inf_du inf_compl lg(mu) lg(rg) alpha_pr ir ls
 120r 9.9166369e+10 4.22e+08 5.03e+00 5.49e-01  -2.8   -0.0  7.48e-03  1  1h
 121r 9.9166369e+10 4.19e+08 5.01e+00 5.48e-01  -2.8    0.4  7.57e-03  1  1h
 122r 9.9166369e+10 4.19e+08 5.38e+00 5.69e-01  -2.8    0.8  4.31e-05  1  1h
 123r 9.9166368e+10 4.13e+08 5.36e+00 5.67e-01  -2.8    0.4  1.53e-02  1  1h
 124r 9.9166368e+10 3.92e+08 5.43e+00 5.66e-01  -2.8    0.8  5.01e-02  1  1h
 125r 9.9166368e+10 3.92e+08 5.57e+00 5.75e-01  -2.8    0.3  3.20e-05  1  1h
 126r 9.9166368e+10 3.90e+08 5.63e+00 5.78e-01  -2.8    0.7  4.62e-03  1  1h
 127r 9.9166367e+10 3.81e+08 5.56e+00 5.72e-01  -2.8    0.3  2.29e-02  1  1h
 128r 9.9166367e+10 3.59e+08 5.63e+00 5.71e-01  -2.8    0.7  5.95e-02  1  1h
 129r 9.9166365e+10 3.36e+08 5.27e+00 5.43e-01  -2.8    0.2  6.42e-02  1  1h
iter    objective    inf_pr   inf_du inf_compl lg(mu) lg(rg) alpha_pr ir ls
 130r 9.9166365e+10 3.23e+08 5.27e+00 5.44e-01  -2.8    0.6  3.79e-02  1  1h
 131r 9.9166365e+10 3.19e+08 5.44e+00 5.73e-01  -2.8    0.2  1.16e-02  1  1h
 132r 9.9166365e+10 3.19e+08 6.00e+00 6.22e-01  -2.8    0.6  5.33e-05  1  1h
 133r 9.9166365e+10 3.13e+08 5.86e+00 6.04e-01  -2.8    0.1  1.92e-02  1  1h
 134r 9.9166365e+10 3.07e+08 5.95e+00 6.13e-01  -2.8    0.5  2.08e-02  1  1h
 135r 9.9166365e+10 3.07e+08 6.16e+00 6.65e-01  -2.8    0.1  4.38e-05  1  1h
 136r 9.9166364e+10 3.00e+08 6.25e+00 6.76e-01  -2.8    0.5  2.24e-02  1  1h
 137r 9.9166364e+10 2.79e+08 6.16e+00 6.45e-01  -2.8    0.9  7.13e-02  1  1h
 138r 9.9166364e+10 2.76e+08 6.09e+00 6.38e-01  -2.8    0.4  1.11e-02  1  1h
 139r 9.9166364e+10 2.75e+08 6.77e+00 6.90e-01  -2.8    0.9  3.15e-04  1  1h
iter    objective    inf_pr   inf_du inf_compl lg(mu) lg(rg) alpha_pr ir ls
 140  9.9166364e+10 2.75e+08 6.90e+01 1.24e+00  -1.0    0.4  5.11e-08  1  2 
 141r 9.9166364e+10 4.66e-10 9.99e+02 2.75e+08   8.4     -   3.68e-11  2  2R
 142r 9.9166364e+10 3.58e-07 2.53e-04 2.29e-03   7.0     -   1.91e-18  1  1f
 143r 5.8246325e+10 1.01e+09 3.00e-04 1.23e-03  -4.6     -   2.23e-03  1  1f
 144r 5.8246325e+10 1.00e+09 1.14e-03 1.23e-03  -4.6   -0.6  1.36e-05  1  1h
 145r 5.8246326e+10 1.00e+09 1.60e-03 1.23e-03  -4.6   -1.1  1.45e-05  1  1h
 146r 5.8246329e+10 1.00e+09 1.69e-03 1.23e-03  -4.6   -1.5  1.82e-05  1  1h
 147r 5.8246343e+10 1.00e+09 1.73e-03 1.24e-03  -4.6   -2.0  2.88e-05  1  1h
 148r 5.8246420e+10 1.00e+09 1.81e-03 1.24e-03  -4.6   -2.5  4.92e-05  1  1h
 149r 5.8246829e+10 1.00e+09 1.99e-03 1.24e-03  -4.6   -3.0  8.27e-05  1  1h
iter    objective    inf_pr   inf_du inf_compl lg(mu) lg(rg) alpha_pr ir ls
 150r 5.8247781e+10 1.00e+09 2.09e-03 1.24e-03  -4.6   -3.4  5.91e-05  1  1h
 151r 5.8250002e+10 1.00e+09 2.10e-03 1.24e-03  -4.6   -3.9  4.37e-05  1  1h
 152r 5.8250002e+10 1.00e+09 2.10e-03 1.24e-03  -4.6   -4.4  3.60e-10  1  1h
 153r 5.8250003e+10 1.00e+09 2.11e-03 1.24e-03  -4.6   -4.0  1.46e-08  1  1h
 154r 5.8253568e+10 1.00e+09 2.15e-03 1.25e-03  -4.6   -3.5  1.60e-04  1  1h
 155r 5.8271960e+10 9.99e+08 3.73e-03 2.13e-03  -4.6   -4.0  2.41e-04  1  1h
 156r 5.8273811e+10 9.99e+08 3.80e-03 2.17e-03  -4.6   -3.6  5.43e-05  1  1h
 157r 5.8310765e+10 9.99e+08 3.86e-03 2.18e-03  -4.6   -4.1  3.53e-04  1  1h
 158r 5.8310766e+10 9.99e+08 4.21e-03 2.38e-03  -4.6   -3.6  2.26e-08  1  1h
 159r 5.8336882e+10 9.98e+08 4.57e-03 2.47e-03  -4.6   -3.2  1.50e-03  1  1h
iter    objective    inf_pr   inf_du inf_compl lg(mu) lg(rg) alpha_pr ir ls
 160r 5.8500270e+10 9.96e+08 4.85e-03 2.53e-03  -4.6   -3.7  1.70e-03  1  1h
 161r 5.8553274e+10 9.94e+08 5.27e-03 2.73e-03  -4.6   -3.3  1.63e-03  1  1h
 162r 5.8553276e+10 9.94e+08 5.36e-03 2.77e-03  -4.6   -3.7  1.93e-08  1  1h
 163r 5.8554167e+10 9.94e+08 5.61e-03 2.91e-03  -4.6   -3.3  2.29e-05  1  1h
 164r 5.9227432e+10 9.88e+08 5.96e-03 2.99e-03  -4.6   -3.8  5.45e-03  1  1h
 165r 6.0322129e+10 9.80e+08 6.26e-03 3.02e-03  -4.6   -4.3  7.08e-03  1  1h
 166r 6.1114764e+10 9.72e+08 7.06e-03 3.03e-03  -4.6   -4.8  7.68e-03  1  1h
 167r 6.1299614e+10 9.69e+08 7.55e-03 3.15e-03  -4.6   -5.2  2.81e-03  1  1h
 168r 6.1366700e+10 9.66e+08 7.85e-03 3.24e-03  -4.6   -4.8  2.69e-03  1  1h
 169  6.1366700e+10 9.66e+08 3.43e+01 1.24e+00  -1.0   -5.3  1.22e-09  1  5 
iter    objective    inf_pr   inf_du inf_compl lg(mu) lg(rg) alpha_pr ir ls
 170r 6.1366700e+10 5.96e-08 9.99e+02 9.66e+08   9.0     -   1.45e-10  8  2R
 171r 6.1366700e+10 4.77e-07 4.63e-04 1.97e-03   7.6     -   1.12e-18  1  1f
 172r 4.2456409e+13 9.37e+09 4.63e-04 2.75e-06  -5.1     -   2.80e-03  1  1f
 173r 4.2450489e+13 9.37e+09 4.63e-04 2.75e-06  -5.1   -6.2  6.60e-07  1  1h
 174r 4.2383182e+13 9.37e+09 4.63e-04 2.75e-06  -5.1   -6.7  2.64e-06  1  1h
 175r 4.1702739e+13 9.37e+09 4.63e-04 2.75e-06  -5.1   -7.2  1.03e-05  1  1h
 176r 3.9542821e+13 9.37e+09 4.63e-04 2.76e-06  -5.1   -7.7  1.48e-05  1  1h
 177r 3.8252944e+13 9.37e+09 4.63e-04 3.06e-04  -5.1   -8.1  5.23e-06  1  1h
 178r 3.8252926e+13 9.37e+09 4.63e-04 3.76e-04  -5.1   -7.7  1.09e-10  1  1h
 179r 3.3183268e+13 9.37e+09 4.63e-04 3.77e-04  -5.1   -7.3  6.06e-05  1  1h
iter    objective    inf_pr   inf_du inf_compl lg(mu) lg(rg) alpha_pr ir ls
 180r 1.8858085e+13 9.36e+09 4.63e-04 3.80e-04  -5.1   -7.8  8.07e-05  1  1h
 181r 1.8844981e+13 9.36e+09 4.63e-04 3.81e-04  -5.1   -7.3  1.43e-07  1  1h
 182r 4.2302527e+12 9.36e+09 4.63e-04 3.85e-04  -5.1   -7.8  2.52e-04  1  1h
 183r 3.1859933e+12 9.36e+09 4.63e-04 3.85e-04  -5.1   -8.3  4.30e-05  1  1h
 184r 3.1859771e+12 9.36e+09 4.63e-04 3.86e-04  -5.1   -7.9  9.91e-10  1  1h
 185r 2.5909086e+12 9.36e+09 4.63e-04 3.86e-04  -5.1   -8.3  3.72e-05  1  1h
 186r 1.6908474e+12 9.36e+09 4.63e-04 3.87e-04  -5.1   -7.9  1.06e-04  1  1h
 187r 1.6908368e+12 9.36e+09 4.63e-04 3.89e-04  -5.1   -7.5  2.48e-09  1  1h
 188r 1.6458494e+12 9.36e+09 4.63e-04 3.90e-04  -5.1   -8.0  8.43e-06  1  1h
 189r 6.9865121e+11 9.35e+09 4.63e-04 3.92e-04  -5.1   -7.5  4.29e-04  1  1h
iter    objective    inf_pr   inf_du inf_compl lg(mu) lg(rg) alpha_pr ir ls
 190r 5.2982783e+11 9.35e+09 4.63e-04 3.93e-04  -5.1   -8.0  2.73e-04  1  1h
 191r 5.2736467e+11 9.35e+09 4.63e-04 3.93e-04  -5.1   -8.5  6.78e-06  1  1h
 192r 4.5172040e+11 9.35e+09 4.63e-04 3.94e-04  -5.1   -8.1  2.48e-04  1  1h
 193r 4.5171937e+11 9.35e+09 4.63e-04 3.94e-04  -5.1   -8.6  4.95e-09  1  1h
 194r 4.0234352e+11 9.35e+09 4.63e-04 3.94e-04  -5.1   -8.1  2.69e-04  1  1h
[32mEXIT: Restoration Failed[0m
This is [34mMad[31mN[32mL[35mP[0m version v0.9.2, running with cuDSS v0.7.1

Number of nonzeros in constraint Jacobian............:   136050
Number of nonzeros in Lagrangian Hessian.............:   121270

Total number of variables............................:    12912
                     variables with only lower bounds:        0
                variables with lower and upper bounds:        8
                     variables with only upper bounds:        0
Total number of equality constraints.................:    12904
Total number of inequality constraints...............:        0
        inequality constraints with only lower bounds:        0
   inequality constraints with lower and upper bounds:        0
        inequality constraints with only upper bounds:        0

iter    objective    inf_pr   inf_du inf_compl lg(mu) lg(rg) alpha_pr ir ls
   0  1.7863906e+11 1.17e+06 1.00e+02 1.20e+00  -1.0     -   0.00e+00  0  0 
   1r 1.7863906e+11 1.16e-10 9.99e+02 1.17e+06   6.1     -   1.45e-10  2  4R
   2r 1.7863906e+11 7.15e-07 1.62e-05 1.57e-03   4.7     -   9.25e-16  1  1f
   3r 1.3081643e+11 3.22e+01 1.62e-05 8.74e-06  -5.5     -   1.86e-05  1  1f
   4r 1.3081643e+11 1.88e+05 6.20e-05 8.74e-06  -5.5   -4.5  6.02e-05  1  1f
   5r 1.3081643e+11 2.00e+07 1.45e-02 8.74e-06  -5.5    0.5  3.64e-04  1  1h
   6r 1.3081643e+11 2.00e+07 1.45e-02 8.74e-06  -5.5    0.9  4.73e-05  1  1h
   7r 1.3081643e+11 2.00e+07 1.45e-02 8.74e-06  -5.5    1.3  3.39e-07  1  1h
   8r 1.3081643e+11 2.00e+07 1.45e-02 8.74e-06  -5.5    1.7  1.33e-05  1  1h
   9r 1.3081643e+11 2.00e+07 1.45e-02 8.74e-06  -5.5    2.2  3.14e-04  1  1h
iter    objective    inf_pr   inf_du inf_compl lg(mu) lg(rg) alpha_pr ir ls
  10  1.3081643e+11 2.00e+07 1.62e-05 1.01e-07  -1.0    2.6  1.55e-04  2  1h
  11  1.3081642e+11 2.00e+07 1.51e-04 1.01e-07  -1.0    2.1  2.20e-05  2  1h
  12r 1.3081642e+11 2.91e-11 1.50e+02 2.00e+06   7.3     -   2.27e-07  2  2R
  13r 1.3081642e+11 7.07e-07 4.49e-07 6.42e-03   5.2     -   9.09e-14  1  1f
  14  6.2049633e+10 1.45e+07 2.92e-04 1.60e-07  -1.0     -   5.50e-02  1  1f
  15r 6.2049633e+10 9.31e-10 1.50e+02 1.45e+06   7.2     -   2.08e-07  2  2R
  16r 6.2049633e+10 7.14e-07 2.33e-07 6.36e-03   5.1     -   1.25e-13  1  1f
  17r 5.8414837e+10 5.35e+06 5.83e-06 4.74e-05  -4.3     -   1.02e-02  1  1f
  18  5.8414841e+10 5.89e+06 2.96e-07 1.20e-07  -1.0    0.7  2.09e-04  1  1h
  19r 5.8414840e+10 4.66e-10 1.50e+02 5.89e+05   6.8     -   2.04e-07  2  2R
iter    objective    inf_pr   inf_du inf_compl lg(mu) lg(rg) alpha_pr ir ls
  20r 5.8414841e+10 9.52e-07 6.16e-07 6.34e-03   4.7     -   3.07e-13  1  1f
  21r 8.1341068e+10 9.76e+08 2.08e-06 5.06e-05  -3.6     -   1.05e-02  1  1f
  22r 7.7139313e+10 9.71e+08 2.43e-06 5.79e-05  -3.6     -   4.03e-04  1  1h
  23r 6.5826907e+10 9.22e+08 2.77e-06 6.55e-05  -3.6     -   1.61e-03  1  1h
  24r 4.8846629e+10 6.69e+08 3.22e-06 8.01e-05  -3.6     -   6.44e-03  1  1h
  25r 3.4432405e+10 4.05e+08 3.00e-06 1.10e-04  -3.6     -   2.58e-02  1  1h
  26r 2.6170518e+10 4.64e+08 2.39e-06 1.64e-04  -3.6     -   1.03e-01  1  1h
  27r 2.6173003e+10 4.58e+08 5.62e-05 1.64e-04  -3.6   -0.3  1.20e-02  1  1h
  28r 2.6216427e+10 4.23e+08 7.50e-04 1.67e-04  -3.6   -0.7  7.26e-02  1  1h
  29r 2.6228297e+10 3.96e+08 1.82e-03 1.73e-04  -3.6   -0.3  6.10e-02  1  1h
iter    objective    inf_pr   inf_du inf_compl lg(mu) lg(rg) alpha_pr ir ls
  30r 2.6232849e+10 3.65e+08 5.07e-03 1.76e-04  -3.6    0.1  7.59e-02  1  1h
  31r 2.6233561e+10 3.63e+08 5.09e-03 1.78e-04  -3.6   -0.4  5.03e-03  1  1h
  32r 2.6239280e+10 3.20e+08 7.57e-03 1.79e-04  -3.6    0.1  1.11e-01  1  1h
  33r 2.6239959e+10 3.04e+08 8.53e-03 1.83e-04  -3.6    0.5  5.01e-02  1  1h
  34r 2.6241858e+10 2.86e+08 9.15e-03 2.07e-04  -3.6    0.0  5.75e-02  1  1h
  35r 2.6242309e+10 2.84e+08 9.26e-03 2.11e-04  -3.6   -0.5  7.40e-03  1  1h
  36r 2.6242310e+10 2.84e+08 9.72e-03 2.22e-04  -3.6   -0.0  7.92e-05  1  1h
  37r 2.6243033e+10 2.80e+08 9.72e-03 2.25e-04  -3.6   -0.5  1.27e-02  1  1h
  38r 2.6243234e+10 2.77e+08 9.98e-03 2.34e-04  -3.6   -0.1  1.01e-02  1  1h
  39r 2.6244664e+10 2.69e+08 9.60e-03 2.14e-04  -3.6   -0.6  2.70e-02  1  1h
iter    objective    inf_pr   inf_du inf_compl lg(mu) lg(rg) alpha_pr ir ls
  40r 2.6245380e+10 2.59e+08 9.22e-03 2.03e-04  -3.6   -0.1  3.84e-02  1  1h
  41r 2.6247539e+10 2.47e+08 8.99e-03 2.02e-04  -3.6   -0.6  4.35e-02  1  1h
  42r 2.6249234e+10 2.18e+08 7.27e-03 1.84e-04  -3.6   -0.2  1.13e-01  1  1h
  43r 2.6251414e+10 2.03e+08 7.10e-03 1.82e-04  -3.6   -0.7  6.46e-02  1  1h
  44r 2.6252889e+10 1.67e+08 5.40e-03 1.84e-04  -3.6   -0.3  1.68e-01  1  1h
  45r 2.6255434e+10 1.30e+08 3.10e-03 1.83e-04  -3.6   -0.7  2.07e-01  1  1h
  46r 2.6255580e+10 1.28e+08 4.02e-03 3.18e-04  -3.6   -1.2  1.17e-02  1  1h
  47r 2.6255775e+10 1.16e+08 4.84e-03 4.35e-04  -3.6   -0.8  9.35e-02  1  1h
  48r 2.6255899e+10 1.06e+08 4.93e-03 5.04e-04  -3.6   -1.3  8.53e-02  1  1h
  49r 2.6255902e+10 1.06e+08 5.40e-03 6.53e-04  -3.6   -1.7  2.22e-03  1  1h
iter    objective    inf_pr   inf_du inf_compl lg(mu) lg(rg) alpha_pr ir ls
  50r 2.6255904e+10 1.05e+08 5.42e-03 6.60e-04  -3.6   -1.3  6.85e-03  1  1h
  51r 2.6255905e+10 1.05e+08 5.48e-03 6.84e-04  -3.6   -1.8  3.03e-03  1  1h
  52r 2.6255905e+10 1.05e+08 6.06e-03 8.97e-04  -3.6   -1.4  9.17e-07  1  1h
  53r 2.6255904e+10 1.04e+08 6.09e-03 9.10e-04  -3.6   -1.8  6.00e-03  1  1h
  54r 2.6255903e+10 1.03e+08 6.06e-03 9.01e-04  -3.6   -1.4  1.22e-02  1  1h
  55r 2.6255903e+10 1.03e+08 6.83e-03 1.16e-03  -3.6   -1.9  3.91e-06  1  1h
  56r 2.6255901e+10 1.03e+08 7.07e-03 1.20e-03  -3.6   -1.5  3.29e-03  1  1h
  57r 2.6255901e+10 1.03e+08 7.86e-03 1.34e-03  -3.6   -1.9  3.81e-05  1  1h
  58r 2.6255869e+10 9.77e+07 8.13e-03 1.48e-03  -3.6   -1.5  4.69e-02  1  1h
  59r 2.6255868e+10 9.77e+07 9.21e-03 1.67e-03  -3.6   -2.0  9.56e-05  1  1h
iter    objective    inf_pr   inf_du inf_compl lg(mu) lg(rg) alpha_pr ir ls
  60r 2.6255868e+10 9.77e+07 1.25e-02 2.28e-03  -3.6   -1.6  5.27e-04  1  1h
  61r 2.6255856e+10 9.46e+07 1.53e-02 2.89e-03  -3.6   -1.1  3.10e-02  1  1h
  62r 2.6255675e+10 7.90e+07 1.25e-02 2.99e-03  -3.6   -1.6  1.60e-01  1  1h
  63r 2.6255647e+10 7.83e+07 1.24e-02 2.95e-03  -3.6   -2.1  8.82e-03  1  1h
  64r 2.6255647e+10 7.83e+07 1.30e-02 3.13e-03  -3.6   -1.7  2.26e-04  1  1h
  65r 2.6255596e+10 7.72e+07 1.63e-02 4.74e-03  -3.6   -2.1  1.46e-02  1  1h
  66r 2.6255565e+10 7.52e+07 1.59e-02 4.55e-03  -3.6   -1.7  2.47e-02  1  1h
  67r 2.6255449e+10 7.29e+07 1.64e-02 4.85e-03  -3.6   -2.2  3.11e-02  1  1h
  68r 2.6255344e+10 6.74e+07 1.59e-02 4.76e-03  -3.6   -1.8  7.51e-02  1  1h
  69r 2.6255344e+10 6.74e+07 1.82e-02 5.94e-03  -3.6   -2.2  2.57e-05  1  1h
iter    objective    inf_pr   inf_du inf_compl lg(mu) lg(rg) alpha_pr ir ls
  70r 2.6255288e+10 6.49e+07 2.14e-02 7.44e-03  -3.6   -1.8  3.65e-02  1  1h
  71r 2.6255285e+10 6.49e+07 2.37e-02 8.55e-03  -3.6   -2.3  8.12e-04  1  1h
  72  2.6255135e+10 5.90e+07 2.48e-03 7.31e-06  -1.0   -1.9  8.99e-02  1  1h
  73r 2.6255133e+10 4.66e-10 1.50e+02 5.90e+06   7.8     -   5.84e-08  2  2R
  74r 2.6255135e+10 7.16e-07 1.45e-07 6.41e-03   5.7     -   3.06e-14  1  1f
  75r       NaN 8.07e+11 3.47e-06 6.79e-04  -4.5     -   1.03e-02  1  1f
  76r       NaN 8.07e+11 3.47e-06 6.79e-04  -4.5   -2.8  5.86e-06  1  1h
  77r       NaN 8.07e+11 3.48e-06 6.79e-04  -4.5   -3.3  1.66e-05  1  1h
  78r       NaN 8.07e+11 3.49e-06 6.82e-04  -4.5   -3.8  7.33e-05  1  1h
  79r       NaN 8.06e+11 3.60e-06 7.03e-04  -4.5   -4.3  2.94e-04  1  1h
iter    objective    inf_pr   inf_du inf_compl lg(mu) lg(rg) alpha_pr ir ls
  80r       NaN 8.05e+11 3.91e-06 7.66e-04  -4.5   -3.8  1.18e-03  1  1h
  81r       NaN 8.04e+11 4.06e-06 7.95e-04  -4.5   -4.3  1.92e-03  1  1h
  82r       NaN 8.00e+11 5.34e-06 8.67e-04  -4.5   -3.9  4.64e-03  1  1h
  83r       NaN 7.89e+11 8.44e-06 9.24e-04  -4.5   -3.5  1.39e-02  1  1h
  84r       NaN 7.81e+11 4.02e-05 9.93e-04  -4.5   -3.9  9.99e-03  1  1h
  85r       NaN 7.71e+11 6.38e-05 1.03e-03  -4.5   -3.5  1.24e-02  1  1h
  86r       NaN 7.51e+11 1.07e-04 1.03e-03  -4.5   -3.1  2.60e-02  1  1h
  87r 9.1447199e+12 7.35e+11 1.95e-04 1.05e-03  -4.5   -3.6  2.14e-02  1  1h
  88r 5.9208739e+12 7.27e+11 2.07e-04 1.11e-03  -4.5   -3.1  1.13e-02  1  1h
  89r 1.9048430e+12 7.12e+11 3.01e-04 1.10e-03  -4.5   -3.6  2.04e-02  1  1h
iter    objective    inf_pr   inf_du inf_compl lg(mu) lg(rg) alpha_pr ir ls
  90r 1.3601407e+12 6.99e+11 3.36e-04 1.08e-03  -4.5   -3.2  1.89e-02  1  1h
  91r 1.2502802e+12 6.90e+11 3.92e-04 1.09e-03  -4.5   -2.8  1.21e-02  1  1h
  92r 7.6701377e+11 6.67e+11 4.78e-04 1.14e-03  -4.5   -3.2  3.45e-02  1  1h
  93r 6.7484333e+11 6.51e+11 5.07e-04 1.08e-03  -4.5   -2.8  2.38e-02  1  1h
  94  6.7484333e+11 6.51e+11 2.64e+03 1.27e+00  -1.0   -2.4  4.84e-07  2  3 
  95r 6.7484333e+11 6.10e-05 9.99e+02 6.51e+11  11.8     -   6.53e-12 10  2R
  96r 6.7484333e+11 6.10e-05 1.20e-02 8.48e-03  10.4     -   6.02e-22  1  1f
  97  2.2184780e+11 2.95e+11 5.56e+03 5.32e-08  -1.0     -   1.26e-06  5 11f
  98  2.2190046e+11 2.94e+11 5.56e+03 5.62e-08  -1.0   -1.5  4.21e-04 10  1h
  99  2.2090595e+11 2.93e+11 5.56e+03 6.05e-08  -1.0   -2.0  4.08e-03 10  1h
iter    objective    inf_pr   inf_du inf_compl lg(mu) lg(rg) alpha_pr ir ls
 100  2.2028699e+11 2.93e+11 5.56e+03 6.14e-08  -1.0    1.1  1.62e-03  5  1h
 101  2.1958721e+11 2.92e+11 5.56e+03 6.27e-08  -1.0    0.7  2.01e-03  5  1h
 102  2.1799990e+11 2.91e+11 5.56e+03 5.76e-08  -1.0    1.1  4.25e-03 10  1h
 103  2.1632159e+11 2.89e+11 5.56e+03 6.38e-08  -1.0    1.5  4.99e-03  8  1h
 104  2.1176578e+11 2.85e+11 5.56e+03 5.60e-08  -1.0    1.0  1.31e-02  5  1h
 105  2.0543667e+11 2.80e+11 5.56e+03 6.25e-08  -1.0    0.5  1.80e-02 10  1h
 106  2.0534146e+11 2.80e+11 5.56e+03 1.13e-07  -1.0    0.1  2.22e-04  7  1h
 107  2.0526742e+11 2.80e+11 5.56e+03 5.42e-06  -1.0    1.4  2.68e-04  6  1h
 108  1.5404432e+11 1.18e+11 5.56e+03 6.39e-06  -1.0    0.9  3.10e-01 10  1h
 109  1.5495833e+11 1.14e+11 5.56e+03 6.03e-05  -1.0    3.2  2.20e-02  4  1h
iter    objective    inf_pr   inf_du inf_compl lg(mu) lg(rg) alpha_pr ir ls
 110  1.7395329e+11 1.06e+11 5.56e+03 2.64e-05  -1.0    3.6  2.25e-01  3  1H
 111  1.7389909e+11 1.05e+11 5.56e+03 2.62e-05  -1.0    4.9  9.47e-03  3  1h
 112  1.7389876e+11 1.04e+11 5.56e+03 2.61e-05  -1.0    5.3  4.64e-03  3  1h
 113  1.7390792e+11 1.04e+11 5.56e+03 2.61e-05  -1.0    5.8  3.11e-03  3  1h
 114  1.7392135e+11 1.04e+11 5.56e+03 2.61e-05  -1.0    6.2  3.25e-03  3  1h
 115  1.7394084e+11 1.03e+11 5.55e+03 2.60e-05  -1.0    6.6  4.36e-03  3  1h
 116  1.7396677e+11 1.03e+11 5.55e+03 2.60e-05  -1.0    7.0  5.92e-03  3  1h
 117  1.7398511e+11 1.02e+11 5.55e+03 2.60e-05  -1.0    7.5  4.56e-03  3  1h
 118  1.7399109e+11 1.02e+11 5.55e+03 2.60e-05  -1.0    7.9  1.64e-03  3  1h
 119  1.7398378e+11 1.02e+11 5.55e+03 2.60e-05  -1.0    7.4  4.76e-03  3  1h
iter    objective    inf_pr   inf_du inf_compl lg(mu) lg(rg) alpha_pr ir ls
 120  1.7398521e+11 1.01e+11 5.55e+03 2.59e-05  -1.0    7.8  2.51e-03  3  1h
 121  1.7398557e+11 1.01e+11 5.55e+03 2.61e-05  -1.0    8.3  4.63e-04  3  1h
 122  1.7395308e+11 9.98e+10 7.11e+03 2.58e-05  -1.0    7.8  1.48e-02  3  1h
 123  1.7394659e+11 9.90e+10 1.25e+04 2.59e-05  -1.0    8.2  7.91e-03  3  1h
 124  1.7386746e+11 9.76e+10 1.86e+04 2.57e-05  -1.0    7.7  1.40e-02  3  1h
 125  1.7329723e+11 9.54e+10 2.39e+04 2.55e-05  -1.0    7.3  2.22e-02  3  1h
 126  1.7321107e+11 9.25e+10 3.80e+04 2.51e-05  -1.0    7.7  3.09e-02  2  1h
 127  1.7318199e+11 9.04e+10 5.74e+04 2.47e-05  -1.0    8.1  2.26e-02  2  1h
 128  1.7305713e+11 8.70e+10 7.59e+04 2.44e-05  -1.0    7.6  3.85e-02  2  1h
 129  1.7301123e+11 8.43e+10 1.08e+05 2.39e-05  -1.0    8.1  3.08e-02  2  1h
iter    objective    inf_pr   inf_du inf_compl lg(mu) lg(rg) alpha_pr ir ls
 130  1.7301014e+11 8.42e+10 1.08e+05 2.38e-05  -1.0    8.5  1.41e-03  2  1h
 131  1.7300469e+11 8.40e+10 1.12e+05 2.46e-05  -1.0    8.0  3.09e-03  2  1h
 132  1.7298744e+11 8.23e+10 1.45e+05 2.44e-05  -1.0    8.4  2.02e-02  2  1h
 133  1.7287529e+11 7.80e+10 2.19e+05 2.31e-05  -1.0    8.0  5.26e-02  2  1h
 134  1.7277306e+11 7.63e+10 2.19e+05 2.28e-05  -1.0    7.5  2.16e-02  2  1h
 135  1.7272341e+11 7.46e+10 2.37e+05 2.32e-05  -1.0    7.9  2.25e-02  2  1h
 136  1.7242777e+11 7.15e+10 4.37e+05 2.34e-05  -1.0    7.4  4.27e-02  2  1h
 137  1.7245367e+11 6.92e+10 4.57e+05 2.28e-05  -1.0    7.9  3.26e-02  2  1h
 138  1.7245191e+11 6.80e+10 4.71e+05 2.24e-05  -1.0    8.3  1.75e-02  2  1h
 139  1.7245381e+11 6.76e+10 4.78e+05 2.26e-05  -1.0    7.8  5.86e-03  2  1h
iter    objective    inf_pr   inf_du inf_compl lg(mu) lg(rg) alpha_pr ir ls
 140  1.7244963e+11 6.57e+10 5.43e+05 2.32e-05  -1.0    8.2  2.82e-02  2  1h
 141  1.7245974e+11 6.29e+10 5.73e+05 2.27e-05  -1.0    7.8  4.27e-02  2  1h
 142  1.7244837e+11 5.84e+10 9.04e+05 2.16e-05  -1.0    8.2  7.32e-02  2  1h
 143  1.7245893e+11 5.49e+10 9.68e+05 2.11e-05  -1.0    7.7  6.08e-02  2  1h
 144  1.7246087e+11 5.39e+10 9.78e+05 2.08e-05  -1.0    8.1  1.77e-02  2  1h
 145  1.7246128e+11 5.38e+10 9.78e+05 2.08e-05  -1.0    8.6  2.88e-03  2  1h
 146  1.7246238e+11 5.35e+10 1.02e+06 2.17e-05  -1.0    8.1  5.86e-03  2  1h
 147  1.7246884e+11 5.15e+10 1.25e+06 2.14e-05  -1.0    8.5  3.63e-02  2  1h
 148  1.7251433e+11 4.78e+10 1.56e+06 2.04e-05  -1.0    8.0  7.51e-02  2  1h
 149  1.7254582e+11 4.52e+10 2.11e+06 1.97e-05  -1.0    8.5  5.48e-02  2  1h
iter    objective    inf_pr   inf_du inf_compl lg(mu) lg(rg) alpha_pr ir ls
 150  1.7256147e+11 4.51e+10 2.21e+06 2.08e-05  -1.0    8.0  1.95e-03  2  1h
 151  1.7256605e+11 4.48e+10 2.22e+06 2.09e-05  -1.0    8.4  6.07e-03  2  1h
 152  1.7257183e+11 4.48e+10 2.23e+06 2.09e-05  -1.0    7.9  6.76e-04  2  1h
 153  1.7257195e+11 4.48e+10 2.23e+06 2.10e-05  -1.0    8.4  1.63e-04  2  1h
 154  1.7257216e+11 4.48e+10 2.23e+06 2.09e-05  -1.0    8.8  5.81e-04  2  1h
 155  1.7257455e+11 4.46e+10 2.23e+06 2.09e-05  -1.0    8.3  2.96e-03  2  1h
 156  1.7257516e+11 4.46e+10 2.22e+06 2.08e-05  -1.0    8.7  1.51e-03  2  1h
 157  1.7258386e+11 4.41e+10 2.30e+06 2.15e-05  -1.0    8.2  1.00e-02  2  1h
 158  1.7258722e+11 4.38e+10 2.36e+06 2.19e-05  -1.0    8.7  7.61e-03  2  1h
 159  1.7267241e+11 3.97e+10 3.50e+06 1.98e-05  -1.0    8.2  9.64e-02  2  1h
iter    objective    inf_pr   inf_du inf_compl lg(mu) lg(rg) alpha_pr ir ls
 160  1.7247982e+11 3.66e+10 3.39e+06 1.88e-05  -1.0    7.7  8.01e-02  2  1h
 161  1.7245744e+11 3.58e+10 3.38e+06 1.83e-05  -1.0    8.1  2.14e-02  2  1h
 162  1.7245701e+11 3.57e+10 3.59e+06 1.97e-05  -1.0    7.7  2.53e-03  2  1h
 163  1.7242916e+11 3.49e+10 3.58e+06 1.91e-05  -1.0    8.1  2.38e-02  2  1h
 164  1.7242812e+11 3.48e+10 3.78e+06 2.05e-05  -1.0    8.5  1.17e-03  2  1h
 165  1.7242578e+11 3.48e+10 3.81e+06 2.07e-05  -1.0    8.0  1.79e-03  2  1h
 166  1.7235849e+11 3.22e+10 5.46e+06 1.89e-05  -1.0    8.5  7.42e-02  2  1h
 167  1.7234391e+11 3.20e+10 5.47e+06 1.89e-05  -1.0    8.0  8.83e-03  2  1h
 168  1.7223805e+11 2.92e+10 7.61e+06 1.68e-05  -1.0    8.4  8.90e-02  2  1h
 169r 1.7223805e+11 1.91e-06 1.50e+02 2.92e+09  10.5     -   1.91e-06  2  5R
iter    objective    inf_pr   inf_du inf_compl lg(mu) lg(rg) alpha_pr ir ls
 170r 1.7223805e+11 1.91e-06 1.05e-05 6.44e-03   8.4     -   6.19e-17  1  1f
 171r 1.8367850e+12 1.31e+12 1.12e-05 4.30e-05  -4.8     -   2.04e-04  1  7f
 172r 1.8367850e+12 1.31e+12 2.49e-05 4.30e-05  -4.8    7.5  1.15e-06  1  1h
 173r 1.8367850e+12 1.31e+12 1.31e-01 2.29e-01  -4.8    7.0  2.14e-06  1  1h
 174r 1.8367850e+12 1.31e+12 2.39e+00 4.26e+00  -4.8    6.5  8.53e-06  1  1h
 175r 1.8367850e+12 1.31e+12 2.38e+00 4.31e+00  -4.8    6.0  3.44e-05  1  1h
 176r 1.8367850e+12 1.31e+12 2.36e+00 4.39e+00  -4.8    5.6  1.19e-04  1  1h
 177r 1.8367850e+12 1.31e+12 2.53e+00 4.43e+00  -4.8    5.1  4.76e-04  1  1h
 178r 1.8367850e+12 1.31e+12 2.77e+00 4.48e+00  -4.8    4.6  1.61e-03  1  1h
 179  1.8367850e+12 1.31e+12 6.11e+03 1.30e+00  -1.0    4.1  3.14e-08  1  4 
iter    objective    inf_pr   inf_du inf_compl lg(mu) lg(rg) alpha_pr ir ls
 180r 1.8367850e+12 7.63e-06 9.99e+02 1.31e+12  12.1     -   1.85e-14  4  2R
 181r 1.8367850e+12 7.63e-06 1.74e-02 2.18e-02  10.7     -   2.75e-22  1  1f
 182  2.8184508e+12 5.39e+11 1.74e-02 1.01e-07  -1.0     -   8.69e-06  6  8f
 183  2.8184942e+12 5.39e+11 3.03e+01 1.01e-07  -1.0    3.2  2.46e-05  4  1h
 184  3.2135953e+12 4.18e+11 5.76e+02 1.01e-07  -1.0    2.7  2.40e-01  4  1h
 185  3.4198857e+12 3.25e+11 1.52e+03 1.01e-07  -1.0    3.1  2.41e-01  7  1h
 186  3.4533565e+12 2.51e+11 2.72e+03 1.01e-07  -1.0    3.5  2.37e-01  4  1h
 187  3.4558202e+12 2.01e+11 3.77e+03 1.01e-07  -1.0    4.0  2.07e-01  4  1h
 188  3.4570322e+12 1.61e+11 4.68e+03 1.01e-07  -1.0    4.4  2.13e-01  4  1h
 189  3.4594292e+12 1.30e+11 6.14e+03 1.01e-07  -1.0    4.8  2.02e-01  3  1h
iter    objective    inf_pr   inf_du inf_compl lg(mu) lg(rg) alpha_pr ir ls
 190  3.4631934e+12 1.07e+11 1.14e+04 1.01e-07  -1.0    5.2  1.86e-01  3  1h
 191  3.4650648e+12 1.02e+11 1.37e+04 1.01e-07  -1.0    5.7  5.42e-02  3  1h
 192  3.4699357e+12 9.35e+10 1.82e+04 1.01e-07  -1.0    5.2  8.20e-02  3  1h
 193  3.4685768e+12 8.57e+10 2.35e+04 1.01e-07  -1.0    5.6  8.58e-02  3  1h
 194  3.4662066e+12 7.73e+10 5.25e+04 1.01e-07  -1.0    6.1  1.01e-01  3  1h
 195  3.4651365e+12 7.55e+10 6.30e+04 1.01e-07  -1.0    6.5  2.43e-02  3  1h
 196  3.4640824e+12 7.39e+10 8.64e+04 1.01e-07  -1.0    6.9  2.06e-02  2  1h
 197  3.4634462e+12 7.31e+10 1.15e+05 1.01e-07  -1.0    7.3  1.15e-02  2  1h
 198  3.4745509e+12 7.10e+10 5.86e+05 1.01e-07  -1.0    6.9  2.86e-02  2  1h
 199  3.4782800e+12 6.35e+10 5.43e+05 1.01e-07  -1.0    6.4  1.09e-01  2  1h
iter    objective    inf_pr   inf_du inf_compl lg(mu) lg(rg) alpha_pr ir ls
 200  3.4742042e+12 4.95e+10 3.16e+05 1.01e-07  -1.0    5.9  2.17e-01  2  1h
 201  3.4761012e+12 4.61e+10 3.14e+05 1.01e-07  -1.0    6.3  7.01e-02  2  1h
 202  3.4774745e+12 3.37e+10 2.25e+05 1.01e-07  -1.0    5.8  2.46e-01  2  1h
 203  3.4794853e+12 2.80e+10 2.05e+05 1.01e-07  -1.0    6.3  1.71e-01  2  1h
 204  3.4771027e+12 2.41e+10 2.20e+05 1.01e-07  -1.0    5.8  1.19e-01  2  2h
 205  3.4774235e+12 1.94e+10 1.79e+05 1.01e-07  -1.0    6.2  1.90e-01  2  1h
 206  3.4720369e+12 1.48e+10 1.40e+05 1.01e-07  -1.0    5.7  1.76e-01  2  1h
 207  3.4711243e+12 1.17e+10 1.30e+05 1.01e-07  -1.0    6.2  1.94e-01  2  1h
 208  3.4667247e+12 9.43e+09 1.09e+05 1.01e-07  -1.0    5.7  1.48e-01  2  2h
 209  3.4658158e+12 8.09e+09 9.34e+04 1.01e-07  -1.0    6.1  1.32e-01  2  1h
iter    objective    inf_pr   inf_du inf_compl lg(mu) lg(rg) alpha_pr ir ls
 210  3.4656510e+12 7.14e+09 9.37e+04 1.01e-07  -1.0    6.5  1.15e-01  2  1h
 211  3.4653382e+12 6.87e+09 9.06e+04 1.01e-07  -1.0    6.1  3.64e-02  2  1h
 212  3.4652844e+12 6.69e+09 8.91e+04 1.01e-07  -1.0    6.5  2.59e-02  2  1h
 213  3.4649289e+12 6.46e+09 8.60e+04 1.01e-07  -1.0    6.0  3.43e-02  2  1h
 214  3.4648346e+12 6.22e+09 8.44e+04 1.01e-07  -1.0    6.4  3.60e-02  2  1h
 215  3.4645963e+12 6.10e+09 8.34e+04 1.01e-07  -1.0    6.0  1.88e-02  2  1h
 216  3.4645394e+12 6.00e+09 8.21e+04 1.01e-07  -1.0    6.4  1.77e-02  2  1h
 217  3.4643207e+12 5.91e+09 8.12e+04 1.01e-07  -1.0    5.9  1.41e-02  2  1h
 218  3.4642298e+12 5.77e+09 8.14e+04 1.01e-07  -1.0    6.3  2.34e-02  2  1h
 219  3.4633636e+12 5.49e+09 7.79e+04 1.01e-07  -1.0    5.9  4.52e-02  2  1h
iter    objective    inf_pr   inf_du inf_compl lg(mu) lg(rg) alpha_pr ir ls
 220r 3.4633636e+12 1.19e-07 1.50e+02 5.49e+08   9.7     -   7.61e-07  2  2R
 221r 3.4633636e+12 1.43e-06 1.66e-06 6.34e-03   7.6     -   3.29e-16  1  1f
 222r 1.2873683e+12 6.29e+11 2.16e-06 3.90e-05  -3.2     -   3.26e-04  1  6f
 223r 1.2873683e+12 6.29e+11 2.16e-06 3.91e-05  -3.2    5.8  4.87e-05  1  1h
 224r 1.2873683e+12 6.28e+11 2.16e-06 3.91e-05  -3.2    5.3  6.43e-04  1  1h
 225r 1.2873683e+12 6.28e+11 2.16e-06 3.91e-05  -3.2    4.9  1.19e-04  1  1h
 226r 1.2873683e+12 6.28e+11 2.16e-06 3.91e-05  -3.2    4.4  1.20e-04  1  1h
 227r 1.2873683e+12 6.28e+11 2.16e-06 3.91e-05  -3.2    3.9  1.23e-04  1  1h
 228r 1.2873683e+12 6.28e+11 2.16e-06 3.92e-05  -3.2    3.4  6.06e-05  1  1h
 229r 1.2873683e+12 6.27e+11 7.39e-06 3.92e-05  -3.2    2.9  1.54e-03  1  1h
iter    objective    inf_pr   inf_du inf_compl lg(mu) lg(rg) alpha_pr ir ls
 230r 1.2873683e+12 6.25e+11 9.57e-05 3.92e-05  -3.2    2.5  3.07e-03  1  1h
 231r 1.2873683e+12 6.24e+11 1.20e-04 3.95e-05  -3.2    2.0  9.37e-04  1  1h
 232r 1.2873683e+12 6.24e+11 1.29e-04 3.97e-05  -3.2    1.5  3.22e-04  1  1h
 233r 1.2873683e+12 6.24e+11 1.32e-04 4.07e-05  -3.2    1.0  1.31e-05  1  1h
 234r 1.2873683e+12 6.24e+11 2.43e-04 4.09e-05  -3.2    0.6  3.89e-04  1  1h
 235r 1.2873683e+12 6.24e+11 2.43e-04 4.09e-05  -3.2    0.1  3.18e-07  1  1h
 236r 1.2873683e+12 6.24e+11 2.65e-04 4.09e-05  -3.2   -0.4  6.08e-05  1  1h
 237r 1.2873683e+12 6.24e+11 2.66e-04 4.10e-05  -3.2   -0.9  1.37e-05  1  1h
 238r 1.2873684e+12 6.24e+11 2.72e-04 4.10e-05  -3.2   -1.3  2.66e-05  1  1h
 239r 1.2873684e+12 6.24e+11 2.72e-04 4.10e-05  -3.2   -1.8  2.68e-06  1  1h
iter    objective    inf_pr   inf_du inf_compl lg(mu) lg(rg) alpha_pr ir ls
 240r 1.2873684e+12 6.24e+11 2.72e-04 4.10e-05  -3.2   -2.3  4.75e-11  2  1h
 241r 1.2873684e+12 6.24e+11 2.72e-04 4.10e-05  -3.2   -1.9  1.63e-09  1  1h
 242r 1.2873683e+12 6.24e+11 2.74e-04 4.10e-05  -3.2   -2.4  9.80e-07  1  1h
 243r 1.2873683e+12 6.24e+11 2.74e-04 4.10e-05  -3.2   -1.9  3.59e-06  1  1h
 244r 1.2873683e+12 6.24e+11 2.78e-04 4.10e-05  -3.2   -2.4  5.95e-06  1  1h
 245r 1.2873684e+12 6.24e+11 2.81e-04 4.10e-05  -3.2   -2.0  2.83e-05  1  1h
 246r 1.2873685e+12 6.24e+11 2.90e-04 4.10e-05  -3.2   -2.5  2.16e-05  1  1h
 247r 1.2873686e+12 6.24e+11 2.91e-04 4.10e-05  -3.2   -2.0  1.89e-05  1  1h
 248r 1.2873686e+12 6.24e+11 2.91e-04 4.10e-05  -3.2   -2.5  2.99e-06  1  1h
 249r 1.2873686e+12 6.24e+11 2.92e-04 4.11e-05  -3.2   -2.1  3.41e-09  1  1h
iter    objective    inf_pr   inf_du inf_compl lg(mu) lg(rg) alpha_pr ir ls
 250  1.2873686e+12 6.24e+11 2.46e+03 1.30e+00  -1.0   -1.7  1.28e-10  1  2 
 251r 1.2873686e+12 3.05e-05 9.99e+02 6.24e+11  11.8     -   5.03e-14 10  2R
 252r 1.2873686e+12 3.05e-05 1.20e-02 2.20e-02  10.4     -   5.80e-22  1  1f
 253r 1.2175700e+12 1.64e+12 1.20e-02 1.24e-07  -3.3     -   1.74e-05  1  7f
 254r 1.2175700e+12 1.64e+12 1.20e-02 1.24e-07  -3.3    0.1  7.90e-08  1  1h
 255r 1.2175700e+12 1.64e+12 1.20e-02 1.24e-07  -3.3   -0.4  1.22e-06  1  1h
 256r 1.2175700e+12 1.64e+12 1.20e-02 1.24e-07  -3.3   -0.9  2.34e-07  1  1h
 257r 1.2175700e+12 1.64e+12 1.20e-02 1.24e-07  -3.3   -1.3  6.10e-08  1  1h
 258r 1.2175700e+12 1.65e+12 1.20e-02 1.24e-07  -3.3   -1.8  7.11e-07  1  1h
 259r 1.2175700e+12 1.65e+12 1.20e-02 1.24e-07  -3.3   -2.3  2.20e-08  1  1h
iter    objective    inf_pr   inf_du inf_compl lg(mu) lg(rg) alpha_pr ir ls
 260r 1.2175700e+12 1.65e+12 1.20e-02 2.72e-04  -3.3   -2.8  2.42e-06  1  1h
 261r 1.2175700e+12 1.65e+12 3.69e-01 5.75e-01  -3.3   -3.2  1.98e-06  1  1h
 262r 1.2175700e+12 1.65e+12 2.55e+01 1.32e+01  -3.3   -3.7  2.51e-06  1  1h
 263r 1.2175700e+12 1.64e+12 5.99e+01 1.32e+01  -3.3   -4.2  1.60e-06  1  1h
 264r 1.2175700e+12 1.64e+12 1.06e+02 1.33e+01  -3.3   -3.8  3.50e-06  1  1h
 265r 1.2175700e+12 1.64e+12 1.06e+02 1.33e+01  -3.3   -4.2  2.18e-07  1  1h
 266r 1.2175700e+12 1.64e+12 6.41e+02 7.73e+01  -3.3   -3.8  1.39e-06  1  1h
 267r 1.2175701e+12 1.63e+12 7.36e+02 7.73e+01  -3.3   -4.3  8.83e-07  1  1h
 268r 1.2175701e+12 1.63e+12 7.37e+02 7.73e+01  -3.3   -4.8  7.50e-08  1  1h
 269r 1.2175701e+12 1.63e+12 1.40e+03 1.47e+02  -3.3   -4.3  2.18e-08  1  1h
iter    objective    inf_pr   inf_du inf_compl lg(mu) lg(rg) alpha_pr ir ls
 270r 1.2175701e+12 1.63e+12 1.56e+03 1.47e+02  -3.3   -4.8  6.15e-07  1  1h
 271r 1.2175701e+12 1.63e+12 1.80e+03 1.69e+02  -3.3   -4.4  2.40e-08  1  1h
 272r 1.2175701e+12 1.63e+12 2.22e+03 1.78e+02  -3.3   -4.0  4.55e-06  1  1h
 273r 1.2175701e+12 1.63e+12 2.26e+03 1.78e+02  -3.3   -4.4  1.29e-06  1  1h
 274r 1.2175701e+12 1.63e+12 2.27e+03 1.78e+02  -3.3    1.4  2.92e-05  1  1h
 275r 1.2175701e+12 1.63e+12 2.27e+03 1.78e+02  -3.3    0.9  7.44e-05  1  1h
 276r 1.2175701e+12 1.63e+12 2.29e+03 1.78e+02  -3.3    0.4  6.61e-05  1  1h
 277r 1.2175701e+12 1.63e+12 2.29e+03 1.78e+02  -3.3    1.8  1.94e-04  1  1h
 278r 1.2175701e+12 1.63e+12 2.31e+03 1.80e+02  -3.3    1.3  2.50e-07  1  1h
 279r 1.2175701e+12 1.63e+12 2.33e+03 1.80e+02  -3.3    1.7  5.11e-04  1  1h
iter    objective    inf_pr   inf_du inf_compl lg(mu) lg(rg) alpha_pr ir ls
[ Info: instance 0/2 on GPU 0 (Quadro GV100)
[ Info: instance 0: 10 models assigned, 10 remaining
[ Info: warmup: JIT build+solve on Crauste_CellSystems2017 ...
[ Info: warmup done
[ Info: [Armistead_CellDeathDis2024] compiling (K=6, compile_limit=14400.0s)...
[ Info: [Armistead_CellDeathDis2024] solving with MadNLP (max_wall_time=86400.0s)...
[ Info: [Armistead_CellDeathDis2024] SGM solve 1/3 ...
[ Info: [Armistead_CellDeathDis2024] SGM solve 2/3 ...
[ Info: [Armistead_CellDeathDis2024] SGM solve 3/3 ...
[ Info: [Armistead_CellDeathDis2024] SGM done: solve=5.61 s (n=3)
[ Info: [Armistead_CellDeathDis2024] done
[ Info: [Bertozzi_PNAS2020] compiling (K=6, compile_limit=14400.0s)...
[ Info: [Bertozzi_PNAS2020] solving with MadNLP (max_wall_time=86400.0s)...
[ Info: [Bertozzi_PNAS2020] SGM solve 1/3 ...
[ Info: [Bertozzi_PNAS2020] SGM solve 2/3 ...
[ Info: [Bertozzi_PNAS2020] SGM solve 3/3 ...
[ Info: [Bertozzi_PNAS2020] SGM done: solve=5.75 s (n=3)
[ Info: [Bertozzi_PNAS2020] done
[ Info: [Boehm_JProteomeRes2014] compiling (K=6, compile_limit=14400.0s)...
[ Info: [Boehm_JProteomeRes2014] solving with MadNLP (max_wall_time=86400.0s)...
[ Info: [Boehm_JProteomeRes2014] SGM solve 1/3 ...
[ Info: [Boehm_JProteomeRes2014] SGM solve 2/3 ...
[ Info: [Boehm_JProteomeRes2014] SGM solve 3/3 ...
[ Info: [Boehm_JProteomeRes2014] SGM done: solve=0.44 s (n=3)
[ Info: [Boehm_JProteomeRes2014] done
[ Info: [Bruno_JExpBot2016] compiling (K=6, compile_limit=14400.0s)...
[ Info: [Bruno_JExpBot2016] solving with MadNLP (max_wall_time=86400.0s)...
[ Info: [Bruno_JExpBot2016] SGM solve 1/3 ...
[ Info: [Bruno_JExpBot2016] SGM solve 2/3 ...
[ Info: [Bruno_JExpBot2016] SGM solve 3/3 ...
[ Info: [Bruno_JExpBot2016] SGM done: solve=0.39 s (n=3)
[ Info: [Bruno_JExpBot2016] done
[ Info: [Fiedler_BMCSystBiol2016] compiling (K=6, compile_limit=14400.0s)...
[ Info: [Fiedler_BMCSystBiol2016] solving with MadNLP (max_wall_time=86400.0s)...
┌ Error: [Fiedler_BMCSystBiol2016] solve failed
│   exception =
│    Kernel invocation uses too much parameter memory.
│    36.844 KiB exceeds the 31.996 KiB limit imposed by sm_70 / PTX v8.5.
│    
│    Relevant parameters:
│      [1] __ctx__::KernelAbstractions.CompilerMetadata{KernelAbstractions.NDIteration.DynamicSize, KernelAbstractions.NDIteration.DynamicCheck, Nothing, CartesianIndices{1, Tuple{Base.OneTo{Int64}}}, KernelAbstractions.NDIteration.NDRange{1, KernelAbstractions.NDIteration.DynamicSize, KernelAbstractions.NDIteration.DynamicSize, CartesianIndices{1, Tuple{Base.OneTo{Int64}}}, CartesianIndices{1, Tuple{Base.OneTo{Int64}}}}} uses 24 bytes
│      [2] y1::CuDeviceVector{Int64, 1} uses 32 bytes
│      [3] y2::CuDeviceVector{Int64, 1} uses 32 bytes
│      [4] f::ExaModels.SIMDFunction{Node2{-,…}, ExaModels.Compressor{NTuple{94, Int64}}, ExaModels.Compressor{NTuple{4371, Int64}}} uses 36.711 KiB
│      [5] itr::UnitRange{Int64} uses 16 bytes
│      [8] adj::Float64 uses 8 bytes
│      [9] dims::Tuple{Int64} uses 8 bytes
│    
│    Stacktrace:
│      [1] error(s::String)
│        @ Base ./error.jl:44
│      [2] compile(job::GPUCompiler.CompilerJob)
│        @ CUDA ~/.julia/packages/CUDA/bjncr/src/compiler/compilation.jl:320
│      [3] actual_compilation(cache::Dict{Any, CuFunction}, src::Core.MethodInstance, world::UInt64, cfg::GPUCompiler.CompilerConfig{GPUCompiler.PTXCompilerTarget, CUDA.CUDACompilerParams}, compiler::typeof(CUDA.compile), linker::typeof(CUDA.link))
│        @ GPUCompiler ~/.julia/packages/GPUCompiler/KwfWk/src/execution.jl:245
│      [4] cached_compilation(cache::Dict{Any, CuFunction}, src::Core.MethodInstance, cfg::GPUCompiler.CompilerConfig{GPUCompiler.PTXCompilerTarget, CUDA.CUDACompilerParams}, compiler::Function, linker::Function)
│        @ GPUCompiler ~/.julia/packages/GPUCompiler/KwfWk/src/execution.jl:159
│      [5] macro expansion
│        @ ~/.julia/packages/CUDA/bjncr/src/compiler/execution.jl:373 [inlined]
│      [6] macro expansion
│        @ ./lock.jl:376 [inlined]
│      [7] cufunction(f::typeof(ExaModelsKernelAbstractions.gpu_kerj), tt::Type{Tuple{KernelAbstractions.CompilerMetadata{KernelAbstractions.NDIteration.DynamicSize, KernelAbstractions.NDIteration.DynamicCheck, Nothing, CartesianIndices{1, Tuple{Base.OneTo{Int64}}}, KernelAbstractions.NDIteration.NDRange{1, KernelAbstractions.NDIteration.DynamicSize, KernelAbstractions.NDIteration.DynamicSize, CartesianIndices{1, Tuple{Base.OneTo{Int64}}}, CartesianIndices{1, Tuple{Base.OneTo{Int64}}}}}, CuDeviceVector{Int64, 1}, CuDeviceVector{Int64, 1}, ExaModels.SIMDFunction{Node2{-,…}, ExaModels.Compressor{NTuple{94, Int64}}, ExaModels.Compressor{NTuple{4371, Int64}}}, UnitRange{Int64}, ExaModels.NaNSource{Float64}, ExaModels.NaNSource{Float64}, Float64, Tuple{Int64}}}; kwargs::@Kwargs{always_inline::Bool, maxthreads::Nothing})
│        @ CUDA ~/.julia/packages/CUDA/bjncr/src/compiler/execution.jl:368
│      [8] macro expansion
│        @ ~/.julia/packages/CUDA/bjncr/src/compiler/execution.jl:112 [inlined]
│      [9] (::KernelAbstractions.Kernel{CUDABackend, KernelAbstractions.NDIteration.DynamicSize, KernelAbstractions.NDIteration.DynamicSize, typeof(ExaModelsKernelAbstractions.gpu_kerj)})(::CuArray{Int64, 1, CUDA.DeviceMemory}, ::Vararg{Any}; ndrange::Int64, workgroupsize::Nothing)
│        @ CUDA.CUDAKernels ~/.julia/packages/CUDA/bjncr/src/CUDAKernels.jl:129
│     [10] Kernel
│        @ ~/.julia/packages/CUDA/bjncr/src/CUDAKernels.jl:115 [inlined]
│     [11] sjacobian!
│        @ ~/.julia/packages/ExaModels/PIbMk/ext/ExaModelsKernelAbstractions.jl:574 [inlined]
│     [12] _jac_structure!(T::Type{Float64}, backend::CUDABackend, ::Tuple{ExaModels.Constraint{ExaModels.SIMDFunction{Node2{-,…}, ExaModels.Compressor{NTuple{94, Int64}}, ExaModels.Compressor{NTuple{4371, Int64}}}, UnitRange{Int64}, Int64, Tuple{UnitRange{Int64}}, Nothing}, ExaModels.Constraint{ExaModels.SIMDFunction{Node2{-,…}, ExaModels.Compressor{Tuple{Int64}}, ExaModels.Compressor{Tuple{}}}, CuArray{Tuple{Int64, Int64, Float64}, 1, CUDA.DeviceMemory}, Int64, Tuple{Int64}, Nothing}, ExaModels.ConstraintAugmentation{ExaModels.SIMDFunction{Pair{Tuple{DataIndexed{…}, DataIndexed{…}, DataIndexed{…}}, Node2{*,…}}, ExaModels.Compressor{Tuple{Int64}}, ExaModels.Compressor{Tuple{}}}, CuArray{Tuple{Int64, Int64, Int64, Int64, Float64}, 4, CUDA.DeviceMemory}, Tuple{Int64, Int64, Int64}, Nothing}, ExaModels.Constraint{ExaModels.SIMDFunction{Node1{-,…}, ExaModels.Compressor{Tuple{Int64}}, ExaModels.Compressor{Tuple{}}}, CuArray{Tuple{Int64, Int64, Int64}, 3, CUDA.DeviceMemory}, Int64, Tuple{Int64, Int64, Int64}, Nothing}, ExaModels.Constraint{ExaModels.SIMDFunction{Node2{-,…}, ExaModels.Compressor{Tuple{Int64}}, ExaModels.Compressor{Tuple{}}}, CuArray{Tuple{Int64, Int64, Float64}, 1, CUDA.DeviceMemory}, Int64, Tuple{Int64}, Nothing}, ExaModels.ConstraintAugmentation{ExaModels.SIMDFunction{Pair{Tuple{DataIndexed{…}, DataIndexed{…}, DataIndexed{…}}, Node2{*,…}}, ExaModels.Compressor{Tuple{Int64}}, ExaModels.Compressor{Tuple{}}}, CuArray{Tuple{Int64, Int64, Int64, Int64, Float64}, 4, CUDA.DeviceMemory}, Tuple{Int64, Int64, Int64}, Nothing}, ExaModels.ConstraintAugmentation{ExaModels.SIMDFunction{Pair{Tuple{DataIndexed{…}, DataIndexed{…}, DataIndexed{…}}, Node2{*,…}}, ExaModels.Compressor{Tuple{Int64}}, ExaModels.Compressor{Tuple{}}}, CuArray{Tuple{Int64, Int64, Int64, Int64, Float64}, 4, CUDA.DeviceMemory}, Tuple{Int64, Int64, Int64}, Nothing}, ExaModels.ConstraintAugmentation{ExaModels.SIMDFunction{Pair{Tuple{DataIndexed{…}, DataIndexed{…}, DataIndexed{…}}, Node2{*,…}}, ExaModels.Compressor{Tuple{Int64}}, ExaModels.Compressor{Tuple{}}}, CuArray{Tuple{Int64, Int64, Int64, Int64, Float64}, 4, CUDA.DeviceMemory}, Tuple{Int64, Int64, Int64}, Nothing}, ExaModels.ConstraintAugmentation{ExaModels.SIMDFunction{Pair{Tuple{DataIndexed{…}, DataIndexed{…}, DataIndexed{…}}, Node2{*,…}}, ExaModels.Compressor{Tuple{Int64}}, ExaModels.Compressor{Tuple{}}}, CuArray{Tuple{Int64, Int64, Int64, Int64, Float64}, 4, CUDA.DeviceMemory}, Tuple{Int64, Int64, Int64}, Nothing}, ExaModels.ConstraintAugmentation{ExaModels.SIMDFunction{Pair{Tuple{DataIndexed{…}, DataIndexed{…}, DataIndexed{…}}, Node2{*,…}}, ExaModels.Compressor{Tuple{Int64}}, ExaModels.Compressor{Tuple{}}}, CuArray{Tuple{Int64, Int64, Int64, Int64, Float64}, 4, CUDA.DeviceMemory}, Tuple{Int64, Int64, Int64}, Nothing}, ExaModels.ConstraintAugmentation{ExaModels.SIMDFunction{Pair{Tuple{DataIndexed{…}, DataIndexed{…}, DataIndexed{…}}, Node2{*,…}}, ExaModels.Compressor{Tuple{Int64}}, ExaModels.Compressor{Tuple{}}}, CuArray{Tuple{Int64, Int64, Int64, Int64, Float64}, 4, CUDA.DeviceMemory}, Tuple{Int64, Int64, Int64}, Nothing}, ExaModels.ConstraintAugmentation{ExaModels.SIMDFunction{Pair{Tuple{DataIndexed{…}, DataIndexed{…}, DataIndexed{…}}, Node2{*,…}}, ExaModels.Compressor{Tuple{Int64}}, ExaModels.Compressor{Tuple{}}}, CuArray{Tuple{Int64, Int64, Int64, Int64, Float64}, 4, CUDA.DeviceMemory}, Tuple{Int64, Int64, Int64}, Nothing}, ExaModels.ConstraintAugmentation{ExaModels.SIMDFunction{Pair{Tuple{DataIndexed{…}, DataIndexed{…}, DataIndexed{…}}, Node2{*,…}}, ExaModels.Compressor{Tuple{Int64}}, ExaModels.Compressor{Tuple{}}}, CuArray{Tuple{Int64, Int64, Int64, Int64, Float64}, 4, CUDA.DeviceMemory}, Tuple{Int64, Int64, Int64}, Nothing}, ExaModels.Constraint{ExaModels.SIMDFunction{Node2{*,…}, ExaModels.Compressor{Tuple{}}, ExaModels.Compressor{Tuple{}}}, CuArray{Tuple{Int64, Int64, Int64, Float64, Float64}, 3, CUDA.DeviceMemory}, Int64, Tuple{Int64, Int64, Int64}, Nothing}, ExaModels.Constraint{ExaModels.SIMDFunction{Node2{*,…}, ExaModels.Compressor{Tuple{}}, ExaModels.Compressor{Tuple{}}}, CuArray{Tuple{Int64, Int64, Int64, Float64, Float64}, 3, CUDA.DeviceMemory}, Int64, Tuple{Int64, Int64, Int64}, Nothing}, ExaModels.Constraint{ExaModels.SIMDFunction{Node2{*,…}, ExaModels.Compressor{NTuple{8, Int64}}, ExaModels.Compressor{NTuple{24, Int64}}}, CuArray{Tuple{Int64, Int64, Int64, Float64, Float64}, 3, CUDA.DeviceMemory}, Int64, Tuple{Int64, Int64, Int64}, Nothing}, ExaModels.Constraint{ExaModels.SIMDFunction{Node2{*,…}, ExaModels.Compressor{NTuple{10, Int64}}, ExaModels.Compressor{NTuple{39, Int64}}}, CuArray{Tuple{Int64, Int64, Int64, Float64, Float64}, 3, CUDA.DeviceMemory}, Int64, Tuple{Int64, Int64, Int64}, Nothing}, ExaModels.Constraint{ExaModels.SIMDFunction{Node2{*,…}, ExaModels.Compressor{NTuple{8, Int64}}, ExaModels.Compressor{NTuple{24, Int64}}}, CuArray{Tuple{Int64, Int64, Int64, Float64, Float64}, 3, CUDA.DeviceMemory}, Int64, Tuple{Int64, Int64, Int64}, Nothing}, ExaModels.Constraint{ExaModels.SIMDFunction{Node2{*,…}, ExaModels.Compressor{NTuple{8, Int64}}, ExaModels.Compressor{NTuple{24, Int64}}}, CuArray{Tuple{Int64, Int64, Int64, Float64, Float64}, 3, CUDA.DeviceMemory}, Int64, Tuple{Int64, Int64, Int64}, Nothing}, ExaModels.Constraint{ExaModels.SIMDFunction{Node2{*,…}, ExaModels.Compressor{NTuple{8, Int64}}, ExaModels.Compressor{NTuple{24, Int64}}}, CuArray{Tuple{Int64, Int64, Int64, Float64, Float64}, 3, CUDA.DeviceMemory}, Int64, Tuple{Int64, Int64, Int64}, Nothing}, ExaModels.Constraint{ExaModels.SIMDFunction{Node2{*,…}, ExaModels.Compressor{NTuple{10, Int64}}, ExaModels.Compressor{NTuple{39, Int64}}}, CuArray{Tuple{Int64, Int64, Int64, Float64, Float64}, 3, CUDA.DeviceMemory}, Int64, Tuple{Int64, Int64, Int64}, Nothing}}, rows::CuArray{Int64, 1, CUDA.DeviceMemory}, cols::CuArray{Int64, 1, CUDA.DeviceMemory})
│        @ ExaModelsKernelAbstractions ~/.julia/packages/ExaModels/PIbMk/ext/ExaModelsKernelAbstractions.jl:225
│     [13] _jac_structure!(T::Type{Float64}, backend::CUDABackend, ::Tuple{ExaModels.Constraint{ExaModels.SIMDFunction{Node2{-,…}, ExaModels.Compressor{NTuple{103, Int64}}, ExaModels.Compressor{NTuple{5253, Int64}}}, UnitRange{Int64}, Int64, Tuple{UnitRange{Int64}}, Nothing}, ExaModels.Constraint{ExaModels.SIMDFunction{Node2{-,…}, ExaModels.Compressor{NTuple{94, Int64}}, ExaModels.Compressor{NTuple{4371, Int64}}}, UnitRange{Int64}, Int64, Tuple{UnitRange{Int64}}, Nothing}, ExaModels.Constraint{ExaModels.SIMDFunction{Node2{-,…}, ExaModels.Compressor{Tuple{Int64}}, ExaModels.Compressor{Tuple{}}}, CuArray{Tuple{Int64, Int64, Float64}, 1, CUDA.DeviceMemory}, Int64, Tuple{Int64}, Nothing}, ExaModels.ConstraintAugmentation{ExaModels.SIMDFunction{Pair{Tuple{DataIndexed{…}, DataIndexed{…}, DataIndexed{…}}, Node2{*,…}}, ExaModels.Compressor{Tuple{Int64}}, ExaModels.Compressor{Tuple{}}}, CuArray{Tuple{Int64, Int64, Int64, Int64, Float64}, 4, CUDA.DeviceMemory}, Tuple{Int64, Int64, Int64}, Nothing}, ExaModels.Constraint{ExaModels.SIMDFunction{Node1{-,…}, ExaModels.Compressor{Tuple{Int64}}, ExaModels.Compressor{Tuple{}}}, CuArray{Tuple{Int64, Int64, Int64}, 3, CUDA.DeviceMemory}, Int64, Tuple{Int64, Int64, Int64}, Nothing}, ExaModels.Constraint{ExaModels.SIMDFunction{Node2{-,…}, ExaModels.Compressor{Tuple{Int64}}, ExaModels.Compressor{Tuple{}}}, CuArray{Tuple{Int64, Int64, Float64}, 1, CUDA.DeviceMemory}, Int64, Tuple{Int64}, Nothing}, ExaModels.ConstraintAugmentation{ExaModels.SIMDFunction{Pair{Tuple{DataIndexed{…}, DataIndexed{…}, DataIndexed{…}}, Node2{*,…}}, ExaModels.Compressor{Tuple{Int64}}, ExaModels.Compressor{Tuple{}}}, CuArray{Tuple{Int64, Int64, Int64, Int64, Float64}, 4, CUDA.DeviceMemory}, Tuple{Int64, Int64, Int64}, Nothing}, ExaModels.ConstraintAugmentation{ExaModels.SIMDFunction{Pair{Tuple{DataIndexed{…}, DataIndexed{…}, DataIndexed{…}}, Node2{*,…}}, ExaModels.Compressor{Tuple{Int64}}, ExaModels.Compressor{Tuple{}}}, CuArray{Tuple{Int64, Int64, Int64, Int64, Float64}, 4, CUDA.DeviceMemory}, Tuple{Int64, Int64, Int64}, Nothing}, ExaModels.ConstraintAugmentation{ExaModels.SIMDFunction{Pair{Tuple{DataIndexed{…}, DataIndexed{…}, DataIndexed{…}}, Node2{*,…}}, ExaModels.Compressor{Tuple{Int64}}, ExaModels.Compressor{Tuple{}}}, CuArray{Tuple{Int64, Int64, Int64, Int64, Float64}, 4, CUDA.DeviceMemory}, Tuple{Int64, Int64, Int64}, Nothing}, ExaModels.ConstraintAugmentation{ExaModels.SIMDFunction{Pair{Tuple{DataIndexed{…}, DataIndexed{…}, DataIndexed{…}}, Node2{*,…}}, ExaModels.Compressor{Tuple{Int64}}, ExaModels.Compressor{Tuple{}}}, CuArray{Tuple{Int64, Int64, Int64, Int64, Float64}, 4, CUDA.DeviceMemory}, Tuple{Int64, Int64, Int64}, Nothing}, ExaModels.ConstraintAugmentation{ExaModels.SIMDFunction{Pair{Tuple{DataIndexed{…}, DataIndexed{…}, DataIndexed{…}}, Node2{*,…}}, ExaModels.Compressor{Tuple{Int64}}, ExaModels.Compressor{Tuple{}}}, CuArray{Tuple{Int64, Int64, Int64, Int64, Float64}, 4, CUDA.DeviceMemory}, Tuple{Int64, Int64, Int64}, Nothing}, ExaModels.ConstraintAugmentation{ExaModels.SIMDFunction{Pair{Tuple{DataIndexed{…}, DataIndexed{…}, DataIndexed{…}}, Node2{*,…}}, ExaModels.Compressor{Tuple{Int64}}, ExaModels.Compressor{Tuple{}}}, CuArray{Tuple{Int64, Int64, Int64, Int64, Float64}, 4, CUDA.DeviceMemory}, Tuple{Int64, Int64, Int64}, Nothing}, ExaModels.ConstraintAugmentation{ExaModels.SIMDFunction{Pair{Tuple{DataIndexed{…}, DataIndexed{…}, DataIndexed{…}}, Node2{*,…}}, ExaModels.Compressor{Tuple{Int64}}, ExaModels.Compressor{Tuple{}}}, CuArray{Tuple{Int64, Int64, Int64, Int64, Float64}, 4, CUDA.DeviceMemory}, Tuple{Int64, Int64, Int64}, Nothing}, ExaModels.ConstraintAugmentation{ExaModels.SIMDFunction{Pair{Tuple{DataIndexed{…}, DataIndexed{…}, DataIndexed{…}}, Node2{*,…}}, ExaModels.Compressor{Tuple{Int64}}, ExaModels.Compressor{Tuple{}}}, CuArray{Tuple{Int64, Int64, Int64, Int64, Float64}, 4, CUDA.DeviceMemory}, Tuple{Int64, Int64, Int64}, Nothing}, ExaModels.Constraint{ExaModels.SIMDFunction{Node2{*,…}, ExaModels.Compressor{Tuple{}}, ExaModels.Compressor{Tuple{}}}, CuArray{Tuple{Int64, Int64, Int64, Float64, Float64}, 3, CUDA.DeviceMemory}, Int64, Tuple{Int64, Int64, Int64}, Nothing}, ExaModels.Constraint{ExaModels.SIMDFunction{Node2{*,…}, ExaModels.Compressor{Tuple{}}, ExaModels.Compressor{Tuple{}}}, CuArray{Tuple{Int64, Int64, Int64, Float64, Float64}, 3, CUDA.DeviceMemory}, Int64, Tuple{Int64, Int64, Int64}, Nothing}, ExaModels.Constraint{ExaModels.SIMDFunction{Node2{*,…}, ExaModels.Compressor{NTuple{8, Int64}}, ExaModels.Compressor{NTuple{24, Int64}}}, CuArray{Tuple{Int64, Int64, Int64, Float64, Float64}, 3, CUDA.DeviceMemory}, Int64, Tuple{Int64, Int64, Int64}, Nothing}, ExaModels.Constraint{ExaModels.SIMDFunction{Node2{*,…}, ExaModels.Compressor{NTuple{10, Int64}}, ExaModels.Compressor{NTuple{39, Int64}}}, CuArray{Tuple{Int64, Int64, Int64, Float64, Float64}, 3, CUDA.DeviceMemory}, Int64, Tuple{Int64, Int64, Int64}, Nothing}, ExaModels.Constraint{ExaModels.SIMDFunction{Node2{*,…}, ExaModels.Compressor{NTuple{8, Int64}}, ExaModels.Compressor{NTuple{24, Int64}}}, CuArray{Tuple{Int64, Int64, Int64, Float64, Float64}, 3, CUDA.DeviceMemory}, Int64, Tuple{Int64, Int64, Int64}, Nothing}, ExaModels.Constraint{ExaModels.SIMDFunction{Node2{*,…}, ExaModels.Compressor{NTuple{8, Int64}}, ExaModels.Compressor{NTuple{24, Int64}}}, CuArray{Tuple{Int64, Int64, Int64, Float64, Float64}, 3, CUDA.DeviceMemory}, Int64, Tuple{Int64, Int64, Int64}, Nothing}, ExaModels.Constraint{ExaModels.SIMDFunction{Node2{*,…}, ExaModels.Compressor{NTuple{8, Int64}}, ExaModels.Compressor{NTuple{24, Int64}}}, CuArray{Tuple{Int64, Int64, Int64, Float64, Float64}, 3, CUDA.DeviceMemory}, Int64, Tuple{Int64, Int64, Int64}, Nothing}, ExaModels.Constraint{ExaModels.SIMDFunction{Node2{*,…}, ExaModels.Compressor{NTuple{10, Int64}}, ExaModels.Compressor{NTuple{39, Int64}}}, CuArray{Tuple{Int64, Int64, Int64, Float64, Float64}, 3, CUDA.DeviceMemory}, Int64, Tuple{Int64, Int64, Int64}, Nothing}}, rows::CuArray{Int64, 1, CUDA.DeviceMemory}, cols::CuArray{Int64, 1, CUDA.DeviceMemory})
│        @ ExaModelsKernelAbstractions ~/.julia/packages/ExaModels/PIbMk/ext/ExaModelsKernelAbstractions.jl:224
│    --- the above 1 lines are repeated 28 more times ---
│     [42] jac_structure!
│        @ ~/.julia/packages/ExaModels/PIbMk/ext/ExaModelsKernelAbstractions.jl:218 [inlined]
│     [43] create_callback(::Type{MadNLP.SparseCallback}, nlp::ExaModel{Float64, CuArray{Float64, 1, CUDA.DeviceMemory}, ExaModelsKernelAbstractions.KAExtension{Float64, CuArray{Float64, 1, CUDA.DeviceMemory}, Nothing, CuArray{Tuple{Int64, Int64}, 1, CUDA.DeviceMemory}, CuArray{Int64, 1, CUDA.DeviceMemory}, CUDABackend}, Tuple{ExaModels.Variable{Tuple{UnitRange{Int64}, UnitRange{Int64}}, Int64, Nothing}, ExaModels.Variable{Tuple{UnitRange{Int64}}, Int64, Nothing}, ExaModels.Variable{Tuple{UnitRange{Int64}}, Int64, Nothing}, ExaModels.Variable{NTuple{4, UnitRange{Int64}}, Int64, Nothing}, ExaModels.Variable{Tuple{UnitRange{Int64}}, Int64, Nothing}}, Tuple{}, Tuple{ExaModels.Objective{ExaModels.SIMDFunction{Node2{+,…}, ExaModels.Compressor{Tuple{Int64, Int64, Int64}}, ExaModels.Compressor{NTuple{4, Int64}}}, CuArray{Tuple{Int64, Float64, Float64}, 1, CUDA.DeviceMemory}}}, Tuple{ExaModels.Constraint{ExaModels.SIMDFunction{Node2{-,…}, ExaModels.Compressor{Tuple{Int64, Int64, Int64}}, ExaModels.Compressor{Tuple{Int64, Int64, Int64}}}, CuArray{Tuple{Int64, Int64}, 1, CUDA.DeviceMemory}, Int64, Tuple{Int64}, Nothing}, ExaModels.Constraint{ExaModels.SIMDFunction{Node2{-,…}, ExaModels.Compressor{Tuple{Int64, Int64, Int64}}, ExaModels.Compressor{Tuple{Int64, Int64, Int64}}}, CuArray{Tuple{Int64, Int64}, 1, CUDA.DeviceMemory}, Int64, Tuple{Int64}, Nothing}, ExaModels.Constraint{ExaModels.SIMDFunction{Node2{-,…}, ExaModels.Compressor{Tuple{Int64, Int64, Int64}}, ExaModels.Compressor{Tuple{Int64, Int64, Int64}}}, CuArray{Tuple{Int64, Int64}, 1, CUDA.DeviceMemory}, Int64, Tuple{Int64}, Nothing}, ExaModels.Constraint{ExaModels.SIMDFunction{Node2{-,…}, ExaModels.Compressor{Tuple{Int64, Int64, Int64}}, ExaModels.Compressor{Tuple{Int64, Int64, Int64}}}, CuArray{Tuple{Int64, Int64}, 1, CUDA.DeviceMemory}, Int64, Tuple{Int64}, Nothing}, ExaModels.Constraint{ExaModels.SIMDFunction{Node2{-,…}, ExaModels.Compressor{Tuple{Int64, Int64, Int64}}, ExaModels.Compressor{Tuple{Int64, Int64, Int64}}}, CuArray{Tuple{Int64, Int64}, 1, CUDA.DeviceMemory}, Int64, Tuple{Int64}, Nothing}, ExaModels.Constraint{ExaModels.SIMDFunction{Node2{-,…}, ExaModels.Compressor{Tuple{Int64, Int64, Int64}}, ExaModels.Compressor{Tuple{Int64, Int64, Int64}}}, CuArray{Tuple{Int64, Int64}, 1, CUDA.DeviceMemory}, Int64, Tuple{Int64}, Nothing}, ExaModels.Constraint{ExaModels.SIMDFunction{Node2{-,…}, ExaModels.Compressor{Tuple{Int64, Int64, Int64}}, ExaModels.Compressor{Tuple{Int64, Int64, Int64}}}, CuArray{Tuple{Int64, Int64}, 1, CUDA.DeviceMemory}, Int64, Tuple{Int64}, Nothing}, ExaModels.Constraint{ExaModels.SIMDFunction{Node2{-,…}, ExaModels.Compressor{Tuple{Int64, Int64, Int64}}, ExaModels.Compressor{Tuple{Int64, Int64, Int64}}}, CuArray{Tuple{Int64, Int64}, 1, CUDA.DeviceMemory}, Int64, Tuple{Int64}, Nothing}, ExaModels.Constraint{ExaModels.SIMDFunction{Node2{-,…}, ExaModels.Compressor{NTuple{9, Int64}}, ExaModels.Compressor{NTuple{36, Int64}}}, CuArray{Tuple{Int64, Int64}, 1, CUDA.DeviceMemory}, Int64, Tuple{Int64}, Nothing}, ExaModels.Constraint{ExaModels.SIMDFunction{Node2{-,…}, ExaModels.Compressor{Tuple{Int64, Int64, Int64}}, ExaModels.Compressor{Tuple{Int64, Int64, Int64}}}, CuArray{Tuple{Int64, Int64, Int64}, 1, CUDA.DeviceMemory}, Int64, Tuple{Int64}, Nothing}, ExaModels.Constraint{ExaModels.SIMDFunction{Node2{-,…}, ExaModels.Compressor{NTuple{9, Int64}}, ExaModels.Compressor{NTuple{36, Int64}}}, CuArray{Tuple{Int64, Int64}, 1, CUDA.DeviceMemory}, Int64, Tuple{Int64}, Nothing}, ExaModels.Constraint{ExaModels.SIMDFunction{Node2{-,…}, ExaModels.Compressor{Tuple{Int64, Int64, Int64}}, ExaModels.Compressor{Tuple{Int64, Int64, Int64}}}, CuArray{Tuple{Int64, Int64, Int64}, 1, CUDA.DeviceMemory}, Int64, Tuple{Int64}, Nothing}, ExaModels.Constraint{ExaModels.SIMDFunction{Node2{-,…}, ExaModels.Compressor{NTuple{9, Int64}}, ExaModels.Compressor{NTuple{36, Int64}}}, CuArray{Tuple{Int64, Int64}, 1, CUDA.DeviceMemory}, Int64, Tuple{Int64}, Nothing}, ExaModels.Constraint{ExaModels.SIMDFunction{Node2{-,…}, ExaModels.Compressor{Tuple{Int64, Int64, Int64}}, ExaModels.Compressor{Tuple{Int64, Int64, Int64}}}, CuArray{Tuple{Int64, Int64, Int64}, 1, CUDA.DeviceMemory}, Int64, Tuple{Int64}, Nothing}, ExaModels.Constraint{ExaModels.SIMDFunction{Node2{-,…}, ExaModels.Compressor{NTuple{9, Int64}}, ExaModels.Compressor{NTuple{36, Int64}}}, CuArray{Tuple{Int64, Int64}, 1, CUDA.DeviceMemory}, Int64, Tuple{Int64}, Nothing}, ExaModels.Constraint{ExaModels.SIMDFunction{Node2{-,…}, ExaModels.Compressor{Tuple{Int64, Int64, Int64}}, ExaModels.Compressor{Tuple{Int64, Int64, Int64}}}, CuArray{Tuple{Int64, Int64, Int64}, 1, CUDA.DeviceMemory}, Int64, Tuple{Int64}, Nothing}, ExaModels.Constraint{ExaModels.SIMDFunction{Node2{-,…}, ExaModels.Compressor{NTuple{9, Int64}}, ExaModels.Compressor{NTuple{36, Int64}}}, CuArray{Tuple{Int64, Int64}, 1, CUDA.DeviceMemory}, Int64, Tuple{Int64}, Nothing}, ExaModels.Constraint{ExaModels.SIMDFunction{Node2{-,…}, ExaModels.Compressor{Tuple{Int64, Int64, Int64}}, ExaModels.Compressor{Tuple{Int64, Int64, Int64}}}, CuArray{Tuple{Int64, Int64, Int64}, 1, CUDA.DeviceMemory}, Int64, Tuple{Int64}, Nothing}, ExaModels.Constraint{ExaModels.SIMDFunction{Node2{-,…}, ExaModels.Compressor{NTuple{9, Int64}}, ExaModels.Compressor{NTuple{36, Int64}}}, CuArray{Tuple{Int64, Int64}, 1, CUDA.DeviceMemory}, Int64, Tuple{Int64}, Nothing}, ExaModels.Constraint{ExaModels.SIMDFunction{Node2{-,…}, ExaModels.Compressor{Tuple{Int64, Int64, Int64}}, ExaModels.Compressor{Tuple{Int64, Int64, Int64}}}, CuArray{Tuple{Int64, Int64, Int64}, 1, CUDA.DeviceMemory}, Int64, Tuple{Int64}, Nothing}, ExaModels.Constraint{ExaModels.SIMDFunction{Node2{-,…}, ExaModels.Compressor{NTuple{9, Int64}}, ExaModels.Compressor{NTuple{36, Int64}}}, CuArray{Tuple{Int64, Int64}, 1, CUDA.DeviceMemory}, Int64, Tuple{Int64}, Nothing}, ExaModels.Constraint{ExaModels.SIMDFunction{Node2{-,…}, ExaModels.Compressor{Tuple{Int64, Int64, Int64}}, ExaModels.Compressor{Tuple{Int64, Int64, Int64}}}, CuArray{Tuple{Int64, Int64, Int64}, 1, CUDA.DeviceMemory}, Int64, Tuple{Int64}, Nothing}, ExaModels.Constraint{ExaModels.SIMDFunction{Node2{-,…}, ExaModels.Compressor{NTuple{9, Int64}}, ExaModels.Compressor{NTuple{36, Int64}}}, CuArray{Tuple{Int64, Int64}, 1, CUDA.DeviceMemory}, Int64, Tuple{Int64}, Nothing}, ExaModels.Constraint{ExaModels.SIMDFunction{Node2{-,…}, ExaModels.Compressor{Tuple{Int64, Int64, Int64}}, ExaModels.Compressor{Tuple{Int64, Int64, Int64}}}, CuArray{Tuple{Int64, Int64, Int64}, 1, CUDA.DeviceMemory}, Int64, Tuple{Int64}, Nothing}, ExaModels.Constraint{ExaModels.SIMDFunction{Node2{-,…}, ExaModels.Compressor{NTuple{216, Int64}}, ExaModels.Compressor{NTuple{23220, Int64}}}, UnitRange{Int64}, Int64, Tuple{UnitRange{Int64}}, Nothing}, ExaModels.Constraint{ExaModels.SIMDFunction{Node2{-,…}, ExaModels.Compressor{NTuple{78, Int64}}, ExaModels.Compressor{NTuple{3003, Int64}}}, UnitRange{Int64}, Int64, Tuple{UnitRange{Int64}}, Nothing}, ExaModels.Constraint{ExaModels.SIMDFunction{Node2{-,…}, ExaModels.Compressor{NTuple{142, Int64}}, ExaModels.Compressor{NTuple{10011, Int64}}}, UnitRange{Int64}, Int64, Tuple{UnitRange{Int64}}, Nothing}, ExaModels.Constraint{ExaModels.SIMDFunction{Node2{-,…}, ExaModels.Compressor{NTuple{132, Int64}}, ExaModels.Compressor{NTuple{8646, Int64}}}, UnitRange{Int64}, Int64, Tuple{UnitRange{Int64}}, Nothing}, ExaModels.Constraint{ExaModels.SIMDFunction{Node2{-,…}, ExaModels.Compressor{NTuple{103, Int64}}, ExaModels.Compressor{NTuple{5253, Int64}}}, UnitRange{Int64}, Int64, Tuple{UnitRange{Int64}}, Nothing}, ExaModels.Constraint{ExaModels.SIMDFunction{Node2{-,…}, ExaModels.Compressor{NTuple{94, Int64}}, ExaModels.Compressor{NTuple{4371, Int64}}}, UnitRange{Int64}, Int64, Tuple{UnitRange{Int64}}, Nothing}, ExaModels.Constraint{ExaModels.SIMDFunction{Node2{-,…}, ExaModels.Compressor{Tuple{Int64}}, ExaModels.Compressor{Tuple{}}}, CuArray{Tuple{Int64, Int64, Float64}, 1, CUDA.DeviceMemory}, Int64, Tuple{Int64}, Nothing}, ExaModels.ConstraintAugmentation{ExaModels.SIMDFunction{Pair{Tuple{DataIndexed{…}, DataIndexed{…}, DataIndexed{…}}, Node2{*,…}}, ExaModels.Compressor{Tuple{Int64}}, ExaModels.Compressor{Tuple{}}}, CuArray{Tuple{Int64, Int64, Int64, Int64, Float64}, 4, CUDA.DeviceMemory}, Tuple{Int64, Int64, Int64}, Nothing}, ExaModels.Constraint{ExaModels.SIMDFunction{Node1{-,…}, ExaModels.Compressor{Tuple{Int64}}, ExaModels.Compressor{Tuple{}}}, CuArray{Tuple{Int64, Int64, Int64}, 3, CUDA.DeviceMemory}, Int64, Tuple{Int64, Int64, Int64}, Nothing}, ExaModels.Constraint{ExaModels.SIMDFunction{Node2{-,…}, ExaModels.Compressor{Tuple{Int64}}, ExaModels.Compressor{Tuple{}}}, CuArray{Tuple{Int64, Int64, Float64}, 1, CUDA.DeviceMemory}, Int64, Tuple{Int64}, Nothing}, ExaModels.ConstraintAugmentation{ExaModels.SIMDFunction{Pair{Tuple{DataIndexed{…}, DataIndexed{…}, DataIndexed{…}}, Node2{*,…}}, ExaModels.Compressor{Tuple{Int64}}, ExaModels.Compressor{Tuple{}}}, CuArray{Tuple{Int64, Int64, Int64, Int64, Float64}, 4, CUDA.DeviceMemory}, Tuple{Int64, Int64, Int64}, Nothing}, ExaModels.ConstraintAugmentation{ExaModels.SIMDFunction{Pair{Tuple{DataIndexed{…}, DataIndexed{…}, DataIndexed{…}}, Node2{*,…}}, ExaModels.Compressor{Tuple{Int64}}, ExaModels.Compressor{Tuple{}}}, CuArray{Tuple{Int64, Int64, Int64, Int64, Float64}, 4, CUDA.DeviceMemory}, Tuple{Int64, Int64, Int64}, Nothing}, ExaModels.ConstraintAugmentation{ExaModels.SIMDFunction{Pair{Tuple{DataIndexed{…}, DataIndexed{…}, DataIndexed{…}}, Node2{*,…}}, ExaModels.Compressor{Tuple{Int64}}, ExaModels.Compressor{Tuple{}}}, CuArray{Tuple{Int64, Int64, Int64, Int64, Float64}, 4, CUDA.DeviceMemory}, Tuple{Int64, Int64, Int64}, Nothing}, ExaModels.ConstraintAugmentation{ExaModels.SIMDFunction{Pair{Tuple{DataIndexed{…}, DataIndexed{…}, DataIndexed{…}}, Node2{*,…}}, ExaModels.Compressor{Tuple{Int64}}, ExaModels.Compressor{Tuple{}}}, CuArray{Tuple{Int64, Int64, Int64, Int64, Float64}, 4, CUDA.DeviceMemory}, Tuple{Int64, Int64, Int64}, Nothing}, ExaModels.ConstraintAugmentation{ExaModels.SIMDFunction{Pair{Tuple{DataIndexed{…}, DataIndexed{…}, DataIndexed{…}}, Node2{*,…}}, ExaModels.Compressor{Tuple{Int64}}, ExaModels.Compressor{Tuple{}}}, CuArray{Tuple{Int64, Int64, Int64, Int64, Float64}, 4, CUDA.DeviceMemory}, Tuple{Int64, Int64, Int64}, Nothing}, ExaModels.ConstraintAugmentation{ExaModels.SIMDFunction{Pair{Tuple{DataIndexed{…}, DataIndexed{…}, DataIndexed{…}}, Node2{*,…}}, ExaModels.Compressor{Tuple{Int64}}, ExaModels.Compressor{Tuple{}}}, CuArray{Tuple{Int64, Int64, Int64, Int64, Float64}, 4, CUDA.DeviceMemory}, Tuple{Int64, Int64, Int64}, Nothing}, ExaModels.ConstraintAugmentation{ExaModels.SIMDFunction{Pair{Tuple{DataIndexed{…}, DataIndexed{…}, DataIndexed{…}}, Node2{*,…}}, ExaModels.Compressor{Tuple{Int64}}, ExaModels.Compressor{Tuple{}}}, CuArray{Tuple{Int64, Int64, Int64, Int64, Float64}, 4, CUDA.DeviceMemory}, Tuple{Int64, Int64, Int64}, Nothing}, ExaModels.ConstraintAugmentation{ExaModels.SIMDFunction{Pair{Tuple{DataIndexed{…}, DataIndexed{…}, DataIndexed{…}}, Node2{*,…}}, ExaModels.Compressor{Tuple{Int64}}, ExaModels.Compressor{Tuple{}}}, CuArray{Tuple{Int64, Int64, Int64, Int64, Float64}, 4, CUDA.DeviceMemory}, Tuple{Int64, Int64, Int64}, Nothing}, ExaModels.Constraint{ExaModels.SIMDFunction{Node2{*,…}, ExaModels.Compressor{Tuple{}}, ExaModels.Compressor{Tuple{}}}, CuArray{Tuple{Int64, Int64, Int64, Float64, Float64}, 3, CUDA.DeviceMemory}, Int64, Tuple{Int64, Int64, Int64}, Nothing}, ExaModels.Constraint{ExaModels.SIMDFunction{Node2{*,…}, ExaModels.Compressor{Tuple{}}, ExaModels.Compressor{Tuple{}}}, CuArray{Tuple{Int64, Int64, Int64, Float64, Float64}, 3, CUDA.DeviceMemory}, Int64, Tuple{Int64, Int64, Int64}, Nothing}, ExaModels.Constraint{ExaModels.SIMDFunction{Node2{*,…}, ExaModels.Compressor{NTuple{8, Int64}}, ExaModels.Compressor{NTuple{24, Int64}}}, CuArray{Tuple{Int64, Int64, Int64, Float64, Float64}, 3, CUDA.DeviceMemory}, Int64, Tuple{Int64, Int64, Int64}, Nothing}, ExaModels.Constraint{ExaModels.SIMDFunction{Node2{*,…}, ExaModels.Compressor{NTuple{10, Int64}}, ExaModels.Compressor{NTuple{39, Int64}}}, CuArray{Tuple{Int64, Int64, Int64, Float64, Float64}, 3, CUDA.DeviceMemory}, Int64, Tuple{Int64, Int64, Int64}, Nothing}, ExaModels.Constraint{ExaModels.SIMDFunction{Node2{*,…}, ExaModels.Compressor{NTuple{8, Int64}}, ExaModels.Compressor{NTuple{24, Int64}}}, CuArray{Tuple{Int64, Int64, Int64, Float64, Float64}, 3, CUDA.DeviceMemory}, Int64, Tuple{Int64, Int64, Int64}, Nothing}, ExaModels.Constraint{ExaModels.SIMDFunction{Node2{*,…}, ExaModels.Compressor{NTuple{8, Int64}}, ExaModels.Compressor{NTuple{24, Int64}}}, CuArray{Tuple{Int64, Int64, Int64, Float64, Float64}, 3, CUDA.DeviceMemory}, Int64, Tuple{Int64, Int64, Int64}, Nothing}, ExaModels.Constraint{ExaModels.SIMDFunction{Node2{*,…}, ExaModels.Compressor{NTuple{8, Int64}}, ExaModels.Compressor{NTuple{24, Int64}}}, CuArray{Tuple{Int64, Int64, Int64, Float64, Float64}, 3, CUDA.DeviceMemory}, Int64, Tuple{Int64, Int64, Int64}, Nothing}, ExaModels.Constraint{ExaModels.SIMDFunction{Node2{*,…}, ExaModels.Compressor{NTuple{10, Int64}}, ExaModels.Compressor{NTuple{39, Int64}}}, CuArray{Tuple{Int64, Int64, Int64, Float64, Float64}, 3, CUDA.DeviceMemory}, Int64, Tuple{Int64, Int64, Int64}, Nothing}}, Nothing, @NamedTuple{p::ExaModels.Variable{Tuple{UnitRange{Int64}}, Int64, Nothing}, z::ExaModels.Variable{NTuple{4, UnitRange{Int64}}, Int64, Nothing}, y::ExaModels.Variable{Tuple{UnitRange{Int64}}, Int64, Nothing}, sigma::ExaModels.Variable{Tuple{UnitRange{Int64}}, Int64, Nothing}, cv::ExaModels.Variable{Tuple{UnitRange{Int64}, UnitRange{Int64}}, Int64, Nothing}}}; fixed_variable_treatment::Type, equality_treatment::Type{MadNLP.RelaxEquality})
│        @ MadNLP ~/.julia/packages/MadNLP/8V9Lm/src/Callbacks/nlpmodels.jl:437
│     [44] MadNLPSolver(nlp::ExaModel{Float64, CuArray{Float64, 1, CUDA.DeviceMemory}, ExaModelsKernelAbstractions.KAExtension{Float64, CuArray{Float64, 1, CUDA.DeviceMemory}, Nothing, CuArray{Tuple{Int64, Int64}, 1, CUDA.DeviceMemory}, CuArray{Int64, 1, CUDA.DeviceMemory}, CUDABackend}, Tuple{ExaModels.Variable{Tuple{UnitRange{Int64}, UnitRange{Int64}}, Int64, Nothing}, ExaModels.Variable{Tuple{UnitRange{Int64}}, Int64, Nothing}, ExaModels.Variable{Tuple{UnitRange{Int64}}, Int64, Nothing}, ExaModels.Variable{NTuple{4, UnitRange{Int64}}, Int64, Nothing}, ExaModels.Variable{Tuple{UnitRange{Int64}}, Int64, Nothing}}, Tuple{}, Tuple{ExaModels.Objective{ExaModels.SIMDFunction{Node2{+,…}, ExaModels.Compressor{Tuple{Int64, Int64, Int64}}, ExaModels.Compressor{NTuple{4, Int64}}}, CuArray{Tuple{Int64, Float64, Float64}, 1, CUDA.DeviceMemory}}}, Tuple{ExaModels.Constraint{ExaModels.SIMDFunction{Node2{-,…}, ExaModels.Compressor{Tuple{Int64, Int64, Int64}}, ExaModels.Compressor{Tuple{Int64, Int64, Int64}}}, CuArray{Tuple{Int64, Int64}, 1, CUDA.DeviceMemory}, Int64, Tuple{Int64}, Nothing}, ExaModels.Constraint{ExaModels.SIMDFunction{Node2{-,…}, ExaModels.Compressor{Tuple{Int64, Int64, Int64}}, ExaModels.Compressor{Tuple{Int64, Int64, Int64}}}, CuArray{Tuple{Int64, Int64}, 1, CUDA.DeviceMemory}, Int64, Tuple{Int64}, Nothing}, ExaModels.Constraint{ExaModels.SIMDFunction{Node2{-,…}, ExaModels.Compressor{Tuple{Int64, Int64, Int64}}, ExaModels.Compressor{Tuple{Int64, Int64, Int64}}}, CuArray{Tuple{Int64, Int64}, 1, CUDA.DeviceMemory}, Int64, Tuple{Int64}, Nothing}, ExaModels.Constraint{ExaModels.SIMDFunction{Node2{-,…}, ExaModels.Compressor{Tuple{Int64, Int64, Int64}}, ExaModels.Compressor{Tuple{Int64, Int64, Int64}}}, CuArray{Tuple{Int64, Int64}, 1, CUDA.DeviceMemory}, Int64, Tuple{Int64}, Nothing}, ExaModels.Constraint{ExaModels.SIMDFunction{Node2{-,…}, ExaModels.Compressor{Tuple{Int64, Int64, Int64}}, ExaModels.Compressor{Tuple{Int64, Int64, Int64}}}, CuArray{Tuple{Int64, Int64}, 1, CUDA.DeviceMemory}, Int64, Tuple{Int64}, Nothing}, ExaModels.Constraint{ExaModels.SIMDFunction{Node2{-,…}, ExaModels.Compressor{Tuple{Int64, Int64, Int64}}, ExaModels.Compressor{Tuple{Int64, Int64, Int64}}}, CuArray{Tuple{Int64, Int64}, 1, CUDA.DeviceMemory}, Int64, Tuple{Int64}, Nothing}, ExaModels.Constraint{ExaModels.SIMDFunction{Node2{-,…}, ExaModels.Compressor{Tuple{Int64, Int64, Int64}}, ExaModels.Compressor{Tuple{Int64, Int64, Int64}}}, CuArray{Tuple{Int64, Int64}, 1, CUDA.DeviceMemory}, Int64, Tuple{Int64}, Nothing}, ExaModels.Constraint{ExaModels.SIMDFunction{Node2{-,…}, ExaModels.Compressor{Tuple{Int64, Int64, Int64}}, ExaModels.Compressor{Tuple{Int64, Int64, Int64}}}, CuArray{Tuple{Int64, Int64}, 1, CUDA.DeviceMemory}, Int64, Tuple{Int64}, Nothing}, ExaModels.Constraint{ExaModels.SIMDFunction{Node2{-,…}, ExaModels.Compressor{NTuple{9, Int64}}, ExaModels.Compressor{NTuple{36, Int64}}}, CuArray{Tuple{Int64, Int64}, 1, CUDA.DeviceMemory}, Int64, Tuple{Int64}, Nothing}, ExaModels.Constraint{ExaModels.SIMDFunction{Node2{-,…}, ExaModels.Compressor{Tuple{Int64, Int64, Int64}}, ExaModels.Compressor{Tuple{Int64, Int64, Int64}}}, CuArray{Tuple{Int64, Int64, Int64}, 1, CUDA.DeviceMemory}, Int64, Tuple{Int64}, Nothing}, ExaModels.Constraint{ExaModels.SIMDFunction{Node2{-,…}, ExaModels.Compressor{NTuple{9, Int64}}, ExaModels.Compressor{NTuple{36, Int64}}}, CuArray{Tuple{Int64, Int64}, 1, CUDA.DeviceMemory}, Int64, Tuple{Int64}, Nothing}, ExaModels.Constraint{ExaModels.SIMDFunction{Node2{-,…}, ExaModels.Compressor{Tuple{Int64, Int64, Int64}}, ExaModels.Compressor{Tuple{Int64, Int64, Int64}}}, CuArray{Tuple{Int64, Int64, Int64}, 1, CUDA.DeviceMemory}, Int64, Tuple{Int64}, Nothing}, ExaModels.Constraint{ExaModels.SIMDFunction{Node2{-,…}, ExaModels.Compressor{NTuple{9, Int64}}, ExaModels.Compressor{NTuple{36, Int64}}}, CuArray{Tuple{Int64, Int64}, 1, CUDA.DeviceMemory}, Int64, Tuple{Int64}, Nothing}, ExaModels.Constraint{ExaModels.SIMDFunction{Node2{-,…}, ExaModels.Compressor{Tuple{Int64, Int64, Int64}}, ExaModels.Compressor{Tuple{Int64, Int64, Int64}}}, CuArray{Tuple{Int64, Int64, Int64}, 1, CUDA.DeviceMemory}, Int64, Tuple{Int64}, Nothing}, ExaModels.Constraint{ExaModels.SIMDFunction{Node2{-,…}, ExaModels.Compressor{NTuple{9, Int64}}, ExaModels.Compressor{NTuple{36, Int64}}}, CuArray{Tuple{Int64, Int64}, 1, CUDA.DeviceMemory}, Int64, Tuple{Int64}, Nothing}, ExaModels.Constraint{ExaModels.SIMDFunction{Node2{-,…}, ExaModels.Compressor{Tuple{Int64, Int64, Int64}}, ExaModels.Compressor{Tuple{Int64, Int64, Int64}}}, CuArray{Tuple{Int64, Int64, Int64}, 1, CUDA.DeviceMemory}, Int64, Tuple{Int64}, Nothing}, ExaModels.Constraint{ExaModels.SIMDFunction{Node2{-,…}, ExaModels.Compressor{NTuple{9, Int64}}, ExaModels.Compressor{NTuple{36, Int64}}}, CuArray{Tuple{Int64, Int64}, 1, CUDA.DeviceMemory}, Int64, Tuple{Int64}, Nothing}, ExaModels.Constraint{ExaModels.SIMDFunction{Node2{-,…}, ExaModels.Compressor{Tuple{Int64, Int64, Int64}}, ExaModels.Compressor{Tuple{Int64, Int64, Int64}}}, CuArray{Tuple{Int64, Int64, Int64}, 1, CUDA.DeviceMemory}, Int64, Tuple{Int64}, Nothing}, ExaModels.Constraint{ExaModels.SIMDFunction{Node2{-,…}, ExaModels.Compressor{NTuple{9, Int64}}, ExaModels.Compressor{NTuple{36, Int64}}}, CuArray{Tuple{Int64, Int64}, 1, CUDA.DeviceMemory}, Int64, Tuple{Int64}, Nothing}, ExaModels.Constraint{ExaModels.SIMDFunction{Node2{-,…}, ExaModels.Compressor{Tuple{Int64, Int64, Int64}}, ExaModels.Compressor{Tuple{Int64, Int64, Int64}}}, CuArray{Tuple{Int64, Int64, Int64}, 1, CUDA.DeviceMemory}, Int64, Tuple{Int64}, Nothing}, ExaModels.Constraint{ExaModels.SIMDFunction{Node2{-,…}, ExaModels.Compressor{NTuple{9, Int64}}, ExaModels.Compressor{NTuple{36, Int64}}}, CuArray{Tuple{Int64, Int64}, 1, CUDA.DeviceMemory}, Int64, Tuple{Int64}, Nothing}, ExaModels.Constraint{ExaModels.SIMDFunction{Node2{-,…}, ExaModels.Compressor{Tuple{Int64, Int64, Int64}}, ExaModels.Compressor{Tuple{Int64, Int64, Int64}}}, CuArray{Tuple{Int64, Int64, Int64}, 1, CUDA.DeviceMemory}, Int64, Tuple{Int64}, Nothing}, ExaModels.Constraint{ExaModels.SIMDFunction{Node2{-,…}, ExaModels.Compressor{NTuple{9, Int64}}, ExaModels.Compressor{NTuple{36, Int64}}}, CuArray{Tuple{Int64, Int64}, 1, CUDA.DeviceMemory}, Int64, Tuple{Int64}, Nothing}, ExaModels.Constraint{ExaModels.SIMDFunction{Node2{-,…}, ExaModels.Compressor{Tuple{Int64, Int64, Int64}}, ExaModels.Compressor{Tuple{Int64, Int64, Int64}}}, CuArray{Tuple{Int64, Int64, Int64}, 1, CUDA.DeviceMemory}, Int64, Tuple{Int64}, Nothing}, ExaModels.Constraint{ExaModels.SIMDFunction{Node2{-,…}, ExaModels.Compressor{NTuple{216, Int64}}, ExaModels.Compressor{NTuple{23220, Int64}}}, UnitRange{Int64}, Int64, Tuple{UnitRange{Int64}}, Nothing}, ExaModels.Constraint{ExaModels.SIMDFunction{Node2{-,…}, ExaModels.Compressor{NTuple{78, Int64}}, ExaModels.Compressor{NTuple{3003, Int64}}}, UnitRange{Int64}, Int64, Tuple{UnitRange{Int64}}, Nothing}, ExaModels.Constraint{ExaModels.SIMDFunction{Node2{-,…}, ExaModels.Compressor{NTuple{142, Int64}}, ExaModels.Compressor{NTuple{10011, Int64}}}, UnitRange{Int64}, Int64, Tuple{UnitRange{Int64}}, Nothing}, ExaModels.Constraint{ExaModels.SIMDFunction{Node2{-,…}, ExaModels.Compressor{NTuple{132, Int64}}, ExaModels.Compressor{NTuple{8646, Int64}}}, UnitRange{Int64}, Int64, Tuple{UnitRange{Int64}}, Nothing}, ExaModels.Constraint{ExaModels.SIMDFunction{Node2{-,…}, ExaModels.Compressor{NTuple{103, Int64}}, ExaModels.Compressor{NTuple{5253, Int64}}}, UnitRange{Int64}, Int64, Tuple{UnitRange{Int64}}, Nothing}, ExaModels.Constraint{ExaModels.SIMDFunction{Node2{-,…}, ExaModels.Compressor{NTuple{94, Int64}}, ExaModels.Compressor{NTuple{4371, Int64}}}, UnitRange{Int64}, Int64, Tuple{UnitRange{Int64}}, Nothing}, ExaModels.Constraint{ExaModels.SIMDFunction{Node2{-,…}, ExaModels.Compressor{Tuple{Int64}}, ExaModels.Compressor{Tuple{}}}, CuArray{Tuple{Int64, Int64, Float64}, 1, CUDA.DeviceMemory}, Int64, Tuple{Int64}, Nothing}, ExaModels.ConstraintAugmentation{ExaModels.SIMDFunction{Pair{Tuple{DataIndexed{…}, DataIndexed{…}, DataIndexed{…}}, Node2{*,…}}, ExaModels.Compressor{Tuple{Int64}}, ExaModels.Compressor{Tuple{}}}, CuArray{Tuple{Int64, Int64, Int64, Int64, Float64}, 4, CUDA.DeviceMemory}, Tuple{Int64, Int64, Int64}, Nothing}, ExaModels.Constraint{ExaModels.SIMDFunction{Node1{-,…}, ExaModels.Compressor{Tuple{Int64}}, ExaModels.Compressor{Tuple{}}}, CuArray{Tuple{Int64, Int64, Int64}, 3, CUDA.DeviceMemory}, Int64, Tuple{Int64, Int64, Int64}, Nothing}, ExaModels.Constraint{ExaModels.SIMDFunction{Node2{-,…}, ExaModels.Compressor{Tuple{Int64}}, ExaModels.Compressor{Tuple{}}}, CuArray{Tuple{Int64, Int64, Float64}, 1, CUDA.DeviceMemory}, Int64, Tuple{Int64}, Nothing}, ExaModels.ConstraintAugmentation{ExaModels.SIMDFunction{Pair{Tuple{DataIndexed{…}, DataIndexed{…}, DataIndexed{…}}, Node2{*,…}}, ExaModels.Compressor{Tuple{Int64}}, ExaModels.Compressor{Tuple{}}}, CuArray{Tuple{Int64, Int64, Int64, Int64, Float64}, 4, CUDA.DeviceMemory}, Tuple{Int64, Int64, Int64}, Nothing}, ExaModels.ConstraintAugmentation{ExaModels.SIMDFunction{Pair{Tuple{DataIndexed{…}, DataIndexed{…}, DataIndexed{…}}, Node2{*,…}}, ExaModels.Compressor{Tuple{Int64}}, ExaModels.Compressor{Tuple{}}}, CuArray{Tuple{Int64, Int64, Int64, Int64, Float64}, 4, CUDA.DeviceMemory}, Tuple{Int64, Int64, Int64}, Nothing}, ExaModels.ConstraintAugmentation{ExaModels.SIMDFunction{Pair{Tuple{DataIndexed{…}, DataIndexed{…}, DataIndexed{…}}, Node2{*,…}}, ExaModels.Compressor{Tuple{Int64}}, ExaModels.Compressor{Tuple{}}}, CuArray{Tuple{Int64, Int64, Int64, Int64, Float64}, 4, CUDA.DeviceMemory}, Tuple{Int64, Int64, Int64}, Nothing}, ExaModels.ConstraintAugmentation{ExaModels.SIMDFunction{Pair{Tuple{DataIndexed{…}, DataIndexed{…}, DataIndexed{…}}, Node2{*,…}}, ExaModels.Compressor{Tuple{Int64}}, ExaModels.Compressor{Tuple{}}}, CuArray{Tuple{Int64, Int64, Int64, Int64, Float64}, 4, CUDA.DeviceMemory}, Tuple{Int64, Int64, Int64}, Nothing}, ExaModels.ConstraintAugmentation{ExaModels.SIMDFunction{Pair{Tuple{DataIndexed{…}, DataIndexed{…}, DataIndexed{…}}, Node2{*,…}}, ExaModels.Compressor{Tuple{Int64}}, ExaModels.Compressor{Tuple{}}}, CuArray{Tuple{Int64, Int64, Int64, Int64, Float64}, 4, CUDA.DeviceMemory}, Tuple{Int64, Int64, Int64}, Nothing}, ExaModels.ConstraintAugmentation{ExaModels.SIMDFunction{Pair{Tuple{DataIndexed{…}, DataIndexed{…}, DataIndexed{…}}, Node2{*,…}}, ExaModels.Compressor{Tuple{Int64}}, ExaModels.Compressor{Tuple{}}}, CuArray{Tuple{Int64, Int64, Int64, Int64, Float64}, 4, CUDA.DeviceMemory}, Tuple{Int64, Int64, Int64}, Nothing}, ExaModels.ConstraintAugmentation{ExaModels.SIMDFunction{Pair{Tuple{DataIndexed{…}, DataIndexed{…}, DataIndexed{…}}, Node2{*,…}}, ExaModels.Compressor{Tuple{Int64}}, ExaModels.Compressor{Tuple{}}}, CuArray{Tuple{Int64, Int64, Int64, Int64, Float64}, 4, CUDA.DeviceMemory}, Tuple{Int64, Int64, Int64}, Nothing}, ExaModels.ConstraintAugmentation{ExaModels.SIMDFunction{Pair{Tuple{DataIndexed{…}, DataIndexed{…}, DataIndexed{…}}, Node2{*,…}}, ExaModels.Compressor{Tuple{Int64}}, ExaModels.Compressor{Tuple{}}}, CuArray{Tuple{Int64, Int64, Int64, Int64, Float64}, 4, CUDA.DeviceMemory}, Tuple{Int64, Int64, Int64}, Nothing}, ExaModels.Constraint{ExaModels.SIMDFunction{Node2{*,…}, ExaModels.Compressor{Tuple{}}, ExaModels.Compressor{Tuple{}}}, CuArray{Tuple{Int64, Int64, Int64, Float64, Float64}, 3, CUDA.DeviceMemory}, Int64, Tuple{Int64, Int64, Int64}, Nothing}, ExaModels.Constraint{ExaModels.SIMDFunction{Node2{*,…}, ExaModels.Compressor{Tuple{}}, ExaModels.Compressor{Tuple{}}}, CuArray{Tuple{Int64, Int64, Int64, Float64, Float64}, 3, CUDA.DeviceMemory}, Int64, Tuple{Int64, Int64, Int64}, Nothing}, ExaModels.Constraint{ExaModels.SIMDFunction{Node2{*,…}, ExaModels.Compressor{NTuple{8, Int64}}, ExaModels.Compressor{NTuple{24, Int64}}}, CuArray{Tuple{Int64, Int64, Int64, Float64, Float64}, 3, CUDA.DeviceMemory}, Int64, Tuple{Int64, Int64, Int64}, Nothing}, ExaModels.Constraint{ExaModels.SIMDFunction{Node2{*,…}, ExaModels.Compressor{NTuple{10, Int64}}, ExaModels.Compressor{NTuple{39, Int64}}}, CuArray{Tuple{Int64, Int64, Int64, Float64, Float64}, 3, CUDA.DeviceMemory}, Int64, Tuple{Int64, Int64, Int64}, Nothing}, ExaModels.Constraint{ExaModels.SIMDFunction{Node2{*,…}, ExaModels.Compressor{NTuple{8, Int64}}, ExaModels.Compressor{NTuple{24, Int64}}}, CuArray{Tuple{Int64, Int64, Int64, Float64, Float64}, 3, CUDA.DeviceMemory}, Int64, Tuple{Int64, Int64, Int64}, Nothing}, ExaModels.Constraint{ExaModels.SIMDFunction{Node2{*,…}, ExaModels.Compressor{NTuple{8, Int64}}, ExaModels.Compressor{NTuple{24, Int64}}}, CuArray{Tuple{Int64, Int64, Int64, Float64, Float64}, 3, CUDA.DeviceMemory}, Int64, Tuple{Int64, Int64, Int64}, Nothing}, ExaModels.Constraint{ExaModels.SIMDFunction{Node2{*,…}, ExaModels.Compressor{NTuple{8, Int64}}, ExaModels.Compressor{NTuple{24, Int64}}}, CuArray{Tuple{Int64, Int64, Int64, Float64, Float64}, 3, CUDA.DeviceMemory}, Int64, Tuple{Int64, Int64, Int64}, Nothing}, ExaModels.Constraint{ExaModels.SIMDFunction{Node2{*,…}, ExaModels.Compressor{NTuple{10, Int64}}, ExaModels.Compressor{NTuple{39, Int64}}}, CuArray{Tuple{Int64, Int64, Int64, Float64, Float64}, 3, CUDA.DeviceMemory}, Int64, Tuple{Int64, Int64, Int64}, Nothing}}, Nothing, @NamedTuple{p::ExaModels.Variable{Tuple{UnitRange{Int64}}, Int64, Nothing}, z::ExaModels.Variable{NTuple{4, UnitRange{Int64}}, Int64, Nothing}, y::ExaModels.Variable{Tuple{UnitRange{Int64}}, Int64, Nothing}, sigma::ExaModels.Variable{Tuple{UnitRange{Int64}}, Int64, Nothing}, cv::ExaModels.Variable{Tuple{UnitRange{Int64}, UnitRange{Int64}}, Int64, Nothing}}}; kwargs::@Kwargs{tol::Float64, max_iter::Int64, max_wall_time::Float64, linear_solver::UnionAll})
│        @ MadNLP ~/.julia/packages/MadNLP/8V9Lm/src/IPM/IPM.jl:133
│     [45] MadNLPSolver
│        @ ~/.julia/packages/MadNLP/8V9Lm/src/IPM/IPM.jl:124 [inlined]
│     [46] madnlp(model::ExaModel{Float64, CuArray{Float64, 1, CUDA.DeviceMemory}, ExaModelsKernelAbstractions.KAExtension{Float64, CuArray{Float64, 1, CUDA.DeviceMemory}, Nothing, CuArray{Tuple{Int64, Int64}, 1, CUDA.DeviceMemory}, CuArray{Int64, 1, CUDA.DeviceMemory}, CUDABackend}, Tuple{ExaModels.Variable{Tuple{UnitRange{Int64}, UnitRange{Int64}}, Int64, Nothing}, ExaModels.Variable{Tuple{UnitRange{Int64}}, Int64, Nothing}, ExaModels.Variable{Tuple{UnitRange{Int64}}, Int64, Nothing}, ExaModels.Variable{NTuple{4, UnitRange{Int64}}, Int64, Nothing}, ExaModels.Variable{Tuple{UnitRange{Int64}}, Int64, Nothing}}, Tuple{}, Tuple{ExaModels.Objective{ExaModels.SIMDFunction{Node2{+,…}, ExaModels.Compressor{Tuple{Int64, Int64, Int64}}, ExaModels.Compressor{NTuple{4, Int64}}}, CuArray{Tuple{Int64, Float64, Float64}, 1, CUDA.DeviceMemory}}}, Tuple{ExaModels.Constraint{ExaModels.SIMDFunction{Node2{-,…}, ExaModels.Compressor{Tuple{Int64, Int64, Int64}}, ExaModels.Compressor{Tuple{Int64, Int64, Int64}}}, CuArray{Tuple{Int64, Int64}, 1, CUDA.DeviceMemory}, Int64, Tuple{Int64}, Nothing}, ExaModels.Constraint{ExaModels.SIMDFunction{Node2{-,…}, ExaModels.Compressor{Tuple{Int64, Int64, Int64}}, ExaModels.Compressor{Tuple{Int64, Int64, Int64}}}, CuArray{Tuple{Int64, Int64}, 1, CUDA.DeviceMemory}, Int64, Tuple{Int64}, Nothing}, ExaModels.Constraint{ExaModels.SIMDFunction{Node2{-,…}, ExaModels.Compressor{Tuple{Int64, Int64, Int64}}, ExaModels.Compressor{Tuple{Int64, Int64, Int64}}}, CuArray{Tuple{Int64, Int64}, 1, CUDA.DeviceMemory}, Int64, Tuple{Int64}, Nothing}, ExaModels.Constraint{ExaModels.SIMDFunction{Node2{-,…}, ExaModels.Compressor{Tuple{Int64, Int64, Int64}}, ExaModels.Compressor{Tuple{Int64, Int64, Int64}}}, CuArray{Tuple{Int64, Int64}, 1, CUDA.DeviceMemory}, Int64, Tuple{Int64}, Nothing}, ExaModels.Constraint{ExaModels.SIMDFunction{Node2{-,…}, ExaModels.Compressor{Tuple{Int64, Int64, Int64}}, ExaModels.Compressor{Tuple{Int64, Int64, Int64}}}, CuArray{Tuple{Int64, Int64}, 1, CUDA.DeviceMemory}, Int64, Tuple{Int64}, Nothing}, ExaModels.Constraint{ExaModels.SIMDFunction{Node2{-,…}, ExaModels.Compressor{Tuple{Int64, Int64, Int64}}, ExaModels.Compressor{Tuple{Int64, Int64, Int64}}}, CuArray{Tuple{Int64, Int64}, 1, CUDA.DeviceMemory}, Int64, Tuple{Int64}, Nothing}, ExaModels.Constraint{ExaModels.SIMDFunction{Node2{-,…}, ExaModels.Compressor{Tuple{Int64, Int64, Int64}}, ExaModels.Compressor{Tuple{Int64, Int64, Int64}}}, CuArray{Tuple{Int64, Int64}, 1, CUDA.DeviceMemory}, Int64, Tuple{Int64}, Nothing}, ExaModels.Constraint{ExaModels.SIMDFunction{Node2{-,…}, ExaModels.Compressor{Tuple{Int64, Int64, Int64}}, ExaModels.Compressor{Tuple{Int64, Int64, Int64}}}, CuArray{Tuple{Int64, Int64}, 1, CUDA.DeviceMemory}, Int64, Tuple{Int64}, Nothing}, ExaModels.Constraint{ExaModels.SIMDFunction{Node2{-,…}, ExaModels.Compressor{NTuple{9, Int64}}, ExaModels.Compressor{NTuple{36, Int64}}}, CuArray{Tuple{Int64, Int64}, 1, CUDA.DeviceMemory}, Int64, Tuple{Int64}, Nothing}, ExaModels.Constraint{ExaModels.SIMDFunction{Node2{-,…}, ExaModels.Compressor{Tuple{Int64, Int64, Int64}}, ExaModels.Compressor{Tuple{Int64, Int64, Int64}}}, CuArray{Tuple{Int64, Int64, Int64}, 1, CUDA.DeviceMemory}, Int64, Tuple{Int64}, Nothing}, ExaModels.Constraint{ExaModels.SIMDFunction{Node2{-,…}, ExaModels.Compressor{NTuple{9, Int64}}, ExaModels.Compressor{NTuple{36, Int64}}}, CuArray{Tuple{Int64, Int64}, 1, CUDA.DeviceMemory}, Int64, Tuple{Int64}, Nothing}, ExaModels.Constraint{ExaModels.SIMDFunction{Node2{-,…}, ExaModels.Compressor{Tuple{Int64, Int64, Int64}}, ExaModels.Compressor{Tuple{Int64, Int64, Int64}}}, CuArray{Tuple{Int64, Int64, Int64}, 1, CUDA.DeviceMemory}, Int64, Tuple{Int64}, Nothing}, ExaModels.Constraint{ExaModels.SIMDFunction{Node2{-,…}, ExaModels.Compressor{NTuple{9, Int64}}, ExaModels.Compressor{NTuple{36, Int64}}}, CuArray{Tuple{Int64, Int64}, 1, CUDA.DeviceMemory}, Int64, Tuple{Int64}, Nothing}, ExaModels.Constraint{ExaModels.SIMDFunction{Node2{-,…}, ExaModels.Compressor{Tuple{Int64, Int64, Int64}}, ExaModels.Compressor{Tuple{Int64, Int64, Int64}}}, CuArray{Tuple{Int64, Int64, Int64}, 1, CUDA.DeviceMemory}, Int64, Tuple{Int64}, Nothing}, ExaModels.Constraint{ExaModels.SIMDFunction{Node2{-,…}, ExaModels.Compressor{NTuple{9, Int64}}, ExaModels.Compressor{NTuple{36, Int64}}}, CuArray{Tuple{Int64, Int64}, 1, CUDA.DeviceMemory}, Int64, Tuple{Int64}, Nothing}, ExaModels.Constraint{ExaModels.SIMDFunction{Node2{-,…}, ExaModels.Compressor{Tuple{Int64, Int64, Int64}}, ExaModels.Compressor{Tuple{Int64, Int64, Int64}}}, CuArray{Tuple{Int64, Int64, Int64}, 1, CUDA.DeviceMemory}, Int64, Tuple{Int64}, Nothing}, ExaModels.Constraint{ExaModels.SIMDFunction{Node2{-,…}, ExaModels.Compressor{NTuple{9, Int64}}, ExaModels.Compressor{NTuple{36, Int64}}}, CuArray{Tuple{Int64, Int64}, 1, CUDA.DeviceMemory}, Int64, Tuple{Int64}, Nothing}, ExaModels.Constraint{ExaModels.SIMDFunction{Node2{-,…}, ExaModels.Compressor{Tuple{Int64, Int64, Int64}}, ExaModels.Compressor{Tuple{Int64, Int64, Int64}}}, CuArray{Tuple{Int64, Int64, Int64}, 1, CUDA.DeviceMemory}, Int64, Tuple{Int64}, Nothing}, ExaModels.Constraint{ExaModels.SIMDFunction{Node2{-,…}, ExaModels.Compressor{NTuple{9, Int64}}, ExaModels.Compressor{NTuple{36, Int64}}}, CuArray{Tuple{Int64, Int64}, 1, CUDA.DeviceMemory}, Int64, Tuple{Int64}, Nothing}, ExaModels.Constraint{ExaModels.SIMDFunction{Node2{-,…}, ExaModels.Compressor{Tuple{Int64, Int64, Int64}}, ExaModels.Compressor{Tuple{Int64, Int64, Int64}}}, CuArray{Tuple{Int64, Int64, Int64}, 1, CUDA.DeviceMemory}, Int64, Tuple{Int64}, Nothing}, ExaModels.Constraint{ExaModels.SIMDFunction{Node2{-,…}, ExaModels.Compressor{NTuple{9, Int64}}, ExaModels.Compressor{NTuple{36, Int64}}}, CuArray{Tuple{Int64, Int64}, 1, CUDA.DeviceMemory}, Int64, Tuple{Int64}, Nothing}, ExaModels.Constraint{ExaModels.SIMDFunction{Node2{-,…}, ExaModels.Compressor{Tuple{Int64, Int64, Int64}}, ExaModels.Compressor{Tuple{Int64, Int64, Int64}}}, CuArray{Tuple{Int64, Int64, Int64}, 1, CUDA.DeviceMemory}, Int64, Tuple{Int64}, Nothing}, ExaModels.Constraint{ExaModels.SIMDFunction{Node2{-,…}, ExaModels.Compressor{NTuple{9, Int64}}, ExaModels.Compressor{NTuple{36, Int64}}}, CuArray{Tuple{Int64, Int64}, 1, CUDA.DeviceMemory}, Int64, Tuple{Int64}, Nothing}, ExaModels.Constraint{ExaModels.SIMDFunction{Node2{-,…}, ExaModels.Compressor{Tuple{Int64, Int64, Int64}}, ExaModels.Compressor{Tuple{Int64, Int64, Int64}}}, CuArray{Tuple{Int64, Int64, Int64}, 1, CUDA.DeviceMemory}, Int64, Tuple{Int64}, Nothing}, ExaModels.Constraint{ExaModels.SIMDFunction{Node2{-,…}, ExaModels.Compressor{NTuple{216, Int64}}, ExaModels.Compressor{NTuple{23220, Int64}}}, UnitRange{Int64}, Int64, Tuple{UnitRange{Int64}}, Nothing}, ExaModels.Constraint{ExaModels.SIMDFunction{Node2{-,…}, ExaModels.Compressor{NTuple{78, Int64}}, ExaModels.Compressor{NTuple{3003, Int64}}}, UnitRange{Int64}, Int64, Tuple{UnitRange{Int64}}, Nothing}, ExaModels.Constraint{ExaModels.SIMDFunction{Node2{-,…}, ExaModels.Compressor{NTuple{142, Int64}}, ExaModels.Compressor{NTuple{10011, Int64}}}, UnitRange{Int64}, Int64, Tuple{UnitRange{Int64}}, Nothing}, ExaModels.Constraint{ExaModels.SIMDFunction{Node2{-,…}, ExaModels.Compressor{NTuple{132, Int64}}, ExaModels.Compressor{NTuple{8646, Int64}}}, UnitRange{Int64}, Int64, Tuple{UnitRange{Int64}}, Nothing}, ExaModels.Constraint{ExaModels.SIMDFunction{Node2{-,…}, ExaModels.Compressor{NTuple{103, Int64}}, ExaModels.Compressor{NTuple{5253, Int64}}}, UnitRange{Int64}, Int64, Tuple{UnitRange{Int64}}, Nothing}, ExaModels.Constraint{ExaModels.SIMDFunction{Node2{-,…}, ExaModels.Compressor{NTuple{94, Int64}}, ExaModels.Compressor{NTuple{4371, Int64}}}, UnitRange{Int64}, Int64, Tuple{UnitRange{Int64}}, Nothing}, ExaModels.Constraint{ExaModels.SIMDFunction{Node2{-,…}, ExaModels.Compressor{Tuple{Int64}}, ExaModels.Compressor{Tuple{}}}, CuArray{Tuple{Int64, Int64, Float64}, 1, CUDA.DeviceMemory}, Int64, Tuple{Int64}, Nothing}, ExaModels.ConstraintAugmentation{ExaModels.SIMDFunction{Pair{Tuple{DataIndexed{…}, DataIndexed{…}, DataIndexed{…}}, Node2{*,…}}, ExaModels.Compressor{Tuple{Int64}}, ExaModels.Compressor{Tuple{}}}, CuArray{Tuple{Int64, Int64, Int64, Int64, Float64}, 4, CUDA.DeviceMemory}, Tuple{Int64, Int64, Int64}, Nothing}, ExaModels.Constraint{ExaModels.SIMDFunction{Node1{-,…}, ExaModels.Compressor{Tuple{Int64}}, ExaModels.Compressor{Tuple{}}}, CuArray{Tuple{Int64, Int64, Int64}, 3, CUDA.DeviceMemory}, Int64, Tuple{Int64, Int64, Int64}, Nothing}, ExaModels.Constraint{ExaModels.SIMDFunction{Node2{-,…}, ExaModels.Compressor{Tuple{Int64}}, ExaModels.Compressor{Tuple{}}}, CuArray{Tuple{Int64, Int64, Float64}, 1, CUDA.DeviceMemory}, Int64, Tuple{Int64}, Nothing}, ExaModels.ConstraintAugmentation{ExaModels.SIMDFunction{Pair{Tuple{DataIndexed{…}, DataIndexed{…}, DataIndexed{…}}, Node2{*,…}}, ExaModels.Compressor{Tuple{Int64}}, ExaModels.Compressor{Tuple{}}}, CuArray{Tuple{Int64, Int64, Int64, Int64, Float64}, 4, CUDA.DeviceMemory}, Tuple{Int64, Int64, Int64}, Nothing}, ExaModels.ConstraintAugmentation{ExaModels.SIMDFunction{Pair{Tuple{DataIndexed{…}, DataIndexed{…}, DataIndexed{…}}, Node2{*,…}}, ExaModels.Compressor{Tuple{Int64}}, ExaModels.Compressor{Tuple{}}}, CuArray{Tuple{Int64, Int64, Int64, Int64, Float64}, 4, CUDA.DeviceMemory}, Tuple{Int64, Int64, Int64}, Nothing}, ExaModels.ConstraintAugmentation{ExaModels.SIMDFunction{Pair{Tuple{DataIndexed{…}, DataIndexed{…}, DataIndexed{…}}, Node2{*,…}}, ExaModels.Compressor{Tuple{Int64}}, ExaModels.Compressor{Tuple{}}}, CuArray{Tuple{Int64, Int64, Int64, Int64, Float64}, 4, CUDA.DeviceMemory}, Tuple{Int64, Int64, Int64}, Nothing}, ExaModels.ConstraintAugmentation{ExaModels.SIMDFunction{Pair{Tuple{DataIndexed{…}, DataIndexed{…}, DataIndexed{…}}, Node2{*,…}}, ExaModels.Compressor{Tuple{Int64}}, ExaModels.Compressor{Tuple{}}}, CuArray{Tuple{Int64, Int64, Int64, Int64, Float64}, 4, CUDA.DeviceMemory}, Tuple{Int64, Int64, Int64}, Nothing}, ExaModels.ConstraintAugmentation{ExaModels.SIMDFunction{Pair{Tuple{DataIndexed{…}, DataIndexed{…}, DataIndexed{…}}, Node2{*,…}}, ExaModels.Compressor{Tuple{Int64}}, ExaModels.Compressor{Tuple{}}}, CuArray{Tuple{Int64, Int64, Int64, Int64, Float64}, 4, CUDA.DeviceMemory}, Tuple{Int64, Int64, Int64}, Nothing}, ExaModels.ConstraintAugmentation{ExaModels.SIMDFunction{Pair{Tuple{DataIndexed{…}, DataIndexed{…}, DataIndexed{…}}, Node2{*,…}}, ExaModels.Compressor{Tuple{Int64}}, ExaModels.Compressor{Tuple{}}}, CuArray{Tuple{Int64, Int64, Int64, Int64, Float64}, 4, CUDA.DeviceMemory}, Tuple{Int64, Int64, Int64}, Nothing}, ExaModels.ConstraintAugmentation{ExaModels.SIMDFunction{Pair{Tuple{DataIndexed{…}, DataIndexed{…}, DataIndexed{…}}, Node2{*,…}}, ExaModels.Compressor{Tuple{Int64}}, ExaModels.Compressor{Tuple{}}}, CuArray{Tuple{Int64, Int64, Int64, Int64, Float64}, 4, CUDA.DeviceMemory}, Tuple{Int64, Int64, Int64}, Nothing}, ExaModels.ConstraintAugmentation{ExaModels.SIMDFunction{Pair{Tuple{DataIndexed{…}, DataIndexed{…}, DataIndexed{…}}, Node2{*,…}}, ExaModels.Compressor{Tuple{Int64}}, ExaModels.Compressor{Tuple{}}}, CuArray{Tuple{Int64, Int64, Int64, Int64, Float64}, 4, CUDA.DeviceMemory}, Tuple{Int64, Int64, Int64}, Nothing}, ExaModels.Constraint{ExaModels.SIMDFunction{Node2{*,…}, ExaModels.Compressor{Tuple{}}, ExaModels.Compressor{Tuple{}}}, CuArray{Tuple{Int64, Int64, Int64, Float64, Float64}, 3, CUDA.DeviceMemory}, Int64, Tuple{Int64, Int64, Int64}, Nothing}, ExaModels.Constraint{ExaModels.SIMDFunction{Node2{*,…}, ExaModels.Compressor{Tuple{}}, ExaModels.Compressor{Tuple{}}}, CuArray{Tuple{Int64, Int64, Int64, Float64, Float64}, 3, CUDA.DeviceMemory}, Int64, Tuple{Int64, Int64, Int64}, Nothing}, ExaModels.Constraint{ExaModels.SIMDFunction{Node2{*,…}, ExaModels.Compressor{NTuple{8, Int64}}, ExaModels.Compressor{NTuple{24, Int64}}}, CuArray{Tuple{Int64, Int64, Int64, Float64, Float64}, 3, CUDA.DeviceMemory}, Int64, Tuple{Int64, Int64, Int64}, Nothing}, ExaModels.Constraint{ExaModels.SIMDFunction{Node2{*,…}, ExaModels.Compressor{NTuple{10, Int64}}, ExaModels.Compressor{NTuple{39, Int64}}}, CuArray{Tuple{Int64, Int64, Int64, Float64, Float64}, 3, CUDA.DeviceMemory}, Int64, Tuple{Int64, Int64, Int64}, Nothing}, ExaModels.Constraint{ExaModels.SIMDFunction{Node2{*,…}, ExaModels.Compressor{NTuple{8, Int64}}, ExaModels.Compressor{NTuple{24, Int64}}}, CuArray{Tuple{Int64, Int64, Int64, Float64, Float64}, 3, CUDA.DeviceMemory}, Int64, Tuple{Int64, Int64, Int64}, Nothing}, ExaModels.Constraint{ExaModels.SIMDFunction{Node2{*,…}, ExaModels.Compressor{NTuple{8, Int64}}, ExaModels.Compressor{NTuple{24, Int64}}}, CuArray{Tuple{Int64, Int64, Int64, Float64, Float64}, 3, CUDA.DeviceMemory}, Int64, Tuple{Int64, Int64, Int64}, Nothing}, ExaModels.Constraint{ExaModels.SIMDFunction{Node2{*,…}, ExaModels.Compressor{NTuple{8, Int64}}, ExaModels.Compressor{NTuple{24, Int64}}}, CuArray{Tuple{Int64, Int64, Int64, Float64, Float64}, 3, CUDA.DeviceMemory}, Int64, Tuple{Int64, Int64, Int64}, Nothing}, ExaModels.Constraint{ExaModels.SIMDFunction{Node2{*,…}, ExaModels.Compressor{NTuple{10, Int64}}, ExaModels.Compressor{NTuple{39, Int64}}}, CuArray{Tuple{Int64, Int64, Int64, Float64, Float64}, 3, CUDA.DeviceMemory}, Int64, Tuple{Int64, Int64, Int64}, Nothing}}, Nothing, @NamedTuple{p::ExaModels.Variable{Tuple{UnitRange{Int64}}, Int64, Nothing}, z::ExaModels.Variable{NTuple{4, UnitRange{Int64}}, Int64, Nothing}, y::ExaModels.Variable{Tuple{UnitRange{Int64}}, Int64, Nothing}, sigma::ExaModels.Variable{Tuple{UnitRange{Int64}}, Int64, Nothing}, cv::ExaModels.Variable{Tuple{UnitRange{Int64}, UnitRange{Int64}}, Int64, Nothing}}}; kwargs::@Kwargs{tol::Float64, max_iter::Int64, max_wall_time::Float64, linear_solver::UnionAll})
│        @ MadNLP ~/.julia/packages/MadNLP/8V9Lm/src/IPM/solver.jl:10
│     [47] (::var"#bench_one##2#bench_one##3")()
│        @ Main ~/.julia/dev/ExaModelsPEtab/examples/Benchmarks/benchmark_examodels.jl:209
│     [48] with_hard_deadline(f::var"#bench_one##2#bench_one##3", seconds::Float64)
│        @ Main ~/.julia/dev/ExaModelsPEtab/examples/Benchmarks/benchmark_examodels.jl:83
│     [49] bench_one(m::String)
│        @ Main ~/.julia/dev/ExaModelsPEtab/examples/Benchmarks/benchmark_examodels.jl:208
│     [50] main()
│        @ Main ~/.julia/dev/ExaModelsPEtab/examples/Benchmarks/benchmark_examodels.jl:309
│     [51] top-level scope
│        @ ~/.julia/dev/ExaModelsPEtab/examples/Benchmarks/benchmark_examodels.jl:314
│     [52] include(mod::Module, _path::String)
│        @ Base ./Base.jl:306
│     [53] exec_options(opts::Base.JLOptions)
│        @ Base ./client.jl:317
└ @ Main ~/.julia/dev/ExaModelsPEtab/examples/Benchmarks/benchmark_examodels.jl:224
[ Info: [Lucarelli_CellSystems2018] compiling (K=6, compile_limit=14400.0s)...
┌ Warning: For large models adjoint sensitivity analysis is the best gradient method. To use this method load SciMLSensitivity
└ @ PEtab ~/.julia/packages/PEtab/PnGbI/src/petab_odeproblem/defaults.jl:87
┌ Warning: For large models we strongly recomend to compare different ODE-solvers instead of using default options.
└ @ PEtab ~/.julia/packages/PEtab/PnGbI/src/petab_odeproblem/defaults.jl:135
[ Info: [Lucarelli_CellSystems2018] solving with MadNLP (max_wall_time=86400.0s)...
┌ Error: [Lucarelli_CellSystems2018] solve failed
│   exception =
│    Kernel invocation uses too much parameter memory.
│    35.344 KiB exceeds the 31.996 KiB limit imposed by sm_70 / PTX v8.5.
│    
│    Relevant parameters:
│      [1] __ctx__::KernelAbstractions.CompilerMetadata{KernelAbstractions.NDIteration.DynamicSize, KernelAbstractions.NDIteration.DynamicCheck, Nothing, CartesianIndices{1, Tuple{Base.OneTo{Int64}}}, KernelAbstractions.NDIteration.NDRange{1, KernelAbstractions.NDIteration.DynamicSize, KernelAbstractions.NDIteration.DynamicSize, CartesianIndices{1, Tuple{Base.OneTo{Int64}}}, CartesianIndices{1, Tuple{Base.OneTo{Int64}}}}} uses 24 bytes
│      [2] y1::CuDeviceVector{Int64, 1} uses 32 bytes
│      [3] y2::CuDeviceVector{Int64, 1} uses 32 bytes
│      [4] f::ExaModels.SIMDFunction{Node2{-,…}, ExaModels.Compressor{NTuple{85, Int64}}, ExaModels.Compressor{NTuple{3570, Int64}}} uses 35.195 KiB
│      [5] itr::CuDeviceVector{Tuple{Int64, Int64}, 1} uses 32 bytes
│      [8] adj::Float64 uses 8 bytes
│      [9] dims::Tuple{Int64} uses 8 bytes
│    
│    Stacktrace:
│      [1] error(s::String)
│        @ Base ./error.jl:44
│      [2] compile(job::GPUCompiler.CompilerJob)
│        @ CUDA ~/.julia/packages/CUDA/bjncr/src/compiler/compilation.jl:320
│      [3] actual_compilation(cache::Dict{Any, CuFunction}, src::Core.MethodInstance, world::UInt64, cfg::GPUCompiler.CompilerConfig{GPUCompiler.PTXCompilerTarget, CUDA.CUDACompilerParams}, compiler::typeof(CUDA.compile), linker::typeof(CUDA.link))
│        @ GPUCompiler ~/.julia/packages/GPUCompiler/KwfWk/src/execution.jl:245
│      [4] cached_compilation(cache::Dict{Any, CuFunction}, src::Core.MethodInstance, cfg::GPUCompiler.CompilerConfig{GPUCompiler.PTXCompilerTarget, CUDA.CUDACompilerParams}, compiler::Function, linker::Function)
│        @ GPUCompiler ~/.julia/packages/GPUCompiler/KwfWk/src/execution.jl:159
│      [5] macro expansion
│        @ ~/.julia/packages/CUDA/bjncr/src/compiler/execution.jl:373 [inlined]
│      [6] macro expansion
│        @ ./lock.jl:376 [inlined]
│      [7] cufunction(f::typeof(ExaModelsKernelAbstractions.gpu_kerj), tt::Type{Tuple{KernelAbstractions.CompilerMetadata{KernelAbstractions.NDIteration.DynamicSize, KernelAbstractions.NDIteration.DynamicCheck, Nothing, CartesianIndices{1, Tuple{Base.OneTo{Int64}}}, KernelAbstractions.NDIteration.NDRange{1, KernelAbstractions.NDIteration.DynamicSize, KernelAbstractions.NDIteration.DynamicSize, CartesianIndices{1, Tuple{Base.OneTo{Int64}}}, CartesianIndices{1, Tuple{Base.OneTo{Int64}}}}}, CuDeviceVector{Int64, 1}, CuDeviceVector{Int64, 1}, ExaModels.SIMDFunction{Node2{-,…}, ExaModels.Compressor{NTuple{85, Int64}}, ExaModels.Compressor{NTuple{3570, Int64}}}, CuDeviceVector{Tuple{Int64, Int64}, 1}, ExaModels.NaNSource{Float64}, ExaModels.NaNSource{Float64}, Float64, Tuple{Int64}}}; kwargs::@Kwargs{always_inline::Bool, maxthreads::Nothing})
│        @ CUDA ~/.julia/packages/CUDA/bjncr/src/compiler/execution.jl:368
│      [8] macro expansion
│        @ ~/.julia/packages/CUDA/bjncr/src/compiler/execution.jl:112 [inlined]
│      [9] (::KernelAbstractions.Kernel{CUDABackend, KernelAbstractions.NDIteration.DynamicSize, KernelAbstractions.NDIteration.DynamicSize, typeof(ExaModelsKernelAbstractions.gpu_kerj)})(::CuArray{Int64, 1, CUDA.DeviceMemory}, ::Vararg{Any}; ndrange::Int64, workgroupsize::Nothing)
│        @ CUDA.CUDAKernels ~/.julia/packages/CUDA/bjncr/src/CUDAKernels.jl:129
│     [10] Kernel
│        @ ~/.julia/packages/CUDA/bjncr/src/CUDAKernels.jl:115 [inlined]
│     [11] sjacobian!
│        @ ~/.julia/packages/ExaModels/PIbMk/ext/ExaModelsKernelAbstractions.jl:574 [inlined]
│     [12] _jac_structure!(T::Type{Float64}, backend::CUDABackend, ::Tuple{ExaModels.Constraint{ExaModels.SIMDFunction{Node2{-,…}, ExaModels.Compressor{NTuple{85, Int64}}, ExaModels.Compressor{NTuple{3570, Int64}}}, CuArray{Tuple{Int64, Int64}, 1, CUDA.DeviceMemory}, Int64, Tuple{Int64}, Nothing}, ExaModels.Constraint{ExaModels.SIMDFunction{Node2{-,…}, ExaModels.Compressor{NTuple{13, Int64}}, ExaModels.Compressor{NTuple{78, Int64}}}, CuArray{Tuple{Int64, Int64, Int64}, 1, CUDA.DeviceMemory}, Int64, Tuple{Int64}, Nothing}, ExaModels.Constraint{ExaModels.SIMDFunction{Node2{-,…}, ExaModels.Compressor{NTuple{17, Int64}}, ExaModels.Compressor{NTuple{136, Int64}}}, CuArray{Tuple{Int64, Int64, Int64}, 1, CUDA.DeviceMemory}, Int64, Tuple{Int64}, Nothing}, ExaModels.Constraint{ExaModels.SIMDFunction{Node2{-,…}, ExaModels.Compressor{NTuple{12, Int64}}, ExaModels.Compressor{NTuple{66, Int64}}}, CuArray{Tuple{Int64, Int64, Int64}, 1, CUDA.DeviceMemory}, Int64, Tuple{Int64}, Nothing}, ExaModels.Constraint{ExaModels.SIMDFunction{Node2{-,…}, ExaModels.Compressor{NTuple{13, Int64}}, ExaModels.Compressor{NTuple{78, Int64}}}, CuArray{Tuple{Int64, Int64, Int64}, 1, CUDA.DeviceMemory}, Int64, Tuple{Int64}, Nothing}, ExaModels.Constraint{ExaModels.SIMDFunction{Node2{-,…}, ExaModels.Compressor{NTuple{18, Int64}}, ExaModels.Compressor{NTuple{153, Int64}}}, CuArray{Tuple{Int64, Int64, Int64}, 1, CUDA.DeviceMemory}, Int64, Tuple{Int64}, Nothing}, ExaModels.Constraint{ExaModels.SIMDFunction{Node2{-,…}, ExaModels.Compressor{NTuple{14, Int64}}, ExaModels.Compressor{NTuple{91, Int64}}}, CuArray{Tuple{Int64, Int64, Int64}, 1, CUDA.DeviceMemory}, Int64, Tuple{Int64}, Nothing}, ExaModels.Constraint{ExaModels.SIMDFunction{Node2{-,…}, ExaModels.Compressor{NTuple{71, Int64}}, ExaModels.Compressor{NTuple{2485, Int64}}}, CuArray{Tuple{Int64, Int64}, 1, CUDA.DeviceMemory}, Int64, Tuple{Int64}, Nothing}, ExaModels.Constraint{ExaModels.SIMDFunction{Node2{-,…}, ExaModels.Compressor{NTuple{11, Int64}}, ExaModels.Compressor{NTuple{55, Int64}}}, CuArray{Tuple{Int64, Int64, Int64}, 1, CUDA.DeviceMemory}, Int64, Tuple{Int64}, Nothing}, ExaModels.Constraint{ExaModels.SIMDFunction{Node2{-,…}, ExaModels.Compressor{NTuple{13, Int64}}, ExaModels.Compressor{NTuple{78, Int64}}}, CuArray{Tuple{Int64, Int64, Int64}, 1, CUDA.DeviceMemory}, Int64, Tuple{Int64}, Nothing}, ExaModels.Constraint{ExaModels.SIMDFunction{Node2{-,…}, ExaModels.Compressor{NTuple{18, Int64}}, ExaModels.Compressor{NTuple{153, Int64}}}, CuArray{Tuple{Int64, Int64, Int64}, 1, CUDA.DeviceMemory}, Int64, Tuple{Int64}, Nothing}, ExaModels.Constraint{ExaModels.SIMDFunction{Node2{-,…}, ExaModels.Compressor{NTuple{11, Int64}}, ExaModels.Compressor{NTuple{55, Int64}}}, CuArray{Tuple{Int64, Int64, Int64}, 1, CUDA.DeviceMemory}, Int64, Tuple{Int64}, Nothing}, ExaModels.Constraint{ExaModels.SIMDFunction{Node2{-,…}, ExaModels.Compressor{NTuple{13, Int64}}, ExaModels.Compressor{NTuple{78, Int64}}}, CuArray{Tuple{Int64, Int64, Int64}, 1, CUDA.DeviceMemory}, Int64, Tuple{Int64}, Nothing}, ExaModels.Constraint{ExaModels.SIMDFunction{Node2{-,…}, ExaModels.Compressor{NTuple{8, Int64}}, ExaModels.Compressor{Tuple{}}}, CuArray{Tuple{Int64, Int64}, 1, CUDA.DeviceMemory}, Int64, Tuple{Int64}, Nothing}, ExaModels.Constraint{ExaModels.SIMDFunction{Node2{-,…}, ExaModels.Compressor{Tuple{Int64, Int64}}, ExaModels.Compressor{Tuple{}}}, CuArray{Tuple{Int64, Int64, Int64}, 1, CUDA.DeviceMemory}, Int64, Tuple{Int64}, Nothing}, ExaModels.Constraint{ExaModels.SIMDFunction{Node2{-,…}, ExaModels.Compressor{NTuple{8, Int64}}, ExaModels.Compressor{Tuple{}}}, CuArray{Tuple{Int64, Int64}, 1, CUDA.DeviceMemory}, Int64, Tuple{Int64}, Nothing}, ExaModels.Constraint{ExaModels.SIMDFunction{Node2{-,…}, ExaModels.Compressor{Tuple{Int64, Int64}}, ExaModels.Compressor{Tuple{}}}, CuArray{Tuple{Int64, Int64, Int64}, 1, CUDA.DeviceMemory}, Int64, Tuple{Int64}, Nothing}, ExaModels.Constraint{ExaModels.SIMDFunction{Node2{-,…}, ExaModels.Compressor{NTuple{14, Int64}}, ExaModels.Compressor{NTuple{91, Int64}}}, CuArray{Tuple{Int64, Int64, Int64}, 1, CUDA.DeviceMemory}, Int64, Tuple{Int64}, Nothing}, ExaModels.Constraint{ExaModels.SIMDFunction{Node2{-,…}, ExaModels.Compressor{NTuple{12, Int64}}, ExaModels.Compressor{NTuple{66, Int64}}}, CuArray{Tuple{Int64, Int64, Int64}, 1, CUDA.DeviceMemory}, Int64, Tuple{Int64}, Nothing}, ExaModels.Constraint{ExaModels.SIMDFunction{Node2{-,…}, ExaModels.Compressor{NTuple{8, Int64}}, ExaModels.Compressor{Tuple{}}}, CuArray{Tuple{Int64, Int64}, 1, CUDA.DeviceMemory}, Int64, Tuple{Int64}, Nothing}, ExaModels.Constraint{ExaModels.SIMDFunction{Node2{-,…}, ExaModels.Compressor{Tuple{Int64, Int64}}, ExaModels.Compressor{Tuple{}}}, CuArray{Tuple{Int64, Int64, Int64}, 1, CUDA.DeviceMemory}, Int64, Tuple{Int64}, Nothing}, ExaModels.Constraint{ExaModels.SIMDFunction{Node2{-,…}, ExaModels.Compressor{NTuple{13, Int64}}, ExaModels.Compressor{NTuple{78, Int64}}}, CuArray{Tuple{Int64, Int64, Int64}, 1, CUDA.DeviceMemory}, Int64, Tuple{Int64}, Nothing}, ExaModels.Constraint{ExaModels.SIMDFunction{Node2{-,…}, ExaModels.Compressor{NTuple{8, Int64}}, ExaModels.Compressor{Tuple{}}}, CuArray{Tuple{Int64, Int64}, 1, CUDA.DeviceMemory}, Int64, Tuple{Int64}, Nothing}, ExaModels.Constraint{ExaModels.SIMDFunction{Node2{-,…}, ExaModels.Compressor{Tuple{Int64, Int64}}, ExaModels.Compressor{Tuple{}}}, CuArray{Tuple{Int64, Int64, Int64}, 1, CUDA.DeviceMemory}, Int64, Tuple{Int64}, Nothing}, ExaModels.Constraint{ExaModels.SIMDFunction{Node2{-,…}, ExaModels.Compressor{NTuple{11, Int64}}, ExaModels.Compressor{Tuple{}}}, CuArray{Tuple{Int64, Int64, Int64}, 1, CUDA.DeviceMemory}, Int64, Tuple{Int64}, Nothing}, ExaModels.Constraint{ExaModels.SIMDFunction{Node2{-,…}, ExaModels.Compressor{NTuple{8, Int64}}, ExaModels.Compressor{Tuple{}}}, CuArray{Tuple{Int64, Int64}, 1, CUDA.DeviceMemory}, Int64, Tuple{Int64}, Nothing}, ExaModels.Constraint{ExaModels.SIMDFunction{Node2{-,…}, ExaModels.Compressor{Tuple{Int64, Int64}}, ExaModels.Compressor{Tuple{}}}, CuArray{Tuple{Int64, Int64, Int64}, 1, CUDA.DeviceMemory}, Int64, Tuple{Int64}, Nothing}, ExaModels.Constraint{ExaModels.SIMDFunction{Node2{-,…}, ExaModels.Compressor{NTuple{21, Int64}}, ExaModels.Compressor{NTuple{210, Int64}}}, CuArray{Tuple{Int64, Int64, Int64}, 1, CUDA.DeviceMemory}, Int64, Tuple{Int64}, Nothing}, ExaModels.Constraint{ExaModels.SIMDFunction{Node2{-,…}, ExaModels.Compressor{NTuple{14, Int64}}, ExaModels.Compressor{NTuple{91, Int64}}}, CuArray{Tuple{Int64, Int64, Int64}, 1, CUDA.DeviceMemory}, Int64, Tuple{Int64}, Nothing}, ExaModels.Constraint{ExaModels.SIMDFunction{Node2{-,…}, ExaModels.Compressor{NTuple{11, Int64}}, ExaModels.Compressor{NTuple{55, Int64}}}, CuArray{Tuple{Int64, Int64, Int64}, 1, CUDA.DeviceMemory}, Int64, Tuple{Int64}, Nothing}, ExaModels.Constraint{ExaModels.SIMDFunction{Node2{-,…}, ExaModels.Compressor{NTuple{11, Int64}}, ExaModels.Compressor{NTuple{55, Int64}}}, CuArray{Tuple{Int64, Int64, Int64}, 1, CUDA.DeviceMemory}, Int64, Tuple{Int64}, Nothing}, ExaModels.Constraint{ExaModels.SIMDFunction{Node2{-,…}, ExaModels.Compressor{Tuple{Int64}}, ExaModels.Compressor{Tuple{}}}, CuArray{Tuple{Int64, Int64, Int64}, 1, CUDA.DeviceMemory}, Int64, Tuple{Int64}, Nothing}, ExaModels.Constraint{ExaModels.SIMDFunction{Node2{-,…}, ExaModels.Compressor{Tuple{Int64, Int64}}, ExaModels.Compressor{Tuple{}}}, CuArray{Tuple{Int64, Int64, Int64}, 1, CUDA.DeviceMemory}, Int64, Tuple{Int64}, Nothing}, ExaModels.Constraint{ExaModels.SIMDFunction{Node2{-,…}, ExaModels.Compressor{Tuple{Int64, Int64}}, ExaModels.Compressor{Tuple{Int64}}}, CuArray{Tuple{Int64, Int64, Int64}, 1, CUDA.DeviceMemory}, Int64, Tuple{Int64}, Nothing}, ExaModels.Constraint{ExaModels.SIMDFunction{Node2{-,…}, ExaModels.Compressor{Tuple{Int64}}, ExaModels.Compressor{Tuple{}}}, CuArray{Tuple{Int64, Int64, Float64}, 1, CUDA.DeviceMemory}, Int64, Tuple{Int64}, Nothing}, ExaModels.ConstraintAugmentation{ExaModels.SIMDFunction{Pair{Tuple{DataIndexed{…}, DataIndexed{…}, DataIndexed{…}}, Node2{*,…}}, ExaModels.Compressor{Tuple{Int64}}, ExaModels.Compressor{Tuple{}}}, CuArray{Tuple{Int64, Int64, Int64, Int64, Float64}, 4, CUDA.DeviceMemory}, Tuple{Int64, Int64, Int64}, Nothing}, ExaModels.Constraint{ExaModels.SIMDFunction{Node1{-,…}, ExaModels.Compressor{Tuple{Int64}}, ExaModels.Compressor{Tuple{}}}, CuArray{Tuple{Int64, Int64, Int64}, 3, CUDA.DeviceMemory}, Int64, Tuple{Int64, Int64, Int64}, Nothing}, ExaModels.Constraint{ExaModels.SIMDFunction{Node2{-,…}, ExaModels.Compressor{Tuple{Int64, Int64}}, ExaModels.Compressor{Tuple{Int64}}}, CuArray{Tuple{Int64, Int64, Int64}, 1, CUDA.DeviceMemory}, Int64, Tuple{Int64}, Nothing}, ExaModels.Constraint{ExaModels.SIMDFunction{Node2{-,…}, ExaModels.Compressor{Tuple{Int64}}, ExaModels.Compressor{Tuple{}}}, CuArray{Tuple{Int64, Int64, Float64}, 1, CUDA.DeviceMemory}, Int64, Tuple{Int64}, Nothing}, ExaModels.ConstraintAugmentation{ExaModels.SIMDFunction{Pair{Tuple{DataIndexed{…}, DataIndexed{…}, DataIndexed{…}}, Node2{*,…}}, ExaModels.Compressor{Tuple{Int64}}, ExaModels.Compressor{Tuple{}}}, CuArray{Tuple{Int64, Int64, Int64, Int64, Float64}, 4, CUDA.DeviceMemory}, Tuple{Int64, Int64, Int64}, Nothing}, ExaModels.ConstraintAugmentation{ExaModels.SIMDFunction{Pair{Tuple{DataIndexed{…}, DataIndexed{…}, DataIndexed{…}}, Node2{*,…}}, ExaModels.Compressor{Tuple{Int64}}, ExaModels.Compressor{Tuple{}}}, CuArray{Tuple{Int64, Int64, Int64, Int64, Float64}, 4, CUDA.DeviceMemory}, Tuple{Int64, Int64, Int64}, Nothing}, ExaModels.ConstraintAugmentation{ExaModels.SIMDFunction{Pair{Tuple{DataIndexed{…}, DataIndexed{…}, DataIndexed{…}}, Node2{*,…}}, ExaModels.Compressor{Tuple{Int64}}, ExaModels.Compressor{Tuple{}}}, CuArray{Tuple{Int64, Int64, Int64, Int64, Float64}, 4, CUDA.DeviceMemory}, Tuple{Int64, Int64, Int64}, Nothing}, ExaModels.ConstraintAugmentation{ExaModels.SIMDFunction{Pair{Tuple{DataIndexed{…}, DataIndexed{…}, DataIndexed{…}}, Node2{*,…}}, ExaModels.Compressor{Tuple{Int64}}, ExaModels.Compressor{Tuple{}}}, CuArray{Tuple{Int64, Int64, Int64, Int64, Float64}, 4, CUDA.DeviceMemory}, Tuple{Int64, Int64, Int64}, Nothing}, ExaModels.ConstraintAugmentation{ExaModels.SIMDFunction{Pair{Tuple{DataIndexed{…}, DataIndexed{…}, DataIndexed{…}}, Node2{*,…}}, ExaModels.Compressor{Tuple{Int64}}, ExaModels.Compressor{Tuple{}}}, CuArray{Tuple{Int64, Int64, Int64, Int64, Float64}, 4, CUDA.DeviceMemory}, Tuple{Int64, Int64, Int64}, Nothing}, ExaModels.ConstraintAugmentation{ExaModels.SIMDFunction{Pair{Tuple{DataIndexed{…}, DataIndexed{…}, DataIndexed{…}}, Node2{*,…}}, ExaModels.Compressor{Tuple{Int64}}, ExaModels.Compressor{Tuple{}}}, CuArray{Tuple{Int64, Int64, Int64, Int64, Float64}, 4, CUDA.DeviceMemory}, Tuple{Int64, Int64, Int64}, Nothing}, ExaModels.ConstraintAugmentation{ExaModels.SIMDFunction{Pair{Tuple{DataIndexed{…}, DataIndexed{…}, DataIndexed{…}}, Node2{*,…}}, ExaModels.Compressor{Tuple{Int64}}, ExaModels.Compressor{Tuple{}}}, CuArray{Tuple{Int64, Int64, Int64, Int64, Float64}, 4, CUDA.DeviceMemory}, Tuple{Int64, Int64, Int64}, Nothing}, ExaModels.ConstraintAugmentation{ExaModels.SIMDFunction{Pair{Tuple{DataIndexed{…}, DataIndexed{…}, DataIndexed{…}}, Node2{*,…}}, ExaModels.Compressor{Tuple{Int64}}, ExaModels.Compressor{Tuple{}}}, CuArray{Tuple{Int64, Int64, Int64, Int64, Float64}, 4, CUDA.DeviceMemory}, Tuple{Int64, Int64, Int64}, Nothing}, ExaModels.ConstraintAugmentation{ExaModels.SIMDFunction{Pair{Tuple{DataIndexed{…}, DataIndexed{…}, DataIndexed{…}}, Node2{*,…}}, ExaModels.Compressor{Tuple{Int64}}, ExaModels.Compressor{Tuple{}}}, CuArray{Tuple{Int64, Int64, Int64, Int64, Float64}, 4, CUDA.DeviceMemory}, Tuple{Int64, Int64, Int64}, Nothing}, ExaModels.ConstraintAugmentation{ExaModels.SIMDFunction{Pair{Tuple{DataIndexed{…}, DataIndexed{…}, DataIndexed{…}}, Node2{*,…}}, ExaModels.Compressor{Tuple{Int64}}, ExaModels.Compressor{Tuple{}}}, CuArray{Tuple{Int64, Int64, Int64, Int64, Float64}, 4, CUDA.DeviceMemory}, Tuple{Int64, Int64, Int64}, Nothing}, ExaModels.ConstraintAugmentation{ExaModels.SIMDFunction{Pair{Tuple{DataIndexed{…}, DataIndexed{…}, DataIndexed{…}}, Node2{*,…}}, ExaModels.Compressor{Tuple{Int64}}, ExaModels.Compressor{Tuple{}}}, CuArray{Tuple{Int64, Int64, Int64, Int64, Float64}, 4, CUDA.DeviceMemory}, Tuple{Int64, Int64, Int64}, Nothing}, ExaModels.ConstraintAugmentation{ExaModels.SIMDFunction{Pair{Tuple{DataIndexed{…}, DataIndexed{…}, DataIndexed{…}}, Node2{*,…}}, ExaModels.Compressor{Tuple{Int64}}, ExaModels.Compressor{Tuple{}}}, CuArray{Tuple{Int64, Int64, Int64, Int64, Float64}, 4, CUDA.DeviceMemory}, Tuple{Int64, Int64, Int64}, Nothing}, ExaModels.ConstraintAugmentation{ExaModels.SIMDFunction{Pair{Tuple{DataIndexed{…}, DataIndexed{…}, DataIndexed{…}}, Node2{*,…}}, ExaModels.Compressor{Tuple{Int64}}, ExaModels.Compressor{Tuple{}}}, CuArray{Tuple{Int64, Int64, Int64, Int64, Float64}, 4, CUDA.DeviceMemory}, Tuple{Int64, Int64, Int64}, Nothing}, ExaModels.ConstraintAugmentation{ExaModels.SIMDFunction{Pair{Tuple{DataIndexed{…}, DataIndexed{…}, DataIndexed{…}}, Node2{*,…}}, ExaModels.Compressor{Tuple{Int64}}, ExaModels.Compressor{Tuple{}}}, CuArray{Tuple{Int64, Int64, Int64, Int64, Float64}, 4, CUDA.DeviceMemory}, Tuple{Int64, Int64, Int64}, Nothing}, ExaModels.ConstraintAugmentation{ExaModels.SIMDFunction{Pair{Tuple{DataIndexed{…}, DataIndexed{…}, DataIndexed{…}}, Node2{*,…}}, ExaModels.Compressor{Tuple{Int64}}, ExaModels.Compressor{Tuple{}}}, CuArray{Tuple{Int64, Int64, Int64, Int64, Float64}, 4, CUDA.DeviceMemory}, Tuple{Int64, Int64, Int64}, Nothing}, ExaModels.ConstraintAugmentation{ExaModels.SIMDFunction{Pair{Tuple{DataIndexed{…}, DataIndexed{…}, DataIndexed{…}}, Node2{*,…}}, ExaModels.Compressor{Tuple{Int64}}, ExaModels.Compressor{Tuple{}}}, CuArray{Tuple{Int64, Int64, Int64, Int64, Float64}, 4, CUDA.DeviceMemory}, Tuple{Int64, Int64, Int64}, Nothing}, ExaModels.ConstraintAugmentation{ExaModels.SIMDFunction{Pair{Tuple{DataIndexed{…}, DataIndexed{…}, DataIndexed{…}}, Node2{*,…}}, ExaModels.Compressor{Tuple{Int64}}, ExaModels.Compressor{Tuple{}}}, CuArray{Tuple{Int64, Int64, Int64, Int64, Float64}, 4, CUDA.DeviceMemory}, Tuple{Int64, Int64, Int64}, Nothing}, ExaModels.ConstraintAugmentation{ExaModels.SIMDFunction{Pair{Tuple{DataIndexed{…}, DataIndexed{…}, DataIndexed{…}}, Node2{*,…}}, ExaModels.Compressor{Tuple{Int64}}, ExaModels.Compressor{Tuple{}}}, CuArray{Tuple{Int64, Int64, Int64, Int64, Float64}, 4, CUDA.DeviceMemory}, Tuple{Int64, Int64, Int64}, Nothing}, ExaModels.ConstraintAugmentation{ExaModels.SIMDFunction{Pair{Tuple{DataIndexed{…}, DataIndexed{…}, DataIndexed{…}}, Node2{*,…}}, ExaModels.Compressor{Tuple{Int64}}, ExaModels.Compressor{Tuple{}}}, CuArray{Tuple{Int64, Int64, Int64, Int64, Float64}, 4, CUDA.DeviceMemory}, Tuple{Int64, Int64, Int64}, Nothing}, ExaModels.ConstraintAugmentation{ExaModels.SIMDFunction{Pair{Tuple{DataIndexed{…}, DataIndexed{…}, DataIndexed{…}}, Node2{*,…}}, ExaModels.Compressor{Tuple{Int64}}, ExaModels.Compressor{Tuple{}}}, CuArray{Tuple{Int64, Int64, Int64, Int64, Float64}, 4, CUDA.DeviceMemory}, Tuple{Int64, Int64, Int64}, Nothing}, ExaModels.ConstraintAugmentation{ExaModels.SIMDFunction{Pair{Tuple{DataIndexed{…}, DataIndexed{…}, DataIndexed{…}}, Node2{*,…}}, ExaModels.Compressor{Tuple{Int64}}, ExaModels.Compressor{Tuple{}}}, CuArray{Tuple{Int64, Int64, Int64, Int64, Float64}, 4, CUDA.DeviceMemory}, Tuple{Int64, Int64, Int64}, Nothing}, ExaModels.ConstraintAugmentation{ExaModels.SIMDFunction{Pair{Tuple{DataIndexed{…}, DataIndexed{…}, DataIndexed{…}}, Node2{*,…}}, ExaModels.Compressor{Tuple{Int64}}, ExaModels.Compressor{Tuple{}}}, CuArray{Tuple{Int64, Int64, Int64, Int64, Float64}, 4, CUDA.DeviceMemory}, Tuple{Int64, Int64, Int64}, Nothing}, ExaModels.ConstraintAugmentation{ExaModels.SIMDFunction{Pair{Tuple{DataIndexed{…}, DataIndexed{…}, DataIndexed{…}}, Node2{*,…}}, ExaModels.Compressor{Tuple{Int64}}, ExaModels.Compressor{Tuple{}}}, CuArray{Tuple{Int64, Int64, Int64, Int64, Float64}, 4, CUDA.DeviceMemory}, Tuple{Int64, Int64, Int64}, Nothing}, ExaModels.ConstraintAugmentation{ExaModels.SIMDFunction{Pair{Tuple{DataIndexed{…}, DataIndexed{…}, DataIndexed{…}}, Node2{*,…}}, ExaModels.Compressor{Tuple{Int64}}, ExaModels.Compressor{Tuple{}}}, CuArray{Tuple{Int64, Int64, Int64, Int64, Float64}, 4, CUDA.DeviceMemory}, Tuple{Int64, Int64, Int64}, Nothing}, ExaModels.ConstraintAugmentation{ExaModels.SIMDFunction{Pair{Tuple{DataIndexed{…}, DataIndexed{…}, DataIndexed{…}}, Node2{*,…}}, ExaModels.Compressor{Tuple{Int64}}, ExaModels.Compressor{Tuple{}}}, CuArray{Tuple{Int64, Int64, Int64, Int64, Float64}, 4, CUDA.DeviceMemory}, Tuple{Int64, Int64, Int64}, Nothing}, ExaModels.ConstraintAugmentation{ExaModels.SIMDFunction{Pair{Tuple{DataIndexed{…}, DataIndexed{…}, DataIndexed{…}}, Node2{*,…}}, ExaModels.Compressor{Tuple{Int64}}, ExaModels.Compressor{Tuple{}}}, CuArray{Tuple{Int64, Int64, Int64, Int64, Float64}, 4, CUDA.DeviceMemory}, Tuple{Int64, Int64, Int64}, Nothing}, ExaModels.ConstraintAugmentation{ExaModels.SIMDFunction{Pair{Tuple{DataIndexed{…}, DataIndexed{…}, DataIndexed{…}}, Node2{*,…}}, ExaModels.Compressor{Tuple{Int64}}, ExaModels.Compressor{Tuple{}}}, CuArray{Tuple{Int64, Int64, Int64, Int64, Float64}, 4, CUDA.DeviceMemory}, Tuple{Int64, Int64, Int64}, Nothing}, ExaModels.ConstraintAugmentation{ExaModels.SIMDFunction{Pair{Tuple{DataIndexed{…}, DataIndexed{…}, DataIndexed{…}}, Node2{*,…}}, ExaModels.Compressor{Tuple{Int64}}, ExaModels.Compressor{Tuple{}}}, CuArray{Tuple{Int64, Int64, Int64, Int64, Float64}, 4, CUDA.DeviceMemory}, Tuple{Int64, Int64, Int64}, Nothing}, ExaModels.ConstraintAugmentation{ExaModels.SIMDFunction{Pair{Tuple{DataIndexed{…}, DataIndexed{…}, DataIndexed{…}}, Node2{*,…}}, ExaModels.Compressor{Tuple{Int64}}, ExaModels.Compressor{Tuple{}}}, CuArray{Tuple{Int64, Int64, Int64, Int64, Float64}, 4, CUDA.DeviceMemory}, Tuple{Int64, Int64, Int64}, Nothing}, ExaModels.ConstraintAugmentation{ExaModels.SIMDFunction{Pair{Tuple{DataIndexed{…}, DataIndexed{…}, DataIndexed{…}}, Node2{*,…}}, ExaModels.Compressor{Tuple{Int64}}, ExaModels.Compressor{Tuple{}}}, CuArray{Tuple{Int64, Int64, Int64, Int64, Float64}, 4, CUDA.DeviceMemory}, Tuple{Int64, Int64, Int64}, Nothing}, ExaModels.ConstraintAugmentation{ExaModels.SIMDFunction{Pair{Tuple{DataIndexed{…}, DataIndexed{…}, DataIndexed{…}}, Node2{*,…}}, ExaModels.Compressor{Tuple{Int64}}, ExaModels.Compressor{Tuple{}}}, CuArray{Tuple{Int64, Int64, Int64, Int64, Float64}, 4, CUDA.DeviceMemory}, Tuple{Int64, Int64, Int64}, Nothing}, ExaModels.ConstraintAugmentation{ExaModels.SIMDFunction{Pair{Tuple{DataIndexed{…}, DataIndexed{…}, DataIndexed{…}}, Node2{*,…}}, ExaModels.Compressor{Tuple{Int64}}, ExaModels.Compressor{Tuple{}}}, CuArray{Tuple{Int64, Int64, Int64, Int64, Float64}, 4, CUDA.DeviceMemory}, Tuple{Int64, Int64, Int64}, Nothing}, ExaModels.ConstraintAugmentation{ExaModels.SIMDFunction{Pair{Tuple{DataIndexed{…}, DataIndexed{…}, DataIndexed{…}}, Node2{*,…}}, ExaModels.Compressor{Tuple{Int64}}, ExaModels.Compressor{Tuple{}}}, CuArray{Tuple{Int64, Int64, Int64, Int64, Float64}, 4, CUDA.DeviceMemory}, Tuple{Int64, Int64, Int64}, Nothing}, ExaModels.Constraint{ExaModels.SIMDFunction{Node2{*,…}, ExaModels.Compressor{NTuple{25, Int64}}, ExaModels.Compressor{NTuple{46, Int64}}}, CuArray{Tuple{Int64, Int64, Int64, Float64}, 3, CUDA.DeviceMemory}, Int64, Tuple{Int64, Int64, Int64}, Nothing}, ExaModels.Constraint{ExaModels.SIMDFunction{Node2{*,…}, ExaModels.Compressor{NTuple{5, Int64}}, ExaModels.Compressor{NTuple{9, Int64}}}, CuArray{Tuple{Int64, Int64, Int64, Float64}, 3, CUDA.DeviceMemory}, Int64, Tuple{Int64, Int64, Int64}, Nothing}, ExaModels.Constraint{ExaModels.SIMDFunction{Node2{*,…}, ExaModels.Compressor{Tuple{Int64, Int64}}, ExaModels.Compressor{Tuple{Int64, Int64, Int64}}}, CuArray{Tuple{Int64, Int64, Int64, Float64}, 3, CUDA.DeviceMemory}, Int64, Tuple{Int64, Int64, Int64}, Nothing}, ExaModels.Constraint{ExaModels.SIMDFunction{Node2{*,…}, ExaModels.Compressor{Tuple{Int64, Int64, Int64}}, ExaModels.Compressor{NTuple{6, Int64}}}, CuArray{Tuple{Int64, Int64, Int64, Float64}, 3, CUDA.DeviceMemory}, Int64, Tuple{Int64, Int64, Int64}, Nothing}, ExaModels.Constraint{ExaModels.SIMDFunction{Node2{*,…}, ExaModels.Compressor{NTuple{11, Int64}}, ExaModels.Compressor{NTuple{48, Int64}}}, CuArray{Tuple{Int64, Int64, Int64, Float64}, 3, CUDA.DeviceMemory}, Int64, Tuple{Int64, Int64, Int64}, Nothing}, ExaModels.Constraint{ExaModels.SIMDFunction{Node2{*,…}, ExaModels.Compressor{NTuple{6, Int64}}, ExaModels.Compressor{NTuple{13, Int64}}}, CuArray{Tuple{Int64, Int64, Int64, Float64}, 3, CUDA.DeviceMemory}, Int64, Tuple{Int64, Int64, Int64}, Nothing}, ExaModels.Constraint{ExaModels.SIMDFunction{Node2{*,…}, ExaModels.Compressor{NTuple{11, Int64}}, ExaModels.Compressor{NTuple{48, Int64}}}, CuArray{Tuple{Int64, Int64, Int64, Float64}, 3, CUDA.DeviceMemory}, Int64, Tuple{Int64, Int64, Int64}, Nothing}, ExaModels.Constraint{ExaModels.SIMDFunction{Node2{*,…}, ExaModels.Compressor{NTuple{5, Int64}}, ExaModels.Compressor{NTuple{9, Int64}}}, CuArray{Tuple{Int64, Int64, Int64, Float64}, 3, CUDA.DeviceMemory}, Int64, Tuple{Int64, Int64, Int64}, Nothing}, ExaModels.Constraint{ExaModels.SIMDFunction{Node2{*,…}, ExaModels.Compressor{NTuple{11, Int64}}, ExaModels.Compressor{NTuple{48, Int64}}}, CuArray{Tuple{Int64, Int64, Int64, Float64}, 3, CUDA.DeviceMemory}, Int64, Tuple{Int64, Int64, Int64}, Nothing}, ExaModels.Constraint{ExaModels.SIMDFunction{Node2{*,…}, ExaModels.Compressor{NTuple{11, Int64}}, ExaModels.Compressor{NTuple{48, Int64}}}, CuArray{Tuple{Int64, Int64, Int64, Float64}, 3, CUDA.DeviceMemory}, Int64, Tuple{Int64, Int64, Int64}, Nothing}, ExaModels.Constraint{ExaModels.SIMDFunction{Node2{*,…}, ExaModels.Compressor{NTuple{22, Int64}}, ExaModels.Compressor{NTuple{40, Int64}}}, CuArray{Tuple{Int64, Int64, Int64, Float64}, 3, CUDA.DeviceMemory}, Int64, Tuple{Int64, Int64, Int64}, Nothing}, ExaModels.Constraint{ExaModels.SIMDFunction{Node2{*,…}, ExaModels.Compressor{NTuple{13, Int64}}, ExaModels.Compressor{NTuple{69, Int64}}}, CuArray{Tuple{Int64, Int64, Int64, Float64}, 3, CUDA.DeviceMemory}, Int64, Tuple{Int64, Int64, Int64}, Nothing}, ExaModels.Constraint{ExaModels.SIMDFunction{Node2{*,…}, ExaModels.Compressor{Tuple{Int64, Int64}}, ExaModels.Compressor{Tuple{Int64, Int64, Int64}}}, CuArray{Tuple{Int64, Int64, Int64, Float64}, 3, CUDA.DeviceMemory}, Int64, Tuple{Int64, Int64, Int64}, Nothing}, ExaModels.Constraint{ExaModels.SIMDFunction{Node2{*,…}, ExaModels.Compressor{Tuple{}}, ExaModels.Compressor{Tuple{}}}, CuArray{Tuple{Int64, Int64, Int64, Float64}, 3, CUDA.DeviceMemory}, Int64, Tuple{Int64, Int64, Int64}, Nothing}, ExaModels.Constraint{ExaModels.SIMDFunction{Node2{*,…}, ExaModels.Compressor{NTuple{5, Int64}}, ExaModels.Compressor{NTuple{9, Int64}}}, CuArray{Tuple{Int64, Int64, Int64, Float64}, 3, CUDA.DeviceMemory}, Int64, Tuple{Int64, Int64, Int64}, Nothing}, ExaModels.Constraint{ExaModels.SIMDFunction{Node2{*,…}, ExaModels.Compressor{NTuple{5, Int64}}, ExaModels.Compressor{NTuple{9, Int64}}}, CuArray{Tuple{Int64, Int64, Int64, Float64}, 3, CUDA.DeviceMemory}, Int64, Tuple{Int64, Int64, Int64}, Nothing}, ExaModels.Constraint{ExaModels.SIMDFunction{Node2{*,…}, ExaModels.Compressor{Tuple{Int64, Int64, Int64}}, ExaModels.Compressor{NTuple{6, Int64}}}, CuArray{Tuple{Int64, Int64, Int64, Float64}, 3, CUDA.DeviceMemory}, Int64, Tuple{Int64, Int64, Int64}, Nothing}, ExaModels.Constraint{ExaModels.SIMDFunction{Node2{*,…}, ExaModels.Compressor{Tuple{}}, ExaModels.Compressor{Tuple{}}}, CuArray{Tuple{Int64, Int64, Int64, Float64}, 3, CUDA.DeviceMemory}, Int64, Tuple{Int64, Int64, Int64}, Nothing}, ExaModels.Constraint{ExaModels.SIMDFunction{Node2{*,…}, ExaModels.Compressor{NTuple{11, Int64}}, ExaModels.Compressor{NTuple{48, Int64}}}, CuArray{Tuple{Int64, Int64, Int64, Float64}, 3, CUDA.DeviceMemory}, Int64, Tuple{Int64, Int64, Int64}, Nothing}, ExaModels.Constraint{ExaModels.SIMDFunction{Node2{*,…}, ExaModels.Compressor{Tuple{Int64, Int64}}, ExaModels.Compressor{Tuple{Int64, Int64, Int64}}}, CuArray{Tuple{Int64, Int64, Int64, Float64}, 3, CUDA.DeviceMemory}, Int64, Tuple{Int64, Int64, Int64}, Nothing}, ExaModels.Constraint{ExaModels.SIMDFunction{Node2{*,…}, ExaModels.Compressor{NTuple{9, Int64}}, ExaModels.Compressor{NTuple{31, Int64}}}, CuArray{Tuple{Int64, Int64, Int64, Float64}, 3, CUDA.DeviceMemory}, Int64, Tuple{Int64, Int64, Int64}, Nothing}, ExaModels.Constraint{ExaModels.SIMDFunction{Node2{*,…}, ExaModels.Compressor{NTuple{16, Int64}}, ExaModels.Compressor{NTuple{24, Int64}}}, CuArray{Tuple{Int64, Int64, Int64, Float64}, 3, CUDA.DeviceMemory}, Int64, Tuple{Int64, Int64, Int64}, Nothing}, ExaModels.Constraint{ExaModels.SIMDFunction{Node2{*,…}, ExaModels.Compressor{NTuple{16, Int64}}, ExaModels.Compressor{NTuple{24, Int64}}}, CuArray{Tuple{Int64, Int64, Int64, Float64}, 3, CUDA.DeviceMemory}, Int64, Tuple{Int64, Int64, Int64}, Nothing}, ExaModels.Constraint{ExaModels.SIMDFunction{Node2{*,…}, ExaModels.Compressor{NTuple{11, Int64}}, ExaModels.Compressor{NTuple{48, Int64}}}, CuArray{Tuple{Int64, Int64, Int64, Float64}, 3, CUDA.DeviceMemory}, Int64, Tuple{Int64, Int64, Int64}, Nothing}, ExaModels.Constraint{ExaModels.SIMDFunction{Node2{*,…}, ExaModels.Compressor{Tuple{Int64, Int64}}, ExaModels.Compressor{Tuple{Int64, Int64, Int64}}}, CuArray{Tuple{Int64, Int64, Int64, Float64}, 3, CUDA.DeviceMemory}, Int64, Tuple{Int64, Int64, Int64}, Nothing}, ExaModels.Constraint{ExaModels.SIMDFunction{Node2{*,…}, ExaModels.Compressor{NTuple{17, Int64}}, ExaModels.Compressor{NTuple{31, Int64}}}, CuArray{Tuple{Int64, Int64, Int64, Float64}, 3, CUDA.DeviceMemory}, Int64, Tuple{Int64, Int64, Int64}, Nothing}, ExaModels.Constraint{ExaModels.SIMDFunction{Node2{*,…}, ExaModels.Compressor{NTuple{13, Int64}}, ExaModels.Compressor{NTuple{69, Int64}}}, CuArray{Tuple{Int64, Int64, Int64, Float64}, 3, CUDA.DeviceMemory}, Int64, Tuple{Int64, Int64, Int64}, Nothing}, ExaModels.Constraint{ExaModels.SIMDFunction{Node2{*,…}, ExaModels.Compressor{NTuple{5, Int64}}, ExaModels.Compressor{NTuple{9, Int64}}}, CuArray{Tuple{Int64, Int64, Int64, Float64}, 3, CUDA.DeviceMemory}, Int64, Tuple{Int64, Int64, Int64}, Nothing}, ExaModels.Constraint{ExaModels.SIMDFunction{Node2{*,…}, ExaModels.Compressor{NTuple{9, Int64}}, ExaModels.Compressor{NTuple{31, Int64}}}, CuArray{Tuple{Int64, Int64, Int64, Float64}, 3, CUDA.DeviceMemory}, Int64, Tuple{Int64, Int64, Int64}, Nothing}, ExaModels.Constraint{ExaModels.SIMDFunction{Node2{*,…}, ExaModels.Compressor{NTuple{9, Int64}}, ExaModels.Compressor{NTuple{31, Int64}}}, CuArray{Tuple{Int64, Int64, Int64, Float64}, 3, CUDA.DeviceMemory}, Int64, Tuple{Int64, Int64, Int64}, Nothing}, ExaModels.Constraint{ExaModels.SIMDFunction{Node2{*,…}, ExaModels.Compressor{NTuple{13, Int64}}, ExaModels.Compressor{NTuple{69, Int64}}}, CuArray{Tuple{Int64, Int64, Int64, Float64}, 3, CUDA.DeviceMemory}, Int64, Tuple{Int64, Int64, Int64}, Nothing}, ExaModels.Constraint{ExaModels.SIMDFunction{Node2{*,…}, ExaModels.Compressor{Tuple{Int64, Int64}}, ExaModels.Compressor{Tuple{Int64, Int64, Int64}}}, CuArray{Tuple{Int64, Int64, Int64, Float64}, 3, CUDA.DeviceMemory}, Int64, Tuple{Int64, Int64, Int64}, Nothing}, ExaModels.Constraint{ExaModels.SIMDFunction{Node2{*,…}, ExaModels.Compressor{Tuple{Int64, Int64}}, ExaModels.Compressor{Tuple{Int64, Int64, Int64}}}, CuArray{Tuple{Int64, Int64, Int64, Float64}, 3, CUDA.DeviceMemory}, Int64, Tuple{Int64, Int64, Int64}, Nothing}}, rows::CuArray{Int64, 1, CUDA.DeviceMemory}, cols::CuArray{Int64, 1, CUDA.DeviceMemory})
│        @ ExaModelsKernelAbstractions ~/.julia/packages/ExaModels/PIbMk/ext/ExaModelsKernelAbstractions.jl:225
│     [13] _jac_structure!(T::Type{Float64}, backend::CUDABackend, ::Tuple{ExaModels.Constraint{ExaModels.SIMDFunction{Node2{-,…}, ExaModels.Compressor{Tuple{Int64}}, ExaModels.Compressor{Tuple{}}}, CuArray{Tuple{Int64, Int64, Int64}, 1, CUDA.DeviceMemory}, Int64, Tuple{Int64}, Nothing}, ExaModels.Constraint{ExaModels.SIMDFunction{Node2{-,…}, ExaModels.Compressor{NTuple{85, Int64}}, ExaModels.Compressor{NTuple{3570, Int64}}}, CuArray{Tuple{Int64, Int64}, 1, CUDA.DeviceMemory}, Int64, Tuple{Int64}, Nothing}, ExaModels.Constraint{ExaModels.SIMDFunction{Node2{-,…}, ExaModels.Compressor{NTuple{13, Int64}}, ExaModels.Compressor{NTuple{78, Int64}}}, CuArray{Tuple{Int64, Int64, Int64}, 1, CUDA.DeviceMemory}, Int64, Tuple{Int64}, Nothing}, ExaModels.Constraint{ExaModels.SIMDFunction{Node2{-,…}, ExaModels.Compressor{NTuple{17, Int64}}, ExaModels.Compressor{NTuple{136, Int64}}}, CuArray{Tuple{Int64, Int64, Int64}, 1, CUDA.DeviceMemory}, Int64, Tuple{Int64}, Nothing}, ExaModels.Constraint{ExaModels.SIMDFunction{Node2{-,…}, ExaModels.Compressor{NTuple{12, Int64}}, ExaModels.Compressor{NTuple{66, Int64}}}, CuArray{Tuple{Int64, Int64, Int64}, 1, CUDA.DeviceMemory}, Int64, Tuple{Int64}, Nothing}, ExaModels.Constraint{ExaModels.SIMDFunction{Node2{-,…}, ExaModels.Compressor{NTuple{13, Int64}}, ExaModels.Compressor{NTuple{78, Int64}}}, CuArray{Tuple{Int64, Int64, Int64}, 1, CUDA.DeviceMemory}, Int64, Tuple{Int64}, Nothing}, ExaModels.Constraint{ExaModels.SIMDFunction{Node2{-,…}, ExaModels.Compressor{NTuple{18, Int64}}, ExaModels.Compressor{NTuple{153, Int64}}}, CuArray{Tuple{Int64, Int64, Int64}, 1, CUDA.DeviceMemory}, Int64, Tuple{Int64}, Nothing}, ExaModels.Constraint{ExaModels.SIMDFunction{Node2{-,…}, ExaModels.Compressor{NTuple{14, Int64}}, ExaModels.Compressor{NTuple{91, Int64}}}, CuArray{Tuple{Int64, Int64, Int64}, 1, CUDA.DeviceMemory}, Int64, Tuple{Int64}, Nothing}, ExaModels.Constraint{ExaModels.SIMDFunction{Node2{-,…}, ExaModels.Compressor{NTuple{71, Int64}}, ExaModels.Compressor{NTuple{2485, Int64}}}, CuArray{Tuple{Int64, Int64}, 1, CUDA.DeviceMemory}, Int64, Tuple{Int64}, Nothing}, ExaModels.Constraint{ExaModels.SIMDFunction{Node2{-,…}, ExaModels.Compressor{NTuple{11, Int64}}, ExaModels.Compressor{NTuple{55, Int64}}}, CuArray{Tuple{Int64, Int64, Int64}, 1, CUDA.DeviceMemory}, Int64, Tuple{Int64}, Nothing}, ExaModels.Constraint{ExaModels.SIMDFunction{Node2{-,…}, ExaModels.Compressor{NTuple{13, Int64}}, ExaModels.Compressor{NTuple{78, Int64}}}, CuArray{Tuple{Int64, Int64, Int64}, 1, CUDA.DeviceMemory}, Int64, Tuple{Int64}, Nothing}, ExaModels.Constraint{ExaModels.SIMDFunction{Node2{-,…}, ExaModels.Compressor{NTuple{18, Int64}}, ExaModels.Compressor{NTuple{153, Int64}}}, CuArray{Tuple{Int64, Int64, Int64}, 1, CUDA.DeviceMemory}, Int64, Tuple{Int64}, Nothing}, ExaModels.Constraint{ExaModels.SIMDFunction{Node2{-,…}, ExaModels.Compressor{NTuple{11, Int64}}, ExaModels.Compressor{NTuple{55, Int64}}}, CuArray{Tuple{Int64, Int64, Int64}, 1, CUDA.DeviceMemory}, Int64, Tuple{Int64}, Nothing}, ExaModels.Constraint{ExaModels.SIMDFunction{Node2{-,…}, ExaModels.Compressor{NTuple{13, Int64}}, ExaModels.Compressor{NTuple{78, Int64}}}, CuArray{Tuple{Int64, Int64, Int64}, 1, CUDA.DeviceMemory}, Int64, Tuple{Int64}, Nothing}, ExaModels.Constraint{ExaModels.SIMDFunction{Node2{-,…}, ExaModels.Compressor{NTuple{8, Int64}}, ExaModels.Compressor{Tuple{}}}, CuArray{Tuple{Int64, Int64}, 1, CUDA.DeviceMemory}, Int64, Tuple{Int64}, Nothing}, ExaModels.Constraint{ExaModels.SIMDFunction{Node2{-,…}, ExaModels.Compressor{Tuple{Int64, Int64}}, ExaModels.Compressor{Tuple{}}}, CuArray{Tuple{Int64, Int64, Int64}, 1, CUDA.DeviceMemory}, Int64, Tuple{Int64}, Nothing}, ExaModels.Constraint{ExaModels.SIMDFunction{Node2{-,…}, ExaModels.Compressor{NTuple{8, Int64}}, ExaModels.Compressor{Tuple{}}}, CuArray{Tuple{Int64, Int64}, 1, CUDA.DeviceMemory}, Int64, Tuple{Int64}, Nothing}, ExaModels.Constraint{ExaModels.SIMDFunction{Node2{-,…}, ExaModels.Compressor{Tuple{Int64, Int64}}, ExaModels.Compressor{Tuple{}}}, CuArray{Tuple{Int64, Int64, Int64}, 1, CUDA.DeviceMemory}, Int64, Tuple{Int64}, Nothing}, ExaModels.Constraint{ExaModels.SIMDFunction{Node2{-,…}, ExaModels.Compressor{NTuple{14, Int64}}, ExaModels.Compressor{NTuple{91, Int64}}}, CuArray{Tuple{Int64, Int64, Int64}, 1, CUDA.DeviceMemory}, Int64, Tuple{Int64}, Nothing}, ExaModels.Constraint{ExaModels.SIMDFunction{Node2{-,…}, ExaModels.Compressor{NTuple{12, Int64}}, ExaModels.Compressor{NTuple{66, Int64}}}, CuArray{Tuple{Int64, Int64, Int64}, 1, CUDA.DeviceMemory}, Int64, Tuple{Int64}, Nothing}, ExaModels.Constraint{ExaModels.SIMDFunction{Node2{-,…}, ExaModels.Compressor{NTuple{8, Int64}}, ExaModels.Compressor{Tuple{}}}, CuArray{Tuple{Int64, Int64}, 1, CUDA.DeviceMemory}, Int64, Tuple{Int64}, Nothing}, ExaModels.Constraint{ExaModels.SIMDFunction{Node2{-,…}, ExaModels.Compressor{Tuple{Int64, Int64}}, ExaModels.Compressor{Tuple{}}}, CuArray{Tuple{Int64, Int64, Int64}, 1, CUDA.DeviceMemory}, Int64, Tuple{Int64}, Nothing}, ExaModels.Constraint{ExaModels.SIMDFunction{Node2{-,…}, ExaModels.Compressor{NTuple{13, Int64}}, ExaModels.Compressor{NTuple{78, Int64}}}, CuArray{Tuple{Int64, Int64, Int64}, 1, CUDA.DeviceMemory}, Int64, Tuple{Int64}, Nothing}, ExaModels.Constraint{ExaModels.SIMDFunction{Node2{-,…}, ExaModels.Compressor{NTuple{8, Int64}}, ExaModels.Compressor{Tuple{}}}, CuArray{Tuple{Int64, Int64}, 1, CUDA.DeviceMemory}, Int64, Tuple{Int64}, Nothing}, ExaModels.Constraint{ExaModels.SIMDFunction{Node2{-,…}, ExaModels.Compressor{Tuple{Int64, Int64}}, ExaModels.Compressor{Tuple{}}}, CuArray{Tuple{Int64, Int64, Int64}, 1, CUDA.DeviceMemory}, Int64, Tuple{Int64}, Nothing}, ExaModels.Constraint{ExaModels.SIMDFunction{Node2{-,…}, ExaModels.Compressor{NTuple{11, Int64}}, ExaModels.Compressor{Tuple{}}}, CuArray{Tuple{Int64, Int64, Int64}, 1, CUDA.DeviceMemory}, Int64, Tuple{Int64}, Nothing}, ExaModels.Constraint{ExaModels.SIMDFunction{Node2{-,…}, ExaModels.Compressor{NTuple{8, Int64}}, ExaModels.Compressor{Tuple{}}}, CuArray{Tuple{Int64, Int64}, 1, CUDA.DeviceMemory}, Int64, Tuple{Int64}, Nothing}, ExaModels.Constraint{ExaModels.SIMDFunction{Node2{-,…}, ExaModels.Compressor{Tuple{Int64, Int64}}, ExaModels.Compressor{Tuple{}}}, CuArray{Tuple{Int64, Int64, Int64}, 1, CUDA.DeviceMemory}, Int64, Tuple{Int64}, Nothing}, ExaModels.Constraint{ExaModels.SIMDFunction{Node2{-,…}, ExaModels.Compressor{NTuple{21, Int64}}, ExaModels.Compressor{NTuple{210, Int64}}}, CuArray{Tuple{Int64, Int64, Int64}, 1, CUDA.DeviceMemory}, Int64, Tuple{Int64}, Nothing}, ExaModels.Constraint{ExaModels.SIMDFunction{Node2{-,…}, ExaModels.Compressor{NTuple{14, Int64}}, ExaModels.Compressor{NTuple{91, Int64}}}, CuArray{Tuple{Int64, Int64, Int64}, 1, CUDA.DeviceMemory}, Int64, Tuple{Int64}, Nothing}, ExaModels.Constraint{ExaModels.SIMDFunction{Node2{-,…}, ExaModels.Compressor{NTuple{11, Int64}}, ExaModels.Compressor{NTuple{55, Int64}}}, CuArray{Tuple{Int64, Int64, Int64}, 1, CUDA.DeviceMemory}, Int64, Tuple{Int64}, Nothing}, ExaModels.Constraint{ExaModels.SIMDFunction{Node2{-,…}, ExaModels.Compressor{NTuple{11, Int64}}, ExaModels.Compressor{NTuple{55, Int64}}}, CuArray{Tuple{Int64, Int64, Int64}, 1, CUDA.DeviceMemory}, Int64, Tuple{Int64}, Nothing}, ExaModels.Constraint{ExaModels.SIMDFunction{Node2{-,…}, ExaModels.Compressor{Tuple{Int64}}, ExaModels.Compressor{Tuple{}}}, CuArray{Tuple{Int64, Int64, Int64}, 1, CUDA.DeviceMemory}, Int64, Tuple{Int64}, Nothing}, ExaModels.Constraint{ExaModels.SIMDFunction{Node2{-,…}, ExaModels.Compressor{Tuple{Int64, Int64}}, ExaModels.Compressor{Tuple{}}}, CuArray{Tuple{Int64, Int64, Int64}, 1, CUDA.DeviceMemory}, Int64, Tuple{Int64}, Nothing}, ExaModels.Constraint{ExaModels.SIMDFunction{Node2{-,…}, ExaModels.Compressor{Tuple{Int64, Int64}}, ExaModels.Compressor{Tuple{Int64}}}, CuArray{Tuple{Int64, Int64, Int64}, 1, CUDA.DeviceMemory}, Int64, Tuple{Int64}, Nothing}, ExaModels.Constraint{ExaModels.SIMDFunction{Node2{-,…}, ExaModels.Compressor{Tuple{Int64}}, ExaModels.Compressor{Tuple{}}}, CuArray{Tuple{Int64, Int64, Float64}, 1, CUDA.DeviceMemory}, Int64, Tuple{Int64}, Nothing}, ExaModels.ConstraintAugmentation{ExaModels.SIMDFunction{Pair{Tuple{DataIndexed{…}, DataIndexed{…}, DataIndexed{…}}, Node2{*,…}}, ExaModels.Compressor{Tuple{Int64}}, ExaModels.Compressor{Tuple{}}}, CuArray{Tuple{Int64, Int64, Int64, Int64, Float64}, 4, CUDA.DeviceMemory}, Tuple{Int64, Int64, Int64}, Nothing}, ExaModels.Constraint{ExaModels.SIMDFunction{Node1{-,…}, ExaModels.Compressor{Tuple{Int64}}, ExaModels.Compressor{Tuple{}}}, CuArray{Tuple{Int64, Int64, Int64}, 3, CUDA.DeviceMemory}, Int64, Tuple{Int64, Int64, Int64}, Nothing}, ExaModels.Constraint{ExaModels.SIMDFunction{Node2{-,…}, ExaModels.Compressor{Tuple{Int64, Int64}}, ExaModels.Compressor{Tuple{Int64}}}, CuArray{Tuple{Int64, Int64, Int64}, 1, CUDA.DeviceMemory}, Int64, Tuple{Int64}, Nothing}, ExaModels.Constraint{ExaModels.SIMDFunction{Node2{-,…}, ExaModels.Compressor{Tuple{Int64}}, ExaModels.Compressor{Tuple{}}}, CuArray{Tuple{Int64, Int64, Float64}, 1, CUDA.DeviceMemory}, Int64, Tuple{Int64}, Nothing}, ExaModels.ConstraintAugmentation{ExaModels.SIMDFunction{Pair{Tuple{DataIndexed{…}, DataIndexed{…}, DataIndexed{…}}, Node2{*,…}}, ExaModels.Compressor{Tuple{Int64}}, ExaModels.Compressor{Tuple{}}}, CuArray{Tuple{Int64, Int64, Int64, Int64, Float64}, 4, CUDA.DeviceMemory}, Tuple{Int64, Int64, Int64}, Nothing}, ExaModels.ConstraintAugmentation{ExaModels.SIMDFunction{Pair{Tuple{DataIndexed{…}, DataIndexed{…}, DataIndexed{…}}, Node2{*,…}}, ExaModels.Compressor{Tuple{Int64}}, ExaModels.Compressor{Tuple{}}}, CuArray{Tuple{Int64, Int64, Int64, Int64, Float64}, 4, CUDA.DeviceMemory}, Tuple{Int64, Int64, Int64}, Nothing}, ExaModels.ConstraintAugmentation{ExaModels.SIMDFunction{Pair{Tuple{DataIndexed{…}, DataIndexed{…}, DataIndexed{…}}, Node2{*,…}}, ExaModels.Compressor{Tuple{Int64}}, ExaModels.Compressor{Tuple{}}}, CuArray{Tuple{Int64, Int64, Int64, Int64, Float64}, 4, CUDA.DeviceMemory}, Tuple{Int64, Int64, Int64}, Nothing}, ExaModels.ConstraintAugmentation{ExaModels.SIMDFunction{Pair{Tuple{DataIndexed{…}, DataIndexed{…}, DataIndexed{…}}, Node2{*,…}}, ExaModels.Compressor{Tuple{Int64}}, ExaModels.Compressor{Tuple{}}}, CuArray{Tuple{Int64, Int64, Int64, Int64, Float64}, 4, CUDA.DeviceMemory}, Tuple{Int64, Int64, Int64}, Nothing}, ExaModels.ConstraintAugmentation{ExaModels.SIMDFunction{Pair{Tuple{DataIndexed{…}, DataIndexed{…}, DataIndexed{…}}, Node2{*,…}}, ExaModels.Compressor{Tuple{Int64}}, ExaModels.Compressor{Tuple{}}}, CuArray{Tuple{Int64, Int64, Int64, Int64, Float64}, 4, CUDA.DeviceMemory}, Tuple{Int64, Int64, Int64}, Nothing}, ExaModels.ConstraintAugmentation{ExaModels.SIMDFunction{Pair{Tuple{DataIndexed{…}, DataIndexed{…}, DataIndexed{…}}, Node2{*,…}}, ExaModels.Compressor{Tuple{Int64}}, ExaModels.Compressor{Tuple{}}}, CuArray{Tuple{Int64, Int64, Int64, Int64, Float64}, 4, CUDA.DeviceMemory}, Tuple{Int64, Int64, Int64}, Nothing}, ExaModels.ConstraintAugmentation{ExaModels.SIMDFunction{Pair{Tuple{DataIndexed{…}, DataIndexed{…}, DataIndexed{…}}, Node2{*,…}}, ExaModels.Compressor{Tuple{Int64}}, ExaModels.Compressor{Tuple{}}}, CuArray{Tuple{Int64, Int64, Int64, Int64, Float64}, 4, CUDA.DeviceMemory}, Tuple{Int64, Int64, Int64}, Nothing}, ExaModels.ConstraintAugmentation{ExaModels.SIMDFunction{Pair{Tuple{DataIndexed{…}, DataIndexed{…}, DataIndexed{…}}, Node2{*,…}}, ExaModels.Compressor{Tuple{Int64}}, ExaModels.Compressor{Tuple{}}}, CuArray{Tuple{Int64, Int64, Int64, Int64, Float64}, 4, CUDA.DeviceMemory}, Tuple{Int64, Int64, Int64}, Nothing}, ExaModels.ConstraintAugmentation{ExaModels.SIMDFunction{Pair{Tuple{DataIndexed{…}, DataIndexed{…}, DataIndexed{…}}, Node2{*,…}}, ExaModels.Compressor{Tuple{Int64}}, ExaModels.Compressor{Tuple{}}}, CuArray{Tuple{Int64, Int64, Int64, Int64, Float64}, 4, CUDA.DeviceMemory}, Tuple{Int64, Int64, Int64}, Nothing}, ExaModels.ConstraintAugmentation{ExaModels.SIMDFunction{Pair{Tuple{DataIndexed{…}, DataIndexed{…}, DataIndexed{…}}, Node2{*,…}}, ExaModels.Compressor{Tuple{Int64}}, ExaModels.Compressor{Tuple{}}}, CuArray{Tuple{Int64, Int64, Int64, Int64, Float64}, 4, CUDA.DeviceMemory}, Tuple{Int64, Int64, Int64}, Nothing}, ExaModels.ConstraintAugmentation{ExaModels.SIMDFunction{Pair{Tuple{DataIndexed{…}, DataIndexed{…}, DataIndexed{…}}, Node2{*,…}}, ExaModels.Compressor{Tuple{Int64}}, ExaModels.Compressor{Tuple{}}}, CuArray{Tuple{Int64, Int64, Int64, Int64, Float64}, 4, CUDA.DeviceMemory}, Tuple{Int64, Int64, Int64}, Nothing}, ExaModels.ConstraintAugmentation{ExaModels.SIMDFunction{Pair{Tuple{DataIndexed{…}, DataIndexed{…}, DataIndexed{…}}, Node2{*,…}}, ExaModels.Compressor{Tuple{Int64}}, ExaModels.Compressor{Tuple{}}}, CuArray{Tuple{Int64, Int64, Int64, Int64, Float64}, 4, CUDA.DeviceMemory}, Tuple{Int64, Int64, Int64}, Nothing}, ExaModels.ConstraintAugmentation{ExaModels.SIMDFunction{Pair{Tuple{DataIndexed{…}, DataIndexed{…}, DataIndexed{…}}, Node2{*,…}}, ExaModels.Compressor{Tuple{Int64}}, ExaModels.Compressor{Tuple{}}}, CuArray{Tuple{Int64, Int64, Int64, Int64, Float64}, 4, CUDA.DeviceMemory}, Tuple{Int64, Int64, Int64}, Nothing}, ExaModels.ConstraintAugmentation{ExaModels.SIMDFunction{Pair{Tuple{DataIndexed{…}, DataIndexed{…}, DataIndexed{…}}, Node2{*,…}}, ExaModels.Compressor{Tuple{Int64}}, ExaModels.Compressor{Tuple{}}}, CuArray{Tuple{Int64, Int64, Int64, Int64, Float64}, 4, CUDA.DeviceMemory}, Tuple{Int64, Int64, Int64}, Nothing}, ExaModels.ConstraintAugmentation{ExaModels.SIMDFunction{Pair{Tuple{DataIndexed{…}, DataIndexed{…}, DataIndexed{…}}, Node2{*,…}}, ExaModels.Compressor{Tuple{Int64}}, ExaModels.Compressor{Tuple{}}}, CuArray{Tuple{Int64, Int64, Int64, Int64, Float64}, 4, CUDA.DeviceMemory}, Tuple{Int64, Int64, Int64}, Nothing}, ExaModels.ConstraintAugmentation{ExaModels.SIMDFunction{Pair{Tuple{DataIndexed{…}, DataIndexed{…}, DataIndexed{…}}, Node2{*,…}}, ExaModels.Compressor{Tuple{Int64}}, ExaModels.Compressor{Tuple{}}}, CuArray{Tuple{Int64, Int64, Int64, Int64, Float64}, 4, CUDA.DeviceMemory}, Tuple{Int64, Int64, Int64}, Nothing}, ExaModels.ConstraintAugmentation{ExaModels.SIMDFunction{Pair{Tuple{DataIndexed{…}, DataIndexed{…}, DataIndexed{…}}, Node2{*,…}}, ExaModels.Compressor{Tuple{Int64}}, ExaModels.Compressor{Tuple{}}}, CuArray{Tuple{Int64, Int64, Int64, Int64, Float64}, 4, CUDA.DeviceMemory}, Tuple{Int64, Int64, Int64}, Nothing}, ExaModels.ConstraintAugmentation{ExaModels.SIMDFunction{Pair{Tuple{DataIndexed{…}, DataIndexed{…}, DataIndexed{…}}, Node2{*,…}}, ExaModels.Compressor{Tuple{Int64}}, ExaModels.Compressor{Tuple{}}}, CuArray{Tuple{Int64, Int64, Int64, Int64, Float64}, 4, CUDA.DeviceMemory}, Tuple{Int64, Int64, Int64}, Nothing}, ExaModels.ConstraintAugmentation{ExaModels.SIMDFunction{Pair{Tuple{DataIndexed{…}, DataIndexed{…}, DataIndexed{…}}, Node2{*,…}}, ExaModels.Compressor{Tuple{Int64}}, ExaModels.Compressor{Tuple{}}}, CuArray{Tuple{Int64, Int64, Int64, Int64, Float64}, 4, CUDA.DeviceMemory}, Tuple{Int64, Int64, Int64}, Nothing}, ExaModels.ConstraintAugmentation{ExaModels.SIMDFunction{Pair{Tuple{DataIndexed{…}, DataIndexed{…}, DataIndexed{…}}, Node2{*,…}}, ExaModels.Compressor{Tuple{Int64}}, ExaModels.Compressor{Tuple{}}}, CuArray{Tuple{Int64, Int64, Int64, Int64, Float64}, 4, CUDA.DeviceMemory}, Tuple{Int64, Int64, Int64}, Nothing}, ExaModels.ConstraintAugmentation{ExaModels.SIMDFunction{Pair{Tuple{DataIndexed{…}, DataIndexed{…}, DataIndexed{…}}, Node2{*,…}}, ExaModels.Compressor{Tuple{Int64}}, ExaModels.Compressor{Tuple{}}}, CuArray{Tuple{Int64, Int64, Int64, Int64, Float64}, 4, CUDA.DeviceMemory}, Tuple{Int64, Int64, Int64}, Nothing}, ExaModels.ConstraintAugmentation{ExaModels.SIMDFunction{Pair{Tuple{DataIndexed{…}, DataIndexed{…}, DataIndexed{…}}, Node2{*,…}}, ExaModels.Compressor{Tuple{Int64}}, ExaModels.Compressor{Tuple{}}}, CuArray{Tuple{Int64, Int64, Int64, Int64, Float64}, 4, CUDA.DeviceMemory}, Tuple{Int64, Int64, Int64}, Nothing}, ExaModels.ConstraintAugmentation{ExaModels.SIMDFunction{Pair{Tuple{DataIndexed{…}, DataIndexed{…}, DataIndexed{…}}, Node2{*,…}}, ExaModels.Compressor{Tuple{Int64}}, ExaModels.Compressor{Tuple{}}}, CuArray{Tuple{Int64, Int64, Int64, Int64, Float64}, 4, CUDA.DeviceMemory}, Tuple{Int64, Int64, Int64}, Nothing}, ExaModels.ConstraintAugmentation{ExaModels.SIMDFunction{Pair{Tuple{DataIndexed{…}, DataIndexed{…}, DataIndexed{…}}, Node2{*,…}}, ExaModels.Compressor{Tuple{Int64}}, ExaModels.Compressor{Tuple{}}}, CuArray{Tuple{Int64, Int64, Int64, Int64, Float64}, 4, CUDA.DeviceMemory}, Tuple{Int64, Int64, Int64}, Nothing}, ExaModels.ConstraintAugmentation{ExaModels.SIMDFunction{Pair{Tuple{DataIndexed{…}, DataIndexed{…}, DataIndexed{…}}, Node2{*,…}}, ExaModels.Compressor{Tuple{Int64}}, ExaModels.Compressor{Tuple{}}}, CuArray{Tuple{Int64, Int64, Int64, Int64, Float64}, 4, CUDA.DeviceMemory}, Tuple{Int64, Int64, Int64}, Nothing}, ExaModels.ConstraintAugmentation{ExaModels.SIMDFunction{Pair{Tuple{DataIndexed{…}, DataIndexed{…}, DataIndexed{…}}, Node2{*,…}}, ExaModels.Compressor{Tuple{Int64}}, ExaModels.Compressor{Tuple{}}}, CuArray{Tuple{Int64, Int64, Int64, Int64, Float64}, 4, CUDA.DeviceMemory}, Tuple{Int64, Int64, Int64}, Nothing}, ExaModels.ConstraintAugmentation{ExaModels.SIMDFunction{Pair{Tuple{DataIndexed{…}, DataIndexed{…}, DataIndexed{…}}, Node2{*,…}}, ExaModels.Compressor{Tuple{Int64}}, ExaModels.Compressor{Tuple{}}}, CuArray{Tuple{Int64, Int64, Int64, Int64, Float64}, 4, CUDA.DeviceMemory}, Tuple{Int64, Int64, Int64}, Nothing}, ExaModels.ConstraintAugmentation{ExaModels.SIMDFunction{Pair{Tuple{DataIndexed{…}, DataIndexed{…}, DataIndexed{…}}, Node2{*,…}}, ExaModels.Compressor{Tuple{Int64}}, ExaModels.Compressor{Tuple{}}}, CuArray{Tuple{Int64, Int64, Int64, Int64, Float64}, 4, CUDA.DeviceMemory}, Tuple{Int64, Int64, Int64}, Nothing}, ExaModels.ConstraintAugmentation{ExaModels.SIMDFunction{Pair{Tuple{DataIndexed{…}, DataIndexed{…}, DataIndexed{…}}, Node2{*,…}}, ExaModels.Compressor{Tuple{Int64}}, ExaModels.Compressor{Tuple{}}}, CuArray{Tuple{Int64, Int64, Int64, Int64, Float64}, 4, CUDA.DeviceMemory}, Tuple{Int64, Int64, Int64}, Nothing}, ExaModels.ConstraintAugmentation{ExaModels.SIMDFunction{Pair{Tuple{DataIndexed{…}, DataIndexed{…}, DataIndexed{…}}, Node2{*,…}}, ExaModels.Compressor{Tuple{Int64}}, ExaModels.Compressor{Tuple{}}}, CuArray{Tuple{Int64, Int64, Int64, Int64, Float64}, 4, CUDA.DeviceMemory}, Tuple{Int64, Int64, Int64}, Nothing}, ExaModels.ConstraintAugmentation{ExaModels.SIMDFunction{Pair{Tuple{DataIndexed{…}, DataIndexed{…}, DataIndexed{…}}, Node2{*,…}}, ExaModels.Compressor{Tuple{Int64}}, ExaModels.Compressor{Tuple{}}}, CuArray{Tuple{Int64, Int64, Int64, Int64, Float64}, 4, CUDA.DeviceMemory}, Tuple{Int64, Int64, Int64}, Nothing}, ExaModels.ConstraintAugmentation{ExaModels.SIMDFunction{Pair{Tuple{DataIndexed{…}, DataIndexed{…}, DataIndexed{…}}, Node2{*,…}}, ExaModels.Compressor{Tuple{Int64}}, ExaModels.Compressor{Tuple{}}}, CuArray{Tuple{Int64, Int64, Int64, Int64, Float64}, 4, CUDA.DeviceMemory}, Tuple{Int64, Int64, Int64}, Nothing}, ExaModels.ConstraintAugmentation{ExaModels.SIMDFunction{Pair{Tuple{DataIndexed{…}, DataIndexed{…}, DataIndexed{…}}, Node2{*,…}}, ExaModels.Compressor{Tuple{Int64}}, ExaModels.Compressor{Tuple{}}}, CuArray{Tuple{Int64, Int64, Int64, Int64, Float64}, 4, CUDA.DeviceMemory}, Tuple{Int64, Int64, Int64}, Nothing}, ExaModels.Constraint{ExaModels.SIMDFunction{Node2{*,…}, ExaModels.Compressor{NTuple{25, Int64}}, ExaModels.Compressor{NTuple{46, Int64}}}, CuArray{Tuple{Int64, Int64, Int64, Float64}, 3, CUDA.DeviceMemory}, Int64, Tuple{Int64, Int64, Int64}, Nothing}, ExaModels.Constraint{ExaModels.SIMDFunction{Node2{*,…}, ExaModels.Compressor{NTuple{5, Int64}}, ExaModels.Compressor{NTuple{9, Int64}}}, CuArray{Tuple{Int64, Int64, Int64, Float64}, 3, CUDA.DeviceMemory}, Int64, Tuple{Int64, Int64, Int64}, Nothing}, ExaModels.Constraint{ExaModels.SIMDFunction{Node2{*,…}, ExaModels.Compressor{Tuple{Int64, Int64}}, ExaModels.Compressor{Tuple{Int64, Int64, Int64}}}, CuArray{Tuple{Int64, Int64, Int64, Float64}, 3, CUDA.DeviceMemory}, Int64, Tuple{Int64, Int64, Int64}, Nothing}, ExaModels.Constraint{ExaModels.SIMDFunction{Node2{*,…}, ExaModels.Compressor{Tuple{Int64, Int64, Int64}}, ExaModels.Compressor{NTuple{6, Int64}}}, CuArray{Tuple{Int64, Int64, Int64, Float64}, 3, CUDA.DeviceMemory}, Int64, Tuple{Int64, Int64, Int64}, Nothing}, ExaModels.Constraint{ExaModels.SIMDFunction{Node2{*,…}, ExaModels.Compressor{NTuple{11, Int64}}, ExaModels.Compressor{NTuple{48, Int64}}}, CuArray{Tuple{Int64, Int64, Int64, Float64}, 3, CUDA.DeviceMemory}, Int64, Tuple{Int64, Int64, Int64}, Nothing}, ExaModels.Constraint{ExaModels.SIMDFunction{Node2{*,…}, ExaModels.Compressor{NTuple{6, Int64}}, ExaModels.Compressor{NTuple{13, Int64}}}, CuArray{Tuple{Int64, Int64, Int64, Float64}, 3, CUDA.DeviceMemory}, Int64, Tuple{Int64, Int64, Int64}, Nothing}, ExaModels.Constraint{ExaModels.SIMDFunction{Node2{*,…}, ExaModels.Compressor{NTuple{11, Int64}}, ExaModels.Compressor{NTuple{48, Int64}}}, CuArray{Tuple{Int64, Int64, Int64, Float64}, 3, CUDA.DeviceMemory}, Int64, Tuple{Int64, Int64, Int64}, Nothing}, ExaModels.Constraint{ExaModels.SIMDFunction{Node2{*,…}, ExaModels.Compressor{NTuple{5, Int64}}, ExaModels.Compressor{NTuple{9, Int64}}}, CuArray{Tuple{Int64, Int64, Int64, Float64}, 3, CUDA.DeviceMemory}, Int64, Tuple{Int64, Int64, Int64}, Nothing}, ExaModels.Constraint{ExaModels.SIMDFunction{Node2{*,…}, ExaModels.Compressor{NTuple{11, Int64}}, ExaModels.Compressor{NTuple{48, Int64}}}, CuArray{Tuple{Int64, Int64, Int64, Float64}, 3, CUDA.DeviceMemory}, Int64, Tuple{Int64, Int64, Int64}, Nothing}, ExaModels.Constraint{ExaModels.SIMDFunction{Node2{*,…}, ExaModels.Compressor{NTuple{11, Int64}}, ExaModels.Compressor{NTuple{48, Int64}}}, CuArray{Tuple{Int64, Int64, Int64, Float64}, 3, CUDA.DeviceMemory}, Int64, Tuple{Int64, Int64, Int64}, Nothing}, ExaModels.Constraint{ExaModels.SIMDFunction{Node2{*,…}, ExaModels.Compressor{NTuple{22, Int64}}, ExaModels.Compressor{NTuple{40, Int64}}}, CuArray{Tuple{Int64, Int64, Int64, Float64}, 3, CUDA.DeviceMemory}, Int64, Tuple{Int64, Int64, Int64}, Nothing}, ExaModels.Constraint{ExaModels.SIMDFunction{Node2{*,…}, ExaModels.Compressor{NTuple{13, Int64}}, ExaModels.Compressor{NTuple{69, Int64}}}, CuArray{Tuple{Int64, Int64, Int64, Float64}, 3, CUDA.DeviceMemory}, Int64, Tuple{Int64, Int64, Int64}, Nothing}, ExaModels.Constraint{ExaModels.SIMDFunction{Node2{*,…}, ExaModels.Compressor{Tuple{Int64, Int64}}, ExaModels.Compressor{Tuple{Int64, Int64, Int64}}}, CuArray{Tuple{Int64, Int64, Int64, Float64}, 3, CUDA.DeviceMemory}, Int64, Tuple{Int64, Int64, Int64}, Nothing}, ExaModels.Constraint{ExaModels.SIMDFunction{Node2{*,…}, ExaModels.Compressor{Tuple{}}, ExaModels.Compressor{Tuple{}}}, CuArray{Tuple{Int64, Int64, Int64, Float64}, 3, CUDA.DeviceMemory}, Int64, Tuple{Int64, Int64, Int64}, Nothing}, ExaModels.Constraint{ExaModels.SIMDFunction{Node2{*,…}, ExaModels.Compressor{NTuple{5, Int64}}, ExaModels.Compressor{NTuple{9, Int64}}}, CuArray{Tuple{Int64, Int64, Int64, Float64}, 3, CUDA.DeviceMemory}, Int64, Tuple{Int64, Int64, Int64}, Nothing}, ExaModels.Constraint{ExaModels.SIMDFunction{Node2{*,…}, ExaModels.Compressor{NTuple{5, Int64}}, ExaModels.Compressor{NTuple{9, Int64}}}, CuArray{Tuple{Int64, Int64, Int64, Float64}, 3, CUDA.DeviceMemory}, Int64, Tuple{Int64, Int64, Int64}, Nothing}, ExaModels.Constraint{ExaModels.SIMDFunction{Node2{*,…}, ExaModels.Compressor{Tuple{Int64, Int64, Int64}}, ExaModels.Compressor{NTuple{6, Int64}}}, CuArray{Tuple{Int64, Int64, Int64, Float64}, 3, CUDA.DeviceMemory}, Int64, Tuple{Int64, Int64, Int64}, Nothing}, ExaModels.Constraint{ExaModels.SIMDFunction{Node2{*,…}, ExaModels.Compressor{Tuple{}}, ExaModels.Compressor{Tuple{}}}, CuArray{Tuple{Int64, Int64, Int64, Float64}, 3, CUDA.DeviceMemory}, Int64, Tuple{Int64, Int64, Int64}, Nothing}, ExaModels.Constraint{ExaModels.SIMDFunction{Node2{*,…}, ExaModels.Compressor{NTuple{11, Int64}}, ExaModels.Compressor{NTuple{48, Int64}}}, CuArray{Tuple{Int64, Int64, Int64, Float64}, 3, CUDA.DeviceMemory}, Int64, Tuple{Int64, Int64, Int64}, Nothing}, ExaModels.Constraint{ExaModels.SIMDFunction{Node2{*,…}, ExaModels.Compressor{Tuple{Int64, Int64}}, ExaModels.Compressor{Tuple{Int64, Int64, Int64}}}, CuArray{Tuple{Int64, Int64, Int64, Float64}, 3, CUDA.DeviceMemory}, Int64, Tuple{Int64, Int64, Int64}, Nothing}, ExaModels.Constraint{ExaModels.SIMDFunction{Node2{*,…}, ExaModels.Compressor{NTuple{9, Int64}}, ExaModels.Compressor{NTuple{31, Int64}}}, CuArray{Tuple{Int64, Int64, Int64, Float64}, 3, CUDA.DeviceMemory}, Int64, Tuple{Int64, Int64, Int64}, Nothing}, ExaModels.Constraint{ExaModels.SIMDFunction{Node2{*,…}, ExaModels.Compressor{NTuple{16, Int64}}, ExaModels.Compressor{NTuple{24, Int64}}}, CuArray{Tuple{Int64, Int64, Int64, Float64}, 3, CUDA.DeviceMemory}, Int64, Tuple{Int64, Int64, Int64}, Nothing}, ExaModels.Constraint{ExaModels.SIMDFunction{Node2{*,…}, ExaModels.Compressor{NTuple{16, Int64}}, ExaModels.Compressor{NTuple{24, Int64}}}, CuArray{Tuple{Int64, Int64, Int64, Float64}, 3, CUDA.DeviceMemory}, Int64, Tuple{Int64, Int64, Int64}, Nothing}, ExaModels.Constraint{ExaModels.SIMDFunction{Node2{*,…}, ExaModels.Compressor{NTuple{11, Int64}}, ExaModels.Compressor{NTuple{48, Int64}}}, CuArray{Tuple{Int64, Int64, Int64, Float64}, 3, CUDA.DeviceMemory}, Int64, Tuple{Int64, Int64, Int64}, Nothing}, ExaModels.Constraint{ExaModels.SIMDFunction{Node2{*,…}, ExaModels.Compressor{Tuple{Int64, Int64}}, ExaModels.Compressor{Tuple{Int64, Int64, Int64}}}, CuArray{Tuple{Int64, Int64, Int64, Float64}, 3, CUDA.DeviceMemory}, Int64, Tuple{Int64, Int64, Int64}, Nothing}, ExaModels.Constraint{ExaModels.SIMDFunction{Node2{*,…}, ExaModels.Compressor{NTuple{17, Int64}}, ExaModels.Compressor{NTuple{31, Int64}}}, CuArray{Tuple{Int64, Int64, Int64, Float64}, 3, CUDA.DeviceMemory}, Int64, Tuple{Int64, Int64, Int64}, Nothing}, ExaModels.Constraint{ExaModels.SIMDFunction{Node2{*,…}, ExaModels.Compressor{NTuple{13, Int64}}, ExaModels.Compressor{NTuple{69, Int64}}}, CuArray{Tuple{Int64, Int64, Int64, Float64}, 3, CUDA.DeviceMemory}, Int64, Tuple{Int64, Int64, Int64}, Nothing}, ExaModels.Constraint{ExaModels.SIMDFunction{Node2{*,…}, ExaModels.Compressor{NTuple{5, Int64}}, ExaModels.Compressor{NTuple{9, Int64}}}, CuArray{Tuple{Int64, Int64, Int64, Float64}, 3, CUDA.DeviceMemory}, Int64, Tuple{Int64, Int64, Int64}, Nothing}, ExaModels.Constraint{ExaModels.SIMDFunction{Node2{*,…}, ExaModels.Compressor{NTuple{9, Int64}}, ExaModels.Compressor{NTuple{31, Int64}}}, CuArray{Tuple{Int64, Int64, Int64, Float64}, 3, CUDA.DeviceMemory}, Int64, Tuple{Int64, Int64, Int64}, Nothing}, ExaModels.Constraint{ExaModels.SIMDFunction{Node2{*,…}, ExaModels.Compressor{NTuple{9, Int64}}, ExaModels.Compressor{NTuple{31, Int64}}}, CuArray{Tuple{Int64, Int64, Int64, Float64}, 3, CUDA.DeviceMemory}, Int64, Tuple{Int64, Int64, Int64}, Nothing}, ExaModels.Constraint{ExaModels.SIMDFunction{Node2{*,…}, ExaModels.Compressor{NTuple{13, Int64}}, ExaModels.Compressor{NTuple{69, Int64}}}, CuArray{Tuple{Int64, Int64, Int64, Float64}, 3, CUDA.DeviceMemory}, Int64, Tuple{Int64, Int64, Int64}, Nothing}, ExaModels.Constraint{ExaModels.SIMDFunction{Node2{*,…}, ExaModels.Compressor{Tuple{Int64, Int64}}, ExaModels.Compressor{Tuple{Int64, Int64, Int64}}}, CuArray{Tuple{Int64, Int64, Int64, Float64}, 3, CUDA.DeviceMemory}, Int64, Tuple{Int64, Int64, Int64}, Nothing}, ExaModels.Constraint{ExaModels.SIMDFunction{Node2{*,…}, ExaModels.Compressor{Tuple{Int64, Int64}}, ExaModels.Compressor{Tuple{Int64, Int64, Int64}}}, CuArray{Tuple{Int64, Int64, Int64, Float64}, 3, CUDA.DeviceMemory}, Int64, Tuple{Int64, Int64, Int64}, Nothing}}, rows::CuArray{Int64, 1, CUDA.DeviceMemory}, cols::CuArray{Int64, 1, CUDA.DeviceMemory})
│        @ ExaModelsKernelAbstractions ~/.julia/packages/ExaModels/PIbMk/ext/ExaModelsKernelAbstractions.jl:224
│    --- the above 1 lines are repeated 54 more times ---
│     [68] jac_structure!
│        @ ~/.julia/packages/ExaModels/PIbMk/ext/ExaModelsKernelAbstractions.jl:218 [inlined]
│     [69] create_callback(::Type{MadNLP.SparseCallback}, nlp::ExaModel{Float64, CuArray{Float64, 1, CUDA.DeviceMemory}, ExaModelsKernelAbstractions.KAExtension{Float64, CuArray{Float64, 1, CUDA.DeviceMemory}, Nothing, CuArray{Tuple{Int64, Int64}, 1, CUDA.DeviceMemory}, CuArray{Int64, 1, CUDA.DeviceMemory}, CUDABackend}, Tuple{ExaModels.Variable{Tuple{UnitRange{Int64}, UnitRange{Int64}}, Int64, Nothing}, ExaModels.Variable{Tuple{UnitRange{Int64}}, Int64, Nothing}, ExaModels.Variable{Tuple{UnitRange{Int64}}, Int64, Nothing}, ExaModels.Variable{NTuple{4, UnitRange{Int64}}, Int64, Nothing}, ExaModels.Variable{Tuple{UnitRange{Int64}}, Int64, Nothing}}, Tuple{}, Tuple{ExaModels.Objective{ExaModels.SIMDFunction{Node2{+,…}, ExaModels.Compressor{Tuple{Int64, Int64, Int64}}, ExaModels.Compressor{NTuple{4, Int64}}}, CuArray{Tuple{Int64, Float64, Float64}, 1, CUDA.DeviceMemory}}, ExaModels.Objective{ExaModels.SIMDFunction{Node2{+,…}, ExaModels.Compressor{Tuple{Int64, Int64, Int64}}, ExaModels.Compressor{NTuple{4, Int64}}}, CuArray{Tuple{Int64, Float64, Float64}, 1, CUDA.DeviceMemory}}}, Tuple{ExaModels.Constraint{ExaModels.SIMDFunction{Node2{-,…}, ExaModels.Compressor{Tuple{Int64, Int64}}, ExaModels.Compressor{Tuple{Int64}}}, CuArray{Tuple{Int64, Int64}, 1, CUDA.DeviceMemory}, Int64, Tuple{Int64}, Nothing}, ExaModels.Constraint{ExaModels.SIMDFunction{Node2{-,…}, ExaModels.Compressor{Tuple{Int64}}, ExaModels.Compressor{Tuple{}}}, CuArray{Tuple{Int64, Float64}, 1, CUDA.DeviceMemory}, Int64, Tuple{Int64}, Nothing}, ExaModels.Constraint{ExaModels.SIMDFunction{Node2{-,…}, ExaModels.Compressor{NTuple{8, Int64}}, ExaModels.Compressor{Tuple{}}}, CuArray{Tuple{Int64, Int64}, 1, CUDA.DeviceMemory}, Int64, Tuple{Int64}, Nothing}, ExaModels.Constraint{ExaModels.SIMDFunction{Node2{-,…}, ExaModels.Compressor{Tuple{Int64, Int64}}, ExaModels.Compressor{Tuple{}}}, CuArray{Tuple{Int64, Int64, Int64}, 1, CUDA.DeviceMemory}, Int64, Tuple{Int64}, Nothing}, ExaModels.Constraint{ExaModels.SIMDFunction{Node2{-,…}, ExaModels.Compressor{NTuple{14, Int64}}, ExaModels.Compressor{NTuple{91, Int64}}}, CuArray{Tuple{Int64, Int64, Int64}, 1, CUDA.DeviceMemory}, Int64, Tuple{Int64}, Nothing}, ExaModels.Constraint{ExaModels.SIMDFunction{Node2{-,…}, ExaModels.Compressor{NTuple{19, Int64}}, ExaModels.Compressor{NTuple{171, Int64}}}, CuArray{Tuple{Int64, Int64, Int64}, 1, CUDA.DeviceMemory}, Int64, Tuple{Int64}, Nothing}, ExaModels.Constraint{ExaModels.SIMDFunction{Node2{-,…}, ExaModels.Compressor{NTuple{11, Int64}}, ExaModels.Compressor{NTuple{55, Int64}}}, CuArray{Tuple{Int64, Int64, Int64}, 1, CUDA.DeviceMemory}, Int64, Tuple{Int64}, Nothing}, ExaModels.Constraint{ExaModels.SIMDFunction{Node2{-,…}, ExaModels.Compressor{Tuple{Int64}}, ExaModels.Compressor{Tuple{}}}, CuArray{Tuple{Int64, Int64, Int64}, 1, CUDA.DeviceMemory}, Int64, Tuple{Int64}, Nothing}, ExaModels.Constraint{ExaModels.SIMDFunction{Node2{-,…}, ExaModels.Compressor{NTuple{17, Int64}}, ExaModels.Compressor{NTuple{136, Int64}}}, CuArray{Tuple{Int64, Int64, Int64}, 1, CUDA.DeviceMemory}, Int64, Tuple{Int64}, Nothing}, ExaModels.Constraint{ExaModels.SIMDFunction{Node2{-,…}, ExaModels.Compressor{NTuple{9, Int64}}, ExaModels.Compressor{Tuple{}}}, CuArray{Tuple{Int64, Int64, Int64}, 1, CUDA.DeviceMemory}, Int64, Tuple{Int64}, Nothing}, ExaModels.Constraint{ExaModels.SIMDFunction{Node2{-,…}, ExaModels.Compressor{NTuple{13, Int64}}, ExaModels.Compressor{NTuple{78, Int64}}}, CuArray{Tuple{Int64, Int64, Int64}, 1, CUDA.DeviceMemory}, Int64, Tuple{Int64}, Nothing}, ExaModels.Constraint{ExaModels.SIMDFunction{Node2{-,…}, ExaModels.Compressor{NTuple{23, Int64}}, ExaModels.Compressor{NTuple{253, Int64}}}, CuArray{Tuple{Int64, Int64, Int64}, 1, CUDA.DeviceMemory}, Int64, Tuple{Int64}, Nothing}, ExaModels.Constraint{ExaModels.SIMDFunction{Node2{-,…}, ExaModels.Compressor{NTuple{120, Int64}}, ExaModels.Compressor{NTuple{7140, Int64}}}, CuArray{Tuple{Int64, Int64}, 1, CUDA.DeviceMemory}, Int64, Tuple{Int64}, Nothing}, ExaModels.Constraint{ExaModels.SIMDFunction{Node2{-,…}, ExaModels.Compressor{NTuple{18, Int64}}, ExaModels.Compressor{NTuple{153, Int64}}}, CuArray{Tuple{Int64, Int64, Int64}, 1, CUDA.DeviceMemory}, Int64, Tuple{Int64}, Nothing}, ExaModels.Constraint{ExaModels.SIMDFunction{Node2{-,…}, ExaModels.Compressor{NTuple{176, Int64}}, ExaModels.Compressor{NTuple{15400, Int64}}}, CuArray{Tuple{Int64, Int64}, 1, CUDA.DeviceMemory}, Int64, Tuple{Int64}, Nothing}, ExaModels.Constraint{ExaModels.SIMDFunction{Node2{-,…}, ExaModels.Compressor{NTuple{26, Int64}}, ExaModels.Compressor{NTuple{325, Int64}}}, CuArray{Tuple{Int64, Int64, Int64}, 1, CUDA.DeviceMemory}, Int64, Tuple{Int64}, Nothing}, ExaModels.Constraint{ExaModels.SIMDFunction{Node2{-,…}, ExaModels.Compressor{NTuple{17, Int64}}, ExaModels.Compressor{NTuple{136, Int64}}}, CuArray{Tuple{Int64, Int64, Int64}, 1, CUDA.DeviceMemory}, Int64, Tuple{Int64}, Nothing}, ExaModels.Constraint{ExaModels.SIMDFunction{Node2{-,…}, ExaModels.Compressor{NTuple{12, Int64}}, ExaModels.Compressor{NTuple{66, Int64}}}, CuArray{Tuple{Int64, Int64, Int64}, 1, CUDA.DeviceMemory}, Int64, Tuple{Int64}, Nothing}, ExaModels.Constraint{ExaModels.SIMDFunction{Node2{-,…}, ExaModels.Compressor{NTuple{13, Int64}}, ExaModels.Compressor{NTuple{78, Int64}}}, CuArray{Tuple{Int64, Int64, Int64}, 1, CUDA.DeviceMemory}, Int64, Tuple{Int64}, Nothing}, ExaModels.Constraint{ExaModels.SIMDFunction{Node2{-,…}, ExaModels.Compressor{NTuple{8, Int64}}, ExaModels.Compressor{Tuple{}}}, CuArray{Tuple{Int64, Int64}, 1, CUDA.DeviceMemory}, Int64, Tuple{Int64}, Nothing}, ExaModels.Constraint{ExaModels.SIMDFunction{Node2{-,…}, ExaModels.Compressor{Tuple{Int64, Int64}}, ExaModels.Compressor{Tuple{}}}, CuArray{Tuple{Int64, Int64, Int64}, 1, CUDA.DeviceMemory}, Int64, Tuple{Int64}, Nothing}, ExaModels.Constraint{ExaModels.SIMDFunction{Node2{-,…}, ExaModels.Compressor{NTuple{13, Int64}}, ExaModels.Compressor{NTuple{78, Int64}}}, CuArray{Tuple{Int64, Int64, Int64}, 1, CUDA.DeviceMemory}, Int64, Tuple{Int64}, Nothing}, ExaModels.Constraint{ExaModels.SIMDFunction{Node2{-,…}, ExaModels.Compressor{NTuple{8, Int64}}, ExaModels.Compressor{Tuple{}}}, CuArray{Tuple{Int64, Int64}, 1, CUDA.DeviceMemory}, Int64, Tuple{Int64}, Nothing}, ExaModels.Constraint{ExaModels.SIMDFunction{Node2{-,…}, ExaModels.Compressor{Tuple{Int64, Int64}}, ExaModels.Compressor{Tuple{}}}, CuArray{Tuple{Int64, Int64, Int64}, 1, CUDA.DeviceMemory}, Int64, Tuple{Int64}, Nothing}, ExaModels.Constraint{ExaModels.SIMDFunction{Node2{-,…}, ExaModels.Compressor{Tuple{Int64}}, ExaModels.Compressor{Tuple{}}}, CuArray{Tuple{Int64, Int64, Int64}, 1, CUDA.DeviceMemory}, Int64, Tuple{Int64}, Nothing}, ExaModels.Constraint{ExaModels.SIMDFunction{Node2{-,…}, ExaModels.Compressor{NTuple{183, Int64}}, ExaModels.Compressor{NTuple{16653, Int64}}}, CuArray{Tuple{Int64, Int64}, 1, CUDA.DeviceMemory}, Int64, Tuple{Int64}, Nothing}, ExaModels.Constraint{ExaModels.SIMDFunction{Node2{-,…}, ExaModels.Compressor{NTuple{27, Int64}}, ExaModels.Compressor{NTuple{351, Int64}}}, CuArray{Tuple{Int64, Int64, Int64}, 1, CUDA.DeviceMemory}, Int64, Tuple{Int64}, Nothing}, ExaModels.Constraint{ExaModels.SIMDFunction{Node2{-,…}, ExaModels.Compressor{NTuple{78, Int64}}, ExaModels.Compressor{NTuple{3003, Int64}}}, CuArray{Tuple{Int64, Int64}, 1, CUDA.DeviceMemory}, Int64, Tuple{Int64}, Nothing}, ExaModels.Constraint{ExaModels.SIMDFunction{Node2{-,…}, ExaModels.Compressor{NTuple{12, Int64}}, ExaModels.Compressor{NTuple{66, Int64}}}, CuArray{Tuple{Int64, Int64, Int64}, 1, CUDA.DeviceMemory}, Int64, Tuple{Int64}, Nothing}, ExaModels.Constraint{ExaModels.SIMDFunction{Node2{-,…}, ExaModels.Compressor{NTuple{12, Int64}}, ExaModels.Compressor{NTuple{66, Int64}}}, CuArray{Tuple{Int64, Int64, Int64}, 1, CUDA.DeviceMemory}, Int64, Tuple{Int64}, Nothing}, ExaModels.Constraint{ExaModels.SIMDFunction{Node2{-,…}, ExaModels.Compressor{NTuple{13, Int64}}, ExaModels.Compressor{NTuple{78, Int64}}}, CuArray{Tuple{Int64, Int64, Int64}, 1, CUDA.DeviceMemory}, Int64, Tuple{Int64}, Nothing}, ExaModels.Constraint{ExaModels.SIMDFunction{Node2{-,…}, ExaModels.Compressor{NTuple{8, Int64}}, ExaModels.Compressor{Tuple{}}}, CuArray{Tuple{Int64, Int64}, 1, CUDA.DeviceMemory}, Int64, Tuple{Int64}, Nothing}, ExaModels.Constraint{ExaModels.SIMDFunction{Node2{-,…}, ExaModels.Compressor{Tuple{Int64, Int64}}, ExaModels.Compressor{Tuple{}}}, CuArray{Tuple{Int64, Int64, Int64}, 1, CUDA.DeviceMemory}, Int64, Tuple{Int64}, Nothing}, ExaModels.Constraint{ExaModels.SIMDFunction{Node2{-,…}, ExaModels.Compressor{NTuple{8, Int64}}, ExaModels.Compressor{Tuple{}}}, CuArray{Tuple{Int64, Int64}, 1, CUDA.DeviceMemory}, Int64, Tuple{Int64}, Nothing}, ExaModels.Constraint{ExaModels.SIMDFunction{Node2{-,…}, ExaModels.Compressor{Tuple{Int64, Int64}}, ExaModels.Compressor{Tuple{}}}, CuArray{Tuple{Int64, Int64, Int64}, 1, CUDA.DeviceMemory}, Int64, Tuple{Int64}, Nothing}, ExaModels.Constraint{ExaModels.SIMDFunction{Node2{-,…}, ExaModels.Compressor{Tuple{Int64}}, ExaModels.Compressor{Tuple{}}}, CuArray{Tuple{Int64, Int64, Int64}, 1, CUDA.DeviceMemory}, Int64, Tuple{Int64}, Nothing}, ExaModels.Constraint{ExaModels.SIMDFunction{Node2{-,…}, ExaModels.Compressor{NTuple{19, Int64}}, ExaModels.Compressor{NTuple{171, Int64}}}, CuArray{Tuple{Int64, Int64, Int64}, 1, CUDA.DeviceMemory}, Int64, Tuple{Int64}, Nothing}, ExaModels.Constraint{ExaModels.SIMDFunction{Node2{-,…}, ExaModels.Compressor{NTuple{26, Int64}}, ExaModels.Compressor{NTuple{325, Int64}}}, CuArray{Tuple{Int64, Int64, Int64}, 1, CUDA.DeviceMemory}, Int64, Tuple{Int64}, Nothing}, ExaModels.Constraint{ExaModels.SIMDFunction{Node2{-,…}, ExaModels.Compressor{NTuple{12, Int64}}, ExaModels.Compressor{NTuple{66, Int64}}}, CuArray{Tuple{Int64, Int64, Int64}, 1, CUDA.DeviceMemory}, Int64, Tuple{Int64}, Nothing}, ExaModels.Constraint{ExaModels.SIMDFunction{Node2{-,…}, ExaModels.Compressor{NTuple{21, Int64}}, ExaModels.Compressor{NTuple{210, Int64}}}, CuArray{Tuple{Int64, Int64, Int64}, 1, CUDA.DeviceMemory}, Int64, Tuple{Int64}, Nothing}, ExaModels.Constraint{ExaModels.SIMDFunction{Node2{-,…}, ExaModels.Compressor{Tuple{Int64, Int64, Int64}}, ExaModels.Compressor{Tuple{}}}, CuArray{Tuple{Int64, Int64, Int64}, 1, CUDA.DeviceMemory}, Int64, Tuple{Int64}, Nothing}, ExaModels.Constraint{ExaModels.SIMDFunction{Node2{-,…}, ExaModels.Compressor{Tuple{Int64}}, ExaModels.Compressor{Tuple{}}}, CuArray{Tuple{Int64, Int64, Int64}, 1, CUDA.DeviceMemory}, Int64, Tuple{Int64}, Nothing}, ExaModels.Constraint{ExaModels.SIMDFunction{Node2{-,…}, ExaModels.Compressor{NTuple{8, Int64}}, ExaModels.Compressor{Tuple{}}}, CuArray{Tuple{Int64, Int64}, 1, CUDA.DeviceMemory}, Int64, Tuple{Int64}, Nothing}, ExaModels.Constraint{ExaModels.SIMDFunction{Node2{-,…}, ExaModels.Compressor{Tuple{Int64, Int64}}, ExaModels.Compressor{Tuple{}}}, CuArray{Tuple{Int64, Int64, Int64}, 1, CUDA.DeviceMemory}, Int64, Tuple{Int64}, Nothing}, ExaModels.Constraint{ExaModels.SIMDFunction{Node2{-,…}, ExaModels.Compressor{NTuple{13, Int64}}, ExaModels.Compressor{NTuple{78, Int64}}}, CuArray{Tuple{Int64, Int64, Int64}, 1, CUDA.DeviceMemory}, Int64, Tuple{Int64}, Nothing}, ExaModels.Constraint{ExaModels.SIMDFunction{Node2{-,…}, ExaModels.Compressor{NTuple{113, Int64}}, ExaModels.Compressor{NTuple{6328, Int64}}}, CuArray{Tuple{Int64, Int64}, 1, CUDA.DeviceMemory}, Int64, Tuple{Int64}, Nothing}, ExaModels.Constraint{ExaModels.SIMDFunction{Node2{-,…}, ExaModels.Compressor{NTuple{17, Int64}}, ExaModels.Compressor{NTuple{136, Int64}}}, CuArray{Tuple{Int64, Int64, Int64}, 1, CUDA.DeviceMemory}, Int64, Tuple{Int64}, Nothing}, ExaModels.Constraint{ExaModels.SIMDFunction{Node2{-,…}, ExaModels.Compressor{NTuple{8, Int64}}, ExaModels.Compressor{Tuple{}}}, CuArray{Tuple{Int64, Int64}, 1, CUDA.DeviceMemory}, Int64, Tuple{Int64}, Nothing}, ExaModels.Constraint{ExaModels.SIMDFunction{Node2{-,…}, ExaModels.Compressor{Tuple{Int64, Int64}}, ExaModels.Compressor{Tuple{}}}, CuArray{Tuple{Int64, Int64, Int64}, 1, CUDA.DeviceMemory}, Int64, Tuple{Int64}, Nothing}, ExaModels.Constraint{ExaModels.SIMDFunction{Node2{-,…}, ExaModels.Compressor{NTuple{18, Int64}}, ExaModels.Compressor{NTuple{153, Int64}}}, CuArray{Tuple{Int64, Int64, Int64}, 1, CUDA.DeviceMemory}, Int64, Tuple{Int64}, Nothing}, ExaModels.Constraint{ExaModels.SIMDFunction{Node2{-,…}, ExaModels.Compressor{NTuple{71, Int64}}, ExaModels.Compressor{NTuple{2485, Int64}}}, CuArray{Tuple{Int64, Int64}, 1, CUDA.DeviceMemory}, Int64, Tuple{Int64}, Nothing}, ExaModels.Constraint{ExaModels.SIMDFunction{Node2{-,…}, ExaModels.Compressor{NTuple{11, Int64}}, ExaModels.Compressor{NTuple{55, Int64}}}, CuArray{Tuple{Int64, Int64, Int64}, 1, CUDA.DeviceMemory}, Int64, Tuple{Int64}, Nothing}, ExaModels.Constraint{ExaModels.SIMDFunction{Node2{-,…}, ExaModels.Compressor{NTuple{27, Int64}}, ExaModels.Compressor{NTuple{351, Int64}}}, CuArray{Tuple{Int64, Int64, Int64}, 1, CUDA.DeviceMemory}, Int64, Tuple{Int64}, Nothing}, ExaModels.Constraint{ExaModels.SIMDFunction{Node2{-,…}, ExaModels.Compressor{NTuple{17, Int64}}, ExaModels.Compressor{NTuple{136, Int64}}}, CuArray{Tuple{Int64, Int64, Int64}, 1, CUDA.DeviceMemory}, Int64, Tuple{Int64}, Nothing}, ExaModels.Constraint{ExaModels.SIMDFunction{Node2{-,…}, ExaModels.Compressor{Tuple{Int64}}, ExaModels.Compressor{Tuple{}}}, CuArray{Tuple{Int64, Int64, Int64}, 1, CUDA.DeviceMemory}, Int64, Tuple{Int64}, Nothing}, ExaModels.Constraint{ExaModels.SIMDFunction{Node2{-,…}, ExaModels.Compressor{NTuple{85, Int64}}, ExaModels.Compressor{NTuple{3570, Int64}}}, CuArray{Tuple{Int64, Int64}, 1, CUDA.DeviceMemory}, Int64, Tuple{Int64}, Nothing}, ExaModels.Constraint{ExaModels.SIMDFunction{Node2{-,…}, ExaModels.Compressor{NTuple{13, Int64}}, ExaModels.Compressor{NTuple{78, Int64}}}, CuArray{Tuple{Int64, Int64, Int64}, 1, CUDA.DeviceMemory}, Int64, Tuple{Int64}, Nothing}, ExaModels.Constraint{ExaModels.SIMDFunction{Node2{-,…}, ExaModels.Compressor{NTuple{17, Int64}}, ExaModels.Compressor{NTuple{136, Int64}}}, CuArray{Tuple{Int64, Int64, Int64}, 1, CUDA.DeviceMemory}, Int64, Tuple{Int64}, Nothing}, ExaModels.Constraint{ExaModels.SIMDFunction{Node2{-,…}, ExaModels.Compressor{NTuple{12, Int64}}, ExaModels.Compressor{NTuple{66, Int64}}}, CuArray{Tuple{Int64, Int64, Int64}, 1, CUDA.DeviceMemory}, Int64, Tuple{Int64}, Nothing}, ExaModels.Constraint{ExaModels.SIMDFunction{Node2{-,…}, ExaModels.Compressor{NTuple{13, Int64}}, ExaModels.Compressor{NTuple{78, Int64}}}, CuArray{Tuple{Int64, Int64, Int64}, 1, CUDA.DeviceMemory}, Int64, Tuple{Int64}, Nothing}, ExaModels.Constraint{ExaModels.SIMDFunction{Node2{-,…}, ExaModels.Compressor{NTuple{18, Int64}}, ExaModels.Compressor{NTuple{153, Int64}}}, CuArray{Tuple{Int64, Int64, Int64}, 1, CUDA.DeviceMemory}, Int64, Tuple{Int64}, Nothing}, ExaModels.Constraint{ExaModels.SIMDFunction{Node2{-,…}, ExaModels.Compressor{NTuple{14, Int64}}, ExaModels.Compressor{NTuple{91, Int64}}}, CuArray{Tuple{Int64, Int64, Int64}, 1, CUDA.DeviceMemory}, Int64, Tuple{Int64}, Nothing}, ExaModels.Constraint{ExaModels.SIMDFunction{Node2{-,…}, ExaModels.Compressor{NTuple{71, Int64}}, ExaModels.Compressor{NTuple{2485, Int64}}}, CuArray{Tuple{Int64, Int64}, 1, CUDA.DeviceMemory}, Int64, Tuple{Int64}, Nothing}, ExaModels.Constraint{ExaModels.SIMDFunction{Node2{-,…}, ExaModels.Compressor{NTuple{11, Int64}}, ExaModels.Compressor{NTuple{55, Int64}}}, CuArray{Tuple{Int64, Int64, Int64}, 1, CUDA.DeviceMemory}, Int64, Tuple{Int64}, Nothing}, ExaModels.Constraint{ExaModels.SIMDFunction{Node2{-,…}, ExaModels.Compressor{NTuple{13, Int64}}, ExaModels.Compressor{NTuple{78, Int64}}}, CuArray{Tuple{Int64, Int64, Int64}, 1, CUDA.DeviceMemory}, Int64, Tuple{Int64}, Nothing}, ExaModels.Constraint{ExaModels.SIMDFunction{Node2{-,…}, ExaModels.Compressor{NTuple{18, Int64}}, ExaModels.Compressor{NTuple{153, Int64}}}, CuArray{Tuple{Int64, Int64, Int64}, 1, CUDA.DeviceMemory}, Int64, Tuple{Int64}, Nothing}, ExaModels.Constraint{ExaModels.SIMDFunction{Node2{-,…}, ExaModels.Compressor{NTuple{11, Int64}}, ExaModels.Compressor{NTuple{55, Int64}}}, CuArray{Tuple{Int64, Int64, Int64}, 1, CUDA.DeviceMemory}, Int64, Tuple{Int64}, Nothing}, ExaModels.Constraint{ExaModels.SIMDFunction{Node2{-,…}, ExaModels.Compressor{NTuple{13, Int64}}, ExaModels.Compressor{NTuple{78, Int64}}}, CuArray{Tuple{Int64, Int64, Int64}, 1, CUDA.DeviceMemory}, Int64, Tuple{Int64}, Nothing}, ExaModels.Constraint{ExaModels.SIMDFunction{Node2{-,…}, ExaModels.Compressor{NTuple{8, Int64}}, ExaModels.Compressor{Tuple{}}}, CuArray{Tuple{Int64, Int64}, 1, CUDA.DeviceMemory}, Int64, Tuple{Int64}, Nothing}, ExaModels.Constraint{ExaModels.SIMDFunction{Node2{-,…}, ExaModels.Compressor{Tuple{Int64, Int64}}, ExaModels.Compressor{Tuple{}}}, CuArray{Tuple{Int64, Int64, Int64}, 1, CUDA.DeviceMemory}, Int64, Tuple{Int64}, Nothing}, ExaModels.Constraint{ExaModels.SIMDFunction{Node2{-,…}, ExaModels.Compressor{NTuple{8, Int64}}, ExaModels.Compressor{Tuple{}}}, CuArray{Tuple{Int64, Int64}, 1, CUDA.DeviceMemory}, Int64, Tuple{Int64}, Nothing}, ExaModels.Constraint{ExaModels.SIMDFunction{Node2{-,…}, ExaModels.Compressor{Tuple{Int64, Int64}}, ExaModels.Compressor{Tuple{}}}, CuArray{Tuple{Int64, Int64, Int64}, 1, CUDA.DeviceMemory}, Int64, Tuple{Int64}, Nothing}, ExaModels.Constraint{ExaModels.SIMDFunction{Node2{-,…}, ExaModels.Compressor{NTuple{14, Int64}}, ExaModels.Compressor{NTuple{91, Int64}}}, CuArray{Tuple{Int64, Int64, Int64}, 1, CUDA.DeviceMemory}, Int64, Tuple{Int64}, Nothing}, ExaModels.Constraint{ExaModels.SIMDFunction{Node2{-,…}, ExaModels.Compressor{NTuple{12, Int64}}, ExaModels.Compressor{NTuple{66, Int64}}}, CuArray{Tuple{Int64, Int64, Int64}, 1, CUDA.DeviceMemory}, Int64, Tuple{Int64}, Nothing}, ExaModels.Constraint{ExaModels.SIMDFunction{Node2{-,…}, ExaModels.Compressor{NTuple{8, Int64}}, ExaModels.Compressor{Tuple{}}}, CuArray{Tuple{Int64, Int64}, 1, CUDA.DeviceMemory}, Int64, Tuple{Int64}, Nothing}, ExaModels.Constraint{ExaModels.SIMDFunction{Node2{-,…}, ExaModels.Compressor{Tuple{Int64, Int64}}, ExaModels.Compressor{Tuple{}}}, CuArray{Tuple{Int64, Int64, Int64}, 1, CUDA.DeviceMemory}, Int64, Tuple{Int64}, Nothing}, ExaModels.Constraint{ExaModels.SIMDFunction{Node2{-,…}, ExaModels.Compressor{NTuple{13, Int64}}, ExaModels.Compressor{NTuple{78, Int64}}}, CuArray{Tuple{Int64, Int64, Int64}, 1, CUDA.DeviceMemory}, Int64, Tuple{Int64}, Nothing}, ExaModels.Constraint{ExaModels.SIMDFunction{Node2{-,…}, ExaModels.Compressor{NTuple{8, Int64}}, ExaModels.Compressor{Tuple{}}}, CuArray{Tuple{Int64, Int64}, 1, CUDA.DeviceMemory}, Int64, Tuple{Int64}, Nothing}, ExaModels.Constraint{ExaModels.SIMDFunction{Node2{-,…}, ExaModels.Compressor{Tuple{Int64, Int64}}, ExaModels.Compressor{Tuple{}}}, CuArray{Tuple{Int64, Int64, Int64}, 1, CUDA.DeviceMemory}, Int64, Tuple{Int64}, Nothing}, ExaModels.Constraint{ExaModels.SIMDFunction{Node2{-,…}, ExaModels.Compressor{NTuple{11, Int64}}, ExaModels.Compressor{Tuple{}}}, CuArray{Tuple{Int64, Int64, Int64}, 1, CUDA.DeviceMemory}, Int64, Tuple{Int64}, Nothing}, ExaModels.Constraint{ExaModels.SIMDFunction{Node2{-,…}, ExaModels.Compressor{NTuple{8, Int64}}, ExaModels.Compressor{Tuple{}}}, CuArray{Tuple{Int64, Int64}, 1, CUDA.DeviceMemory}, Int64, Tuple{Int64}, Nothing}, ExaModels.Constraint{ExaModels.SIMDFunction{Node2{-,…}, ExaModels.Compressor{Tuple{Int64, Int64}}, ExaModels.Compressor{Tuple{}}}, CuArray{Tuple{Int64, Int64, Int64}, 1, CUDA.DeviceMemory}, Int64, Tuple{Int64}, Nothing}, ExaModels.Constraint{ExaModels.SIMDFunction{Node2{-,…}, ExaModels.Compressor{NTuple{21, Int64}}, ExaModels.Compressor{NTuple{210, Int64}}}, CuArray{Tuple{Int64, Int64, Int64}, 1, CUDA.DeviceMemory}, Int64, Tuple{Int64}, Nothing}, ExaModels.Constraint{ExaModels.SIMDFunction{Node2{-,…}, ExaModels.Compressor{NTuple{14, Int64}}, ExaModels.Compressor{NTuple{91, Int64}}}, CuArray{Tuple{Int64, Int64, Int64}, 1, CUDA.DeviceMemory}, Int64, Tuple{Int64}, Nothing}, ExaModels.Constraint{ExaModels.SIMDFunction{Node2{-,…}, ExaModels.Compressor{NTuple{11, Int64}}, ExaModels.Compressor{NTuple{55, Int64}}}, CuArray{Tuple{Int64, Int64, Int64}, 1, CUDA.DeviceMemory}, Int64, Tuple{Int64}, Nothing}, ExaModels.Constraint{ExaModels.SIMDFunction{Node2{-,…}, ExaModels.Compressor{NTuple{11, Int64}}, ExaModels.Compressor{NTuple{55, Int64}}}, CuArray{Tuple{Int64, Int64, Int64}, 1, CUDA.DeviceMemory}, Int64, Tuple{Int64}, Nothing}, ExaModels.Constraint{ExaModels.SIMDFunction{Node2{-,…}, ExaModels.Compressor{Tuple{Int64}}, ExaModels.Compressor{Tuple{}}}, CuArray{Tuple{Int64, Int64, Int64}, 1, CUDA.DeviceMemory}, Int64, Tuple{Int64}, Nothing}, ExaModels.Constraint{ExaModels.SIMDFunction{Node2{-,…}, ExaModels.Compressor{Tuple{Int64, Int64}}, ExaModels.Compressor{Tuple{}}}, CuArray{Tuple{Int64, Int64, Int64}, 1, CUDA.DeviceMemory}, Int64, Tuple{Int64}, Nothing}, ExaModels.Constraint{ExaModels.SIMDFunction{Node2{-,…}, ExaModels.Compressor{Tuple{Int64, Int64}}, ExaModels.Compressor{Tuple{Int64}}}, CuArray{Tuple{Int64, Int64, Int64}, 1, CUDA.DeviceMemory}, Int64, Tuple{Int64}, Nothing}, ExaModels.Constraint{ExaModels.SIMDFunction{Node2{-,…}, ExaModels.Compressor{Tuple{Int64}}, ExaModels.Compressor{Tuple{}}}, CuArray{Tuple{Int64, Int64, Float64}, 1, CUDA.DeviceMemory}, Int64, Tuple{Int64}, Nothing}, ExaModels.ConstraintAugmentation{ExaModels.SIMDFunction{Pair{Tuple{DataIndexed{…}, DataIndexed{…}, DataIndexed{…}}, Node2{*,…}}, ExaModels.Compressor{Tuple{Int64}}, ExaModels.Compressor{Tuple{}}}, CuArray{Tuple{Int64, Int64, Int64, Int64, Float64}, 4, CUDA.DeviceMemory}, Tuple{Int64, Int64, Int64}, Nothing}, ExaModels.Constraint{ExaModels.SIMDFunction{Node1{-,…}, ExaModels.Compressor{Tuple{Int64}}, ExaModels.Compressor{Tuple{}}}, CuArray{Tuple{Int64, Int64, Int64}, 3, CUDA.DeviceMemory}, Int64, Tuple{Int64, Int64, Int64}, Nothing}, ExaModels.Constraint{ExaModels.SIMDFunction{Node2{-,…}, ExaModels.Compressor{Tuple{Int64, Int64}}, ExaModels.Compressor{Tuple{Int64}}}, CuArray{Tuple{Int64, Int64, Int64}, 1, CUDA.DeviceMemory}, Int64, Tuple{Int64}, Nothing}, ExaModels.Constraint{ExaModels.SIMDFunction{Node2{-,…}, ExaModels.Compressor{Tuple{Int64}}, ExaModels.Compressor{Tuple{}}}, CuArray{Tuple{Int64, Int64, Float64}, 1, CUDA.DeviceMemory}, Int64, Tuple{Int64}, Nothing}, ExaModels.ConstraintAugmentation{ExaModels.SIMDFunction{Pair{Tuple{DataIndexed{…}, DataIndexed{…}, DataIndexed{…}}, Node2{*,…}}, ExaModels.Compressor{Tuple{Int64}}, ExaModels.Compressor{Tuple{}}}, CuArray{Tuple{Int64, Int64, Int64, Int64, Float64}, 4, CUDA.DeviceMemory}, Tuple{Int64, Int64, Int64}, Nothing}, ExaModels.ConstraintAugmentation{ExaModels.SIMDFunction{Pair{Tuple{DataIndexed{…}, DataIndexed{…}, DataIndexed{…}}, Node2{*,…}}, ExaModels.Compressor{Tuple{Int64}}, ExaModels.Compressor{Tuple{}}}, CuArray{Tuple{Int64, Int64, Int64, Int64, Float64}, 4, CUDA.DeviceMemory}, Tuple{Int64, Int64, Int64}, Nothing}, ExaModels.ConstraintAugmentation{ExaModels.SIMDFunction{Pair{Tuple{DataIndexed{…}, DataIndexed{…}, DataIndexed{…}}, Node2{*,…}}, ExaModels.Compressor{Tuple{Int64}}, ExaModels.Compressor{Tuple{}}}, CuArray{Tuple{Int64, Int64, Int64, Int64, Float64}, 4, CUDA.DeviceMemory}, Tuple{Int64, Int64, Int64}, Nothing}, ExaModels.ConstraintAugmentation{ExaModels.SIMDFunction{Pair{Tuple{DataIndexed{…}, DataIndexed{…}, DataIndexed{…}}, Node2{*,…}}, ExaModels.Compressor{Tuple{Int64}}, ExaModels.Compressor{Tuple{}}}, CuArray{Tuple{Int64, Int64, Int64, Int64, Float64}, 4, CUDA.DeviceMemory}, Tuple{Int64, Int64, Int64}, Nothing}, ExaModels.ConstraintAugmentation{ExaModels.SIMDFunction{Pair{Tuple{DataIndexed{…}, DataIndexed{…}, DataIndexed{…}}, Node2{*,…}}, ExaModels.Compressor{Tuple{Int64}}, ExaModels.Compressor{Tuple{}}}, CuArray{Tuple{Int64, Int64, Int64, Int64, Float64}, 4, CUDA.DeviceMemory}, Tuple{Int64, Int64, Int64}, Nothing}, ExaModels.ConstraintAugmentation{ExaModels.SIMDFunction{Pair{Tuple{DataIndexed{…}, DataIndexed{…}, DataIndexed{…}}, Node2{*,…}}, ExaModels.Compressor{Tuple{Int64}}, ExaModels.Compressor{Tuple{}}}, CuArray{Tuple{Int64, Int64, Int64, Int64, Float64}, 4, CUDA.DeviceMemory}, Tuple{Int64, Int64, Int64}, Nothing}, ExaModels.ConstraintAugmentation{ExaModels.SIMDFunction{Pair{Tuple{DataIndexed{…}, DataIndexed{…}, DataIndexed{…}}, Node2{*,…}}, ExaModels.Compressor{Tuple{Int64}}, ExaModels.Compressor{Tuple{}}}, CuArray{Tuple{Int64, Int64, Int64, Int64, Float64}, 4, CUDA.DeviceMemory}, Tuple{Int64, Int64, Int64}, Nothing}, ExaModels.ConstraintAugmentation{ExaModels.SIMDFunction{Pair{Tuple{DataIndexed{…}, DataIndexed{…}, DataIndexed{…}}, Node2{*,…}}, ExaModels.Compressor{Tuple{Int64}}, ExaModels.Compressor{Tuple{}}}, CuArray{Tuple{Int64, Int64, Int64, Int64, Float64}, 4, CUDA.DeviceMemory}, Tuple{Int64, Int64, Int64}, Nothing}, ExaModels.ConstraintAugmentation{ExaModels.SIMDFunction{Pair{Tuple{DataIndexed{…}, DataIndexed{…}, DataIndexed{…}}, Node2{*,…}}, ExaModels.Compressor{Tuple{Int64}}, ExaModels.Compressor{Tuple{}}}, CuArray{Tuple{Int64, Int64, Int64, Int64, Float64}, 4, CUDA.DeviceMemory}, Tuple{Int64, Int64, Int64}, Nothing}, ExaModels.ConstraintAugmentation{ExaModels.SIMDFunction{Pair{Tuple{DataIndexed{…}, DataIndexed{…}, DataIndexed{…}}, Node2{*,…}}, ExaModels.Compressor{Tuple{Int64}}, ExaModels.Compressor{Tuple{}}}, CuArray{Tuple{Int64, Int64, Int64, Int64, Float64}, 4, CUDA.DeviceMemory}, Tuple{Int64, Int64, Int64}, Nothing}, ExaModels.ConstraintAugmentation{ExaModels.SIMDFunction{Pair{Tuple{DataIndexed{…}, DataIndexed{…}, DataIndexed{…}}, Node2{*,…}}, ExaModels.Compressor{Tuple{Int64}}, ExaModels.Compressor{Tuple{}}}, CuArray{Tuple{Int64, Int64, Int64, Int64, Float64}, 4, CUDA.DeviceMemory}, Tuple{Int64, Int64, Int64}, Nothing}, ExaModels.ConstraintAugmentation{ExaModels.SIMDFunction{Pair{Tuple{DataIndexed{…}, DataIndexed{…}, DataIndexed{…}}, Node2{*,…}}, ExaModels.Compressor{Tuple{Int64}}, ExaModels.Compressor{Tuple{}}}, CuArray{Tuple{Int64, Int64, Int64, Int64, Float64}, 4, CUDA.DeviceMemory}, Tuple{Int64, Int64, Int64}, Nothing}, ExaModels.ConstraintAugmentation{ExaModels.SIMDFunction{Pair{Tuple{DataIndexed{…}, DataIndexed{…}, DataIndexed{…}}, Node2{*,…}}, ExaModels.Compressor{Tuple{Int64}}, ExaModels.Compressor{Tuple{}}}, CuArray{Tuple{Int64, Int64, Int64, Int64, Float64}, 4, CUDA.DeviceMemory}, Tuple{Int64, Int64, Int64}, Nothing}, ExaModels.ConstraintAugmentation{ExaModels.SIMDFunction{Pair{Tuple{DataIndexed{…}, DataIndexed{…}, DataIndexed{…}}, Node2{*,…}}, ExaModels.Compressor{Tuple{Int64}}, ExaModels.Compressor{Tuple{}}}, CuArray{Tuple{Int64, Int64, Int64, Int64, Float64}, 4, CUDA.DeviceMemory}, Tuple{Int64, Int64, Int64}, Nothing}, ExaModels.ConstraintAugmentation{ExaModels.SIMDFunction{Pair{Tuple{DataIndexed{…}, DataIndexed{…}, DataIndexed{…}}, Node2{*,…}}, ExaModels.Compressor{Tuple{Int64}}, ExaModels.Compressor{Tuple{}}}, CuArray{Tuple{Int64, Int64, Int64, Int64, Float64}, 4, CUDA.DeviceMemory}, Tuple{Int64, Int64, Int64}, Nothing}, ExaModels.ConstraintAugmentation{ExaModels.SIMDFunction{Pair{Tuple{DataIndexed{…}, DataIndexed{…}, DataIndexed{…}}, Node2{*,…}}, ExaModels.Compressor{Tuple{Int64}}, ExaModels.Compressor{Tuple{}}}, CuArray{Tuple{Int64, Int64, Int64, Int64, Float64}, 4, CUDA.DeviceMemory}, Tuple{Int64, Int64, Int64}, Nothing}, ExaModels.ConstraintAugmentation{ExaModels.SIMDFunction{Pair{Tuple{DataIndexed{…}, DataIndexed{…}, DataIndexed{…}}, Node2{*,…}}, ExaModels.Compressor{Tuple{Int64}}, ExaModels.Compressor{Tuple{}}}, CuArray{Tuple{Int64, Int64, Int64, Int64, Float64}, 4, CUDA.DeviceMemory}, Tuple{Int64, Int64, Int64}, Nothing}, ExaModels.ConstraintAugmentation{ExaModels.SIMDFunction{Pair{Tuple{DataIndexed{…}, DataIndexed{…}, DataIndexed{…}}, Node2{*,…}}, ExaModels.Compressor{Tuple{Int64}}, ExaModels.Compressor{Tuple{}}}, CuArray{Tuple{Int64, Int64, Int64, Int64, Float64}, 4, CUDA.DeviceMemory}, Tuple{Int64, Int64, Int64}, Nothing}, ExaModels.ConstraintAugmentation{ExaModels.SIMDFunction{Pair{Tuple{DataIndexed{…}, DataIndexed{…}, DataIndexed{…}}, Node2{*,…}}, ExaModels.Compressor{Tuple{Int64}}, ExaModels.Compressor{Tuple{}}}, CuArray{Tuple{Int64, Int64, Int64, Int64, Float64}, 4, CUDA.DeviceMemory}, Tuple{Int64, Int64, Int64}, Nothing}, ExaModels.ConstraintAugmentation{ExaModels.SIMDFunction{Pair{Tuple{DataIndexed{…}, DataIndexed{…}, DataIndexed{…}}, Node2{*,…}}, ExaModels.Compressor{Tuple{Int64}}, ExaModels.Compressor{Tuple{}}}, CuArray{Tuple{Int64, Int64, Int64, Int64, Float64}, 4, CUDA.DeviceMemory}, Tuple{Int64, Int64, Int64}, Nothing}, ExaModels.ConstraintAugmentation{ExaModels.SIMDFunction{Pair{Tuple{DataIndexed{…}, DataIndexed{…}, DataIndexed{…}}, Node2{*,…}}, ExaModels.Compressor{Tuple{Int64}}, ExaModels.Compressor{Tuple{}}}, CuArray{Tuple{Int64, Int64, Int64, Int64, Float64}, 4, CUDA.DeviceMemory}, Tuple{Int64, Int64, Int64}, Nothing}, ExaModels.ConstraintAugmentation{ExaModels.SIMDFunction{Pair{Tuple{DataIndexed{…}, DataIndexed{…}, DataIndexed{…}}, Node2{*,…}}, ExaModels.Compressor{Tuple{Int64}}, ExaModels.Compressor{Tuple{}}}, CuArray{Tuple{Int64, Int64, Int64, Int64, Float64}, 4, CUDA.DeviceMemory}, Tuple{Int64, Int64, Int64}, Nothing}, ExaModels.ConstraintAugmentation{ExaModels.SIMDFunction{Pair{Tuple{DataIndexed{…}, DataIndexed{…}, DataIndexed{…}}, Node2{*,…}}, ExaModels.Compressor{Tuple{Int64}}, ExaModels.Compressor{Tuple{}}}, CuArray{Tuple{Int64, Int64, Int64, Int64, Float64}, 4, CUDA.DeviceMemory}, Tuple{Int64, Int64, Int64}, Nothing}, ExaModels.ConstraintAugmentation{ExaModels.SIMDFunction{Pair{Tuple{DataIndexed{…}, DataIndexed{…}, DataIndexed{…}}, Node2{*,…}}, ExaModels.Compressor{Tuple{Int64}}, ExaModels.Compressor{Tuple{}}}, CuArray{Tuple{Int64, Int64, Int64, Int64, Float64}, 4, CUDA.DeviceMemory}, Tuple{Int64, Int64, Int64}, Nothing}, ExaModels.ConstraintAugmentation{ExaModels.SIMDFunction{Pair{Tuple{DataIndexed{…}, DataIndexed{…}, DataIndexed{…}}, Node2{*,…}}, ExaModels.Compressor{Tuple{Int64}}, ExaModels.Compressor{Tuple{}}}, CuArray{Tuple{Int64, Int64, Int64, Int64, Float64}, 4, CUDA.DeviceMemory}, Tuple{Int64, Int64, Int64}, Nothing}, ExaModels.ConstraintAugmentation{ExaModels.SIMDFunction{Pair{Tuple{DataIndexed{…}, DataIndexed{…}, DataIndexed{…}}, Node2{*,…}}, ExaModels.Compressor{Tuple{Int64}}, ExaModels.Compressor{Tuple{}}}, CuArray{Tuple{Int64, Int64, Int64, Int64, Float64}, 4, CUDA.DeviceMemory}, Tuple{Int64, Int64, Int64}, Nothing}, ExaModels.ConstraintAugmentation{ExaModels.SIMDFunction{Pair{Tuple{DataIndexed{…}, DataIndexed{…}, DataIndexed{…}}, Node2{*,…}}, ExaModels.Compressor{Tuple{Int64}}, ExaModels.Compressor{Tuple{}}}, CuArray{Tuple{Int64, Int64, Int64, Int64, Float64}, 4, CUDA.DeviceMemory}, Tuple{Int64, Int64, Int64}, Nothing}, ExaModels.ConstraintAugmentation{ExaModels.SIMDFunction{Pair{Tuple{DataIndexed{…}, DataIndexed{…}, DataIndexed{…}}, Node2{*,…}}, ExaModels.Compressor{Tuple{Int64}}, ExaModels.Compressor{Tuple{}}}, CuArray{Tuple{Int64, Int64, Int64, Int64, Float64}, 4, CUDA.DeviceMemory}, Tuple{Int64, Int64, Int64}, Nothing}, ExaModels.ConstraintAugmentation{ExaModels.SIMDFunction{Pair{Tuple{DataIndexed{…}, DataIndexed{…}, DataIndexed{…}}, Node2{*,…}}, ExaModels.Compressor{Tuple{Int64}}, ExaModels.Compressor{Tuple{}}}, CuArray{Tuple{Int64, Int64, Int64, Int64, Float64}, 4, CUDA.DeviceMemory}, Tuple{Int64, Int64, Int64}, Nothing}, ExaModels.ConstraintAugmentation{ExaModels.SIMDFunction{Pair{Tuple{DataIndexed{…}, DataIndexed{…}, DataIndexed{…}}, Node2{*,…}}, ExaModels.Compressor{Tuple{Int64}}, ExaModels.Compressor{Tuple{}}}, CuArray{Tuple{Int64, Int64, Int64, Int64, Float64}, 4, CUDA.DeviceMemory}, Tuple{Int64, Int64, Int64}, Nothing}, ExaModels.ConstraintAugmentation{ExaModels.SIMDFunction{Pair{Tuple{DataIndexed{…}, DataIndexed{…}, DataIndexed{…}}, Node2{*,…}}, ExaModels.Compressor{Tuple{Int64}}, ExaModels.Compressor{Tuple{}}}, CuArray{Tuple{Int64, Int64, Int64, Int64, Float64}, 4, CUDA.DeviceMemory}, Tuple{Int64, Int64, Int64}, Nothing}, ExaModels.ConstraintAugmentation{ExaModels.SIMDFunction{Pair{Tuple{DataIndexed{…}, DataIndexed{…}, DataIndexed{…}}, Node2{*,…}}, ExaModels.Compressor{Tuple{Int64}}, ExaModels.Compressor{Tuple{}}}, CuArray{Tuple{Int64, Int64, Int64, Int64, Float64}, 4, CUDA.DeviceMemory}, Tuple{Int64, Int64, Int64}, Nothing}, ExaModels.ConstraintAugmentation{ExaModels.SIMDFunction{Pair{Tuple{DataIndexed{…}, DataIndexed{…}, DataIndexed{…}}, Node2{*,…}}, ExaModels.Compressor{Tuple{Int64}}, ExaModels.Compressor{Tuple{}}}, CuArray{Tuple{Int64, Int64, Int64, Int64, Float64}, 4, CUDA.DeviceMemory}, Tuple{Int64, Int64, Int64}, Nothing}, ExaModels.Constraint{ExaModels.SIMDFunction{Node2{*,…}, ExaModels.Compressor{NTuple{25, Int64}}, ExaModels.Compressor{NTuple{46, Int64}}}, CuArray{Tuple{Int64, Int64, Int64, Float64}, 3, CUDA.DeviceMemory}, Int64, Tuple{Int64, Int64, Int64}, Nothing}, ExaModels.Constraint{ExaModels.SIMDFunction{Node2{*,…}, ExaModels.Compressor{NTuple{5, Int64}}, ExaModels.Compressor{NTuple{9, Int64}}}, CuArray{Tuple{Int64, Int64, Int64, Float64}, 3, CUDA.DeviceMemory}, Int64, Tuple{Int64, Int64, Int64}, Nothing}, ExaModels.Constraint{ExaModels.SIMDFunction{Node2{*,…}, ExaModels.Compressor{Tuple{Int64, Int64}}, ExaModels.Compressor{Tuple{Int64, Int64, Int64}}}, CuArray{Tuple{Int64, Int64, Int64, Float64}, 3, CUDA.DeviceMemory}, Int64, Tuple{Int64, Int64, Int64}, Nothing}, ExaModels.Constraint{ExaModels.SIMDFunction{Node2{*,…}, ExaModels.Compressor{Tuple{Int64, Int64, Int64}}, ExaModels.Compressor{NTuple{6, Int64}}}, CuArray{Tuple{Int64, Int64, Int64, Float64}, 3, CUDA.DeviceMemory}, Int64, Tuple{Int64, Int64, Int64}, Nothing}, ExaModels.Constraint{ExaModels.SIMDFunction{Node2{*,…}, ExaModels.Compressor{NTuple{11, Int64}}, ExaModels.Compressor{NTuple{48, Int64}}}, CuArray{Tuple{Int64, Int64, Int64, Float64}, 3, CUDA.DeviceMemory}, Int64, Tuple{Int64, Int64, Int64}, Nothing}, ExaModels.Constraint{ExaModels.SIMDFunction{Node2{*,…}, ExaModels.Compressor{NTuple{6, Int64}}, ExaModels.Compressor{NTuple{13, Int64}}}, CuArray{Tuple{Int64, Int64, Int64, Float64}, 3, CUDA.DeviceMemory}, Int64, Tuple{Int64, Int64, Int64}, Nothing}, ExaModels.Constraint{ExaModels.SIMDFunction{Node2{*,…}, ExaModels.Compressor{NTuple{11, Int64}}, ExaModels.Compressor{NTuple{48, Int64}}}, CuArray{Tuple{Int64, Int64, Int64, Float64}, 3, CUDA.DeviceMemory}, Int64, Tuple{Int64, Int64, Int64}, Nothing}, ExaModels.Constraint{ExaModels.SIMDFunction{Node2{*,…}, ExaModels.Compressor{NTuple{5, Int64}}, ExaModels.Compressor{NTuple{9, Int64}}}, CuArray{Tuple{Int64, Int64, Int64, Float64}, 3, CUDA.DeviceMemory}, Int64, Tuple{Int64, Int64, Int64}, Nothing}, ExaModels.Constraint{ExaModels.SIMDFunction{Node2{*,…}, ExaModels.Compressor{NTuple{11, Int64}}, ExaModels.Compressor{NTuple{48, Int64}}}, CuArray{Tuple{Int64, Int64, Int64, Float64}, 3, CUDA.DeviceMemory}, Int64, Tuple{Int64, Int64, Int64}, Nothing}, ExaModels.Constraint{ExaModels.SIMDFunction{Node2{*,…}, ExaModels.Compressor{NTuple{11, Int64}}, ExaModels.Compressor{NTuple{48, Int64}}}, CuArray{Tuple{Int64, Int64, Int64, Float64}, 3, CUDA.DeviceMemory}, Int64, Tuple{Int64, Int64, Int64}, Nothing}, ExaModels.Constraint{ExaModels.SIMDFunction{Node2{*,…}, ExaModels.Compressor{NTuple{22, Int64}}, ExaModels.Compressor{NTuple{40, Int64}}}, CuArray{Tuple{Int64, Int64, Int64, Float64}, 3, CUDA.DeviceMemory}, Int64, Tuple{Int64, Int64, Int64}, Nothing}, ExaModels.Constraint{ExaModels.SIMDFunction{Node2{*,…}, ExaModels.Compressor{NTuple{13, Int64}}, ExaModels.Compressor{NTuple{69, Int64}}}, CuArray{Tuple{Int64, Int64, Int64, Float64}, 3, CUDA.DeviceMemory}, Int64, Tuple{Int64, Int64, Int64}, Nothing}, ExaModels.Constraint{ExaModels.SIMDFunction{Node2{*,…}, ExaModels.Compressor{Tuple{Int64, Int64}}, ExaModels.Compressor{Tuple{Int64, Int64, Int64}}}, CuArray{Tuple{Int64, Int64, Int64, Float64}, 3, CUDA.DeviceMemory}, Int64, Tuple{Int64, Int64, Int64}, Nothing}, ExaModels.Constraint{ExaModels.SIMDFunction{Node2{*,…}, ExaModels.Compressor{Tuple{}}, ExaModels.Compressor{Tuple{}}}, CuArray{Tuple{Int64, Int64, Int64, Float64}, 3, CUDA.DeviceMemory}, Int64, Tuple{Int64, Int64, Int64}, Nothing}, ExaModels.Constraint{ExaModels.SIMDFunction{Node2{*,…}, ExaModels.Compressor{NTuple{5, Int64}}, ExaModels.Compressor{NTuple{9, Int64}}}, CuArray{Tuple{Int64, Int64, Int64, Float64}, 3, CUDA.DeviceMemory}, Int64, Tuple{Int64, Int64, Int64}, Nothing}, ExaModels.Constraint{ExaModels.SIMDFunction{Node2{*,…}, ExaModels.Compressor{NTuple{5, Int64}}, ExaModels.Compressor{NTuple{9, Int64}}}, CuArray{Tuple{Int64, Int64, Int64, Float64}, 3, CUDA.DeviceMemory}, Int64, Tuple{Int64, Int64, Int64}, Nothing}, ExaModels.Constraint{ExaModels.SIMDFunction{Node2{*,…}, ExaModels.Compressor{Tuple{Int64, Int64, Int64}}, ExaModels.Compressor{NTuple{6, Int64}}}, CuArray{Tuple{Int64, Int64, Int64, Float64}, 3, CUDA.DeviceMemory}, Int64, Tuple{Int64, Int64, Int64}, Nothing}, ExaModels.Constraint{ExaModels.SIMDFunction{Node2{*,…}, ExaModels.Compressor{Tuple{}}, ExaModels.Compressor{Tuple{}}}, CuArray{Tuple{Int64, Int64, Int64, Float64}, 3, CUDA.DeviceMemory}, Int64, Tuple{Int64, Int64, Int64}, Nothing}, ExaModels.Constraint{ExaModels.SIMDFunction{Node2{*,…}, ExaModels.Compressor{NTuple{11, Int64}}, ExaModels.Compressor{NTuple{48, Int64}}}, CuArray{Tuple{Int64, Int64, Int64, Float64}, 3, CUDA.DeviceMemory}, Int64, Tuple{Int64, Int64, Int64}, Nothing}, ExaModels.Constraint{ExaModels.SIMDFunction{Node2{*,…}, ExaModels.Compressor{Tuple{Int64, Int64}}, ExaModels.Compressor{Tuple{Int64, Int64, Int64}}}, CuArray{Tuple{Int64, Int64, Int64, Float64}, 3, CUDA.DeviceMemory}, Int64, Tuple{Int64, Int64, Int64}, Nothing}, ExaModels.Constraint{ExaModels.SIMDFunction{Node2{*,…}, ExaModels.Compressor{NTuple{9, Int64}}, ExaModels.Compressor{NTuple{31, Int64}}}, CuArray{Tuple{Int64, Int64, Int64, Float64}, 3, CUDA.DeviceMemory}, Int64, Tuple{Int64, Int64, Int64}, Nothing}, ExaModels.Constraint{ExaModels.SIMDFunction{Node2{*,…}, ExaModels.Compressor{NTuple{16, Int64}}, ExaModels.Compressor{NTuple{24, Int64}}}, CuArray{Tuple{Int64, Int64, Int64, Float64}, 3, CUDA.DeviceMemory}, Int64, Tuple{Int64, Int64, Int64}, Nothing}, ExaModels.Constraint{ExaModels.SIMDFunction{Node2{*,…}, ExaModels.Compressor{NTuple{16, Int64}}, ExaModels.Compressor{NTuple{24, Int64}}}, CuArray{Tuple{Int64, Int64, Int64, Float64}, 3, CUDA.DeviceMemory}, Int64, Tuple{Int64, Int64, Int64}, Nothing}, ExaModels.Constraint{ExaModels.SIMDFunction{Node2{*,…}, ExaModels.Compressor{NTuple{11, Int64}}, ExaModels.Compressor{NTuple{48, Int64}}}, CuArray{Tuple{Int64, Int64, Int64, Float64}, 3, CUDA.DeviceMemory}, Int64, Tuple{Int64, Int64, Int64}, Nothing}, ExaModels.Constraint{ExaModels.SIMDFunction{Node2{*,…}, ExaModels.Compressor{Tuple{Int64, Int64}}, ExaModels.Compressor{Tuple{Int64, Int64, Int64}}}, CuArray{Tuple{Int64, Int64, Int64, Float64}, 3, CUDA.DeviceMemory}, Int64, Tuple{Int64, Int64, Int64}, Nothing}, ExaModels.Constraint{ExaModels.SIMDFunction{Node2{*,…}, ExaModels.Compressor{NTuple{17, Int64}}, ExaModels.Compressor{NTuple{31, Int64}}}, CuArray{Tuple{Int64, Int64, Int64, Float64}, 3, CUDA.DeviceMemory}, Int64, Tuple{Int64, Int64, Int64}, Nothing}, ExaModels.Constraint{ExaModels.SIMDFunction{Node2{*,…}, ExaModels.Compressor{NTuple{13, Int64}}, ExaModels.Compressor{NTuple{69, Int64}}}, CuArray{Tuple{Int64, Int64, Int64, Float64}, 3, CUDA.DeviceMemory}, Int64, Tuple{Int64, Int64, Int64}, Nothing}, ExaModels.Constraint{ExaModels.SIMDFunction{Node2{*,…}, ExaModels.Compressor{NTuple{5, Int64}}, ExaModels.Compressor{NTuple{9, Int64}}}, CuArray{Tuple{Int64, Int64, Int64, Float64}, 3, CUDA.DeviceMemory}, Int64, Tuple{Int64, Int64, Int64}, Nothing}, ExaModels.Constraint{ExaModels.SIMDFunction{Node2{*,…}, ExaModels.Compressor{NTuple{9, Int64}}, ExaModels.Compressor{NTuple{31, Int64}}}, CuArray{Tuple{Int64, Int64, Int64, Float64}, 3, CUDA.DeviceMemory}, Int64, Tuple{Int64, Int64, Int64}, Nothing}, ExaModels.Constraint{ExaModels.SIMDFunction{Node2{*,…}, ExaModels.Compressor{NTuple{9, Int64}}, ExaModels.Compressor{NTuple{31, Int64}}}, CuArray{Tuple{Int64, Int64, Int64, Float64}, 3, CUDA.DeviceMemory}, Int64, Tuple{Int64, Int64, Int64}, Nothing}, ExaModels.Constraint{ExaModels.SIMDFunction{Node2{*,…}, ExaModels.Compressor{NTuple{13, Int64}}, ExaModels.Compressor{NTuple{69, Int64}}}, CuArray{Tuple{Int64, Int64, Int64, Float64}, 3, CUDA.DeviceMemory}, Int64, Tuple{Int64, Int64, Int64}, Nothing}, ExaModels.Constraint{ExaModels.SIMDFunction{Node2{*,…}, ExaModels.Compressor{Tuple{Int64, Int64}}, ExaModels.Compressor{Tuple{Int64, Int64, Int64}}}, CuArray{Tuple{Int64, Int64, Int64, Float64}, 3, CUDA.DeviceMemory}, Int64, Tuple{Int64, Int64, Int64}, Nothing}, ExaModels.Constraint{ExaModels.SIMDFunction{Node2{*,…}, ExaModels.Compressor{Tuple{Int64, Int64}}, ExaModels.Compressor{Tuple{Int64, Int64, Int64}}}, CuArray{Tuple{Int64, Int64, Int64, Float64}, 3, CUDA.DeviceMemory}, Int64, Tuple{Int64, Int64, Int64}, Nothing}}, Nothing, @NamedTuple{p::ExaModels.Variable{Tuple{UnitRange{Int64}}, Int64, Nothing}, z::ExaModels.Variable{NTuple{4, UnitRange{Int64}}, Int64, Nothing}, y::ExaModels.Variable{Tuple{UnitRange{Int64}}, Int64, Nothing}, sigma::ExaModels.Variable{Tuple{UnitRange{Int64}}, Int64, Nothing}, cv::ExaModels.Variable{Tuple{UnitRange{Int64}, UnitRange{Int64}}, Int64, Nothing}}}; fixed_variable_treatment::Type, equality_treatment::Type{MadNLP.RelaxEquality})
│        @ MadNLP ~/.julia/packages/MadNLP/8V9Lm/src/Callbacks/nlpmodels.jl:437
│     [70] MadNLPSolver(nlp::ExaModel{Float64, CuArray{Float64, 1, CUDA.DeviceMemory}, ExaModelsKernelAbstractions.KAExtension{Float64, CuArray{Float64, 1, CUDA.DeviceMemory}, Nothing, CuArray{Tuple{Int64, Int64}, 1, CUDA.DeviceMemory}, CuArray{Int64, 1, CUDA.DeviceMemory}, CUDABackend}, Tuple{ExaModels.Variable{Tuple{UnitRange{Int64}, UnitRange{Int64}}, Int64, Nothing}, ExaModels.Variable{Tuple{UnitRange{Int64}}, Int64, Nothing}, ExaModels.Variable{Tuple{UnitRange{Int64}}, Int64, Nothing}, ExaModels.Variable{NTuple{4, UnitRange{Int64}}, Int64, Nothing}, ExaModels.Variable{Tuple{UnitRange{Int64}}, Int64, Nothing}}, Tuple{}, Tuple{ExaModels.Objective{ExaModels.SIMDFunction{Node2{+,…}, ExaModels.Compressor{Tuple{Int64, Int64, Int64}}, ExaModels.Compressor{NTuple{4, Int64}}}, CuArray{Tuple{Int64, Float64, Float64}, 1, CUDA.DeviceMemory}}, ExaModels.Objective{ExaModels.SIMDFunction{Node2{+,…}, ExaModels.Compressor{Tuple{Int64, Int64, Int64}}, ExaModels.Compressor{NTuple{4, Int64}}}, CuArray{Tuple{Int64, Float64, Float64}, 1, CUDA.DeviceMemory}}}, Tuple{ExaModels.Constraint{ExaModels.SIMDFunction{Node2{-,…}, ExaModels.Compressor{Tuple{Int64, Int64}}, ExaModels.Compressor{Tuple{Int64}}}, CuArray{Tuple{Int64, Int64}, 1, CUDA.DeviceMemory}, Int64, Tuple{Int64}, Nothing}, ExaModels.Constraint{ExaModels.SIMDFunction{Node2{-,…}, ExaModels.Compressor{Tuple{Int64}}, ExaModels.Compressor{Tuple{}}}, CuArray{Tuple{Int64, Float64}, 1, CUDA.DeviceMemory}, Int64, Tuple{Int64}, Nothing}, ExaModels.Constraint{ExaModels.SIMDFunction{Node2{-,…}, ExaModels.Compressor{NTuple{8, Int64}}, ExaModels.Compressor{Tuple{}}}, CuArray{Tuple{Int64, Int64}, 1, CUDA.DeviceMemory}, Int64, Tuple{Int64}, Nothing}, ExaModels.Constraint{ExaModels.SIMDFunction{Node2{-,…}, ExaModels.Compressor{Tuple{Int64, Int64}}, ExaModels.Compressor{Tuple{}}}, CuArray{Tuple{Int64, Int64, Int64}, 1, CUDA.DeviceMemory}, Int64, Tuple{Int64}, Nothing}, ExaModels.Constraint{ExaModels.SIMDFunction{Node2{-,…}, ExaModels.Compressor{NTuple{14, Int64}}, ExaModels.Compressor{NTuple{91, Int64}}}, CuArray{Tuple{Int64, Int64, Int64}, 1, CUDA.DeviceMemory}, Int64, Tuple{Int64}, Nothing}, ExaModels.Constraint{ExaModels.SIMDFunction{Node2{-,…}, ExaModels.Compressor{NTuple{19, Int64}}, ExaModels.Compressor{NTuple{171, Int64}}}, CuArray{Tuple{Int64, Int64, Int64}, 1, CUDA.DeviceMemory}, Int64, Tuple{Int64}, Nothing}, ExaModels.Constraint{ExaModels.SIMDFunction{Node2{-,…}, ExaModels.Compressor{NTuple{11, Int64}}, ExaModels.Compressor{NTuple{55, Int64}}}, CuArray{Tuple{Int64, Int64, Int64}, 1, CUDA.DeviceMemory}, Int64, Tuple{Int64}, Nothing}, ExaModels.Constraint{ExaModels.SIMDFunction{Node2{-,…}, ExaModels.Compressor{Tuple{Int64}}, ExaModels.Compressor{Tuple{}}}, CuArray{Tuple{Int64, Int64, Int64}, 1, CUDA.DeviceMemory}, Int64, Tuple{Int64}, Nothing}, ExaModels.Constraint{ExaModels.SIMDFunction{Node2{-,…}, ExaModels.Compressor{NTuple{17, Int64}}, ExaModels.Compressor{NTuple{136, Int64}}}, CuArray{Tuple{Int64, Int64, Int64}, 1, CUDA.DeviceMemory}, Int64, Tuple{Int64}, Nothing}, ExaModels.Constraint{ExaModels.SIMDFunction{Node2{-,…}, ExaModels.Compressor{NTuple{9, Int64}}, ExaModels.Compressor{Tuple{}}}, CuArray{Tuple{Int64, Int64, Int64}, 1, CUDA.DeviceMemory}, Int64, Tuple{Int64}, Nothing}, ExaModels.Constraint{ExaModels.SIMDFunction{Node2{-,…}, ExaModels.Compressor{NTuple{13, Int64}}, ExaModels.Compressor{NTuple{78, Int64}}}, CuArray{Tuple{Int64, Int64, Int64}, 1, CUDA.DeviceMemory}, Int64, Tuple{Int64}, Nothing}, ExaModels.Constraint{ExaModels.SIMDFunction{Node2{-,…}, ExaModels.Compressor{NTuple{23, Int64}}, ExaModels.Compressor{NTuple{253, Int64}}}, CuArray{Tuple{Int64, Int64, Int64}, 1, CUDA.DeviceMemory}, Int64, Tuple{Int64}, Nothing}, ExaModels.Constraint{ExaModels.SIMDFunction{Node2{-,…}, ExaModels.Compressor{NTuple{120, Int64}}, ExaModels.Compressor{NTuple{7140, Int64}}}, CuArray{Tuple{Int64, Int64}, 1, CUDA.DeviceMemory}, Int64, Tuple{Int64}, Nothing}, ExaModels.Constraint{ExaModels.SIMDFunction{Node2{-,…}, ExaModels.Compressor{NTuple{18, Int64}}, ExaModels.Compressor{NTuple{153, Int64}}}, CuArray{Tuple{Int64, Int64, Int64}, 1, CUDA.DeviceMemory}, Int64, Tuple{Int64}, Nothing}, ExaModels.Constraint{ExaModels.SIMDFunction{Node2{-,…}, ExaModels.Compressor{NTuple{176, Int64}}, ExaModels.Compressor{NTuple{15400, Int64}}}, CuArray{Tuple{Int64, Int64}, 1, CUDA.DeviceMemory}, Int64, Tuple{Int64}, Nothing}, ExaModels.Constraint{ExaModels.SIMDFunction{Node2{-,…}, ExaModels.Compressor{NTuple{26, Int64}}, ExaModels.Compressor{NTuple{325, Int64}}}, CuArray{Tuple{Int64, Int64, Int64}, 1, CUDA.DeviceMemory}, Int64, Tuple{Int64}, Nothing}, ExaModels.Constraint{ExaModels.SIMDFunction{Node2{-,…}, ExaModels.Compressor{NTuple{17, Int64}}, ExaModels.Compressor{NTuple{136, Int64}}}, CuArray{Tuple{Int64, Int64, Int64}, 1, CUDA.DeviceMemory}, Int64, Tuple{Int64}, Nothing}, ExaModels.Constraint{ExaModels.SIMDFunction{Node2{-,…}, ExaModels.Compressor{NTuple{12, Int64}}, ExaModels.Compressor{NTuple{66, Int64}}}, CuArray{Tuple{Int64, Int64, Int64}, 1, CUDA.DeviceMemory}, Int64, Tuple{Int64}, Nothing}, ExaModels.Constraint{ExaModels.SIMDFunction{Node2{-,…}, ExaModels.Compressor{NTuple{13, Int64}}, ExaModels.Compressor{NTuple{78, Int64}}}, CuArray{Tuple{Int64, Int64, Int64}, 1, CUDA.DeviceMemory}, Int64, Tuple{Int64}, Nothing}, ExaModels.Constraint{ExaModels.SIMDFunction{Node2{-,…}, ExaModels.Compressor{NTuple{8, Int64}}, ExaModels.Compressor{Tuple{}}}, CuArray{Tuple{Int64, Int64}, 1, CUDA.DeviceMemory}, Int64, Tuple{Int64}, Nothing}, ExaModels.Constraint{ExaModels.SIMDFunction{Node2{-,…}, ExaModels.Compressor{Tuple{Int64, Int64}}, ExaModels.Compressor{Tuple{}}}, CuArray{Tuple{Int64, Int64, Int64}, 1, CUDA.DeviceMemory}, Int64, Tuple{Int64}, Nothing}, ExaModels.Constraint{ExaModels.SIMDFunction{Node2{-,…}, ExaModels.Compressor{NTuple{13, Int64}}, ExaModels.Compressor{NTuple{78, Int64}}}, CuArray{Tuple{Int64, Int64, Int64}, 1, CUDA.DeviceMemory}, Int64, Tuple{Int64}, Nothing}, ExaModels.Constraint{ExaModels.SIMDFunction{Node2{-,…}, ExaModels.Compressor{NTuple{8, Int64}}, ExaModels.Compressor{Tuple{}}}, CuArray{Tuple{Int64, Int64}, 1, CUDA.DeviceMemory}, Int64, Tuple{Int64}, Nothing}, ExaModels.Constraint{ExaModels.SIMDFunction{Node2{-,…}, ExaModels.Compressor{Tuple{Int64, Int64}}, ExaModels.Compressor{Tuple{}}}, CuArray{Tuple{Int64, Int64, Int64}, 1, CUDA.DeviceMemory}, Int64, Tuple{Int64}, Nothing}, ExaModels.Constraint{ExaModels.SIMDFunction{Node2{-,…}, ExaModels.Compressor{Tuple{Int64}}, ExaModels.Compressor{Tuple{}}}, CuArray{Tuple{Int64, Int64, Int64}, 1, CUDA.DeviceMemory}, Int64, Tuple{Int64}, Nothing}, ExaModels.Constraint{ExaModels.SIMDFunction{Node2{-,…}, ExaModels.Compressor{NTuple{183, Int64}}, ExaModels.Compressor{NTuple{16653, Int64}}}, CuArray{Tuple{Int64, Int64}, 1, CUDA.DeviceMemory}, Int64, Tuple{Int64}, Nothing}, ExaModels.Constraint{ExaModels.SIMDFunction{Node2{-,…}, ExaModels.Compressor{NTuple{27, Int64}}, ExaModels.Compressor{NTuple{351, Int64}}}, CuArray{Tuple{Int64, Int64, Int64}, 1, CUDA.DeviceMemory}, Int64, Tuple{Int64}, Nothing}, ExaModels.Constraint{ExaModels.SIMDFunction{Node2{-,…}, ExaModels.Compressor{NTuple{78, Int64}}, ExaModels.Compressor{NTuple{3003, Int64}}}, CuArray{Tuple{Int64, Int64}, 1, CUDA.DeviceMemory}, Int64, Tuple{Int64}, Nothing}, ExaModels.Constraint{ExaModels.SIMDFunction{Node2{-,…}, ExaModels.Compressor{NTuple{12, Int64}}, ExaModels.Compressor{NTuple{66, Int64}}}, CuArray{Tuple{Int64, Int64, Int64}, 1, CUDA.DeviceMemory}, Int64, Tuple{Int64}, Nothing}, ExaModels.Constraint{ExaModels.SIMDFunction{Node2{-,…}, ExaModels.Compressor{NTuple{12, Int64}}, ExaModels.Compressor{NTuple{66, Int64}}}, CuArray{Tuple{Int64, Int64, Int64}, 1, CUDA.DeviceMemory}, Int64, Tuple{Int64}, Nothing}, ExaModels.Constraint{ExaModels.SIMDFunction{Node2{-,…}, ExaModels.Compressor{NTuple{13, Int64}}, ExaModels.Compressor{NTuple{78, Int64}}}, CuArray{Tuple{Int64, Int64, Int64}, 1, CUDA.DeviceMemory}, Int64, Tuple{Int64}, Nothing}, ExaModels.Constraint{ExaModels.SIMDFunction{Node2{-,…}, ExaModels.Compressor{NTuple{8, Int64}}, ExaModels.Compressor{Tuple{}}}, CuArray{Tuple{Int64, Int64}, 1, CUDA.DeviceMemory}, Int64, Tuple{Int64}, Nothing}, ExaModels.Constraint{ExaModels.SIMDFunction{Node2{-,…}, ExaModels.Compressor{Tuple{Int64, Int64}}, ExaModels.Compressor{Tuple{}}}, CuArray{Tuple{Int64, Int64, Int64}, 1, CUDA.DeviceMemory}, Int64, Tuple{Int64}, Nothing}, ExaModels.Constraint{ExaModels.SIMDFunction{Node2{-,…}, ExaModels.Compressor{NTuple{8, Int64}}, ExaModels.Compressor{Tuple{}}}, CuArray{Tuple{Int64, Int64}, 1, CUDA.DeviceMemory}, Int64, Tuple{Int64}, Nothing}, ExaModels.Constraint{ExaModels.SIMDFunction{Node2{-,…}, ExaModels.Compressor{Tuple{Int64, Int64}}, ExaModels.Compressor{Tuple{}}}, CuArray{Tuple{Int64, Int64, Int64}, 1, CUDA.DeviceMemory}, Int64, Tuple{Int64}, Nothing}, ExaModels.Constraint{ExaModels.SIMDFunction{Node2{-,…}, ExaModels.Compressor{Tuple{Int64}}, ExaModels.Compressor{Tuple{}}}, CuArray{Tuple{Int64, Int64, Int64}, 1, CUDA.DeviceMemory}, Int64, Tuple{Int64}, Nothing}, ExaModels.Constraint{ExaModels.SIMDFunction{Node2{-,…}, ExaModels.Compressor{NTuple{19, Int64}}, ExaModels.Compressor{NTuple{171, Int64}}}, CuArray{Tuple{Int64, Int64, Int64}, 1, CUDA.DeviceMemory}, Int64, Tuple{Int64}, Nothing}, ExaModels.Constraint{ExaModels.SIMDFunction{Node2{-,…}, ExaModels.Compressor{NTuple{26, Int64}}, ExaModels.Compressor{NTuple{325, Int64}}}, CuArray{Tuple{Int64, Int64, Int64}, 1, CUDA.DeviceMemory}, Int64, Tuple{Int64}, Nothing}, ExaModels.Constraint{ExaModels.SIMDFunction{Node2{-,…}, ExaModels.Compressor{NTuple{12, Int64}}, ExaModels.Compressor{NTuple{66, Int64}}}, CuArray{Tuple{Int64, Int64, Int64}, 1, CUDA.DeviceMemory}, Int64, Tuple{Int64}, Nothing}, ExaModels.Constraint{ExaModels.SIMDFunction{Node2{-,…}, ExaModels.Compressor{NTuple{21, Int64}}, ExaModels.Compressor{NTuple{210, Int64}}}, CuArray{Tuple{Int64, Int64, Int64}, 1, CUDA.DeviceMemory}, Int64, Tuple{Int64}, Nothing}, ExaModels.Constraint{ExaModels.SIMDFunction{Node2{-,…}, ExaModels.Compressor{Tuple{Int64, Int64, Int64}}, ExaModels.Compressor{Tuple{}}}, CuArray{Tuple{Int64, Int64, Int64}, 1, CUDA.DeviceMemory}, Int64, Tuple{Int64}, Nothing}, ExaModels.Constraint{ExaModels.SIMDFunction{Node2{-,…}, ExaModels.Compressor{Tuple{Int64}}, ExaModels.Compressor{Tuple{}}}, CuArray{Tuple{Int64, Int64, Int64}, 1, CUDA.DeviceMemory}, Int64, Tuple{Int64}, Nothing}, ExaModels.Constraint{ExaModels.SIMDFunction{Node2{-,…}, ExaModels.Compressor{NTuple{8, Int64}}, ExaModels.Compressor{Tuple{}}}, CuArray{Tuple{Int64, Int64}, 1, CUDA.DeviceMemory}, Int64, Tuple{Int64}, Nothing}, ExaModels.Constraint{ExaModels.SIMDFunction{Node2{-,…}, ExaModels.Compressor{Tuple{Int64, Int64}}, ExaModels.Compressor{Tuple{}}}, CuArray{Tuple{Int64, Int64, Int64}, 1, CUDA.DeviceMemory}, Int64, Tuple{Int64}, Nothing}, ExaModels.Constraint{ExaModels.SIMDFunction{Node2{-,…}, ExaModels.Compressor{NTuple{13, Int64}}, ExaModels.Compressor{NTuple{78, Int64}}}, CuArray{Tuple{Int64, Int64, Int64}, 1, CUDA.DeviceMemory}, Int64, Tuple{Int64}, Nothing}, ExaModels.Constraint{ExaModels.SIMDFunction{Node2{-,…}, ExaModels.Compressor{NTuple{113, Int64}}, ExaModels.Compressor{NTuple{6328, Int64}}}, CuArray{Tuple{Int64, Int64}, 1, CUDA.DeviceMemory}, Int64, Tuple{Int64}, Nothing}, ExaModels.Constraint{ExaModels.SIMDFunction{Node2{-,…}, ExaModels.Compressor{NTuple{17, Int64}}, ExaModels.Compressor{NTuple{136, Int64}}}, CuArray{Tuple{Int64, Int64, Int64}, 1, CUDA.DeviceMemory}, Int64, Tuple{Int64}, Nothing}, ExaModels.Constraint{ExaModels.SIMDFunction{Node2{-,…}, ExaModels.Compressor{NTuple{8, Int64}}, ExaModels.Compressor{Tuple{}}}, CuArray{Tuple{Int64, Int64}, 1, CUDA.DeviceMemory}, Int64, Tuple{Int64}, Nothing}, ExaModels.Constraint{ExaModels.SIMDFunction{Node2{-,…}, ExaModels.Compressor{Tuple{Int64, Int64}}, ExaModels.Compressor{Tuple{}}}, CuArray{Tuple{Int64, Int64, Int64}, 1, CUDA.DeviceMemory}, Int64, Tuple{Int64}, Nothing}, ExaModels.Constraint{ExaModels.SIMDFunction{Node2{-,…}, ExaModels.Compressor{NTuple{18, Int64}}, ExaModels.Compressor{NTuple{153, Int64}}}, CuArray{Tuple{Int64, Int64, Int64}, 1, CUDA.DeviceMemory}, Int64, Tuple{Int64}, Nothing}, ExaModels.Constraint{ExaModels.SIMDFunction{Node2{-,…}, ExaModels.Compressor{NTuple{71, Int64}}, ExaModels.Compressor{NTuple{2485, Int64}}}, CuArray{Tuple{Int64, Int64}, 1, CUDA.DeviceMemory}, Int64, Tuple{Int64}, Nothing}, ExaModels.Constraint{ExaModels.SIMDFunction{Node2{-,…}, ExaModels.Compressor{NTuple{11, Int64}}, ExaModels.Compressor{NTuple{55, Int64}}}, CuArray{Tuple{Int64, Int64, Int64}, 1, CUDA.DeviceMemory}, Int64, Tuple{Int64}, Nothing}, ExaModels.Constraint{ExaModels.SIMDFunction{Node2{-,…}, ExaModels.Compressor{NTuple{27, Int64}}, ExaModels.Compressor{NTuple{351, Int64}}}, CuArray{Tuple{Int64, Int64, Int64}, 1, CUDA.DeviceMemory}, Int64, Tuple{Int64}, Nothing}, ExaModels.Constraint{ExaModels.SIMDFunction{Node2{-,…}, ExaModels.Compressor{NTuple{17, Int64}}, ExaModels.Compressor{NTuple{136, Int64}}}, CuArray{Tuple{Int64, Int64, Int64}, 1, CUDA.DeviceMemory}, Int64, Tuple{Int64}, Nothing}, ExaModels.Constraint{ExaModels.SIMDFunction{Node2{-,…}, ExaModels.Compressor{Tuple{Int64}}, ExaModels.Compressor{Tuple{}}}, CuArray{Tuple{Int64, Int64, Int64}, 1, CUDA.DeviceMemory}, Int64, Tuple{Int64}, Nothing}, ExaModels.Constraint{ExaModels.SIMDFunction{Node2{-,…}, ExaModels.Compressor{NTuple{85, Int64}}, ExaModels.Compressor{NTuple{3570, Int64}}}, CuArray{Tuple{Int64, Int64}, 1, CUDA.DeviceMemory}, Int64, Tuple{Int64}, Nothing}, ExaModels.Constraint{ExaModels.SIMDFunction{Node2{-,…}, ExaModels.Compressor{NTuple{13, Int64}}, ExaModels.Compressor{NTuple{78, Int64}}}, CuArray{Tuple{Int64, Int64, Int64}, 1, CUDA.DeviceMemory}, Int64, Tuple{Int64}, Nothing}, ExaModels.Constraint{ExaModels.SIMDFunction{Node2{-,…}, ExaModels.Compressor{NTuple{17, Int64}}, ExaModels.Compressor{NTuple{136, Int64}}}, CuArray{Tuple{Int64, Int64, Int64}, 1, CUDA.DeviceMemory}, Int64, Tuple{Int64}, Nothing}, ExaModels.Constraint{ExaModels.SIMDFunction{Node2{-,…}, ExaModels.Compressor{NTuple{12, Int64}}, ExaModels.Compressor{NTuple{66, Int64}}}, CuArray{Tuple{Int64, Int64, Int64}, 1, CUDA.DeviceMemory}, Int64, Tuple{Int64}, Nothing}, ExaModels.Constraint{ExaModels.SIMDFunction{Node2{-,…}, ExaModels.Compressor{NTuple{13, Int64}}, ExaModels.Compressor{NTuple{78, Int64}}}, CuArray{Tuple{Int64, Int64, Int64}, 1, CUDA.DeviceMemory}, Int64, Tuple{Int64}, Nothing}, ExaModels.Constraint{ExaModels.SIMDFunction{Node2{-,…}, ExaModels.Compressor{NTuple{18, Int64}}, ExaModels.Compressor{NTuple{153, Int64}}}, CuArray{Tuple{Int64, Int64, Int64}, 1, CUDA.DeviceMemory}, Int64, Tuple{Int64}, Nothing}, ExaModels.Constraint{ExaModels.SIMDFunction{Node2{-,…}, ExaModels.Compressor{NTuple{14, Int64}}, ExaModels.Compressor{NTuple{91, Int64}}}, CuArray{Tuple{Int64, Int64, Int64}, 1, CUDA.DeviceMemory}, Int64, Tuple{Int64}, Nothing}, ExaModels.Constraint{ExaModels.SIMDFunction{Node2{-,…}, ExaModels.Compressor{NTuple{71, Int64}}, ExaModels.Compressor{NTuple{2485, Int64}}}, CuArray{Tuple{Int64, Int64}, 1, CUDA.DeviceMemory}, Int64, Tuple{Int64}, Nothing}, ExaModels.Constraint{ExaModels.SIMDFunction{Node2{-,…}, ExaModels.Compressor{NTuple{11, Int64}}, ExaModels.Compressor{NTuple{55, Int64}}}, CuArray{Tuple{Int64, Int64, Int64}, 1, CUDA.DeviceMemory}, Int64, Tuple{Int64}, Nothing}, ExaModels.Constraint{ExaModels.SIMDFunction{Node2{-,…}, ExaModels.Compressor{NTuple{13, Int64}}, ExaModels.Compressor{NTuple{78, Int64}}}, CuArray{Tuple{Int64, Int64, Int64}, 1, CUDA.DeviceMemory}, Int64, Tuple{Int64}, Nothing}, ExaModels.Constraint{ExaModels.SIMDFunction{Node2{-,…}, ExaModels.Compressor{NTuple{18, Int64}}, ExaModels.Compressor{NTuple{153, Int64}}}, CuArray{Tuple{Int64, Int64, Int64}, 1, CUDA.DeviceMemory}, Int64, Tuple{Int64}, Nothing}, ExaModels.Constraint{ExaModels.SIMDFunction{Node2{-,…}, ExaModels.Compressor{NTuple{11, Int64}}, ExaModels.Compressor{NTuple{55, Int64}}}, CuArray{Tuple{Int64, Int64, Int64}, 1, CUDA.DeviceMemory}, Int64, Tuple{Int64}, Nothing}, ExaModels.Constraint{ExaModels.SIMDFunction{Node2{-,…}, ExaModels.Compressor{NTuple{13, Int64}}, ExaModels.Compressor{NTuple{78, Int64}}}, CuArray{Tuple{Int64, Int64, Int64}, 1, CUDA.DeviceMemory}, Int64, Tuple{Int64}, Nothing}, ExaModels.Constraint{ExaModels.SIMDFunction{Node2{-,…}, ExaModels.Compressor{NTuple{8, Int64}}, ExaModels.Compressor{Tuple{}}}, CuArray{Tuple{Int64, Int64}, 1, CUDA.DeviceMemory}, Int64, Tuple{Int64}, Nothing}, ExaModels.Constraint{ExaModels.SIMDFunction{Node2{-,…}, ExaModels.Compressor{Tuple{Int64, Int64}}, ExaModels.Compressor{Tuple{}}}, CuArray{Tuple{Int64, Int64, Int64}, 1, CUDA.DeviceMemory}, Int64, Tuple{Int64}, Nothing}, ExaModels.Constraint{ExaModels.SIMDFunction{Node2{-,…}, ExaModels.Compressor{NTuple{8, Int64}}, ExaModels.Compressor{Tuple{}}}, CuArray{Tuple{Int64, Int64}, 1, CUDA.DeviceMemory}, Int64, Tuple{Int64}, Nothing}, ExaModels.Constraint{ExaModels.SIMDFunction{Node2{-,…}, ExaModels.Compressor{Tuple{Int64, Int64}}, ExaModels.Compressor{Tuple{}}}, CuArray{Tuple{Int64, Int64, Int64}, 1, CUDA.DeviceMemory}, Int64, Tuple{Int64}, Nothing}, ExaModels.Constraint{ExaModels.SIMDFunction{Node2{-,…}, ExaModels.Compressor{NTuple{14, Int64}}, ExaModels.Compressor{NTuple{91, Int64}}}, CuArray{Tuple{Int64, Int64, Int64}, 1, CUDA.DeviceMemory}, Int64, Tuple{Int64}, Nothing}, ExaModels.Constraint{ExaModels.SIMDFunction{Node2{-,…}, ExaModels.Compressor{NTuple{12, Int64}}, ExaModels.Compressor{NTuple{66, Int64}}}, CuArray{Tuple{Int64, Int64, Int64}, 1, CUDA.DeviceMemory}, Int64, Tuple{Int64}, Nothing}, ExaModels.Constraint{ExaModels.SIMDFunction{Node2{-,…}, ExaModels.Compressor{NTuple{8, Int64}}, ExaModels.Compressor{Tuple{}}}, CuArray{Tuple{Int64, Int64}, 1, CUDA.DeviceMemory}, Int64, Tuple{Int64}, Nothing}, ExaModels.Constraint{ExaModels.SIMDFunction{Node2{-,…}, ExaModels.Compressor{Tuple{Int64, Int64}}, ExaModels.Compressor{Tuple{}}}, CuArray{Tuple{Int64, Int64, Int64}, 1, CUDA.DeviceMemory}, Int64, Tuple{Int64}, Nothing}, ExaModels.Constraint{ExaModels.SIMDFunction{Node2{-,…}, ExaModels.Compressor{NTuple{13, Int64}}, ExaModels.Compressor{NTuple{78, Int64}}}, CuArray{Tuple{Int64, Int64, Int64}, 1, CUDA.DeviceMemory}, Int64, Tuple{Int64}, Nothing}, ExaModels.Constraint{ExaModels.SIMDFunction{Node2{-,…}, ExaModels.Compressor{NTuple{8, Int64}}, ExaModels.Compressor{Tuple{}}}, CuArray{Tuple{Int64, Int64}, 1, CUDA.DeviceMemory}, Int64, Tuple{Int64}, Nothing}, ExaModels.Constraint{ExaModels.SIMDFunction{Node2{-,…}, ExaModels.Compressor{Tuple{Int64, Int64}}, ExaModels.Compressor{Tuple{}}}, CuArray{Tuple{Int64, Int64, Int64}, 1, CUDA.DeviceMemory}, Int64, Tuple{Int64}, Nothing}, ExaModels.Constraint{ExaModels.SIMDFunction{Node2{-,…}, ExaModels.Compressor{NTuple{11, Int64}}, ExaModels.Compressor{Tuple{}}}, CuArray{Tuple{Int64, Int64, Int64}, 1, CUDA.DeviceMemory}, Int64, Tuple{Int64}, Nothing}, ExaModels.Constraint{ExaModels.SIMDFunction{Node2{-,…}, ExaModels.Compressor{NTuple{8, Int64}}, ExaModels.Compressor{Tuple{}}}, CuArray{Tuple{Int64, Int64}, 1, CUDA.DeviceMemory}, Int64, Tuple{Int64}, Nothing}, ExaModels.Constraint{ExaModels.SIMDFunction{Node2{-,…}, ExaModels.Compressor{Tuple{Int64, Int64}}, ExaModels.Compressor{Tuple{}}}, CuArray{Tuple{Int64, Int64, Int64}, 1, CUDA.DeviceMemory}, Int64, Tuple{Int64}, Nothing}, ExaModels.Constraint{ExaModels.SIMDFunction{Node2{-,…}, ExaModels.Compressor{NTuple{21, Int64}}, ExaModels.Compressor{NTuple{210, Int64}}}, CuArray{Tuple{Int64, Int64, Int64}, 1, CUDA.DeviceMemory}, Int64, Tuple{Int64}, Nothing}, ExaModels.Constraint{ExaModels.SIMDFunction{Node2{-,…}, ExaModels.Compressor{NTuple{14, Int64}}, ExaModels.Compressor{NTuple{91, Int64}}}, CuArray{Tuple{Int64, Int64, Int64}, 1, CUDA.DeviceMemory}, Int64, Tuple{Int64}, Nothing}, ExaModels.Constraint{ExaModels.SIMDFunction{Node2{-,…}, ExaModels.Compressor{NTuple{11, Int64}}, ExaModels.Compressor{NTuple{55, Int64}}}, CuArray{Tuple{Int64, Int64, Int64}, 1, CUDA.DeviceMemory}, Int64, Tuple{Int64}, Nothing}, ExaModels.Constraint{ExaModels.SIMDFunction{Node2{-,…}, ExaModels.Compressor{NTuple{11, Int64}}, ExaModels.Compressor{NTuple{55, Int64}}}, CuArray{Tuple{Int64, Int64, Int64}, 1, CUDA.DeviceMemory}, Int64, Tuple{Int64}, Nothing}, ExaModels.Constraint{ExaModels.SIMDFunction{Node2{-,…}, ExaModels.Compressor{Tuple{Int64}}, ExaModels.Compressor{Tuple{}}}, CuArray{Tuple{Int64, Int64, Int64}, 1, CUDA.DeviceMemory}, Int64, Tuple{Int64}, Nothing}, ExaModels.Constraint{ExaModels.SIMDFunction{Node2{-,…}, ExaModels.Compressor{Tuple{Int64, Int64}}, ExaModels.Compressor{Tuple{}}}, CuArray{Tuple{Int64, Int64, Int64}, 1, CUDA.DeviceMemory}, Int64, Tuple{Int64}, Nothing}, ExaModels.Constraint{ExaModels.SIMDFunction{Node2{-,…}, ExaModels.Compressor{Tuple{Int64, Int64}}, ExaModels.Compressor{Tuple{Int64}}}, CuArray{Tuple{Int64, Int64, Int64}, 1, CUDA.DeviceMemory}, Int64, Tuple{Int64}, Nothing}, ExaModels.Constraint{ExaModels.SIMDFunction{Node2{-,…}, ExaModels.Compressor{Tuple{Int64}}, ExaModels.Compressor{Tuple{}}}, CuArray{Tuple{Int64, Int64, Float64}, 1, CUDA.DeviceMemory}, Int64, Tuple{Int64}, Nothing}, ExaModels.ConstraintAugmentation{ExaModels.SIMDFunction{Pair{Tuple{DataIndexed{…}, DataIndexed{…}, DataIndexed{…}}, Node2{*,…}}, ExaModels.Compressor{Tuple{Int64}}, ExaModels.Compressor{Tuple{}}}, CuArray{Tuple{Int64, Int64, Int64, Int64, Float64}, 4, CUDA.DeviceMemory}, Tuple{Int64, Int64, Int64}, Nothing}, ExaModels.Constraint{ExaModels.SIMDFunction{Node1{-,…}, ExaModels.Compressor{Tuple{Int64}}, ExaModels.Compressor{Tuple{}}}, CuArray{Tuple{Int64, Int64, Int64}, 3, CUDA.DeviceMemory}, Int64, Tuple{Int64, Int64, Int64}, Nothing}, ExaModels.Constraint{ExaModels.SIMDFunction{Node2{-,…}, ExaModels.Compressor{Tuple{Int64, Int64}}, ExaModels.Compressor{Tuple{Int64}}}, CuArray{Tuple{Int64, Int64, Int64}, 1, CUDA.DeviceMemory}, Int64, Tuple{Int64}, Nothing}, ExaModels.Constraint{ExaModels.SIMDFunction{Node2{-,…}, ExaModels.Compressor{Tuple{Int64}}, ExaModels.Compressor{Tuple{}}}, CuArray{Tuple{Int64, Int64, Float64}, 1, CUDA.DeviceMemory}, Int64, Tuple{Int64}, Nothing}, ExaModels.ConstraintAugmentation{ExaModels.SIMDFunction{Pair{Tuple{DataIndexed{…}, DataIndexed{…}, DataIndexed{…}}, Node2{*,…}}, ExaModels.Compressor{Tuple{Int64}}, ExaModels.Compressor{Tuple{}}}, CuArray{Tuple{Int64, Int64, Int64, Int64, Float64}, 4, CUDA.DeviceMemory}, Tuple{Int64, Int64, Int64}, Nothing}, ExaModels.ConstraintAugmentation{ExaModels.SIMDFunction{Pair{Tuple{DataIndexed{…}, DataIndexed{…}, DataIndexed{…}}, Node2{*,…}}, ExaModels.Compressor{Tuple{Int64}}, ExaModels.Compressor{Tuple{}}}, CuArray{Tuple{Int64, Int64, Int64, Int64, Float64}, 4, CUDA.DeviceMemory}, Tuple{Int64, Int64, Int64}, Nothing}, ExaModels.ConstraintAugmentation{ExaModels.SIMDFunction{Pair{Tuple{DataIndexed{…}, DataIndexed{…}, DataIndexed{…}}, Node2{*,…}}, ExaModels.Compressor{Tuple{Int64}}, ExaModels.Compressor{Tuple{}}}, CuArray{Tuple{Int64, Int64, Int64, Int64, Float64}, 4, CUDA.DeviceMemory}, Tuple{Int64, Int64, Int64}, Nothing}, ExaModels.ConstraintAugmentation{ExaModels.SIMDFunction{Pair{Tuple{DataIndexed{…}, DataIndexed{…}, DataIndexed{…}}, Node2{*,…}}, ExaModels.Compressor{Tuple{Int64}}, ExaModels.Compressor{Tuple{}}}, CuArray{Tuple{Int64, Int64, Int64, Int64, Float64}, 4, CUDA.DeviceMemory}, Tuple{Int64, Int64, Int64}, Nothing}, ExaModels.ConstraintAugmentation{ExaModels.SIMDFunction{Pair{Tuple{DataIndexed{…}, DataIndexed{…}, DataIndexed{…}}, Node2{*,…}}, ExaModels.Compressor{Tuple{Int64}}, ExaModels.Compressor{Tuple{}}}, CuArray{Tuple{Int64, Int64, Int64, Int64, Float64}, 4, CUDA.DeviceMemory}, Tuple{Int64, Int64, Int64}, Nothing}, ExaModels.ConstraintAugmentation{ExaModels.SIMDFunction{Pair{Tuple{DataIndexed{…}, DataIndexed{…}, DataIndexed{…}}, Node2{*,…}}, ExaModels.Compressor{Tuple{Int64}}, ExaModels.Compressor{Tuple{}}}, CuArray{Tuple{Int64, Int64, Int64, Int64, Float64}, 4, CUDA.DeviceMemory}, Tuple{Int64, Int64, Int64}, Nothing}, ExaModels.ConstraintAugmentation{ExaModels.SIMDFunction{Pair{Tuple{DataIndexed{…}, DataIndexed{…}, DataIndexed{…}}, Node2{*,…}}, ExaModels.Compressor{Tuple{Int64}}, ExaModels.Compressor{Tuple{}}}, CuArray{Tuple{Int64, Int64, Int64, Int64, Float64}, 4, CUDA.DeviceMemory}, Tuple{Int64, Int64, Int64}, Nothing}, ExaModels.ConstraintAugmentation{ExaModels.SIMDFunction{Pair{Tuple{DataIndexed{…}, DataIndexed{…}, DataIndexed{…}}, Node2{*,…}}, ExaModels.Compressor{Tuple{Int64}}, ExaModels.Compressor{Tuple{}}}, CuArray{Tuple{Int64, Int64, Int64, Int64, Float64}, 4, CUDA.DeviceMemory}, Tuple{Int64, Int64, Int64}, Nothing}, ExaModels.ConstraintAugmentation{ExaModels.SIMDFunction{Pair{Tuple{DataIndexed{…}, DataIndexed{…}, DataIndexed{…}}, Node2{*,…}}, ExaModels.Compressor{Tuple{Int64}}, ExaModels.Compressor{Tuple{}}}, CuArray{Tuple{Int64, Int64, Int64, Int64, Float64}, 4, CUDA.DeviceMemory}, Tuple{Int64, Int64, Int64}, Nothing}, ExaModels.ConstraintAugmentation{ExaModels.SIMDFunction{Pair{Tuple{DataIndexed{…}, DataIndexed{…}, DataIndexed{…}}, Node2{*,…}}, ExaModels.Compressor{Tuple{Int64}}, ExaModels.Compressor{Tuple{}}}, CuArray{Tuple{Int64, Int64, Int64, Int64, Float64}, 4, CUDA.DeviceMemory}, Tuple{Int64, Int64, Int64}, Nothing}, ExaModels.ConstraintAugmentation{ExaModels.SIMDFunction{Pair{Tuple{DataIndexed{…}, DataIndexed{…}, DataIndexed{…}}, Node2{*,…}}, ExaModels.Compressor{Tuple{Int64}}, ExaModels.Compressor{Tuple{}}}, CuArray{Tuple{Int64, Int64, Int64, Int64, Float64}, 4, CUDA.DeviceMemory}, Tuple{Int64, Int64, Int64}, Nothing}, ExaModels.ConstraintAugmentation{ExaModels.SIMDFunction{Pair{Tuple{DataIndexed{…}, DataIndexed{…}, DataIndexed{…}}, Node2{*,…}}, ExaModels.Compressor{Tuple{Int64}}, ExaModels.Compressor{Tuple{}}}, CuArray{Tuple{Int64, Int64, Int64, Int64, Float64}, 4, CUDA.DeviceMemory}, Tuple{Int64, Int64, Int64}, Nothing}, ExaModels.ConstraintAugmentation{ExaModels.SIMDFunction{Pair{Tuple{DataIndexed{…}, DataIndexed{…}, DataIndexed{…}}, Node2{*,…}}, ExaModels.Compressor{Tuple{Int64}}, ExaModels.Compressor{Tuple{}}}, CuArray{Tuple{Int64, Int64, Int64, Int64, Float64}, 4, CUDA.DeviceMemory}, Tuple{Int64, Int64, Int64}, Nothing}, ExaModels.ConstraintAugmentation{ExaModels.SIMDFunction{Pair{Tuple{DataIndexed{…}, DataIndexed{…}, DataIndexed{…}}, Node2{*,…}}, ExaModels.Compressor{Tuple{Int64}}, ExaModels.Compressor{Tuple{}}}, CuArray{Tuple{Int64, Int64, Int64, Int64, Float64}, 4, CUDA.DeviceMemory}, Tuple{Int64, Int64, Int64}, Nothing}, ExaModels.ConstraintAugmentation{ExaModels.SIMDFunction{Pair{Tuple{DataIndexed{…}, DataIndexed{…}, DataIndexed{…}}, Node2{*,…}}, ExaModels.Compressor{Tuple{Int64}}, ExaModels.Compressor{Tuple{}}}, CuArray{Tuple{Int64, Int64, Int64, Int64, Float64}, 4, CUDA.DeviceMemory}, Tuple{Int64, Int64, Int64}, Nothing}, ExaModels.ConstraintAugmentation{ExaModels.SIMDFunction{Pair{Tuple{DataIndexed{…}, DataIndexed{…}, DataIndexed{…}}, Node2{*,…}}, ExaModels.Compressor{Tuple{Int64}}, ExaModels.Compressor{Tuple{}}}, CuArray{Tuple{Int64, Int64, Int64, Int64, Float64}, 4, CUDA.DeviceMemory}, Tuple{Int64, Int64, Int64}, Nothing}, ExaModels.ConstraintAugmentation{ExaModels.SIMDFunction{Pair{Tuple{DataIndexed{…}, DataIndexed{…}, DataIndexed{…}}, Node2{*,…}}, ExaModels.Compressor{Tuple{Int64}}, ExaModels.Compressor{Tuple{}}}, CuArray{Tuple{Int64, Int64, Int64, Int64, Float64}, 4, CUDA.DeviceMemory}, Tuple{Int64, Int64, Int64}, Nothing}, ExaModels.ConstraintAugmentation{ExaModels.SIMDFunction{Pair{Tuple{DataIndexed{…}, DataIndexed{…}, DataIndexed{…}}, Node2{*,…}}, ExaModels.Compressor{Tuple{Int64}}, ExaModels.Compressor{Tuple{}}}, CuArray{Tuple{Int64, Int64, Int64, Int64, Float64}, 4, CUDA.DeviceMemory}, Tuple{Int64, Int64, Int64}, Nothing}, ExaModels.ConstraintAugmentation{ExaModels.SIMDFunction{Pair{Tuple{DataIndexed{…}, DataIndexed{…}, DataIndexed{…}}, Node2{*,…}}, ExaModels.Compressor{Tuple{Int64}}, ExaModels.Compressor{Tuple{}}}, CuArray{Tuple{Int64, Int64, Int64, Int64, Float64}, 4, CUDA.DeviceMemory}, Tuple{Int64, Int64, Int64}, Nothing}, ExaModels.ConstraintAugmentation{ExaModels.SIMDFunction{Pair{Tuple{DataIndexed{…}, DataIndexed{…}, DataIndexed{…}}, Node2{*,…}}, ExaModels.Compressor{Tuple{Int64}}, ExaModels.Compressor{Tuple{}}}, CuArray{Tuple{Int64, Int64, Int64, Int64, Float64}, 4, CUDA.DeviceMemory}, Tuple{Int64, Int64, Int64}, Nothing}, ExaModels.ConstraintAugmentation{ExaModels.SIMDFunction{Pair{Tuple{DataIndexed{…}, DataIndexed{…}, DataIndexed{…}}, Node2{*,…}}, ExaModels.Compressor{Tuple{Int64}}, ExaModels.Compressor{Tuple{}}}, CuArray{Tuple{Int64, Int64, Int64, Int64, Float64}, 4, CUDA.DeviceMemory}, Tuple{Int64, Int64, Int64}, Nothing}, ExaModels.ConstraintAugmentation{ExaModels.SIMDFunction{Pair{Tuple{DataIndexed{…}, DataIndexed{…}, DataIndexed{…}}, Node2{*,…}}, ExaModels.Compressor{Tuple{Int64}}, ExaModels.Compressor{Tuple{}}}, CuArray{Tuple{Int64, Int64, Int64, Int64, Float64}, 4, CUDA.DeviceMemory}, Tuple{Int64, Int64, Int64}, Nothing}, ExaModels.ConstraintAugmentation{ExaModels.SIMDFunction{Pair{Tuple{DataIndexed{…}, DataIndexed{…}, DataIndexed{…}}, Node2{*,…}}, ExaModels.Compressor{Tuple{Int64}}, ExaModels.Compressor{Tuple{}}}, CuArray{Tuple{Int64, Int64, Int64, Int64, Float64}, 4, CUDA.DeviceMemory}, Tuple{Int64, Int64, Int64}, Nothing}, ExaModels.ConstraintAugmentation{ExaModels.SIMDFunction{Pair{Tuple{DataIndexed{…}, DataIndexed{…}, DataIndexed{…}}, Node2{*,…}}, ExaModels.Compressor{Tuple{Int64}}, ExaModels.Compressor{Tuple{}}}, CuArray{Tuple{Int64, Int64, Int64, Int64, Float64}, 4, CUDA.DeviceMemory}, Tuple{Int64, Int64, Int64}, Nothing}, ExaModels.ConstraintAugmentation{ExaModels.SIMDFunction{Pair{Tuple{DataIndexed{…}, DataIndexed{…}, DataIndexed{…}}, Node2{*,…}}, ExaModels.Compressor{Tuple{Int64}}, ExaModels.Compressor{Tuple{}}}, CuArray{Tuple{Int64, Int64, Int64, Int64, Float64}, 4, CUDA.DeviceMemory}, Tuple{Int64, Int64, Int64}, Nothing}, ExaModels.ConstraintAugmentation{ExaModels.SIMDFunction{Pair{Tuple{DataIndexed{…}, DataIndexed{…}, DataIndexed{…}}, Node2{*,…}}, ExaModels.Compressor{Tuple{Int64}}, ExaModels.Compressor{Tuple{}}}, CuArray{Tuple{Int64, Int64, Int64, Int64, Float64}, 4, CUDA.DeviceMemory}, Tuple{Int64, Int64, Int64}, Nothing}, ExaModels.ConstraintAugmentation{ExaModels.SIMDFunction{Pair{Tuple{DataIndexed{…}, DataIndexed{…}, DataIndexed{…}}, Node2{*,…}}, ExaModels.Compressor{Tuple{Int64}}, ExaModels.Compressor{Tuple{}}}, CuArray{Tuple{Int64, Int64, Int64, Int64, Float64}, 4, CUDA.DeviceMemory}, Tuple{Int64, Int64, Int64}, Nothing}, ExaModels.ConstraintAugmentation{ExaModels.SIMDFunction{Pair{Tuple{DataIndexed{…}, DataIndexed{…}, DataIndexed{…}}, Node2{*,…}}, ExaModels.Compressor{Tuple{Int64}}, ExaModels.Compressor{Tuple{}}}, CuArray{Tuple{Int64, Int64, Int64, Int64, Float64}, 4, CUDA.DeviceMemory}, Tuple{Int64, Int64, Int64}, Nothing}, ExaModels.ConstraintAugmentation{ExaModels.SIMDFunction{Pair{Tuple{DataIndexed{…}, DataIndexed{…}, DataIndexed{…}}, Node2{*,…}}, ExaModels.Compressor{Tuple{Int64}}, ExaModels.Compressor{Tuple{}}}, CuArray{Tuple{Int64, Int64, Int64, Int64, Float64}, 4, CUDA.DeviceMemory}, Tuple{Int64, Int64, Int64}, Nothing}, ExaModels.ConstraintAugmentation{ExaModels.SIMDFunction{Pair{Tuple{DataIndexed{…}, DataIndexed{…}, DataIndexed{…}}, Node2{*,…}}, ExaModels.Compressor{Tuple{Int64}}, ExaModels.Compressor{Tuple{}}}, CuArray{Tuple{Int64, Int64, Int64, Int64, Float64}, 4, CUDA.DeviceMemory}, Tuple{Int64, Int64, Int64}, Nothing}, ExaModels.ConstraintAugmentation{ExaModels.SIMDFunction{Pair{Tuple{DataIndexed{…}, DataIndexed{…}, DataIndexed{…}}, Node2{*,…}}, ExaModels.Compressor{Tuple{Int64}}, ExaModels.Compressor{Tuple{}}}, CuArray{Tuple{Int64, Int64, Int64, Int64, Float64}, 4, CUDA.DeviceMemory}, Tuple{Int64, Int64, Int64}, Nothing}, ExaModels.ConstraintAugmentation{ExaModels.SIMDFunction{Pair{Tuple{DataIndexed{…}, DataIndexed{…}, DataIndexed{…}}, Node2{*,…}}, ExaModels.Compressor{Tuple{Int64}}, ExaModels.Compressor{Tuple{}}}, CuArray{Tuple{Int64, Int64, Int64, Int64, Float64}, 4, CUDA.DeviceMemory}, Tuple{Int64, Int64, Int64}, Nothing}, ExaModels.ConstraintAugmentation{ExaModels.SIMDFunction{Pair{Tuple{DataIndexed{…}, DataIndexed{…}, DataIndexed{…}}, Node2{*,…}}, ExaModels.Compressor{Tuple{Int64}}, ExaModels.Compressor{Tuple{}}}, CuArray{Tuple{Int64, Int64, Int64, Int64, Float64}, 4, CUDA.DeviceMemory}, Tuple{Int64, Int64, Int64}, Nothing}, ExaModels.Constraint{ExaModels.SIMDFunction{Node2{*,…}, ExaModels.Compressor{NTuple{25, Int64}}, ExaModels.Compressor{NTuple{46, Int64}}}, CuArray{Tuple{Int64, Int64, Int64, Float64}, 3, CUDA.DeviceMemory}, Int64, Tuple{Int64, Int64, Int64}, Nothing}, ExaModels.Constraint{ExaModels.SIMDFunction{Node2{*,…}, ExaModels.Compressor{NTuple{5, Int64}}, ExaModels.Compressor{NTuple{9, Int64}}}, CuArray{Tuple{Int64, Int64, Int64, Float64}, 3, CUDA.DeviceMemory}, Int64, Tuple{Int64, Int64, Int64}, Nothing}, ExaModels.Constraint{ExaModels.SIMDFunction{Node2{*,…}, ExaModels.Compressor{Tuple{Int64, Int64}}, ExaModels.Compressor{Tuple{Int64, Int64, Int64}}}, CuArray{Tuple{Int64, Int64, Int64, Float64}, 3, CUDA.DeviceMemory}, Int64, Tuple{Int64, Int64, Int64}, Nothing}, ExaModels.Constraint{ExaModels.SIMDFunction{Node2{*,…}, ExaModels.Compressor{Tuple{Int64, Int64, Int64}}, ExaModels.Compressor{NTuple{6, Int64}}}, CuArray{Tuple{Int64, Int64, Int64, Float64}, 3, CUDA.DeviceMemory}, Int64, Tuple{Int64, Int64, Int64}, Nothing}, ExaModels.Constraint{ExaModels.SIMDFunction{Node2{*,…}, ExaModels.Compressor{NTuple{11, Int64}}, ExaModels.Compressor{NTuple{48, Int64}}}, CuArray{Tuple{Int64, Int64, Int64, Float64}, 3, CUDA.DeviceMemory}, Int64, Tuple{Int64, Int64, Int64}, Nothing}, ExaModels.Constraint{ExaModels.SIMDFunction{Node2{*,…}, ExaModels.Compressor{NTuple{6, Int64}}, ExaModels.Compressor{NTuple{13, Int64}}}, CuArray{Tuple{Int64, Int64, Int64, Float64}, 3, CUDA.DeviceMemory}, Int64, Tuple{Int64, Int64, Int64}, Nothing}, ExaModels.Constraint{ExaModels.SIMDFunction{Node2{*,…}, ExaModels.Compressor{NTuple{11, Int64}}, ExaModels.Compressor{NTuple{48, Int64}}}, CuArray{Tuple{Int64, Int64, Int64, Float64}, 3, CUDA.DeviceMemory}, Int64, Tuple{Int64, Int64, Int64}, Nothing}, ExaModels.Constraint{ExaModels.SIMDFunction{Node2{*,…}, ExaModels.Compressor{NTuple{5, Int64}}, ExaModels.Compressor{NTuple{9, Int64}}}, CuArray{Tuple{Int64, Int64, Int64, Float64}, 3, CUDA.DeviceMemory}, Int64, Tuple{Int64, Int64, Int64}, Nothing}, ExaModels.Constraint{ExaModels.SIMDFunction{Node2{*,…}, ExaModels.Compressor{NTuple{11, Int64}}, ExaModels.Compressor{NTuple{48, Int64}}}, CuArray{Tuple{Int64, Int64, Int64, Float64}, 3, CUDA.DeviceMemory}, Int64, Tuple{Int64, Int64, Int64}, Nothing}, ExaModels.Constraint{ExaModels.SIMDFunction{Node2{*,…}, ExaModels.Compressor{NTuple{11, Int64}}, ExaModels.Compressor{NTuple{48, Int64}}}, CuArray{Tuple{Int64, Int64, Int64, Float64}, 3, CUDA.DeviceMemory}, Int64, Tuple{Int64, Int64, Int64}, Nothing}, ExaModels.Constraint{ExaModels.SIMDFunction{Node2{*,…}, ExaModels.Compressor{NTuple{22, Int64}}, ExaModels.Compressor{NTuple{40, Int64}}}, CuArray{Tuple{Int64, Int64, Int64, Float64}, 3, CUDA.DeviceMemory}, Int64, Tuple{Int64, Int64, Int64}, Nothing}, ExaModels.Constraint{ExaModels.SIMDFunction{Node2{*,…}, ExaModels.Compressor{NTuple{13, Int64}}, ExaModels.Compressor{NTuple{69, Int64}}}, CuArray{Tuple{Int64, Int64, Int64, Float64}, 3, CUDA.DeviceMemory}, Int64, Tuple{Int64, Int64, Int64}, Nothing}, ExaModels.Constraint{ExaModels.SIMDFunction{Node2{*,…}, ExaModels.Compressor{Tuple{Int64, Int64}}, ExaModels.Compressor{Tuple{Int64, Int64, Int64}}}, CuArray{Tuple{Int64, Int64, Int64, Float64}, 3, CUDA.DeviceMemory}, Int64, Tuple{Int64, Int64, Int64}, Nothing}, ExaModels.Constraint{ExaModels.SIMDFunction{Node2{*,…}, ExaModels.Compressor{Tuple{}}, ExaModels.Compressor{Tuple{}}}, CuArray{Tuple{Int64, Int64, Int64, Float64}, 3, CUDA.DeviceMemory}, Int64, Tuple{Int64, Int64, Int64}, Nothing}, ExaModels.Constraint{ExaModels.SIMDFunction{Node2{*,…}, ExaModels.Compressor{NTuple{5, Int64}}, ExaModels.Compressor{NTuple{9, Int64}}}, CuArray{Tuple{Int64, Int64, Int64, Float64}, 3, CUDA.DeviceMemory}, Int64, Tuple{Int64, Int64, Int64}, Nothing}, ExaModels.Constraint{ExaModels.SIMDFunction{Node2{*,…}, ExaModels.Compressor{NTuple{5, Int64}}, ExaModels.Compressor{NTuple{9, Int64}}}, CuArray{Tuple{Int64, Int64, Int64, Float64}, 3, CUDA.DeviceMemory}, Int64, Tuple{Int64, Int64, Int64}, Nothing}, ExaModels.Constraint{ExaModels.SIMDFunction{Node2{*,…}, ExaModels.Compressor{Tuple{Int64, Int64, Int64}}, ExaModels.Compressor{NTuple{6, Int64}}}, CuArray{Tuple{Int64, Int64, Int64, Float64}, 3, CUDA.DeviceMemory}, Int64, Tuple{Int64, Int64, Int64}, Nothing}, ExaModels.Constraint{ExaModels.SIMDFunction{Node2{*,…}, ExaModels.Compressor{Tuple{}}, ExaModels.Compressor{Tuple{}}}, CuArray{Tuple{Int64, Int64, Int64, Float64}, 3, CUDA.DeviceMemory}, Int64, Tuple{Int64, Int64, Int64}, Nothing}, ExaModels.Constraint{ExaModels.SIMDFunction{Node2{*,…}, ExaModels.Compressor{NTuple{11, Int64}}, ExaModels.Compressor{NTuple{48, Int64}}}, CuArray{Tuple{Int64, Int64, Int64, Float64}, 3, CUDA.DeviceMemory}, Int64, Tuple{Int64, Int64, Int64}, Nothing}, ExaModels.Constraint{ExaModels.SIMDFunction{Node2{*,…}, ExaModels.Compressor{Tuple{Int64, Int64}}, ExaModels.Compressor{Tuple{Int64, Int64, Int64}}}, CuArray{Tuple{Int64, Int64, Int64, Float64}, 3, CUDA.DeviceMemory}, Int64, Tuple{Int64, Int64, Int64}, Nothing}, ExaModels.Constraint{ExaModels.SIMDFunction{Node2{*,…}, ExaModels.Compressor{NTuple{9, Int64}}, ExaModels.Compressor{NTuple{31, Int64}}}, CuArray{Tuple{Int64, Int64, Int64, Float64}, 3, CUDA.DeviceMemory}, Int64, Tuple{Int64, Int64, Int64}, Nothing}, ExaModels.Constraint{ExaModels.SIMDFunction{Node2{*,…}, ExaModels.Compressor{NTuple{16, Int64}}, ExaModels.Compressor{NTuple{24, Int64}}}, CuArray{Tuple{Int64, Int64, Int64, Float64}, 3, CUDA.DeviceMemory}, Int64, Tuple{Int64, Int64, Int64}, Nothing}, ExaModels.Constraint{ExaModels.SIMDFunction{Node2{*,…}, ExaModels.Compressor{NTuple{16, Int64}}, ExaModels.Compressor{NTuple{24, Int64}}}, CuArray{Tuple{Int64, Int64, Int64, Float64}, 3, CUDA.DeviceMemory}, Int64, Tuple{Int64, Int64, Int64}, Nothing}, ExaModels.Constraint{ExaModels.SIMDFunction{Node2{*,…}, ExaModels.Compressor{NTuple{11, Int64}}, ExaModels.Compressor{NTuple{48, Int64}}}, CuArray{Tuple{Int64, Int64, Int64, Float64}, 3, CUDA.DeviceMemory}, Int64, Tuple{Int64, Int64, Int64}, Nothing}, ExaModels.Constraint{ExaModels.SIMDFunction{Node2{*,…}, ExaModels.Compressor{Tuple{Int64, Int64}}, ExaModels.Compressor{Tuple{Int64, Int64, Int64}}}, CuArray{Tuple{Int64, Int64, Int64, Float64}, 3, CUDA.DeviceMemory}, Int64, Tuple{Int64, Int64, Int64}, Nothing}, ExaModels.Constraint{ExaModels.SIMDFunction{Node2{*,…}, ExaModels.Compressor{NTuple{17, Int64}}, ExaModels.Compressor{NTuple{31, Int64}}}, CuArray{Tuple{Int64, Int64, Int64, Float64}, 3, CUDA.DeviceMemory}, Int64, Tuple{Int64, Int64, Int64}, Nothing}, ExaModels.Constraint{ExaModels.SIMDFunction{Node2{*,…}, ExaModels.Compressor{NTuple{13, Int64}}, ExaModels.Compressor{NTuple{69, Int64}}}, CuArray{Tuple{Int64, Int64, Int64, Float64}, 3, CUDA.DeviceMemory}, Int64, Tuple{Int64, Int64, Int64}, Nothing}, ExaModels.Constraint{ExaModels.SIMDFunction{Node2{*,…}, ExaModels.Compressor{NTuple{5, Int64}}, ExaModels.Compressor{NTuple{9, Int64}}}, CuArray{Tuple{Int64, Int64, Int64, Float64}, 3, CUDA.DeviceMemory}, Int64, Tuple{Int64, Int64, Int64}, Nothing}, ExaModels.Constraint{ExaModels.SIMDFunction{Node2{*,…}, ExaModels.Compressor{NTuple{9, Int64}}, ExaModels.Compressor{NTuple{31, Int64}}}, CuArray{Tuple{Int64, Int64, Int64, Float64}, 3, CUDA.DeviceMemory}, Int64, Tuple{Int64, Int64, Int64}, Nothing}, ExaModels.Constraint{ExaModels.SIMDFunction{Node2{*,…}, ExaModels.Compressor{NTuple{9, Int64}}, ExaModels.Compressor{NTuple{31, Int64}}}, CuArray{Tuple{Int64, Int64, Int64, Float64}, 3, CUDA.DeviceMemory}, Int64, Tuple{Int64, Int64, Int64}, Nothing}, ExaModels.Constraint{ExaModels.SIMDFunction{Node2{*,…}, ExaModels.Compressor{NTuple{13, Int64}}, ExaModels.Compressor{NTuple{69, Int64}}}, CuArray{Tuple{Int64, Int64, Int64, Float64}, 3, CUDA.DeviceMemory}, Int64, Tuple{Int64, Int64, Int64}, Nothing}, ExaModels.Constraint{ExaModels.SIMDFunction{Node2{*,…}, ExaModels.Compressor{Tuple{Int64, Int64}}, ExaModels.Compressor{Tuple{Int64, Int64, Int64}}}, CuArray{Tuple{Int64, Int64, Int64, Float64}, 3, CUDA.DeviceMemory}, Int64, Tuple{Int64, Int64, Int64}, Nothing}, ExaModels.Constraint{ExaModels.SIMDFunction{Node2{*,…}, ExaModels.Compressor{Tuple{Int64, Int64}}, ExaModels.Compressor{Tuple{Int64, Int64, Int64}}}, CuArray{Tuple{Int64, Int64, Int64, Float64}, 3, CUDA.DeviceMemory}, Int64, Tuple{Int64, Int64, Int64}, Nothing}}, Nothing, @NamedTuple{p::ExaModels.Variable{Tuple{UnitRange{Int64}}, Int64, Nothing}, z::ExaModels.Variable{NTuple{4, UnitRange{Int64}}, Int64, Nothing}, y::ExaModels.Variable{Tuple{UnitRange{Int64}}, Int64, Nothing}, sigma::ExaModels.Variable{Tuple{UnitRange{Int64}}, Int64, Nothing}, cv::ExaModels.Variable{Tuple{UnitRange{Int64}, UnitRange{Int64}}, Int64, Nothing}}}; kwargs::@Kwargs{tol::Float64, max_iter::Int64, max_wall_time::Float64, linear_solver::UnionAll})
│        @ MadNLP ~/.julia/packages/MadNLP/8V9Lm/src/IPM/IPM.jl:133
│     [71] MadNLPSolver
│        @ ~/.julia/packages/MadNLP/8V9Lm/src/IPM/IPM.jl:124 [inlined]
│     [72] madnlp(model::ExaModel{Float64, CuArray{Float64, 1, CUDA.DeviceMemory}, ExaModelsKernelAbstractions.KAExtension{Float64, CuArray{Float64, 1, CUDA.DeviceMemory}, Nothing, CuArray{Tuple{Int64, Int64}, 1, CUDA.DeviceMemory}, CuArray{Int64, 1, CUDA.DeviceMemory}, CUDABackend}, Tuple{ExaModels.Variable{Tuple{UnitRange{Int64}, UnitRange{Int64}}, Int64, Nothing}, ExaModels.Variable{Tuple{UnitRange{Int64}}, Int64, Nothing}, ExaModels.Variable{Tuple{UnitRange{Int64}}, Int64, Nothing}, ExaModels.Variable{NTuple{4, UnitRange{Int64}}, Int64, Nothing}, ExaModels.Variable{Tuple{UnitRange{Int64}}, Int64, Nothing}}, Tuple{}, Tuple{ExaModels.Objective{ExaModels.SIMDFunction{Node2{+,…}, ExaModels.Compressor{Tuple{Int64, Int64, Int64}}, ExaModels.Compressor{NTuple{4, Int64}}}, CuArray{Tuple{Int64, Float64, Float64}, 1, CUDA.DeviceMemory}}, ExaModels.Objective{ExaModels.SIMDFunction{Node2{+,…}, ExaModels.Compressor{Tuple{Int64, Int64, Int64}}, ExaModels.Compressor{NTuple{4, Int64}}}, CuArray{Tuple{Int64, Float64, Float64}, 1, CUDA.DeviceMemory}}}, Tuple{ExaModels.Constraint{ExaModels.SIMDFunction{Node2{-,…}, ExaModels.Compressor{Tuple{Int64, Int64}}, ExaModels.Compressor{Tuple{Int64}}}, CuArray{Tuple{Int64, Int64}, 1, CUDA.DeviceMemory}, Int64, Tuple{Int64}, Nothing}, ExaModels.Constraint{ExaModels.SIMDFunction{Node2{-,…}, ExaModels.Compressor{Tuple{Int64}}, ExaModels.Compressor{Tuple{}}}, CuArray{Tuple{Int64, Float64}, 1, CUDA.DeviceMemory}, Int64, Tuple{Int64}, Nothing}, ExaModels.Constraint{ExaModels.SIMDFunction{Node2{-,…}, ExaModels.Compressor{NTuple{8, Int64}}, ExaModels.Compressor{Tuple{}}}, CuArray{Tuple{Int64, Int64}, 1, CUDA.DeviceMemory}, Int64, Tuple{Int64}, Nothing}, ExaModels.Constraint{ExaModels.SIMDFunction{Node2{-,…}, ExaModels.Compressor{Tuple{Int64, Int64}}, ExaModels.Compressor{Tuple{}}}, CuArray{Tuple{Int64, Int64, Int64}, 1, CUDA.DeviceMemory}, Int64, Tuple{Int64}, Nothing}, ExaModels.Constraint{ExaModels.SIMDFunction{Node2{-,…}, ExaModels.Compressor{NTuple{14, Int64}}, ExaModels.Compressor{NTuple{91, Int64}}}, CuArray{Tuple{Int64, Int64, Int64}, 1, CUDA.DeviceMemory}, Int64, Tuple{Int64}, Nothing}, ExaModels.Constraint{ExaModels.SIMDFunction{Node2{-,…}, ExaModels.Compressor{NTuple{19, Int64}}, ExaModels.Compressor{NTuple{171, Int64}}}, CuArray{Tuple{Int64, Int64, Int64}, 1, CUDA.DeviceMemory}, Int64, Tuple{Int64}, Nothing}, ExaModels.Constraint{ExaModels.SIMDFunction{Node2{-,…}, ExaModels.Compressor{NTuple{11, Int64}}, ExaModels.Compressor{NTuple{55, Int64}}}, CuArray{Tuple{Int64, Int64, Int64}, 1, CUDA.DeviceMemory}, Int64, Tuple{Int64}, Nothing}, ExaModels.Constraint{ExaModels.SIMDFunction{Node2{-,…}, ExaModels.Compressor{Tuple{Int64}}, ExaModels.Compressor{Tuple{}}}, CuArray{Tuple{Int64, Int64, Int64}, 1, CUDA.DeviceMemory}, Int64, Tuple{Int64}, Nothing}, ExaModels.Constraint{ExaModels.SIMDFunction{Node2{-,…}, ExaModels.Compressor{NTuple{17, Int64}}, ExaModels.Compressor{NTuple{136, Int64}}}, CuArray{Tuple{Int64, Int64, Int64}, 1, CUDA.DeviceMemory}, Int64, Tuple{Int64}, Nothing}, ExaModels.Constraint{ExaModels.SIMDFunction{Node2{-,…}, ExaModels.Compressor{NTuple{9, Int64}}, ExaModels.Compressor{Tuple{}}}, CuArray{Tuple{Int64, Int64, Int64}, 1, CUDA.DeviceMemory}, Int64, Tuple{Int64}, Nothing}, ExaModels.Constraint{ExaModels.SIMDFunction{Node2{-,…}, ExaModels.Compressor{NTuple{13, Int64}}, ExaModels.Compressor{NTuple{78, Int64}}}, CuArray{Tuple{Int64, Int64, Int64}, 1, CUDA.DeviceMemory}, Int64, Tuple{Int64}, Nothing}, ExaModels.Constraint{ExaModels.SIMDFunction{Node2{-,…}, ExaModels.Compressor{NTuple{23, Int64}}, ExaModels.Compressor{NTuple{253, Int64}}}, CuArray{Tuple{Int64, Int64, Int64}, 1, CUDA.DeviceMemory}, Int64, Tuple{Int64}, Nothing}, ExaModels.Constraint{ExaModels.SIMDFunction{Node2{-,…}, ExaModels.Compressor{NTuple{120, Int64}}, ExaModels.Compressor{NTuple{7140, Int64}}}, CuArray{Tuple{Int64, Int64}, 1, CUDA.DeviceMemory}, Int64, Tuple{Int64}, Nothing}, ExaModels.Constraint{ExaModels.SIMDFunction{Node2{-,…}, ExaModels.Compressor{NTuple{18, Int64}}, ExaModels.Compressor{NTuple{153, Int64}}}, CuArray{Tuple{Int64, Int64, Int64}, 1, CUDA.DeviceMemory}, Int64, Tuple{Int64}, Nothing}, ExaModels.Constraint{ExaModels.SIMDFunction{Node2{-,…}, ExaModels.Compressor{NTuple{176, Int64}}, ExaModels.Compressor{NTuple{15400, Int64}}}, CuArray{Tuple{Int64, Int64}, 1, CUDA.DeviceMemory}, Int64, Tuple{Int64}, Nothing}, ExaModels.Constraint{ExaModels.SIMDFunction{Node2{-,…}, ExaModels.Compressor{NTuple{26, Int64}}, ExaModels.Compressor{NTuple{325, Int64}}}, CuArray{Tuple{Int64, Int64, Int64}, 1, CUDA.DeviceMemory}, Int64, Tuple{Int64}, Nothing}, ExaModels.Constraint{ExaModels.SIMDFunction{Node2{-,…}, ExaModels.Compressor{NTuple{17, Int64}}, ExaModels.Compressor{NTuple{136, Int64}}}, CuArray{Tuple{Int64, Int64, Int64}, 1, CUDA.DeviceMemory}, Int64, Tuple{Int64}, Nothing}, ExaModels.Constraint{ExaModels.SIMDFunction{Node2{-,…}, ExaModels.Compressor{NTuple{12, Int64}}, ExaModels.Compressor{NTuple{66, Int64}}}, CuArray{Tuple{Int64, Int64, Int64}, 1, CUDA.DeviceMemory}, Int64, Tuple{Int64}, Nothing}, ExaModels.Constraint{ExaModels.SIMDFunction{Node2{-,…}, ExaModels.Compressor{NTuple{13, Int64}}, ExaModels.Compressor{NTuple{78, Int64}}}, CuArray{Tuple{Int64, Int64, Int64}, 1, CUDA.DeviceMemory}, Int64, Tuple{Int64}, Nothing}, ExaModels.Constraint{ExaModels.SIMDFunction{Node2{-,…}, ExaModels.Compressor{NTuple{8, Int64}}, ExaModels.Compressor{Tuple{}}}, CuArray{Tuple{Int64, Int64}, 1, CUDA.DeviceMemory}, Int64, Tuple{Int64}, Nothing}, ExaModels.Constraint{ExaModels.SIMDFunction{Node2{-,…}, ExaModels.Compressor{Tuple{Int64, Int64}}, ExaModels.Compressor{Tuple{}}}, CuArray{Tuple{Int64, Int64, Int64}, 1, CUDA.DeviceMemory}, Int64, Tuple{Int64}, Nothing}, ExaModels.Constraint{ExaModels.SIMDFunction{Node2{-,…}, ExaModels.Compressor{NTuple{13, Int64}}, ExaModels.Compressor{NTuple{78, Int64}}}, CuArray{Tuple{Int64, Int64, Int64}, 1, CUDA.DeviceMemory}, Int64, Tuple{Int64}, Nothing}, ExaModels.Constraint{ExaModels.SIMDFunction{Node2{-,…}, ExaModels.Compressor{NTuple{8, Int64}}, ExaModels.Compressor{Tuple{}}}, CuArray{Tuple{Int64, Int64}, 1, CUDA.DeviceMemory}, Int64, Tuple{Int64}, Nothing}, ExaModels.Constraint{ExaModels.SIMDFunction{Node2{-,…}, ExaModels.Compressor{Tuple{Int64, Int64}}, ExaModels.Compressor{Tuple{}}}, CuArray{Tuple{Int64, Int64, Int64}, 1, CUDA.DeviceMemory}, Int64, Tuple{Int64}, Nothing}, ExaModels.Constraint{ExaModels.SIMDFunction{Node2{-,…}, ExaModels.Compressor{Tuple{Int64}}, ExaModels.Compressor{Tuple{}}}, CuArray{Tuple{Int64, Int64, Int64}, 1, CUDA.DeviceMemory}, Int64, Tuple{Int64}, Nothing}, ExaModels.Constraint{ExaModels.SIMDFunction{Node2{-,…}, ExaModels.Compressor{NTuple{183, Int64}}, ExaModels.Compressor{NTuple{16653, Int64}}}, CuArray{Tuple{Int64, Int64}, 1, CUDA.DeviceMemory}, Int64, Tuple{Int64}, Nothing}, ExaModels.Constraint{ExaModels.SIMDFunction{Node2{-,…}, ExaModels.Compressor{NTuple{27, Int64}}, ExaModels.Compressor{NTuple{351, Int64}}}, CuArray{Tuple{Int64, Int64, Int64}, 1, CUDA.DeviceMemory}, Int64, Tuple{Int64}, Nothing}, ExaModels.Constraint{ExaModels.SIMDFunction{Node2{-,…}, ExaModels.Compressor{NTuple{78, Int64}}, ExaModels.Compressor{NTuple{3003, Int64}}}, CuArray{Tuple{Int64, Int64}, 1, CUDA.DeviceMemory}, Int64, Tuple{Int64}, Nothing}, ExaModels.Constraint{ExaModels.SIMDFunction{Node2{-,…}, ExaModels.Compressor{NTuple{12, Int64}}, ExaModels.Compressor{NTuple{66, Int64}}}, CuArray{Tuple{Int64, Int64, Int64}, 1, CUDA.DeviceMemory}, Int64, Tuple{Int64}, Nothing}, ExaModels.Constraint{ExaModels.SIMDFunction{Node2{-,…}, ExaModels.Compressor{NTuple{12, Int64}}, ExaModels.Compressor{NTuple{66, Int64}}}, CuArray{Tuple{Int64, Int64, Int64}, 1, CUDA.DeviceMemory}, Int64, Tuple{Int64}, Nothing}, ExaModels.Constraint{ExaModels.SIMDFunction{Node2{-,…}, ExaModels.Compressor{NTuple{13, Int64}}, ExaModels.Compressor{NTuple{78, Int64}}}, CuArray{Tuple{Int64, Int64, Int64}, 1, CUDA.DeviceMemory}, Int64, Tuple{Int64}, Nothing}, ExaModels.Constraint{ExaModels.SIMDFunction{Node2{-,…}, ExaModels.Compressor{NTuple{8, Int64}}, ExaModels.Compressor{Tuple{}}}, CuArray{Tuple{Int64, Int64}, 1, CUDA.DeviceMemory}, Int64, Tuple{Int64}, Nothing}, ExaModels.Constraint{ExaModels.SIMDFunction{Node2{-,…}, ExaModels.Compressor{Tuple{Int64, Int64}}, ExaModels.Compressor{Tuple{}}}, CuArray{Tuple{Int64, Int64, Int64}, 1, CUDA.DeviceMemory}, Int64, Tuple{Int64}, Nothing}, ExaModels.Constraint{ExaModels.SIMDFunction{Node2{-,…}, ExaModels.Compressor{NTuple{8, Int64}}, ExaModels.Compressor{Tuple{}}}, CuArray{Tuple{Int64, Int64}, 1, CUDA.DeviceMemory}, Int64, Tuple{Int64}, Nothing}, ExaModels.Constraint{ExaModels.SIMDFunction{Node2{-,…}, ExaModels.Compressor{Tuple{Int64, Int64}}, ExaModels.Compressor{Tuple{}}}, CuArray{Tuple{Int64, Int64, Int64}, 1, CUDA.DeviceMemory}, Int64, Tuple{Int64}, Nothing}, ExaModels.Constraint{ExaModels.SIMDFunction{Node2{-,…}, ExaModels.Compressor{Tuple{Int64}}, ExaModels.Compressor{Tuple{}}}, CuArray{Tuple{Int64, Int64, Int64}, 1, CUDA.DeviceMemory}, Int64, Tuple{Int64}, Nothing}, ExaModels.Constraint{ExaModels.SIMDFunction{Node2{-,…}, ExaModels.Compressor{NTuple{19, Int64}}, ExaModels.Compressor{NTuple{171, Int64}}}, CuArray{Tuple{Int64, Int64, Int64}, 1, CUDA.DeviceMemory}, Int64, Tuple{Int64}, Nothing}, ExaModels.Constraint{ExaModels.SIMDFunction{Node2{-,…}, ExaModels.Compressor{NTuple{26, Int64}}, ExaModels.Compressor{NTuple{325, Int64}}}, CuArray{Tuple{Int64, Int64, Int64}, 1, CUDA.DeviceMemory}, Int64, Tuple{Int64}, Nothing}, ExaModels.Constraint{ExaModels.SIMDFunction{Node2{-,…}, ExaModels.Compressor{NTuple{12, Int64}}, ExaModels.Compressor{NTuple{66, Int64}}}, CuArray{Tuple{Int64, Int64, Int64}, 1, CUDA.DeviceMemory}, Int64, Tuple{Int64}, Nothing}, ExaModels.Constraint{ExaModels.SIMDFunction{Node2{-,…}, ExaModels.Compressor{NTuple{21, Int64}}, ExaModels.Compressor{NTuple{210, Int64}}}, CuArray{Tuple{Int64, Int64, Int64}, 1, CUDA.DeviceMemory}, Int64, Tuple{Int64}, Nothing}, ExaModels.Constraint{ExaModels.SIMDFunction{Node2{-,…}, ExaModels.Compressor{Tuple{Int64, Int64, Int64}}, ExaModels.Compressor{Tuple{}}}, CuArray{Tuple{Int64, Int64, Int64}, 1, CUDA.DeviceMemory}, Int64, Tuple{Int64}, Nothing}, ExaModels.Constraint{ExaModels.SIMDFunction{Node2{-,…}, ExaModels.Compressor{Tuple{Int64}}, ExaModels.Compressor{Tuple{}}}, CuArray{Tuple{Int64, Int64, Int64}, 1, CUDA.DeviceMemory}, Int64, Tuple{Int64}, Nothing}, ExaModels.Constraint{ExaModels.SIMDFunction{Node2{-,…}, ExaModels.Compressor{NTuple{8, Int64}}, ExaModels.Compressor{Tuple{}}}, CuArray{Tuple{Int64, Int64}, 1, CUDA.DeviceMemory}, Int64, Tuple{Int64}, Nothing}, ExaModels.Constraint{ExaModels.SIMDFunction{Node2{-,…}, ExaModels.Compressor{Tuple{Int64, Int64}}, ExaModels.Compressor{Tuple{}}}, CuArray{Tuple{Int64, Int64, Int64}, 1, CUDA.DeviceMemory}, Int64, Tuple{Int64}, Nothing}, ExaModels.Constraint{ExaModels.SIMDFunction{Node2{-,…}, ExaModels.Compressor{NTuple{13, Int64}}, ExaModels.Compressor{NTuple{78, Int64}}}, CuArray{Tuple{Int64, Int64, Int64}, 1, CUDA.DeviceMemory}, Int64, Tuple{Int64}, Nothing}, ExaModels.Constraint{ExaModels.SIMDFunction{Node2{-,…}, ExaModels.Compressor{NTuple{113, Int64}}, ExaModels.Compressor{NTuple{6328, Int64}}}, CuArray{Tuple{Int64, Int64}, 1, CUDA.DeviceMemory}, Int64, Tuple{Int64}, Nothing}, ExaModels.Constraint{ExaModels.SIMDFunction{Node2{-,…}, ExaModels.Compressor{NTuple{17, Int64}}, ExaModels.Compressor{NTuple{136, Int64}}}, CuArray{Tuple{Int64, Int64, Int64}, 1, CUDA.DeviceMemory}, Int64, Tuple{Int64}, Nothing}, ExaModels.Constraint{ExaModels.SIMDFunction{Node2{-,…}, ExaModels.Compressor{NTuple{8, Int64}}, ExaModels.Compressor{Tuple{}}}, CuArray{Tuple{Int64, Int64}, 1, CUDA.DeviceMemory}, Int64, Tuple{Int64}, Nothing}, ExaModels.Constraint{ExaModels.SIMDFunction{Node2{-,…}, ExaModels.Compressor{Tuple{Int64, Int64}}, ExaModels.Compressor{Tuple{}}}, CuArray{Tuple{Int64, Int64, Int64}, 1, CUDA.DeviceMemory}, Int64, Tuple{Int64}, Nothing}, ExaModels.Constraint{ExaModels.SIMDFunction{Node2{-,…}, ExaModels.Compressor{NTuple{18, Int64}}, ExaModels.Compressor{NTuple{153, Int64}}}, CuArray{Tuple{Int64, Int64, Int64}, 1, CUDA.DeviceMemory}, Int64, Tuple{Int64}, Nothing}, ExaModels.Constraint{ExaModels.SIMDFunction{Node2{-,…}, ExaModels.Compressor{NTuple{71, Int64}}, ExaModels.Compressor{NTuple{2485, Int64}}}, CuArray{Tuple{Int64, Int64}, 1, CUDA.DeviceMemory}, Int64, Tuple{Int64}, Nothing}, ExaModels.Constraint{ExaModels.SIMDFunction{Node2{-,…}, ExaModels.Compressor{NTuple{11, Int64}}, ExaModels.Compressor{NTuple{55, Int64}}}, CuArray{Tuple{Int64, Int64, Int64}, 1, CUDA.DeviceMemory}, Int64, Tuple{Int64}, Nothing}, ExaModels.Constraint{ExaModels.SIMDFunction{Node2{-,…}, ExaModels.Compressor{NTuple{27, Int64}}, ExaModels.Compressor{NTuple{351, Int64}}}, CuArray{Tuple{Int64, Int64, Int64}, 1, CUDA.DeviceMemory}, Int64, Tuple{Int64}, Nothing}, ExaModels.Constraint{ExaModels.SIMDFunction{Node2{-,…}, ExaModels.Compressor{NTuple{17, Int64}}, ExaModels.Compressor{NTuple{136, Int64}}}, CuArray{Tuple{Int64, Int64, Int64}, 1, CUDA.DeviceMemory}, Int64, Tuple{Int64}, Nothing}, ExaModels.Constraint{ExaModels.SIMDFunction{Node2{-,…}, ExaModels.Compressor{Tuple{Int64}}, ExaModels.Compressor{Tuple{}}}, CuArray{Tuple{Int64, Int64, Int64}, 1, CUDA.DeviceMemory}, Int64, Tuple{Int64}, Nothing}, ExaModels.Constraint{ExaModels.SIMDFunction{Node2{-,…}, ExaModels.Compressor{NTuple{85, Int64}}, ExaModels.Compressor{NTuple{3570, Int64}}}, CuArray{Tuple{Int64, Int64}, 1, CUDA.DeviceMemory}, Int64, Tuple{Int64}, Nothing}, ExaModels.Constraint{ExaModels.SIMDFunction{Node2{-,…}, ExaModels.Compressor{NTuple{13, Int64}}, ExaModels.Compressor{NTuple{78, Int64}}}, CuArray{Tuple{Int64, Int64, Int64}, 1, CUDA.DeviceMemory}, Int64, Tuple{Int64}, Nothing}, ExaModels.Constraint{ExaModels.SIMDFunction{Node2{-,…}, ExaModels.Compressor{NTuple{17, Int64}}, ExaModels.Compressor{NTuple{136, Int64}}}, CuArray{Tuple{Int64, Int64, Int64}, 1, CUDA.DeviceMemory}, Int64, Tuple{Int64}, Nothing}, ExaModels.Constraint{ExaModels.SIMDFunction{Node2{-,…}, ExaModels.Compressor{NTuple{12, Int64}}, ExaModels.Compressor{NTuple{66, Int64}}}, CuArray{Tuple{Int64, Int64, Int64}, 1, CUDA.DeviceMemory}, Int64, Tuple{Int64}, Nothing}, ExaModels.Constraint{ExaModels.SIMDFunction{Node2{-,…}, ExaModels.Compressor{NTuple{13, Int64}}, ExaModels.Compressor{NTuple{78, Int64}}}, CuArray{Tuple{Int64, Int64, Int64}, 1, CUDA.DeviceMemory}, Int64, Tuple{Int64}, Nothing}, ExaModels.Constraint{ExaModels.SIMDFunction{Node2{-,…}, ExaModels.Compressor{NTuple{18, Int64}}, ExaModels.Compressor{NTuple{153, Int64}}}, CuArray{Tuple{Int64, Int64, Int64}, 1, CUDA.DeviceMemory}, Int64, Tuple{Int64}, Nothing}, ExaModels.Constraint{ExaModels.SIMDFunction{Node2{-,…}, ExaModels.Compressor{NTuple{14, Int64}}, ExaModels.Compressor{NTuple{91, Int64}}}, CuArray{Tuple{Int64, Int64, Int64}, 1, CUDA.DeviceMemory}, Int64, Tuple{Int64}, Nothing}, ExaModels.Constraint{ExaModels.SIMDFunction{Node2{-,…}, ExaModels.Compressor{NTuple{71, Int64}}, ExaModels.Compressor{NTuple{2485, Int64}}}, CuArray{Tuple{Int64, Int64}, 1, CUDA.DeviceMemory}, Int64, Tuple{Int64}, Nothing}, ExaModels.Constraint{ExaModels.SIMDFunction{Node2{-,…}, ExaModels.Compressor{NTuple{11, Int64}}, ExaModels.Compressor{NTuple{55, Int64}}}, CuArray{Tuple{Int64, Int64, Int64}, 1, CUDA.DeviceMemory}, Int64, Tuple{Int64}, Nothing}, ExaModels.Constraint{ExaModels.SIMDFunction{Node2{-,…}, ExaModels.Compressor{NTuple{13, Int64}}, ExaModels.Compressor{NTuple{78, Int64}}}, CuArray{Tuple{Int64, Int64, Int64}, 1, CUDA.DeviceMemory}, Int64, Tuple{Int64}, Nothing}, ExaModels.Constraint{ExaModels.SIMDFunction{Node2{-,…}, ExaModels.Compressor{NTuple{18, Int64}}, ExaModels.Compressor{NTuple{153, Int64}}}, CuArray{Tuple{Int64, Int64, Int64}, 1, CUDA.DeviceMemory}, Int64, Tuple{Int64}, Nothing}, ExaModels.Constraint{ExaModels.SIMDFunction{Node2{-,…}, ExaModels.Compressor{NTuple{11, Int64}}, ExaModels.Compressor{NTuple{55, Int64}}}, CuArray{Tuple{Int64, Int64, Int64}, 1, CUDA.DeviceMemory}, Int64, Tuple{Int64}, Nothing}, ExaModels.Constraint{ExaModels.SIMDFunction{Node2{-,…}, ExaModels.Compressor{NTuple{13, Int64}}, ExaModels.Compressor{NTuple{78, Int64}}}, CuArray{Tuple{Int64, Int64, Int64}, 1, CUDA.DeviceMemory}, Int64, Tuple{Int64}, Nothing}, ExaModels.Constraint{ExaModels.SIMDFunction{Node2{-,…}, ExaModels.Compressor{NTuple{8, Int64}}, ExaModels.Compressor{Tuple{}}}, CuArray{Tuple{Int64, Int64}, 1, CUDA.DeviceMemory}, Int64, Tuple{Int64}, Nothing}, ExaModels.Constraint{ExaModels.SIMDFunction{Node2{-,…}, ExaModels.Compressor{Tuple{Int64, Int64}}, ExaModels.Compressor{Tuple{}}}, CuArray{Tuple{Int64, Int64, Int64}, 1, CUDA.DeviceMemory}, Int64, Tuple{Int64}, Nothing}, ExaModels.Constraint{ExaModels.SIMDFunction{Node2{-,…}, ExaModels.Compressor{NTuple{8, Int64}}, ExaModels.Compressor{Tuple{}}}, CuArray{Tuple{Int64, Int64}, 1, CUDA.DeviceMemory}, Int64, Tuple{Int64}, Nothing}, ExaModels.Constraint{ExaModels.SIMDFunction{Node2{-,…}, ExaModels.Compressor{Tuple{Int64, Int64}}, ExaModels.Compressor{Tuple{}}}, CuArray{Tuple{Int64, Int64, Int64}, 1, CUDA.DeviceMemory}, Int64, Tuple{Int64}, Nothing}, ExaModels.Constraint{ExaModels.SIMDFunction{Node2{-,…}, ExaModels.Compressor{NTuple{14, Int64}}, ExaModels.Compressor{NTuple{91, Int64}}}, CuArray{Tuple{Int64, Int64, Int64}, 1, CUDA.DeviceMemory}, Int64, Tuple{Int64}, Nothing}, ExaModels.Constraint{ExaModels.SIMDFunction{Node2{-,…}, ExaModels.Compressor{NTuple{12, Int64}}, ExaModels.Compressor{NTuple{66, Int64}}}, CuArray{Tuple{Int64, Int64, Int64}, 1, CUDA.DeviceMemory}, Int64, Tuple{Int64}, Nothing}, ExaModels.Constraint{ExaModels.SIMDFunction{Node2{-,…}, ExaModels.Compressor{NTuple{8, Int64}}, ExaModels.Compressor{Tuple{}}}, CuArray{Tuple{Int64, Int64}, 1, CUDA.DeviceMemory}, Int64, Tuple{Int64}, Nothing}, ExaModels.Constraint{ExaModels.SIMDFunction{Node2{-,…}, ExaModels.Compressor{Tuple{Int64, Int64}}, ExaModels.Compressor{Tuple{}}}, CuArray{Tuple{Int64, Int64, Int64}, 1, CUDA.DeviceMemory}, Int64, Tuple{Int64}, Nothing}, ExaModels.Constraint{ExaModels.SIMDFunction{Node2{-,…}, ExaModels.Compressor{NTuple{13, Int64}}, ExaModels.Compressor{NTuple{78, Int64}}}, CuArray{Tuple{Int64, Int64, Int64}, 1, CUDA.DeviceMemory}, Int64, Tuple{Int64}, Nothing}, ExaModels.Constraint{ExaModels.SIMDFunction{Node2{-,…}, ExaModels.Compressor{NTuple{8, Int64}}, ExaModels.Compressor{Tuple{}}}, CuArray{Tuple{Int64, Int64}, 1, CUDA.DeviceMemory}, Int64, Tuple{Int64}, Nothing}, ExaModels.Constraint{ExaModels.SIMDFunction{Node2{-,…}, ExaModels.Compressor{Tuple{Int64, Int64}}, ExaModels.Compressor{Tuple{}}}, CuArray{Tuple{Int64, Int64, Int64}, 1, CUDA.DeviceMemory}, Int64, Tuple{Int64}, Nothing}, ExaModels.Constraint{ExaModels.SIMDFunction{Node2{-,…}, ExaModels.Compressor{NTuple{11, Int64}}, ExaModels.Compressor{Tuple{}}}, CuArray{Tuple{Int64, Int64, Int64}, 1, CUDA.DeviceMemory}, Int64, Tuple{Int64}, Nothing}, ExaModels.Constraint{ExaModels.SIMDFunction{Node2{-,…}, ExaModels.Compressor{NTuple{8, Int64}}, ExaModels.Compressor{Tuple{}}}, CuArray{Tuple{Int64, Int64}, 1, CUDA.DeviceMemory}, Int64, Tuple{Int64}, Nothing}, ExaModels.Constraint{ExaModels.SIMDFunction{Node2{-,…}, ExaModels.Compressor{Tuple{Int64, Int64}}, ExaModels.Compressor{Tuple{}}}, CuArray{Tuple{Int64, Int64, Int64}, 1, CUDA.DeviceMemory}, Int64, Tuple{Int64}, Nothing}, ExaModels.Constraint{ExaModels.SIMDFunction{Node2{-,…}, ExaModels.Compressor{NTuple{21, Int64}}, ExaModels.Compressor{NTuple{210, Int64}}}, CuArray{Tuple{Int64, Int64, Int64}, 1, CUDA.DeviceMemory}, Int64, Tuple{Int64}, Nothing}, ExaModels.Constraint{ExaModels.SIMDFunction{Node2{-,…}, ExaModels.Compressor{NTuple{14, Int64}}, ExaModels.Compressor{NTuple{91, Int64}}}, CuArray{Tuple{Int64, Int64, Int64}, 1, CUDA.DeviceMemory}, Int64, Tuple{Int64}, Nothing}, ExaModels.Constraint{ExaModels.SIMDFunction{Node2{-,…}, ExaModels.Compressor{NTuple{11, Int64}}, ExaModels.Compressor{NTuple{55, Int64}}}, CuArray{Tuple{Int64, Int64, Int64}, 1, CUDA.DeviceMemory}, Int64, Tuple{Int64}, Nothing}, ExaModels.Constraint{ExaModels.SIMDFunction{Node2{-,…}, ExaModels.Compressor{NTuple{11, Int64}}, ExaModels.Compressor{NTuple{55, Int64}}}, CuArray{Tuple{Int64, Int64, Int64}, 1, CUDA.DeviceMemory}, Int64, Tuple{Int64}, Nothing}, ExaModels.Constraint{ExaModels.SIMDFunction{Node2{-,…}, ExaModels.Compressor{Tuple{Int64}}, ExaModels.Compressor{Tuple{}}}, CuArray{Tuple{Int64, Int64, Int64}, 1, CUDA.DeviceMemory}, Int64, Tuple{Int64}, Nothing}, ExaModels.Constraint{ExaModels.SIMDFunction{Node2{-,…}, ExaModels.Compressor{Tuple{Int64, Int64}}, ExaModels.Compressor{Tuple{}}}, CuArray{Tuple{Int64, Int64, Int64}, 1, CUDA.DeviceMemory}, Int64, Tuple{Int64}, Nothing}, ExaModels.Constraint{ExaModels.SIMDFunction{Node2{-,…}, ExaModels.Compressor{Tuple{Int64, Int64}}, ExaModels.Compressor{Tuple{Int64}}}, CuArray{Tuple{Int64, Int64, Int64}, 1, CUDA.DeviceMemory}, Int64, Tuple{Int64}, Nothing}, ExaModels.Constraint{ExaModels.SIMDFunction{Node2{-,…}, ExaModels.Compressor{Tuple{Int64}}, ExaModels.Compressor{Tuple{}}}, CuArray{Tuple{Int64, Int64, Float64}, 1, CUDA.DeviceMemory}, Int64, Tuple{Int64}, Nothing}, ExaModels.ConstraintAugmentation{ExaModels.SIMDFunction{Pair{Tuple{DataIndexed{…}, DataIndexed{…}, DataIndexed{…}}, Node2{*,…}}, ExaModels.Compressor{Tuple{Int64}}, ExaModels.Compressor{Tuple{}}}, CuArray{Tuple{Int64, Int64, Int64, Int64, Float64}, 4, CUDA.DeviceMemory}, Tuple{Int64, Int64, Int64}, Nothing}, ExaModels.Constraint{ExaModels.SIMDFunction{Node1{-,…}, ExaModels.Compressor{Tuple{Int64}}, ExaModels.Compressor{Tuple{}}}, CuArray{Tuple{Int64, Int64, Int64}, 3, CUDA.DeviceMemory}, Int64, Tuple{Int64, Int64, Int64}, Nothing}, ExaModels.Constraint{ExaModels.SIMDFunction{Node2{-,…}, ExaModels.Compressor{Tuple{Int64, Int64}}, ExaModels.Compressor{Tuple{Int64}}}, CuArray{Tuple{Int64, Int64, Int64}, 1, CUDA.DeviceMemory}, Int64, Tuple{Int64}, Nothing}, ExaModels.Constraint{ExaModels.SIMDFunction{Node2{-,…}, ExaModels.Compressor{Tuple{Int64}}, ExaModels.Compressor{Tuple{}}}, CuArray{Tuple{Int64, Int64, Float64}, 1, CUDA.DeviceMemory}, Int64, Tuple{Int64}, Nothing}, ExaModels.ConstraintAugmentation{ExaModels.SIMDFunction{Pair{Tuple{DataIndexed{…}, DataIndexed{…}, DataIndexed{…}}, Node2{*,…}}, ExaModels.Compressor{Tuple{Int64}}, ExaModels.Compressor{Tuple{}}}, CuArray{Tuple{Int64, Int64, Int64, Int64, Float64}, 4, CUDA.DeviceMemory}, Tuple{Int64, Int64, Int64}, Nothing}, ExaModels.ConstraintAugmentation{ExaModels.SIMDFunction{Pair{Tuple{DataIndexed{…}, DataIndexed{…}, DataIndexed{…}}, Node2{*,…}}, ExaModels.Compressor{Tuple{Int64}}, ExaModels.Compressor{Tuple{}}}, CuArray{Tuple{Int64, Int64, Int64, Int64, Float64}, 4, CUDA.DeviceMemory}, Tuple{Int64, Int64, Int64}, Nothing}, ExaModels.ConstraintAugmentation{ExaModels.SIMDFunction{Pair{Tuple{DataIndexed{…}, DataIndexed{…}, DataIndexed{…}}, Node2{*,…}}, ExaModels.Compressor{Tuple{Int64}}, ExaModels.Compressor{Tuple{}}}, CuArray{Tuple{Int64, Int64, Int64, Int64, Float64}, 4, CUDA.DeviceMemory}, Tuple{Int64, Int64, Int64}, Nothing}, ExaModels.ConstraintAugmentation{ExaModels.SIMDFunction{Pair{Tuple{DataIndexed{…}, DataIndexed{…}, DataIndexed{…}}, Node2{*,…}}, ExaModels.Compressor{Tuple{Int64}}, ExaModels.Compressor{Tuple{}}}, CuArray{Tuple{Int64, Int64, Int64, Int64, Float64}, 4, CUDA.DeviceMemory}, Tuple{Int64, Int64, Int64}, Nothing}, ExaModels.ConstraintAugmentation{ExaModels.SIMDFunction{Pair{Tuple{DataIndexed{…}, DataIndexed{…}, DataIndexed{…}}, Node2{*,…}}, ExaModels.Compressor{Tuple{Int64}}, ExaModels.Compressor{Tuple{}}}, CuArray{Tuple{Int64, Int64, Int64, Int64, Float64}, 4, CUDA.DeviceMemory}, Tuple{Int64, Int64, Int64}, Nothing}, ExaModels.ConstraintAugmentation{ExaModels.SIMDFunction{Pair{Tuple{DataIndexed{…}, DataIndexed{…}, DataIndexed{…}}, Node2{*,…}}, ExaModels.Compressor{Tuple{Int64}}, ExaModels.Compressor{Tuple{}}}, CuArray{Tuple{Int64, Int64, Int64, Int64, Float64}, 4, CUDA.DeviceMemory}, Tuple{Int64, Int64, Int64}, Nothing}, ExaModels.ConstraintAugmentation{ExaModels.SIMDFunction{Pair{Tuple{DataIndexed{…}, DataIndexed{…}, DataIndexed{…}}, Node2{*,…}}, ExaModels.Compressor{Tuple{Int64}}, ExaModels.Compressor{Tuple{}}}, CuArray{Tuple{Int64, Int64, Int64, Int64, Float64}, 4, CUDA.DeviceMemory}, Tuple{Int64, Int64, Int64}, Nothing}, ExaModels.ConstraintAugmentation{ExaModels.SIMDFunction{Pair{Tuple{DataIndexed{…}, DataIndexed{…}, DataIndexed{…}}, Node2{*,…}}, ExaModels.Compressor{Tuple{Int64}}, ExaModels.Compressor{Tuple{}}}, CuArray{Tuple{Int64, Int64, Int64, Int64, Float64}, 4, CUDA.DeviceMemory}, Tuple{Int64, Int64, Int64}, Nothing}, ExaModels.ConstraintAugmentation{ExaModels.SIMDFunction{Pair{Tuple{DataIndexed{…}, DataIndexed{…}, DataIndexed{…}}, Node2{*,…}}, ExaModels.Compressor{Tuple{Int64}}, ExaModels.Compressor{Tuple{}}}, CuArray{Tuple{Int64, Int64, Int64, Int64, Float64}, 4, CUDA.DeviceMemory}, Tuple{Int64, Int64, Int64}, Nothing}, ExaModels.ConstraintAugmentation{ExaModels.SIMDFunction{Pair{Tuple{DataIndexed{…}, DataIndexed{…}, DataIndexed{…}}, Node2{*,…}}, ExaModels.Compressor{Tuple{Int64}}, ExaModels.Compressor{Tuple{}}}, CuArray{Tuple{Int64, Int64, Int64, Int64, Float64}, 4, CUDA.DeviceMemory}, Tuple{Int64, Int64, Int64}, Nothing}, ExaModels.ConstraintAugmentation{ExaModels.SIMDFunction{Pair{Tuple{DataIndexed{…}, DataIndexed{…}, DataIndexed{…}}, Node2{*,…}}, ExaModels.Compressor{Tuple{Int64}}, ExaModels.Compressor{Tuple{}}}, CuArray{Tuple{Int64, Int64, Int64, Int64, Float64}, 4, CUDA.DeviceMemory}, Tuple{Int64, Int64, Int64}, Nothing}, ExaModels.ConstraintAugmentation{ExaModels.SIMDFunction{Pair{Tuple{DataIndexed{…}, DataIndexed{…}, DataIndexed{…}}, Node2{*,…}}, ExaModels.Compressor{Tuple{Int64}}, ExaModels.Compressor{Tuple{}}}, CuArray{Tuple{Int64, Int64, Int64, Int64, Float64}, 4, CUDA.DeviceMemory}, Tuple{Int64, Int64, Int64}, Nothing}, ExaModels.ConstraintAugmentation{ExaModels.SIMDFunction{Pair{Tuple{DataIndexed{…}, DataIndexed{…}, DataIndexed{…}}, Node2{*,…}}, ExaModels.Compressor{Tuple{Int64}}, ExaModels.Compressor{Tuple{}}}, CuArray{Tuple{Int64, Int64, Int64, Int64, Float64}, 4, CUDA.DeviceMemory}, Tuple{Int64, Int64, Int64}, Nothing}, ExaModels.ConstraintAugmentation{ExaModels.SIMDFunction{Pair{Tuple{DataIndexed{…}, DataIndexed{…}, DataIndexed{…}}, Node2{*,…}}, ExaModels.Compressor{Tuple{Int64}}, ExaModels.Compressor{Tuple{}}}, CuArray{Tuple{Int64, Int64, Int64, Int64, Float64}, 4, CUDA.DeviceMemory}, Tuple{Int64, Int64, Int64}, Nothing}, ExaModels.ConstraintAugmentation{ExaModels.SIMDFunction{Pair{Tuple{DataIndexed{…}, DataIndexed{…}, DataIndexed{…}}, Node2{*,…}}, ExaModels.Compressor{Tuple{Int64}}, ExaModels.Compressor{Tuple{}}}, CuArray{Tuple{Int64, Int64, Int64, Int64, Float64}, 4, CUDA.DeviceMemory}, Tuple{Int64, Int64, Int64}, Nothing}, ExaModels.ConstraintAugmentation{ExaModels.SIMDFunction{Pair{Tuple{DataIndexed{…}, DataIndexed{…}, DataIndexed{…}}, Node2{*,…}}, ExaModels.Compressor{Tuple{Int64}}, ExaModels.Compressor{Tuple{}}}, CuArray{Tuple{Int64, Int64, Int64, Int64, Float64}, 4, CUDA.DeviceMemory}, Tuple{Int64, Int64, Int64}, Nothing}, ExaModels.ConstraintAugmentation{ExaModels.SIMDFunction{Pair{Tuple{DataIndexed{…}, DataIndexed{…}, DataIndexed{…}}, Node2{*,…}}, ExaModels.Compressor{Tuple{Int64}}, ExaModels.Compressor{Tuple{}}}, CuArray{Tuple{Int64, Int64, Int64, Int64, Float64}, 4, CUDA.DeviceMemory}, Tuple{Int64, Int64, Int64}, Nothing}, ExaModels.ConstraintAugmentation{ExaModels.SIMDFunction{Pair{Tuple{DataIndexed{…}, DataIndexed{…}, DataIndexed{…}}, Node2{*,…}}, ExaModels.Compressor{Tuple{Int64}}, ExaModels.Compressor{Tuple{}}}, CuArray{Tuple{Int64, Int64, Int64, Int64, Float64}, 4, CUDA.DeviceMemory}, Tuple{Int64, Int64, Int64}, Nothing}, ExaModels.ConstraintAugmentation{ExaModels.SIMDFunction{Pair{Tuple{DataIndexed{…}, DataIndexed{…}, DataIndexed{…}}, Node2{*,…}}, ExaModels.Compressor{Tuple{Int64}}, ExaModels.Compressor{Tuple{}}}, CuArray{Tuple{Int64, Int64, Int64, Int64, Float64}, 4, CUDA.DeviceMemory}, Tuple{Int64, Int64, Int64}, Nothing}, ExaModels.ConstraintAugmentation{ExaModels.SIMDFunction{Pair{Tuple{DataIndexed{…}, DataIndexed{…}, DataIndexed{…}}, Node2{*,…}}, ExaModels.Compressor{Tuple{Int64}}, ExaModels.Compressor{Tuple{}}}, CuArray{Tuple{Int64, Int64, Int64, Int64, Float64}, 4, CUDA.DeviceMemory}, Tuple{Int64, Int64, Int64}, Nothing}, ExaModels.ConstraintAugmentation{ExaModels.SIMDFunction{Pair{Tuple{DataIndexed{…}, DataIndexed{…}, DataIndexed{…}}, Node2{*,…}}, ExaModels.Compressor{Tuple{Int64}}, ExaModels.Compressor{Tuple{}}}, CuArray{Tuple{Int64, Int64, Int64, Int64, Float64}, 4, CUDA.DeviceMemory}, Tuple{Int64, Int64, Int64}, Nothing}, ExaModels.ConstraintAugmentation{ExaModels.SIMDFunction{Pair{Tuple{DataIndexed{…}, DataIndexed{…}, DataIndexed{…}}, Node2{*,…}}, ExaModels.Compressor{Tuple{Int64}}, ExaModels.Compressor{Tuple{}}}, CuArray{Tuple{Int64, Int64, Int64, Int64, Float64}, 4, CUDA.DeviceMemory}, Tuple{Int64, Int64, Int64}, Nothing}, ExaModels.ConstraintAugmentation{ExaModels.SIMDFunction{Pair{Tuple{DataIndexed{…}, DataIndexed{…}, DataIndexed{…}}, Node2{*,…}}, ExaModels.Compressor{Tuple{Int64}}, ExaModels.Compressor{Tuple{}}}, CuArray{Tuple{Int64, Int64, Int64, Int64, Float64}, 4, CUDA.DeviceMemory}, Tuple{Int64, Int64, Int64}, Nothing}, ExaModels.ConstraintAugmentation{ExaModels.SIMDFunction{Pair{Tuple{DataIndexed{…}, DataIndexed{…}, DataIndexed{…}}, Node2{*,…}}, ExaModels.Compressor{Tuple{Int64}}, ExaModels.Compressor{Tuple{}}}, CuArray{Tuple{Int64, Int64, Int64, Int64, Float64}, 4, CUDA.DeviceMemory}, Tuple{Int64, Int64, Int64}, Nothing}, ExaModels.ConstraintAugmentation{ExaModels.SIMDFunction{Pair{Tuple{DataIndexed{…}, DataIndexed{…}, DataIndexed{…}}, Node2{*,…}}, ExaModels.Compressor{Tuple{Int64}}, ExaModels.Compressor{Tuple{}}}, CuArray{Tuple{Int64, Int64, Int64, Int64, Float64}, 4, CUDA.DeviceMemory}, Tuple{Int64, Int64, Int64}, Nothing}, ExaModels.ConstraintAugmentation{ExaModels.SIMDFunction{Pair{Tuple{DataIndexed{…}, DataIndexed{…}, DataIndexed{…}}, Node2{*,…}}, ExaModels.Compressor{Tuple{Int64}}, ExaModels.Compressor{Tuple{}}}, CuArray{Tuple{Int64, Int64, Int64, Int64, Float64}, 4, CUDA.DeviceMemory}, Tuple{Int64, Int64, Int64}, Nothing}, ExaModels.ConstraintAugmentation{ExaModels.SIMDFunction{Pair{Tuple{DataIndexed{…}, DataIndexed{…}, DataIndexed{…}}, Node2{*,…}}, ExaModels.Compressor{Tuple{Int64}}, ExaModels.Compressor{Tuple{}}}, CuArray{Tuple{Int64, Int64, Int64, Int64, Float64}, 4, CUDA.DeviceMemory}, Tuple{Int64, Int64, Int64}, Nothing}, ExaModels.ConstraintAugmentation{ExaModels.SIMDFunction{Pair{Tuple{DataIndexed{…}, DataIndexed{…}, DataIndexed{…}}, Node2{*,…}}, ExaModels.Compressor{Tuple{Int64}}, ExaModels.Compressor{Tuple{}}}, CuArray{Tuple{Int64, Int64, Int64, Int64, Float64}, 4, CUDA.DeviceMemory}, Tuple{Int64, Int64, Int64}, Nothing}, ExaModels.ConstraintAugmentation{ExaModels.SIMDFunction{Pair{Tuple{DataIndexed{…}, DataIndexed{…}, DataIndexed{…}}, Node2{*,…}}, ExaModels.Compressor{Tuple{Int64}}, ExaModels.Compressor{Tuple{}}}, CuArray{Tuple{Int64, Int64, Int64, Int64, Float64}, 4, CUDA.DeviceMemory}, Tuple{Int64, Int64, Int64}, Nothing}, ExaModels.ConstraintAugmentation{ExaModels.SIMDFunction{Pair{Tuple{DataIndexed{…}, DataIndexed{…}, DataIndexed{…}}, Node2{*,…}}, ExaModels.Compressor{Tuple{Int64}}, ExaModels.Compressor{Tuple{}}}, CuArray{Tuple{Int64, Int64, Int64, Int64, Float64}, 4, CUDA.DeviceMemory}, Tuple{Int64, Int64, Int64}, Nothing}, ExaModels.ConstraintAugmentation{ExaModels.SIMDFunction{Pair{Tuple{DataIndexed{…}, DataIndexed{…}, DataIndexed{…}}, Node2{*,…}}, ExaModels.Compressor{Tuple{Int64}}, ExaModels.Compressor{Tuple{}}}, CuArray{Tuple{Int64, Int64, Int64, Int64, Float64}, 4, CUDA.DeviceMemory}, Tuple{Int64, Int64, Int64}, Nothing}, ExaModels.ConstraintAugmentation{ExaModels.SIMDFunction{Pair{Tuple{DataIndexed{…}, DataIndexed{…}, DataIndexed{…}}, Node2{*,…}}, ExaModels.Compressor{Tuple{Int64}}, ExaModels.Compressor{Tuple{}}}, CuArray{Tuple{Int64, Int64, Int64, Int64, Float64}, 4, CUDA.DeviceMemory}, Tuple{Int64, Int64, Int64}, Nothing}, ExaModels.ConstraintAugmentation{ExaModels.SIMDFunction{Pair{Tuple{DataIndexed{…}, DataIndexed{…}, DataIndexed{…}}, Node2{*,…}}, ExaModels.Compressor{Tuple{Int64}}, ExaModels.Compressor{Tuple{}}}, CuArray{Tuple{Int64, Int64, Int64, Int64, Float64}, 4, CUDA.DeviceMemory}, Tuple{Int64, Int64, Int64}, Nothing}, ExaModels.Constraint{ExaModels.SIMDFunction{Node2{*,…}, ExaModels.Compressor{NTuple{25, Int64}}, ExaModels.Compressor{NTuple{46, Int64}}}, CuArray{Tuple{Int64, Int64, Int64, Float64}, 3, CUDA.DeviceMemory}, Int64, Tuple{Int64, Int64, Int64}, Nothing}, ExaModels.Constraint{ExaModels.SIMDFunction{Node2{*,…}, ExaModels.Compressor{NTuple{5, Int64}}, ExaModels.Compressor{NTuple{9, Int64}}}, CuArray{Tuple{Int64, Int64, Int64, Float64}, 3, CUDA.DeviceMemory}, Int64, Tuple{Int64, Int64, Int64}, Nothing}, ExaModels.Constraint{ExaModels.SIMDFunction{Node2{*,…}, ExaModels.Compressor{Tuple{Int64, Int64}}, ExaModels.Compressor{Tuple{Int64, Int64, Int64}}}, CuArray{Tuple{Int64, Int64, Int64, Float64}, 3, CUDA.DeviceMemory}, Int64, Tuple{Int64, Int64, Int64}, Nothing}, ExaModels.Constraint{ExaModels.SIMDFunction{Node2{*,…}, ExaModels.Compressor{Tuple{Int64, Int64, Int64}}, ExaModels.Compressor{NTuple{6, Int64}}}, CuArray{Tuple{Int64, Int64, Int64, Float64}, 3, CUDA.DeviceMemory}, Int64, Tuple{Int64, Int64, Int64}, Nothing}, ExaModels.Constraint{ExaModels.SIMDFunction{Node2{*,…}, ExaModels.Compressor{NTuple{11, Int64}}, ExaModels.Compressor{NTuple{48, Int64}}}, CuArray{Tuple{Int64, Int64, Int64, Float64}, 3, CUDA.DeviceMemory}, Int64, Tuple{Int64, Int64, Int64}, Nothing}, ExaModels.Constraint{ExaModels.SIMDFunction{Node2{*,…}, ExaModels.Compressor{NTuple{6, Int64}}, ExaModels.Compressor{NTuple{13, Int64}}}, CuArray{Tuple{Int64, Int64, Int64, Float64}, 3, CUDA.DeviceMemory}, Int64, Tuple{Int64, Int64, Int64}, Nothing}, ExaModels.Constraint{ExaModels.SIMDFunction{Node2{*,…}, ExaModels.Compressor{NTuple{11, Int64}}, ExaModels.Compressor{NTuple{48, Int64}}}, CuArray{Tuple{Int64, Int64, Int64, Float64}, 3, CUDA.DeviceMemory}, Int64, Tuple{Int64, Int64, Int64}, Nothing}, ExaModels.Constraint{ExaModels.SIMDFunction{Node2{*,…}, ExaModels.Compressor{NTuple{5, Int64}}, ExaModels.Compressor{NTuple{9, Int64}}}, CuArray{Tuple{Int64, Int64, Int64, Float64}, 3, CUDA.DeviceMemory}, Int64, Tuple{Int64, Int64, Int64}, Nothing}, ExaModels.Constraint{ExaModels.SIMDFunction{Node2{*,…}, ExaModels.Compressor{NTuple{11, Int64}}, ExaModels.Compressor{NTuple{48, Int64}}}, CuArray{Tuple{Int64, Int64, Int64, Float64}, 3, CUDA.DeviceMemory}, Int64, Tuple{Int64, Int64, Int64}, Nothing}, ExaModels.Constraint{ExaModels.SIMDFunction{Node2{*,…}, ExaModels.Compressor{NTuple{11, Int64}}, ExaModels.Compressor{NTuple{48, Int64}}}, CuArray{Tuple{Int64, Int64, Int64, Float64}, 3, CUDA.DeviceMemory}, Int64, Tuple{Int64, Int64, Int64}, Nothing}, ExaModels.Constraint{ExaModels.SIMDFunction{Node2{*,…}, ExaModels.Compressor{NTuple{22, Int64}}, ExaModels.Compressor{NTuple{40, Int64}}}, CuArray{Tuple{Int64, Int64, Int64, Float64}, 3, CUDA.DeviceMemory}, Int64, Tuple{Int64, Int64, Int64}, Nothing}, ExaModels.Constraint{ExaModels.SIMDFunction{Node2{*,…}, ExaModels.Compressor{NTuple{13, Int64}}, ExaModels.Compressor{NTuple{69, Int64}}}, CuArray{Tuple{Int64, Int64, Int64, Float64}, 3, CUDA.DeviceMemory}, Int64, Tuple{Int64, Int64, Int64}, Nothing}, ExaModels.Constraint{ExaModels.SIMDFunction{Node2{*,…}, ExaModels.Compressor{Tuple{Int64, Int64}}, ExaModels.Compressor{Tuple{Int64, Int64, Int64}}}, CuArray{Tuple{Int64, Int64, Int64, Float64}, 3, CUDA.DeviceMemory}, Int64, Tuple{Int64, Int64, Int64}, Nothing}, ExaModels.Constraint{ExaModels.SIMDFunction{Node2{*,…}, ExaModels.Compressor{Tuple{}}, ExaModels.Compressor{Tuple{}}}, CuArray{Tuple{Int64, Int64, Int64, Float64}, 3, CUDA.DeviceMemory}, Int64, Tuple{Int64, Int64, Int64}, Nothing}, ExaModels.Constraint{ExaModels.SIMDFunction{Node2{*,…}, ExaModels.Compressor{NTuple{5, Int64}}, ExaModels.Compressor{NTuple{9, Int64}}}, CuArray{Tuple{Int64, Int64, Int64, Float64}, 3, CUDA.DeviceMemory}, Int64, Tuple{Int64, Int64, Int64}, Nothing}, ExaModels.Constraint{ExaModels.SIMDFunction{Node2{*,…}, ExaModels.Compressor{NTuple{5, Int64}}, ExaModels.Compressor{NTuple{9, Int64}}}, CuArray{Tuple{Int64, Int64, Int64, Float64}, 3, CUDA.DeviceMemory}, Int64, Tuple{Int64, Int64, Int64}, Nothing}, ExaModels.Constraint{ExaModels.SIMDFunction{Node2{*,…}, ExaModels.Compressor{Tuple{Int64, Int64, Int64}}, ExaModels.Compressor{NTuple{6, Int64}}}, CuArray{Tuple{Int64, Int64, Int64, Float64}, 3, CUDA.DeviceMemory}, Int64, Tuple{Int64, Int64, Int64}, Nothing}, ExaModels.Constraint{ExaModels.SIMDFunction{Node2{*,…}, ExaModels.Compressor{Tuple{}}, ExaModels.Compressor{Tuple{}}}, CuArray{Tuple{Int64, Int64, Int64, Float64}, 3, CUDA.DeviceMemory}, Int64, Tuple{Int64, Int64, Int64}, Nothing}, ExaModels.Constraint{ExaModels.SIMDFunction{Node2{*,…}, ExaModels.Compressor{NTuple{11, Int64}}, ExaModels.Compressor{NTuple{48, Int64}}}, CuArray{Tuple{Int64, Int64, Int64, Float64}, 3, CUDA.DeviceMemory}, Int64, Tuple{Int64, Int64, Int64}, Nothing}, ExaModels.Constraint{ExaModels.SIMDFunction{Node2{*,…}, ExaModels.Compressor{Tuple{Int64, Int64}}, ExaModels.Compressor{Tuple{Int64, Int64, Int64}}}, CuArray{Tuple{Int64, Int64, Int64, Float64}, 3, CUDA.DeviceMemory}, Int64, Tuple{Int64, Int64, Int64}, Nothing}, ExaModels.Constraint{ExaModels.SIMDFunction{Node2{*,…}, ExaModels.Compressor{NTuple{9, Int64}}, ExaModels.Compressor{NTuple{31, Int64}}}, CuArray{Tuple{Int64, Int64, Int64, Float64}, 3, CUDA.DeviceMemory}, Int64, Tuple{Int64, Int64, Int64}, Nothing}, ExaModels.Constraint{ExaModels.SIMDFunction{Node2{*,…}, ExaModels.Compressor{NTuple{16, Int64}}, ExaModels.Compressor{NTuple{24, Int64}}}, CuArray{Tuple{Int64, Int64, Int64, Float64}, 3, CUDA.DeviceMemory}, Int64, Tuple{Int64, Int64, Int64}, Nothing}, ExaModels.Constraint{ExaModels.SIMDFunction{Node2{*,…}, ExaModels.Compressor{NTuple{16, Int64}}, ExaModels.Compressor{NTuple{24, Int64}}}, CuArray{Tuple{Int64, Int64, Int64, Float64}, 3, CUDA.DeviceMemory}, Int64, Tuple{Int64, Int64, Int64}, Nothing}, ExaModels.Constraint{ExaModels.SIMDFunction{Node2{*,…}, ExaModels.Compressor{NTuple{11, Int64}}, ExaModels.Compressor{NTuple{48, Int64}}}, CuArray{Tuple{Int64, Int64, Int64, Float64}, 3, CUDA.DeviceMemory}, Int64, Tuple{Int64, Int64, Int64}, Nothing}, ExaModels.Constraint{ExaModels.SIMDFunction{Node2{*,…}, ExaModels.Compressor{Tuple{Int64, Int64}}, ExaModels.Compressor{Tuple{Int64, Int64, Int64}}}, CuArray{Tuple{Int64, Int64, Int64, Float64}, 3, CUDA.DeviceMemory}, Int64, Tuple{Int64, Int64, Int64}, Nothing}, ExaModels.Constraint{ExaModels.SIMDFunction{Node2{*,…}, ExaModels.Compressor{NTuple{17, Int64}}, ExaModels.Compressor{NTuple{31, Int64}}}, CuArray{Tuple{Int64, Int64, Int64, Float64}, 3, CUDA.DeviceMemory}, Int64, Tuple{Int64, Int64, Int64}, Nothing}, ExaModels.Constraint{ExaModels.SIMDFunction{Node2{*,…}, ExaModels.Compressor{NTuple{13, Int64}}, ExaModels.Compressor{NTuple{69, Int64}}}, CuArray{Tuple{Int64, Int64, Int64, Float64}, 3, CUDA.DeviceMemory}, Int64, Tuple{Int64, Int64, Int64}, Nothing}, ExaModels.Constraint{ExaModels.SIMDFunction{Node2{*,…}, ExaModels.Compressor{NTuple{5, Int64}}, ExaModels.Compressor{NTuple{9, Int64}}}, CuArray{Tuple{Int64, Int64, Int64, Float64}, 3, CUDA.DeviceMemory}, Int64, Tuple{Int64, Int64, Int64}, Nothing}, ExaModels.Constraint{ExaModels.SIMDFunction{Node2{*,…}, ExaModels.Compressor{NTuple{9, Int64}}, ExaModels.Compressor{NTuple{31, Int64}}}, CuArray{Tuple{Int64, Int64, Int64, Float64}, 3, CUDA.DeviceMemory}, Int64, Tuple{Int64, Int64, Int64}, Nothing}, ExaModels.Constraint{ExaModels.SIMDFunction{Node2{*,…}, ExaModels.Compressor{NTuple{9, Int64}}, ExaModels.Compressor{NTuple{31, Int64}}}, CuArray{Tuple{Int64, Int64, Int64, Float64}, 3, CUDA.DeviceMemory}, Int64, Tuple{Int64, Int64, Int64}, Nothing}, ExaModels.Constraint{ExaModels.SIMDFunction{Node2{*,…}, ExaModels.Compressor{NTuple{13, Int64}}, ExaModels.Compressor{NTuple{69, Int64}}}, CuArray{Tuple{Int64, Int64, Int64, Float64}, 3, CUDA.DeviceMemory}, Int64, Tuple{Int64, Int64, Int64}, Nothing}, ExaModels.Constraint{ExaModels.SIMDFunction{Node2{*,…}, ExaModels.Compressor{Tuple{Int64, Int64}}, ExaModels.Compressor{Tuple{Int64, Int64, Int64}}}, CuArray{Tuple{Int64, Int64, Int64, Float64}, 3, CUDA.DeviceMemory}, Int64, Tuple{Int64, Int64, Int64}, Nothing}, ExaModels.Constraint{ExaModels.SIMDFunction{Node2{*,…}, ExaModels.Compressor{Tuple{Int64, Int64}}, ExaModels.Compressor{Tuple{Int64, Int64, Int64}}}, CuArray{Tuple{Int64, Int64, Int64, Float64}, 3, CUDA.DeviceMemory}, Int64, Tuple{Int64, Int64, Int64}, Nothing}}, Nothing, @NamedTuple{p::ExaModels.Variable{Tuple{UnitRange{Int64}}, Int64, Nothing}, z::ExaModels.Variable{NTuple{4, UnitRange{Int64}}, Int64, Nothing}, y::ExaModels.Variable{Tuple{UnitRange{Int64}}, Int64, Nothing}, sigma::ExaModels.Variable{Tuple{UnitRange{Int64}}, Int64, Nothing}, cv::ExaModels.Variable{Tuple{UnitRange{Int64}, UnitRange{Int64}}, Int64, Nothing}}}; kwargs::@Kwargs{tol::Float64, max_iter::Int64, max_wall_time::Float64, linear_solver::UnionAll})
│        @ MadNLP ~/.julia/packages/MadNLP/8V9Lm/src/IPM/solver.jl:10
│     [73] (::var"#bench_one##2#bench_one##3")()
│        @ Main ~/.julia/dev/ExaModelsPEtab/examples/Benchmarks/benchmark_examodels.jl:209
│     [74] with_hard_deadline(f::var"#bench_one##2#bench_one##3", seconds::Float64)
│        @ Main ~/.julia/dev/ExaModelsPEtab/examples/Benchmarks/benchmark_examodels.jl:83
│     [75] bench_one(m::String)
│        @ Main ~/.julia/dev/ExaModelsPEtab/examples/Benchmarks/benchmark_examodels.jl:208
│     [76] main()
│        @ Main ~/.julia/dev/ExaModelsPEtab/examples/Benchmarks/benchmark_examodels.jl:309
│     [77] top-level scope
│        @ ~/.julia/dev/ExaModelsPEtab/examples/Benchmarks/benchmark_examodels.jl:314
│     [78] include(mod::Module, _path::String)
│        @ Base ./Base.jl:306
│     [79] exec_options(opts::Base.JLOptions)
│        @ Base ./client.jl:317
└ @ Main ~/.julia/dev/ExaModelsPEtab/examples/Benchmarks/benchmark_examodels.jl:224
 280r 1.2175701e+12 1.63e+12 2.37e+03 1.81e+02  -3.3    1.2  3.64e-04  1  1h
 281r 1.2175701e+12 1.63e+12 2.54e+03 1.81e+02  -3.3    1.7  1.53e-03  1  1h
 282r 1.2175701e+12 1.63e+12 2.58e+03 1.82e+02  -3.3    1.2  5.04e-04  1  1h
 283r 1.2175701e+12 1.63e+12 2.96e+03 1.99e+02  -3.3    0.7  5.77e-04  1  1h
 284r 1.2175701e+12 1.63e+12 3.11e+03 2.00e+02  -3.3    0.2  3.62e-04  1  1h
 285r 1.2175701e+12 1.63e+12 3.15e+03 2.02e+02  -3.3   -0.2  6.46e-05  1  1h
 286r 1.2175701e+12 1.63e+12 3.28e+03 2.10e+02  -3.3   -0.7  1.37e-08  1  1h
 287r 1.2175701e+12 1.63e+12 3.38e+03 2.11e+02  -3.3   -1.2  8.75e-05  1  1h
 288r 1.2175702e+12 1.63e+12 3.88e+03 2.11e+02  -3.3   -1.7  1.22e-04  1  1h
 289r 1.2175703e+12 1.62e+12 5.28e+03 2.12e+02  -3.3   -2.1  1.04e-04  1  1h
iter    objective    inf_pr   inf_du inf_compl lg(mu) lg(rg) alpha_pr ir ls
 290r 1.2175705e+12 1.62e+12 8.07e+03 2.12e+02  -3.3   -1.7  2.75e-04  1  1h
 291r 1.2175706e+12 1.62e+12 9.47e+03 2.13e+02  -3.3   -2.2  8.53e-05  1  1h
 292r 1.2175709e+12 1.62e+12 1.81e+04 2.13e+02  -3.3   -1.8  4.51e-04  1  1h
 293r 1.2175713e+12 1.62e+12 3.24e+04 2.13e+02  -3.3   -2.2  1.73e-04  1  1h
 294r 1.2175713e+12 1.62e+12 3.25e+04 2.14e+02  -3.3   -1.8  1.19e-05  1  1h
 295r 1.2175714e+12 1.62e+12 5.78e+04 2.14e+02  -3.3   -2.3  7.61e-05  1  1h
 296r 1.2175714e+12 1.62e+12 5.78e+04 2.14e+02  -3.3   -1.9  8.74e-07  1  1h
 297r 1.2175715e+12 1.62e+12 5.83e+04 2.14e+02  -3.3   -1.4  1.55e-04  1  1h
 298r 1.2175715e+12 1.62e+12 5.83e+04 2.15e+02  -3.3   -1.9  7.61e-06  1  1h
 299r 1.2175715e+12 1.62e+12 5.83e+04 2.15e+02  -3.3   -2.4  1.43e-06  1  1h
iter    objective    inf_pr   inf_du inf_compl lg(mu) lg(rg) alpha_pr ir ls
 300r 1.2175715e+12 1.62e+12 5.84e+04 2.15e+02  -3.3   -2.0  5.89e-05  1  1h
 301r 1.2175716e+12 1.62e+12 5.95e+04 2.18e+02  -3.3   -1.6  1.81e-04  1  1h
 302r 1.2175720e+12 1.62e+12 6.01e+04 2.19e+02  -3.3   -2.0  2.37e-04  1  1h
 303r 1.2175734e+12 1.62e+12 7.87e+04 2.22e+02  -3.3   -1.6  2.44e-03  1  1h
 304r 1.2175740e+12 1.62e+12 8.00e+04 2.23e+02  -3.3   -2.1  3.07e-04  1  1h
 305r 1.2175745e+12 1.61e+12 8.24e+04 2.26e+02  -3.3   -1.7  6.79e-04  1  1h
 306r 1.2175776e+12 1.61e+12 1.41e+05 2.26e+02  -3.3   -2.1  1.38e-03  1  1h
 307r 1.2175776e+12 1.61e+12 1.43e+05 2.30e+02  -3.3   -1.7  1.60e-05  1  1h
 308r 1.2175778e+12 1.61e+12 1.55e+05 2.48e+02  -3.3   -1.3  4.13e-04  1  1h
 309r 1.2175789e+12 1.61e+12 1.62e+05 2.50e+02  -3.3   -1.8  1.02e-03  1  1h
iter    objective    inf_pr   inf_du inf_compl lg(mu) lg(rg) alpha_pr ir ls
 310r 1.2175791e+12 1.61e+12 1.62e+05 2.51e+02  -3.3   -2.2  4.35e-05  1  1h
 311r 1.2175839e+12 1.60e+12 2.33e+05 2.71e+02  -3.3   -1.8  3.66e-03  1  1h
 312r 1.2175842e+12 1.60e+12 2.33e+05 2.71e+02  -3.3   -2.3  5.23e-05  1  1h
 313r 1.2175851e+12 1.60e+12 2.37e+05 2.73e+02  -3.3   -1.9  5.16e-04  1  1h
 314r 1.2175853e+12 1.60e+12 2.37e+05 2.73e+02  -3.3   -2.3  4.41e-05  1  1h
 315r 1.2175859e+12 1.60e+12 2.42e+05 2.78e+02  -3.3   -1.9  2.94e-04  1  1h
 316r 1.2175883e+12 1.60e+12 2.90e+05 3.11e+02  -3.3   -1.5  3.13e-03  1  1h
 317r 1.2175910e+12 1.60e+12 3.01e+05 3.14e+02  -3.3   -2.0  1.05e-03  1  1h
 318r 1.2176026e+12 1.58e+12 6.28e+05 3.28e+02  -3.3   -1.5  1.15e-02  1  1h
 319r 1.2176026e+12 1.58e+12 6.28e+05 3.28e+02  -3.3   -2.0  2.19e-06  1  1h
iter    objective    inf_pr   inf_du inf_compl lg(mu) lg(rg) alpha_pr ir ls
 320r 1.2176046e+12 1.58e+12 6.37e+05 3.33e+02  -3.3   -1.6  1.31e-03  1  1h
 321r 1.2176258e+12 1.57e+12 6.35e+05 3.34e+02  -3.3   -2.1  4.48e-03  1  1h
 322r 1.2176266e+12 1.57e+12 6.41e+05 3.37e+02  -3.3   -1.6  4.55e-04  1  1h
 323r 1.2176651e+12 1.56e+12 6.38e+05 3.38e+02  -3.3   -2.1  6.98e-03  1  1h
 324r 1.2177504e+12 1.55e+12 6.37e+05 3.39e+02  -3.3   -2.6  5.22e-03  1  1h
 325r 1.2177871e+12 1.54e+12 6.41e+05 3.43e+02  -3.3   -2.2  6.11e-03  1  1h
 326r 1.2178385e+12 1.50e+12 6.51e+05 3.56e+02  -3.3   -1.7  2.32e-02  1  1h
 327r 1.2179251e+12 1.48e+12 6.51e+05 3.61e+02  -3.3   -2.2  1.56e-02  1  1h
 328r 1.2179362e+12 1.47e+12 6.76e+05 3.78e+02  -3.3   -1.8  6.40e-03  1  1h
 329r 1.2180454e+12 1.44e+12 6.76e+05 3.85e+02  -3.3   -2.3  2.07e-02  1  1h
iter    objective    inf_pr   inf_du inf_compl lg(mu) lg(rg) alpha_pr ir ls
 330r 1.2180481e+12 1.44e+12 7.14e+05 4.08e+02  -3.3   -1.8  1.76e-03  1  1h
 331r 1.2180854e+12 1.43e+12 7.17e+05 4.12e+02  -3.3   -2.3  7.73e-03  1  1h
 332r 1.2180945e+12 1.42e+12 7.50e+05 4.34e+02  -3.3   -1.9  5.43e-03  1  1h
 333r 1.2181432e+12 1.41e+12 7.49e+05 4.37e+02  -3.3   -2.4  9.95e-03  1  1h
 334r 1.2181432e+12 1.41e+12 7.76e+05 4.53e+02  -3.3   -1.9  4.84e-05  1  1h
[32mEXIT: Restoration Failed[0m

============================================================
[0][3/10] Boehm_JProteomeRes2014
============================================================
This is [34mMad[31mN[32mL[35mP[0m version v0.9.2, running with cuDSS v0.7.1

Number of nonzeros in constraint Jacobian............:   149066
Number of nonzeros in Lagrangian Hessian.............:   111404

Total number of variables............................:    12649
                     variables with only lower bounds:        0
                variables with lower and upper bounds:        9
                     variables with only upper bounds:        0
Total number of equality constraints.................:    12640
Total number of inequality constraints...............:        0
        inequality constraints with only lower bounds:        0
   inequality constraints with lower and upper bounds:        0
        inequality constraints with only upper bounds:        0

iter    objective    inf_pr   inf_du inf_compl lg(mu) lg(rg) alpha_pr ir ls
   0  1.3822200e+02 4.03e-03 1.47e+00 9.95e+00  -1.0     -   0.00e+00  0  0 
   1  1.3822200e+02 4.03e-03 3.36e-03 3.72e-06  -1.0     -   2.12e-09  1  1h
   2  1.3817005e+02 1.75e-04 1.16e-03 2.72e-06  -3.8   -4.0  1.00e+00  1  1h
   3  1.3822171e+02 1.57e-04 4.77e-03 1.46e-05  -5.7     -   1.00e+00  9  1h
   4  1.3822130e+02 3.45e-05 7.24e-04 4.20e-07  -5.7     -   1.00e+00  2  1h
   5  1.3822124e+02 3.33e-07 6.45e-06 2.45e-07  -5.7     -   1.00e+00  2  1h
   6  1.3822077e+02 1.15e-04 1.26e-02 4.30e-07  -7.0     -   1.00e+00  3  1h
   7  1.3821981e+02 1.74e-07 1.58e-05 1.53e-07  -7.0     -   1.00e+00  1  1h
   8  1.3821947e+02 5.85e-08 5.83e-06 1.02e-07  -7.0     -   1.00e+00  2  1h
   9  1.3821950e+02 1.57e-09 1.65e-07 9.11e-08  -7.0     -   1.00e+00  2  1h

Number of Iterations....: 9

                                   (scaled)                 (unscaled)
Objective...............:   1.3821950426907054e+02    1.3821950426907054e+02
Dual infeasibility......:   1.6529305656154403e-07    1.6529305656154403e-07
Constraint violation....:   1.5707942120496180e-09    1.5707942120496180e-09
Complementarity.........:   9.1130638834229139e-08    9.1130638834229139e-08
Overall NLP error.......:   1.6529305656154403e-07    1.6529305656154403e-07

Number of objective function evaluations              = 10
Number of objective gradient evaluations              = 10
Number of constraint evaluations                      = 10
Number of constraint Jacobian evaluations             = 10
Number of Lagrangian Hessian evaluations              = 9
Number of KKT factorizations                          = 10
Number of KKT backsolves                              = 23

Total wall secs in initialization                     = 118.378 s
Total wall secs in linear solver                      =  unavailable
Total wall secs in NLP function evaluations           = 115.175 s
Total wall secs in solver (w/o init./fun./lin. alg.)  =  unavailable
Total wall secs                                       = 262.433 s

[32mEXIT: Optimal Solution Found (tol = 1.0e-06).[0m
This is [34mMad[31mN[32mL[35mP[0m version v0.9.2, running with cuDSS v0.7.1

Number of nonzeros in constraint Jacobian............:   149066
Number of nonzeros in Lagrangian Hessian.............:   111404

Total number of variables............................:    12649
                     variables with only lower bounds:        0
                variables with lower and upper bounds:        9
                     variables with only upper bounds:        0
Total number of equality constraints.................:    12640
Total number of inequality constraints...............:        0
        inequality constraints with only lower bounds:        0
   inequality constraints with lower and upper bounds:        0
        inequality constraints with only upper bounds:        0

iter    objective    inf_pr   inf_du inf_compl lg(mu) lg(rg) alpha_pr ir ls
   0  1.3822200e+02 4.03e-03 1.47e+00 9.95e+00  -1.0     -   0.00e+00  0  0 
   1  1.3822200e+02 4.03e-03 3.34e-03 4.94e-06  -1.0     -   2.12e-09  1  1h
   2  1.3816996e+02 1.43e-04 1.22e-03 3.49e-06  -3.8   -4.0  1.00e+00  1  1h
   3  1.3822098e+02 1.38e-04 5.19e-03 1.52e-05  -5.7   -4.5  1.00e+00  1  1h
   4  1.3822130e+02 9.15e-04 9.96e-02 1.23e-06  -5.7     -   1.00e+00 10  1h
   5  1.3822128e+02 3.64e-03 1.27e-01 3.83e-07  -5.7     -   2.48e-01  4  1h
   6  1.3822126e+02 2.85e-03 5.91e-02 8.38e-07  -5.7     -   1.00e+00  2  1h
   7  1.3822126e+02 1.16e-03 2.45e-02 2.39e-07  -5.7     -   1.00e+00  4  1h
   8  1.3822126e+02 7.11e-05 1.47e-03 2.40e-07  -5.7     -   1.00e+00  3  1h
   9  1.3822126e+02 3.03e-08 6.04e-07 2.39e-07  -5.7     -   1.00e+00  4  1h

Number of Iterations....: 9

                                   (scaled)                 (unscaled)
Objective...............:   1.3822125712869195e+02    1.3822125712869195e+02
Dual infeasibility......:   6.0379011728724251e-07    6.0379011728724251e-07
Constraint violation....:   3.0266269890065091e-08    3.0266269890065091e-08
Complementarity.........:   2.3937657812639128e-07    2.3937657812639128e-07
Overall NLP error.......:   6.0379011728724251e-07    6.0379011728724251e-07

Number of objective function evaluations              = 10
Number of objective gradient evaluations              = 10
Number of constraint evaluations                      = 10
Number of constraint Jacobian evaluations             = 10
Number of Lagrangian Hessian evaluations              = 9
Number of KKT factorizations                          = 11
Number of KKT backsolves                              = 30

Total wall secs in initialization                     =  0.197 s
Total wall secs in linear solver                      =  unavailable
Total wall secs in NLP function evaluations           =  0.173 s
Total wall secs in solver (w/o init./fun./lin. alg.)  =  unavailable
Total wall secs                                       =  0.526 s

[32mEXIT: Optimal Solution Found (tol = 1.0e-06).[0m
This is [34mMad[31mN[32mL[35mP[0m version v0.9.2, running with cuDSS v0.7.1

Number of nonzeros in constraint Jacobian............:   149066
Number of nonzeros in Lagrangian Hessian.............:   111404

Total number of variables............................:    12649
                     variables with only lower bounds:        0
                variables with lower and upper bounds:        9
                     variables with only upper bounds:        0
Total number of equality constraints.................:    12640
Total number of inequality constraints...............:        0
        inequality constraints with only lower bounds:        0
   inequality constraints with lower and upper bounds:        0
        inequality constraints with only upper bounds:        0

iter    objective    inf_pr   inf_du inf_compl lg(mu) lg(rg) alpha_pr ir ls
   0  1.3822200e+02 4.03e-03 1.47e+00 9.95e+00  -1.0     -   0.00e+00  0  0 
   1  1.3822200e+02 4.03e-03 3.35e-03 3.75e-06  -1.0     -   2.12e-09  1  1h
   2  1.3816999e+02 1.64e-04 1.16e-03 2.74e-06  -3.8   -4.0  1.00e+00  1  1h
   3  1.3822101e+02 1.61e-04 5.20e-03 1.50e-05  -5.7   -4.5  1.00e+00  1  1h
   4  1.3822129e+02 4.44e-05 9.13e-04 3.80e-07  -5.7     -   1.00e+00  2  1h
   5  1.3822124e+02 2.23e-06 4.50e-05 2.45e-07  -5.7     -   1.00e+00  2  1h
   6  1.3822126e+02 3.03e-09 6.29e-08 2.39e-07  -5.7     -   1.00e+00  2  1h

Number of Iterations....: 6

                                   (scaled)                 (unscaled)
Objective...............:   1.3822125709600897e+02    1.3822125709600897e+02
Dual infeasibility......:   6.2875456758413474e-08    6.2875456758413474e-08
Constraint violation....:   3.0338935541402384e-09    3.0338935541402384e-09
Complementarity.........:   2.3939570746227350e-07    2.3939570746227350e-07
Overall NLP error.......:   2.3939570746227350e-07    2.3939570746227350e-07

Number of objective function evaluations              = 7
Number of objective gradient evaluations              = 7
Number of constraint evaluations                      = 7
Number of constraint Jacobian evaluations             = 7
Number of Lagrangian Hessian evaluations              = 6
Number of KKT factorizations                          = 8
Number of KKT backsolves                              = 9

Total wall secs in initialization                     =  0.187 s
Total wall secs in linear solver                      =  unavailable
Total wall secs in NLP function evaluations           =  0.099 s
Total wall secs in solver (w/o init./fun./lin. alg.)  =  unavailable
Total wall secs                                       =  0.384 s

[32mEXIT: Optimal Solution Found (tol = 1.0e-06).[0m
This is [34mMad[31mN[32mL[35mP[0m version v0.9.2, running with cuDSS v0.7.1

Number of nonzeros in constraint Jacobian............:   149066
Number of nonzeros in Lagrangian Hessian.............:   111404

Total number of variables............................:    12649
                     variables with only lower bounds:        0
                variables with lower and upper bounds:        9
                     variables with only upper bounds:        0
Total number of equality constraints.................:    12640
Total number of inequality constraints...............:        0
        inequality constraints with only lower bounds:        0
   inequality constraints with lower and upper bounds:        0
        inequality constraints with only upper bounds:        0

iter    objective    inf_pr   inf_du inf_compl lg(mu) lg(rg) alpha_pr ir ls
   0  1.3822200e+02 4.03e-03 1.47e+00 9.95e+00  -1.0     -   0.00e+00  0  0 
   1  1.3822200e+02 4.03e-03 3.34e-03 5.66e-06  -1.0     -   2.12e-09  1  1h
   2  1.3816993e+02 1.33e-04 1.26e-03 3.94e-06  -3.8   -4.0  1.00e+00  1  1h
   3  1.3822181e+02 1.11e-06 4.67e-03 1.56e-05  -5.7     -   1.00e+00  9  1H
   4  1.3822130e+02 4.75e-05 1.00e-03 4.50e-07  -5.7   -4.5  1.00e+00  1  1h
   5  1.3822124e+02 2.71e-06 5.50e-05 2.45e-07  -5.7     -   1.00e+00  2  1h
   6  1.3822126e+02 2.73e-09 5.65e-08 2.39e-07  -5.7     -   1.00e+00  2  1h

Number of Iterations....: 6

                                   (scaled)                 (unscaled)
Objective...............:   1.3822125709418677e+02    1.3822125709418677e+02
Dual infeasibility......:   5.6477801849530653e-08    5.6477801849530653e-08
Constraint violation....:   2.7297034821420557e-09    2.7297034821420557e-09
Complementarity.........:   2.3939625586139217e-07    2.3939625586139217e-07
Overall NLP error.......:   2.3939625586139217e-07    2.3939625586139217e-07

Number of objective function evaluations              = 8
Number of objective gradient evaluations              = 7
Number of constraint evaluations                      = 8
Number of constraint Jacobian evaluations             = 7
Number of Lagrangian Hessian evaluations              = 6
Number of KKT factorizations                          = 8
Number of KKT backsolves                              = 25

Total wall secs in initialization                     =  0.186 s
Total wall secs in linear solver                      =  unavailable
Total wall secs in NLP function evaluations           =  0.097 s
Total wall secs in solver (w/o init./fun./lin. alg.)  =  unavailable
Total wall secs                                       =  0.395 s

[32mEXIT: Optimal Solution Found (tol = 1.0e-06).[0m

============================================================
[0][4/10] Bruno_JExpBot2016
============================================================
This is [34mMad[31mN[32mL[35mP[0m version v0.9.2, running with cuDSS v0.7.1

Number of nonzeros in constraint Jacobian............:   171149
Number of nonzeros in Lagrangian Hessian.............:   154145

Total number of variables............................:    13463
                     variables with only lower bounds:        0
                variables with lower and upper bounds:       13
                     variables with only upper bounds:        0
Total number of equality constraints.................:    13450
Total number of inequality constraints...............:        0
        inequality constraints with only lower bounds:        0
   inequality constraints with lower and upper bounds:        0
        inequality constraints with only upper bounds:        0

iter    objective    inf_pr   inf_du inf_compl lg(mu) lg(rg) alpha_pr ir ls
   0 -4.6688181e+01 0.00e+00 9.76e+01 5.77e+00  -1.0     -   0.00e+00  0  0 
   1 -4.6688184e+01 1.14e-13 2.93e-01 2.01e-04  -1.0     -   2.28e-05  1  8h
   2 -4.6688187e+01 1.46e-11 2.24e-06 2.01e-04  -1.7     -   1.00e+00  1  1h
   3 -4.6688200e+01 1.76e-11 2.95e-05 1.97e-04  -5.7     -   1.00e+00  1  1h
   4 -4.6690914e+01 4.58e-11 1.76e-02 5.13e-05  -5.7     -   1.00e+00  1  1h
   5 -4.6695222e+01 5.60e-11 1.95e-02 1.48e-05  -5.7     -   1.00e+00  1  1h
   6 -4.6699959e+01 4.44e-11 2.49e-03 4.12e-06  -5.7     -   1.00e+00  1  1h
   7 -4.6702860e+01 8.08e-11 7.92e-07 2.27e-06  -5.7     -   1.00e+00  1  1h
   8 -4.6704834e+01 3.91e-11 1.65e-03 5.86e-07  -7.0     -   1.00e+00  1  1h
   9 -4.6705886e+01 1.02e-10 2.06e-07 1.55e-07  -7.0     -   1.00e+00  1  1h

Number of Iterations....: 9

                                   (scaled)                 (unscaled)
Objective...............:  -4.6705885960144649e+01   -4.6705885960144649e+01
Dual infeasibility......:   2.0584620763486328e-07    2.0584620763486328e-07
Constraint violation....:   1.0161003061761849e-10    1.0161003061761849e-10
Complementarity.........:   1.5473730263838398e-07    1.5473730263838398e-07
Overall NLP error.......:   2.0584620763486328e-07    2.0584620763486328e-07

Number of objective function evaluations              = 18
Number of objective gradient evaluations              = 10
Number of constraint evaluations                      = 18
Number of constraint Jacobian evaluations             = 10
Number of Lagrangian Hessian evaluations              = 9
Number of KKT factorizations                          = 9
Number of KKT backsolves                              = 10

Total wall secs in initialization                     =  9.297 s
Total wall secs in linear solver                      =  unavailable
Total wall secs in NLP function evaluations           =  4.485 s
Total wall secs in solver (w/o init./fun./lin. alg.)  =  unavailable
Total wall secs                                       = 29.204 s

[32mEXIT: Optimal Solution Found (tol = 1.0e-06).[0m
This is [34mMad[31mN[32mL[35mP[0m version v0.9.2, running with cuDSS v0.7.1

Number of nonzeros in constraint Jacobian............:   171149
Number of nonzeros in Lagrangian Hessian.............:   154145

Total number of variables............................:    13463
                     variables with only lower bounds:        0
                variables with lower and upper bounds:       13
                     variables with only upper bounds:        0
Total number of equality constraints.................:    13450
Total number of inequality constraints...............:        0
        inequality constraints with only lower bounds:        0
   inequality constraints with lower and upper bounds:        0
        inequality constraints with only upper bounds:        0

iter    objective    inf_pr   inf_du inf_compl lg(mu) lg(rg) alpha_pr ir ls
   0 -4.6688181e+01 0.00e+00 9.76e+01 5.77e+00  -1.0     -   0.00e+00  0  0 
   1 -4.6688184e+01 1.14e-13 2.93e-01 2.01e-04  -1.0     -   2.28e-05  1  8h
   2 -4.6688187e+01 1.47e-11 2.24e-06 2.01e-04  -1.7     -   1.00e+00  1  1h
   3 -4.6688200e+01 1.74e-11 2.95e-05 1.97e-04  -5.7     -   1.00e+00  1  1h
   4 -4.6690914e+01 4.58e-11 1.76e-02 5.13e-05  -5.7     -   1.00e+00  1  1h
   5 -4.6695222e+01 5.60e-11 1.95e-02 1.48e-05  -5.7     -   1.00e+00  1  1h
   6 -4.6699959e+01 4.44e-11 2.49e-03 4.12e-06  -5.7     -   1.00e+00  1  1h
   7 -4.6702860e+01 8.08e-11 7.92e-07 2.27e-06  -5.7     -   1.00e+00  1  1h
   8 -4.6704834e+01 3.91e-11 1.65e-03 5.86e-07  -7.0     -   1.00e+00  1  1h
   9 -4.6705886e+01 1.02e-10 2.06e-07 1.55e-07  -7.0     -   1.00e+00  1  1h

Number of Iterations....: 9

                                   (scaled)                 (unscaled)
Objective...............:  -4.6705885960143846e+01   -4.6705885960143846e+01
Dual infeasibility......:   2.0584624849107058e-07    2.0584624849107058e-07
Constraint violation....:   1.0160825425400283e-10    1.0160825425400283e-10
Complementarity.........:   1.5473730313671398e-07    1.5473730313671398e-07
Overall NLP error.......:   2.0584624849107058e-07    2.0584624849107058e-07

Number of objective function evaluations              = 18
Number of objective gradient evaluations              = 10
Number of constraint evaluations                      = 18
Number of constraint Jacobian evaluations             = 10
Number of Lagrangian Hessian evaluations              = 9
Number of KKT factorizations                          = 9
Number of KKT backsolves                              = 10

Total wall secs in initialization                     =  0.167 s
Total wall secs in linear solver                      =  unavailable
Total wall secs in NLP function evaluations           =  0.176 s
Total wall secs in solver (w/o init./fun./lin. alg.)  =  unavailable
Total wall secs                                       =  0.459 s

[32mEXIT: Optimal Solution Found (tol = 1.0e-06).[0m
This is [34mMad[31mN[32mL[35mP[0m version v0.9.2, running with cuDSS v0.7.1

Number of nonzeros in constraint Jacobian............:   171149
Number of nonzeros in Lagrangian Hessian.............:   154145

Total number of variables............................:    13463
                     variables with only lower bounds:        0
                variables with lower and upper bounds:       13
                     variables with only upper bounds:        0
Total number of equality constraints.................:    13450
Total number of inequality constraints...............:        0
        inequality constraints with only lower bounds:        0
   inequality constraints with lower and upper bounds:        0
        inequality constraints with only upper bounds:        0

iter    objective    inf_pr   inf_du inf_compl lg(mu) lg(rg) alpha_pr ir ls
   0 -4.6688181e+01 0.00e+00 9.76e+01 5.77e+00  -1.0     -   0.00e+00  0  0 
   1 -4.6688184e+01 1.14e-13 2.93e-01 2.01e-04  -1.0     -   2.28e-05  1  8h
   2 -4.6688187e+01 1.46e-11 2.23e-06 2.01e-04  -1.7     -   1.00e+00  1  1h
   3 -4.6688200e+01 1.76e-11 2.95e-05 1.97e-04  -5.7     -   1.00e+00  1  1h
   4 -4.6690914e+01 4.58e-11 1.76e-02 5.13e-05  -5.7     -   1.00e+00  1  1h
   5 -4.6695222e+01 5.60e-11 1.95e-02 1.48e-05  -5.7     -   1.00e+00  1  1h
   6 -4.6699959e+01 4.44e-11 2.49e-03 4.12e-06  -5.7     -   1.00e+00  1  1h
   7 -4.6702860e+01 8.08e-11 7.92e-07 2.27e-06  -5.7     -   1.00e+00  1  1h
   8 -4.6704834e+01 3.91e-11 1.65e-03 5.86e-07  -7.0     -   1.00e+00  1  1h
   9 -4.6705886e+01 1.02e-10 2.06e-07 1.55e-07  -7.0     -   1.00e+00  1  1h

Number of Iterations....: 9

                                   (scaled)                 (unscaled)
Objective...............:  -4.6705885960144521e+01   -4.6705885960144521e+01
Dual infeasibility......:   2.0584623605657271e-07    2.0584623605657271e-07
Constraint violation....:   1.0160825426077909e-10    1.0160825426077909e-10
Complementarity.........:   1.5473730251907566e-07    1.5473730251907566e-07
Overall NLP error.......:   2.0584623605657271e-07    2.0584623605657271e-07

Number of objective function evaluations              = 18
Number of objective gradient evaluations              = 10
Number of constraint evaluations                      = 18
Number of constraint Jacobian evaluations             = 10
Number of Lagrangian Hessian evaluations              = 9
Number of KKT factorizations                          = 9
Number of KKT backsolves                              = 10

Total wall secs in initialization                     =  0.166 s
Total wall secs in linear solver                      =  unavailable
Total wall secs in NLP function evaluations           =  0.092 s
Total wall secs in solver (w/o init./fun./lin. alg.)  =  unavailable
Total wall secs                                       =  0.365 s

[32mEXIT: Optimal Solution Found (tol = 1.0e-06).[0m
This is [34mMad[31mN[32mL[35mP[0m version v0.9.2, running with cuDSS v0.7.1

Number of nonzeros in constraint Jacobian............:   171149
Number of nonzeros in Lagrangian Hessian.............:   154145

Total number of variables............................:    13463
                     variables with only lower bounds:        0
                variables with lower and upper bounds:       13
                     variables with only upper bounds:        0
Total number of equality constraints.................:    13450
Total number of inequality constraints...............:        0
        inequality constraints with only lower bounds:        0
   inequality constraints with lower and upper bounds:        0
        inequality constraints with only upper bounds:        0

iter    objective    inf_pr   inf_du inf_compl lg(mu) lg(rg) alpha_pr ir ls
   0 -4.6688181e+01 0.00e+00 9.76e+01 5.77e+00  -1.0     -   0.00e+00  0  0 
   1 -4.6688184e+01 1.14e-13 2.93e-01 2.01e-04  -1.0     -   2.28e-05  1  8h
   2 -4.6688187e+01 1.47e-11 2.24e-06 2.01e-04  -1.7     -   1.00e+00  1  1h
   3 -4.6688200e+01 1.77e-11 2.95e-05 1.97e-04  -5.7     -   1.00e+00  1  1h
   4 -4.6690914e+01 4.58e-11 1.76e-02 5.13e-05  -5.7     -   1.00e+00  1  1h
   5 -4.6695222e+01 5.60e-11 1.95e-02 1.48e-05  -5.7     -   1.00e+00  1  1h
   6 -4.6699959e+01 4.44e-11 2.49e-03 4.12e-06  -5.7     -   1.00e+00  1  1h
   7 -4.6702860e+01 8.08e-11 7.92e-07 2.27e-06  -5.7     -   1.00e+00  1  1h
   8 -4.6704834e+01 3.91e-11 1.65e-03 5.86e-07  -7.0     -   1.00e+00  1  1h
   9 -4.6705886e+01 1.02e-10 2.06e-07 1.55e-07  -7.0     -   1.00e+00  1  1h

Number of Iterations....: 9

                                   (scaled)                 (unscaled)
Objective...............:  -4.6705885960144158e+01   -4.6705885960144158e+01
Dual infeasibility......:   2.0584623960928639e-07    2.0584623960928639e-07
Constraint violation....:   1.0160914243919879e-10    1.0160914243919879e-10
Complementarity.........:   1.5473730294170572e-07    1.5473730294170572e-07
Overall NLP error.......:   2.0584623960928639e-07    2.0584623960928639e-07

Number of objective function evaluations              = 18
Number of objective gradient evaluations              = 10
Number of constraint evaluations                      = 18
Number of constraint Jacobian evaluations             = 10
Number of Lagrangian Hessian evaluations              = 9
Number of KKT factorizations                          = 9
Number of KKT backsolves                              = 10

Total wall secs in initialization                     =  0.173 s
Total wall secs in linear solver                      =  unavailable
Total wall secs in NLP function evaluations           =  0.065 s
Total wall secs in solver (w/o init./fun./lin. alg.)  =  unavailable
Total wall secs                                       =  0.343 s

[32mEXIT: Optimal Solution Found (tol = 1.0e-06).[0m

============================================================
[0][5/10] Fiedler_BMCSystBiol2016
============================================================

============================================================
[0][6/10] Lucarelli_CellSystems2018
============================================================

============================================================
[0][7/10] Perelson_Science1996
============================================================
This is [34mMad[31mN[32mL[35mP[0m version v0.9.2, running with cuDSS v0.7.1

Number of nonzeros in constraint Jacobian............:    44998
Number of nonzeros in Lagrangian Hessian.............:    19024

Total number of variables............................:     4459
                     variables with only lower bounds:       16
                variables with lower and upper bounds:        3
                     variables with only upper bounds:        0
Total number of equality constraints.................:     4456
Total number of inequality constraints...............:        0
        inequality constraints with only lower bounds:        0
   inequality constraints with lower and upper bounds:        0
        inequality constraints with only upper bounds:        0

iter    objective    inf_pr   inf_du inf_compl lg(mu) lg(rg) alpha_pr ir ls
   0  4.3203855e+02 3.75e-06 1.00e+00 1.86e+06  -1.0     -   0.00e+00  0  0 
   1  4.3203855e+02 3.75e-06 2.81e-01 5.33e-02  -1.0   -4.0  9.26e-09  1  1h
   2  4.3202559e+02 1.42e-05 1.34e-02 2.54e-03  -1.7     -   1.00e+00 10  1h
   3  4.3202555e+02 1.37e-08 3.76e-03 7.15e-04  -3.8   -4.5  1.00e+00  1  1h
   4  4.3202540e+02 1.40e-08 1.33e-05 2.80e-06  -3.8   -5.0  1.00e+00  1  1h
   5  4.3202497e+02 1.59e-08 1.00e-05 1.11e-07  -7.0   -5.4  1.00e+00  1  1h
   6  4.3202367e+02 1.43e-07 1.00e-05 9.09e-08  -7.0   -5.9  1.00e+00  2  1h
   7  4.3201977e+02 1.29e-06 1.00e-05 9.09e-08  -7.0   -6.4  1.00e+00  2  1h
   8  4.3200807e+02 1.16e-05 1.00e-05 9.09e-08  -7.0   -6.9  1.00e+00  2  1h
   9  4.3197283e+02 1.05e-04 1.00e-05 9.09e-08  -7.0   -7.3  1.00e+00  2  1h
iter    objective    inf_pr   inf_du inf_compl lg(mu) lg(rg) alpha_pr ir ls
  10  4.3186593e+02 9.58e-04 1.01e-05 9.09e-08  -7.0   -7.8  1.00e+00  2  1h
  11  4.3153411e+02 9.01e-03 1.03e-05 9.09e-08  -7.0   -8.3  1.00e+00  2  1h
  12  4.3042256e+02 9.33e-02 1.11e-05 9.09e-08  -7.0   -8.8  1.00e+00  2  1h
  13  4.2523714e+02 1.39e+00 1.53e-05 9.09e-08  -7.0   -9.2  1.00e+00  2  1h
  14  4.2198245e+02 6.84e-01 1.87e-05 9.09e-08  -7.0   -8.8  1.00e+00  2  1h
  15  4.0792290e+02 3.80e+00 4.51e-05 9.54e-08  -7.0   -9.3  2.50e-01  2  3h
  16  4.0363419e+02 1.18e+00 5.90e-05 9.13e-08  -7.0   -8.0  1.00e+00  2  1h
  17  3.8918608e+02 2.13e+00 1.46e-04 1.25e-07  -7.0   -8.4  1.45e-02  2  7h
  18  3.8138224e+02 8.58e-01 2.37e-04 9.52e-08  -7.0   -7.1  1.00e+00  2  1h
  19  3.7365242e+02 3.76e-01 3.84e-04 9.09e-08  -7.0   -6.7  1.00e+00  1  1h
iter    objective    inf_pr   inf_du inf_compl lg(mu) lg(rg) alpha_pr ir ls
  20  3.6611956e+02 1.80e-01 6.16e-04 9.09e-08  -7.0   -6.3  1.00e+00  1  1h
  21  3.5908071e+02 8.97e-02 9.56e-04 9.09e-08  -7.0   -5.8  1.00e+00  1  1h
  22  3.5311817e+02 4.28e-02 1.39e-03 9.09e-08  -7.0   -5.4  1.00e+00  1  1h
  23  3.4892061e+02 1.67e-02 1.80e-03 9.09e-08  -7.0   -5.0  1.00e+00  1  1h
  24  3.3423110e+02 5.04e-02 4.52e-03 1.40e-07  -7.0   -5.5  3.12e-02  1  6h
  25  3.2637729e+02 2.17e-02 7.38e-03 9.41e-08  -7.0   -4.1  1.00e+00  1  1h
  26  3.1851088e+02 1.03e-02 1.21e-02 9.09e-08  -7.0   -3.7  1.00e+00  1  1h
  27  3.1060952e+02 5.42e-03 1.98e-02 9.09e-08  -7.0   -3.3  1.00e+00  1  1h
  28  3.0261028e+02 3.06e-03 3.26e-02 9.09e-08  -7.0   -2.9  1.00e+00  1  1h
  29  2.9432834e+02 1.85e-03 5.47e-02 9.09e-08  -7.0   -2.4  1.00e+00  1  1h
iter    objective    inf_pr   inf_du inf_compl lg(mu) lg(rg) alpha_pr ir ls
  30  2.8515171e+02 1.21e-03 9.71e-02 9.09e-08  -7.0   -2.0  1.00e+00  1  1h
  31  2.7203985e+02 9.88e-04 2.20e-01 9.09e-08  -7.0   -1.6  1.00e+00  1  1h
  32  2.5887574e+02 1.01e-03 9.61e+00 9.58e-08  -7.0   -1.2  2.50e-01  1  3h
  33  2.5530431e+02 3.06e-04 6.23e-01 9.10e-08  -7.0    0.2  1.00e+00  1  1h
  34  2.3089251e+02 3.95e-04 1.54e+02 1.13e-07  -7.0   -0.3  2.30e-01  1  2h
  35  2.3069449e+02 3.91e-04 5.78e+02 1.32e-07  -7.0    1.0  1.11e-02  1  1h
  36  2.3023549e+02 3.51e-04 2.13e+03 9.42e-08  -7.0    1.5  1.06e-01  1  1h
  37  2.2801165e+02 3.22e-04 3.18e+04 2.32e-07  -7.0    1.0  9.29e-02  1  1h
  38  2.2304037e+02 1.24e-04 1.45e+01 1.12e-07  -7.0    1.4  1.00e+00  1  1h
  39  2.2266625e+02 7.75e-05 2.23e+04 9.60e-08  -7.0    0.9  4.51e-01  1  1h
iter    objective    inf_pr   inf_du inf_compl lg(mu) lg(rg) alpha_pr ir ls
  40  2.2278326e+02 1.99e-05 1.61e+00 9.21e-08  -7.0    0.4  1.00e+00  1  1h
  41  2.2351754e+02 1.96e-06 3.46e-01 9.09e-08  -7.0   -0.0  1.00e+00  1  1h

[1221022] signal 15: Terminated
in expression starting at /home/jsphchoi/.julia/dev/ExaModelsPEtab/examples/Benchmarks/benchmark_examodels.jl:314
unknown function (ip: 0x71c1da098d6f) at /lib/x86_64-linux-gnu/libc.so.6
pthread_cond_wait at /lib/x86_64-linux-gnu/libc.so.6 (unknown line)
uv_cond_wait at /workspace/srcdir/libuv/src/unix/thread.c:822
ijl_task_get_next at /cache/build/builder-amdci5-4/julialang/julia-release-1-dot-12/src/scheduler.c:523
poptask at ./task.jl:1216
wait at ./task.jl:1228
#wait#398 at ./condition.jl:141
wait at ./condition.jl:136 [inlined]
take! at /home/jsphchoi/.julia/packages/CUDA/bjncr/lib/cudadrv/synchronization.jl:53
synchronization_worker at /home/jsphchoi/.julia/packages/CUDA/bjncr/lib/cudadrv/synchronization.jl:119
unknown function (ip: 0x71c09d83ec5f) at (unknown file)
unknown function (ip: 0x71c1c033716f) at (unknown file)
unknown function (ip: 0x71c1da09caa3) at /lib/x86_64-linux-gnu/libc.so.6
unknown function (ip: 0x71c1da129c6b) at /lib/x86_64-linux-gnu/libc.so.6
unknown function (ip: (nil)) at (unknown file)
unknown function (ip: 0x71c1da098d6f) at /lib/x86_64-linux-gnu/libc.so.6
pthread_cond_wait at /lib/x86_64-linux-gnu/libc.so.6 (unknown line)
uv_cond_wait at /workspace/srcdir/libuv/src/unix/thread.c:822
ijl_task_get_next at /cache/build/builder-amdci5-4/julialang/julia-release-1-dot-12/src/scheduler.c:523
poptask at ./task.jl:1216
wait at ./task.jl:1228
#wait#398 at ./condition.jl:141
wait at ./condition.jl:136 [inlined]
take! at /home/jsphchoi/.julia/packages/CUDA/bjncr/lib/cudadrv/synchronization.jl:53
synchronization_worker at /home/jsphchoi/.julia/packages/CUDA/bjncr/lib/cudadrv/synchronization.jl:119
unknown function (ip: 0x71c09d83ec5f) at (unknown file)
unknown function (ip: 0x71c1c033716f) at (unknown file)
unknown function (ip: 0x71c1da09caa3) at /lib/x86_64-linux-gnu/libc.so.6
unknown function (ip: 0x71c1da129c6b) at /lib/x86_64-linux-gnu/libc.so.6
unknown function (ip: (nil)) at (unknown file)
unknown function (ip: 0x71c1da098d6f) at /lib/x86_64-linux-gnu/libc.so.6
pthread_cond_wait at /lib/x86_64-linux-gnu/libc.so.6 (unknown line)
uv_cond_wait at /workspace/srcdir/libuv/src/unix/thread.c:822
ijl_task_get_next at /cache/build/builder-amdci5-4/julialang/julia-release-1-dot-12/src/scheduler.c:523
poptask at ./task.jl:1216
wait at ./task.jl:1228
#wait#398 at ./condition.jl:141
wait at ./condition.jl:136 [inlined]
take! at /home/jsphchoi/.julia/packages/CUDA/bjncr/lib/cudadrv/synchronization.jl:53
synchronization_worker at /home/jsphchoi/.julia/packages/CUDA/bjncr/lib/cudadrv/synchronization.jl:119
unknown function (ip: 0x71c09d83ec5f) at (unknown file)
unknown function (ip: 0x71c1c033716f) at (unknown file)
unknown function (ip: 0x71c1da09caa3) at /lib/x86_64-linux-gnu/libc.so.6
unknown function (ip: 0x71c1da129c6b) at /lib/x86_64-linux-gnu/libc.so.6
unknown function (ip: (nil)) at (unknown file)
unknown function (ip: 0x71c1da098d6f) at /lib/x86_64-linux-gnu/libc.so.6
pthread_cond_wait at /lib/x86_64-linux-gnu/libc.so.6 (unknown line)
uv_cond_wait at /workspace/srcdir/libuv/src/unix/thread.c:822
ijl_task_get_next at /cache/build/builder-amdci5-4/julialang/julia-release-1-dot-12/src/scheduler.c:523
poptask at ./task.jl:1216
wait at ./task.jl:1228
#wait#398 at ./condition.jl:141
wait at ./condition.jl:136 [inlined]
take! at /home/jsphchoi/.julia/packages/CUDA/bjncr/lib/cudadrv/synchronization.jl:53
synchronization_worker at /home/jsphchoi/.julia/packages/CUDA/bjncr/lib/cudadrv/synchronization.jl:119
unknown function (ip: 0x71c09d83ec5f) at (unknown file)
unknown function (ip: 0x71c1c033716f) at (unknown file)
unknown function (ip: 0x71c1da09caa3) at /lib/x86_64-linux-gnu/libc.so.6
unknown function (ip: 0x71c1da129c6b) at /lib/x86_64-linux-gnu/libc.so.6
unknown function (ip: (nil)) at (unknown file)
cache_lookup at ./../usr/share/julia/Compiler/src/inferenceresult.jl:190
tojlinvoke84929.1 at /home/jsphchoi/.julia/juliaup/julia-1.12.6+0.x64.linux.gnu/lib/julia/sys.so (unknown line)
const_prop_call at ./../usr/share/julia/Compiler/src/abstractinterpretation.jl:1320
abstract_call_method_with_const_args at ./../usr/share/julia/Compiler/src/abstractinterpretation.jl:899
abstract_call_method_with_const_args at ./../usr/share/julia/Compiler/src/abstractinterpretation.jl:868
handle1 at ./../usr/share/julia/Compiler/src/abstractinterpretation.jl:178
infercalls at ./../usr/share/julia/Compiler/src/abstractinterpretation.jl:252
abstract_call_gf_by_type at ./../usr/share/julia/Compiler/src/abstractinterpretation.jl:338
abstract_call_unknown at ./../usr/share/julia/Compiler/src/abstractinterpretation.jl:2890
abstract_call at ./../usr/share/julia/Compiler/src/abstractinterpretation.jl:2900
abstract_call at ./../usr/share/julia/Compiler/src/abstractinterpretation.jl:2896 [inlined]
abstract_call at ./../usr/share/julia/Compiler/src/abstractinterpretation.jl:3056
abstract_eval_call at ./../usr/share/julia/Compiler/src/abstractinterpretation.jl:3074 [inlined]
abstract_eval_statement_expr at ./../usr/share/julia/Compiler/src/abstractinterpretation.jl:3403
abstract_eval_basic_statement at ./../usr/share/julia/Compiler/src/abstractinterpretation.jl:3849 [inlined]
abstract_eval_basic_statement at ./../usr/share/julia/Compiler/src/abstractinterpretation.jl:3806 [inlined]
typeinf_local at ./../usr/share/julia/Compiler/src/abstractinterpretation.jl:4356
jfptr_typeinf_local_82127.1 at /home/jsphchoi/.julia/juliaup/julia-1.12.6+0.x64.linux.gnu/lib/julia/sys.so (unknown line)
typeinf at ./../usr/share/julia/Compiler/src/abstractinterpretation.jl:4514
typeinf_ext at ./../usr/share/julia/Compiler/src/typeinfer.jl:1256
typeinf_ext_toplevel at ./../usr/share/julia/Compiler/src/typeinfer.jl:1439 [inlined]
typeinf_ext_toplevel at ./../usr/share/julia/Compiler/src/typeinfer.jl:1448
jfptr_typeinf_ext_toplevel_80206.1 at /home/jsphchoi/.julia/juliaup/julia-1.12.6+0.x64.linux.gnu/lib/julia/sys.so (unknown line)
jl_apply at /cache/build/builder-amdci5-4/julialang/julia-release-1-dot-12/src/julia.h:2391 [inlined]
jl_type_infer at /cache/build/builder-amdci5-4/julialang/julia-release-1-dot-12/src/gf.c:466
jl_compile_method_internal at /cache/build/builder-amdci5-4/julialang/julia-release-1-dot-12/src/gf.c:3516
_jl_invoke at /cache/build/builder-amdci5-4/julialang/julia-release-1-dot-12/src/gf.c:4006 [inlined]
ijl_apply_generic at /cache/build/builder-amdci5-4/julialang/julia-release-1-dot-12/src/gf.c:4214
#add_con#499 at /home/jsphchoi/.julia/packages/ExaModels/PIbMk/src/nlp.jl:1102 [inlined]
add_con at /home/jsphchoi/.julia/packages/ExaModels/PIbMk/src/nlp.jl:1088
unknown function (ip: 0x71bdfbcfb90e) at (unknown file)
macro expansion at /home/jsphchoi/.julia/packages/ExaModels/PIbMk/src/nlp.jl:1905 [inlined]
_create_objective at /home/jsphchoi/.julia/dev/ExaModelsPEtab/src/objective.jl:266
unknown function (ip: 0x71be2f2a3be1) at (unknown file)
build_model at /home/jsphchoi/.julia/dev/ExaModelsPEtab/examples/Benchmarks/benchmark_examodels.jl:110
#bench_one##0 at /home/jsphchoi/.julia/dev/ExaModelsPEtab/examples/Benchmarks/benchmark_examodels.jl:183 [inlined]
with_hard_deadline at /home/jsphchoi/.julia/dev/ExaModelsPEtab/examples/Benchmarks/benchmark_examodels.jl:83
bench_one at /home/jsphchoi/.julia/dev/ExaModelsPEtab/examples/Benchmarks/benchmark_examodels.jl:182
main at /home/jsphchoi/.julia/dev/ExaModelsPEtab/examples/Benchmarks/benchmark_examodels.jl:309
unknown function (ip: 0x71c1c039e1ff) at (unknown file)
jl_apply at /cache/build/builder-amdci5-4/julialang/julia-release-1-dot-12/src/julia.h:2391 [inlined]
do_call at /cache/build/builder-amdci5-4/julialang/julia-release-1-dot-12/src/interpreter.c:123
eval_value at /cache/build/builder-amdci5-4/julialang/julia-release-1-dot-12/src/interpreter.c:243
eval_stmt_value at /cache/build/builder-amdci5-4/julialang/julia-release-1-dot-12/src/interpreter.c:194 [inlined]
eval_body at /cache/build/builder-amdci5-4/julialang/julia-release-1-dot-12/src/interpreter.c:707
jl_interpret_toplevel_thunk at /cache/build/builder-amdci5-4/julialang/julia-release-1-dot-12/src/interpreter.c:898
jl_toplevel_eval_flex at /cache/build/builder-amdci5-4/julialang/julia-release-1-dot-12/src/toplevel.c:1035
jl_toplevel_eval_flex at /cache/build/builder-amdci5-4/julialang/julia-release-1-dot-12/src/toplevel.c:975
ijl_toplevel_eval at /cache/build/builder-amdci5-4/julialang/julia-release-1-dot-12/src/toplevel.c:1047
ijl_toplevel_eval_in at /cache/build/builder-amdci5-4/julialang/julia-release-1-dot-12/src/toplevel.c:1092
eval at ./boot.jl:489
include_string at ./loading.jl:2874
_include at ./loading.jl:2934
include at ./Base.jl:306
exec_options at ./client.jl:317
_start at ./client.jl:550
jfptr__start_63319.1 at /home/jsphchoi/.julia/juliaup/julia-1.12.6+0.x64.linux.gnu/lib/julia/sys.so (unknown line)
jl_apply at /cache/build/builder-amdci5-4/julialang/julia-release-1-dot-12/src/julia.h:2391 [inlined]
true_main at /cache/build/builder-amdci5-4/julialang/julia-release-1-dot-12/src/jlapi.c:971
jl_repl_entrypoint at /cache/build/builder-amdci5-4/julialang/julia-release-1-dot-12/src/jlapi.c:1139
main at /cache/build/builder-amdci5-4/julialang/julia-release-1-dot-12/cli/loader_exe.c:58
unknown function (ip: 0x71c1da02a1c9) at /lib/x86_64-linux-gnu/libc.so.6
__libc_start_main at /lib/x86_64-linux-gnu/libc.so.6 (unknown line)
unknown function (ip: 0x4010b8) at /workspace/srcdir/glibc-2.17/csu/../sysdeps/x86_64/start.S
unknown function (ip: (nil)) at (unknown file)
Allocations: 14871052264 (Pool: 14867563025; Big: 3489239); GC: 983
[ Info: [Perelson_Science1996] compiling (K=6, compile_limit=14400.0s)...
[ Info: [Perelson_Science1996] solving with MadNLP (max_wall_time=86400.0s)...
[ Info: [Perelson_Science1996] SGM solve 1/3 ...
[ Info: [Perelson_Science1996] SGM solve 2/3 ...
[ Info: [Perelson_Science1996] SGM solve 3/3 ...
[ Info: [Perelson_Science1996] SGM done: solve=0.79 s (n=3)
[ Info: [Perelson_Science1996] done
[ Info: [SalazarCavazos_MBoC2020] compiling (K=6, compile_limit=14400.0s)...
┌ Warning: For large models adjoint sensitivity analysis is the best gradient method. To use this method load SciMLSensitivity
└ @ PEtab ~/.julia/packages/PEtab/PnGbI/src/petab_odeproblem/defaults.jl:87
┌ Warning: For large models we strongly recomend to compare different ODE-solvers instead of using default options.
└ @ PEtab ~/.julia/packages/PEtab/PnGbI/src/petab_odeproblem/defaults.jl:135
  42  2.2347505e+02 3.44e-07 1.66e-02 9.09e-08  -7.0   -0.5  1.00e+00  1  1h
  43  2.2351594e+02 6.30e-08 7.90e-04 9.09e-08  -7.0   -1.0  1.00e+00  1  1h
  44  2.2351311e+02 3.28e-08 1.25e-04 9.09e-08  -7.0   -1.5  1.00e+00  1  1h
  45  2.2351454e+02 1.49e-08 1.34e-05 9.09e-08  -7.0   -1.9  1.00e+00  1  1h
  46  2.2351471e+02 1.49e-08 4.15e-03 9.09e-08  -7.0   -2.4  1.00e+00  1  1H
  47  2.2351471e+02 2.24e-08 4.77e+00 9.11e-08  -7.0   -2.9  5.00e-01  1  2h
  48  2.2351472e+02 1.50e-08 3.33e+00 9.12e-08  -7.0   -3.4  5.00e-01  1  2h
  49  2.2351473e+02 1.50e-08 2.31e+00 9.12e-08  -7.0   -3.8  5.00e-01  1  2h
  51  2.2351474e+02 1.50e-08 5.95e-08 9.09e-08  -7.0     -   1.00e+00  1 22R
  51r 2.2349710e+02 4.14e-25 9.94e+02 9.18e-08  -7.0     -   1.00e+00 10 22f
  52r 2.2351473e+02 1.12e-08 1.66e-04 3.77e-06  -7.0   -4.8  6.10e-03  1  1f
  53r 2.2351532e+02 1.49e-08 5.63e-09 1.72e-07  -7.0   -5.3  1.00e+00  1  1f

Number of Iterations....: 53

                                   (scaled)                 (unscaled)
Objective...............:   2.2351532012983404e+02    2.2351532012983404e+02
Dual infeasibility......:   3.0927619806341486e+01    3.0927619806341486e+01
Constraint violation....:   1.4901290280019625e-08    1.4901290280019625e-08
Complementarity.........:   1.7247770043825836e-07    1.7247770043825836e-07
Overall NLP error.......:   3.0927619806341486e+01    3.0927619806341486e+01

Number of objective function evaluations              = 105
Number of objective gradient evaluations              = 54
Number of constraint evaluations                      = 105
Number of constraint Jacobian evaluations             = 55
Number of Lagrangian Hessian evaluations              = 53
Number of KKT factorizations                          = 129
Number of KKT backsolves                              = 127

Total wall secs in initialization                     =  6.926 s
Total wall secs in linear solver                      =  unavailable
Total wall secs in NLP function evaluations           =  4.480 s
Total wall secs in solver (w/o init./fun./lin. alg.)  =  unavailable
Total wall secs                                       = 26.082 s

[31mEXIT: Converged to a point of local infeasibility. Problem may be infeasible.[0m
This is [34mMad[31mN[32mL[35mP[0m version v0.9.2, running with cuDSS v0.7.1

Number of nonzeros in constraint Jacobian............:    44998
Number of nonzeros in Lagrangian Hessian.............:    19024

Total number of variables............................:     4459
                     variables with only lower bounds:       16
                variables with lower and upper bounds:        3
                     variables with only upper bounds:        0
Total number of equality constraints.................:     4456
Total number of inequality constraints...............:        0
        inequality constraints with only lower bounds:        0
   inequality constraints with lower and upper bounds:        0
        inequality constraints with only upper bounds:        0

iter    objective    inf_pr   inf_du inf_compl lg(mu) lg(rg) alpha_pr ir ls
   0  4.3203855e+02 3.75e-06 1.00e+00 1.86e+06  -1.0     -   0.00e+00  0  0 
   1  4.3203855e+02 3.75e-06 2.81e-01 5.33e-02  -1.0   -4.0  9.26e-09  1  1h
   2  4.3202559e+02 1.42e-05 1.34e-02 2.54e-03  -1.7     -   1.00e+00 10  1h
   3  4.3202555e+02 2.11e-08 3.76e-03 7.15e-04  -3.8   -4.5  1.00e+00  1  1h
   4  4.3202540e+02 3.23e-08 1.33e-05 2.80e-06  -3.8   -5.0  1.00e+00  1  1h
   5  4.3202497e+02 2.15e-08 1.00e-05 1.11e-07  -7.0   -5.4  1.00e+00  1  1h
   6  4.3202367e+02 1.43e-07 1.00e-05 9.09e-08  -7.0   -5.9  1.00e+00  2  1h
   7  4.3201977e+02 1.29e-06 1.00e-05 9.09e-08  -7.0   -6.4  1.00e+00  2  1h
   8  4.3200807e+02 1.16e-05 1.00e-05 9.09e-08  -7.0   -6.9  1.00e+00  2  1h
   9  4.3197283e+02 1.05e-04 1.00e-05 9.09e-08  -7.0   -7.3  1.00e+00  2  1h
iter    objective    inf_pr   inf_du inf_compl lg(mu) lg(rg) alpha_pr ir ls
  10  4.3186593e+02 9.58e-04 1.01e-05 9.09e-08  -7.0   -7.8  1.00e+00  2  1h
  11  4.3153411e+02 9.01e-03 1.03e-05 9.09e-08  -7.0   -8.3  1.00e+00  2  1h
  12  4.3042256e+02 9.33e-02 1.11e-05 9.09e-08  -7.0   -8.8  1.00e+00  2  1h
  13  4.2523714e+02 1.39e+00 1.53e-05 9.09e-08  -7.0   -9.2  1.00e+00  2  1h
  14  4.2198245e+02 6.84e-01 1.87e-05 9.09e-08  -7.0   -8.8  1.00e+00  2  1h
  15  4.0792298e+02 3.80e+00 4.51e-05 9.54e-08  -7.0   -9.3  2.50e-01  2  3h
  16  4.0363433e+02 1.18e+00 5.90e-05 9.13e-08  -7.0   -8.0  1.00e+00  2  1h
  17  3.8918635e+02 2.12e+00 1.46e-04 1.25e-07  -7.0   -8.4  1.45e-02  2  7h
  18  3.8138297e+02 8.58e-01 2.37e-04 9.52e-08  -7.0   -7.1  1.00e+00  2  1h
  19  3.7365444e+02 3.76e-01 3.84e-04 9.09e-08  -7.0   -6.7  1.00e+00  2  1h
iter    objective    inf_pr   inf_du inf_compl lg(mu) lg(rg) alpha_pr ir ls
  20  3.6612491e+02 1.79e-01 6.15e-04 9.09e-08  -7.0   -6.3  1.00e+00  2  1h
  21  3.5909407e+02 8.96e-02 9.55e-04 9.09e-08  -7.0   -5.8  1.00e+00  1  1h
  22  3.5314734e+02 4.27e-02 1.38e-03 9.09e-08  -7.0   -5.4  1.00e+00  1  1h
  23  3.4897123e+02 1.66e-02 1.80e-03 9.09e-08  -7.0   -5.0  1.00e+00  1  1h
  24  3.3680980e+02 4.36e-02 3.84e-03 1.38e-07  -7.0   -5.5  3.12e-02  1  6h
  25  3.3212387e+02 1.44e-02 5.15e-03 9.33e-08  -7.0   -4.1  1.00e+00  1  1h
  26  3.2937354e+02 3.55e-03 6.12e-03 9.09e-08  -7.0   -3.7  1.00e+00  1  1h
  27  3.1103305e+02 1.54e-02 1.93e-02 9.30e-08  -7.0   -4.2  5.00e-01  1  2h
  28  3.0374845e+02 6.06e-03 3.04e-02 9.09e-08  -7.0   -2.9  1.00e+00  1  1h
  29  2.9727723e+02 2.43e-03 4.55e-02 9.09e-08  -7.0   -2.4  1.00e+00  1  1h
iter    objective    inf_pr   inf_du inf_compl lg(mu) lg(rg) alpha_pr ir ls
  30  2.9232687e+02 9.02e-04 6.20e-02 9.09e-08  -7.0   -2.0  1.00e+00  1  1h
  31  2.8931835e+02 2.56e-04 7.48e-02 9.09e-08  -7.0   -1.6  1.00e+00  1  1h
  32  2.5457674e+02 1.88e-03 6.58e-01 9.38e-08  -7.0   -2.1  5.00e-01  1  2h
  33  2.4649101e+02 6.96e-04 1.09e+00 9.09e-08  -7.0    0.2  1.00e+00  1  1h
  34  2.4265608e+02 4.08e-04 1.64e+02 9.98e-08  -7.0    0.6  5.35e-01  1  1h
  35  2.3911473e+02 1.26e-04 1.78e+00 1.26e-07  -7.0    1.0  1.00e+00  1  1h
  36  2.3492278e+02 1.22e-04 8.10e+02 9.29e-08  -7.0    0.5  8.83e-02  1  1h
  37  2.3014129e+02 9.22e-05 3.64e+03 1.07e-07  -7.0    1.0  3.58e-01  1  1h
  38  2.2509753e+02 3.64e-05 4.42e+00 1.40e-07  -7.0    1.4  1.00e+00  1  1h
  39  2.2425796e+02 3.25e-05 4.38e+04 1.20e-07  -7.0    0.9  1.36e-01  1  1h
iter    objective    inf_pr   inf_du inf_compl lg(mu) lg(rg) alpha_pr ir ls
  40  2.2861824e+02 2.63e-05 1.04e+02 1.21e-07  -7.0    0.4  1.00e+00  1  1h
  41  2.2516544e+02 9.12e-06 9.98e+03 9.12e-08  -7.0   -0.0  7.54e-01  1  1h
  42  2.2438553e+02 1.99e-06 1.40e+01 1.12e-07  -7.0   -0.5  1.00e+00  1  1h
  43  2.2362724e+02 1.77e-06 7.86e+00 9.13e-08  -7.0   -1.0  1.00e+00  1  1H
  44  2.2373249e+02 2.47e-06 1.02e+00 9.58e-08  -7.0   -1.5  1.00e+00  1  1h
  45  2.2355536e+02 7.50e-07 1.26e-01 9.09e-08  -7.0   -1.9  1.00e+00  1  1h
  46  2.2352415e+02 2.43e-07 9.86e-03 9.10e-08  -7.0   -2.4  1.00e+00  1  1h
  47  2.2351799e+02 8.97e-08 1.04e-03 9.09e-08  -7.0   -2.9  1.00e+00  1  1h
  48  2.2351582e+02 3.34e-08 1.36e-04 9.09e-08  -7.0   -3.4  1.00e+00  1  1h
  49  2.2351515e+02 2.23e-08 1.96e-05 9.09e-08  -7.0   -3.8  1.00e+00  1  1h
iter    objective    inf_pr   inf_du inf_compl lg(mu) lg(rg) alpha_pr ir ls
  50  2.2351490e+02 1.50e-08 2.86e-06 9.09e-08  -7.0   -4.3  1.00e+00  1  1h
  51  2.2351481e+02 1.50e-08 4.26e-07 9.09e-08  -7.0   -4.8  1.00e+00  2  1h

Number of Iterations....: 51

                                   (scaled)                 (unscaled)
Objective...............:   2.2351481011087009e+02    2.2351481011087009e+02
Dual infeasibility......:   4.2603717176348255e-07    4.2603717176348255e-07
Constraint violation....:   1.4962764405683390e-08    1.4962764405683390e-08
Complementarity.........:   9.0909090909090915e-08    9.0909090909090915e-08
Overall NLP error.......:   4.2603717176348255e-07    4.2603717176348255e-07

Number of objective function evaluations              = 73
Number of objective gradient evaluations              = 52
Number of constraint evaluations                      = 73
Number of constraint Jacobian evaluations             = 52
Number of Lagrangian Hessian evaluations              = 51
Number of KKT factorizations                          = 126
Number of KKT backsolves                              = 114

Total wall secs in initialization                     =  0.067 s
Total wall secs in linear solver                      =  unavailable
Total wall secs in NLP function evaluations           =  0.130 s
Total wall secs in solver (w/o init./fun./lin. alg.)  =  unavailable
Total wall secs                                       =  0.853 s

[32mEXIT: Optimal Solution Found (tol = 1.0e-06).[0m
This is [34mMad[31mN[32mL[35mP[0m version v0.9.2, running with cuDSS v0.7.1

Number of nonzeros in constraint Jacobian............:    44998
Number of nonzeros in Lagrangian Hessian.............:    19024

Total number of variables............................:     4459
                     variables with only lower bounds:       16
                variables with lower and upper bounds:        3
                     variables with only upper bounds:        0
Total number of equality constraints.................:     4456
Total number of inequality constraints...............:        0
        inequality constraints with only lower bounds:        0
   inequality constraints with lower and upper bounds:        0
        inequality constraints with only upper bounds:        0

iter    objective    inf_pr   inf_du inf_compl lg(mu) lg(rg) alpha_pr ir ls
   0  4.3203855e+02 3.75e-06 1.00e+00 1.86e+06  -1.0     -   0.00e+00  0  0 
   1  4.3203855e+02 3.75e-06 2.81e-01 5.33e-02  -1.0   -4.0  9.26e-09  1  1h
   2  4.3202559e+02 1.42e-05 1.34e-02 2.54e-03  -1.7     -   1.00e+00 10  1h
   3  4.3202555e+02 1.77e-08 3.76e-03 7.15e-04  -3.8   -4.5  1.00e+00  1  1h
   4  4.3202540e+02 1.74e-08 1.33e-05 2.80e-06  -3.8   -5.0  1.00e+00  1  1h
   5  4.3202497e+02 2.32e-08 1.00e-05 1.11e-07  -7.0   -5.4  1.00e+00  1  1h
   6  4.3202367e+02 1.43e-07 1.00e-05 9.09e-08  -7.0   -5.9  1.00e+00  2  1h
   7  4.3201977e+02 1.29e-06 1.00e-05 9.09e-08  -7.0   -6.4  1.00e+00  2  1h
   8  4.3200807e+02 1.16e-05 1.00e-05 9.09e-08  -7.0   -6.9  1.00e+00  2  1h
   9  4.3197283e+02 1.05e-04 1.00e-05 9.09e-08  -7.0   -7.3  1.00e+00  2  1h
iter    objective    inf_pr   inf_du inf_compl lg(mu) lg(rg) alpha_pr ir ls
  10  4.3186593e+02 9.58e-04 1.01e-05 9.09e-08  -7.0   -7.8  1.00e+00  2  1h
  11  4.3153411e+02 9.01e-03 1.03e-05 9.09e-08  -7.0   -8.3  1.00e+00  2  1h
  12  4.3042256e+02 9.33e-02 1.11e-05 9.09e-08  -7.0   -8.8  1.00e+00  2  1h
  13  4.2523714e+02 1.39e+00 1.53e-05 9.09e-08  -7.0   -9.2  1.00e+00  2  1h
  14  4.2198245e+02 6.84e-01 1.87e-05 9.09e-08  -7.0   -8.8  1.00e+00  2  1h
  15  4.0792292e+02 3.80e+00 4.51e-05 9.54e-08  -7.0   -9.3  2.50e-01  2  3h
  16  4.0363422e+02 1.18e+00 5.90e-05 9.13e-08  -7.0   -8.0  1.00e+00  2  1h
  17  3.8918614e+02 2.13e+00 1.46e-04 1.25e-07  -7.0   -8.4  1.45e-02  2  7h
  18  3.8138239e+02 8.58e-01 2.37e-04 9.52e-08  -7.0   -7.1  1.00e+00  2  1h
  19  3.7365283e+02 3.76e-01 3.84e-04 9.09e-08  -7.0   -6.7  1.00e+00  1  1h
iter    objective    inf_pr   inf_du inf_compl lg(mu) lg(rg) alpha_pr ir ls
  20  3.6612065e+02 1.80e-01 6.16e-04 9.09e-08  -7.0   -6.3  1.00e+00  2  1h
  21  3.5908343e+02 8.96e-02 9.56e-04 9.09e-08  -7.0   -5.8  1.00e+00  2  1h
  22  3.5312411e+02 4.28e-02 1.39e-03 9.09e-08  -7.0   -5.4  1.00e+00  1  1h
  23  3.4893093e+02 1.67e-02 1.80e-03 9.09e-08  -7.0   -5.0  1.00e+00  1  1h
  24  3.3484267e+02 4.89e-02 4.35e-03 1.40e-07  -7.0   -5.5  3.12e-02  1  6h
  25  3.2796542e+02 1.97e-02 6.68e-03 9.39e-08  -7.0   -4.1  1.00e+00  1  1h
  26  3.2231246e+02 7.77e-03 9.51e-03 9.09e-08  -7.0   -3.7  1.00e+00  1  1h
  27  3.1851693e+02 2.55e-03 1.21e-02 9.09e-08  -7.0   -3.3  1.00e+00  1  1h
  28  3.0128209e+02 8.40e-03 3.54e-02 1.05e-07  -7.0   -3.8  1.25e-01  1  4h
  29  2.8971806e+02 4.19e-03 7.30e-02 9.16e-08  -7.0   -2.4  1.00e+00  1  1h
iter    objective    inf_pr   inf_du inf_compl lg(mu) lg(rg) alpha_pr ir ls
  30  2.7551324e+02 3.39e-03 1.77e-01 9.28e-08  -7.0   -2.0  5.00e-01  1  2h
  31  2.7242137e+02 1.02e-03 2.15e-01 9.09e-08  -7.0   -0.7  1.00e+00  1  1h
  32  2.2361985e+02 1.28e-03 2.30e+01 9.37e-08  -7.0   -1.2  5.00e-01  1  2h
  33  2.2361265e+02 1.28e-03 2.30e+01 9.37e-08  -7.0   -1.6  2.75e-03  1  1h
  34  2.2360363e+02 1.28e-03 7.99e+02 1.36e-07  -7.0   -2.1  3.51e-03  1  1h
  35  2.2356003e+02 1.26e-03 2.85e+03 1.24e-07  -7.0   -2.6  1.72e-02  1  1h
  36  2.2340143e+02 1.18e-03 6.74e+04 1.01e-07  -7.0   -3.1  6.52e-02  1  1h
  37  2.2138764e+02 4.30e-04 4.11e+00 9.10e-08  -7.0   -3.5  1.00e+00  1  1h
  38  2.2372407e+02 1.40e-04 2.23e+00 9.09e-08  -7.0   -4.0  1.00e+00  1  1h
  39  2.2355489e+02 3.96e-05 1.58e-01 9.12e-08  -7.0   -4.5  1.00e+00  1  1h
iter    objective    inf_pr   inf_du inf_compl lg(mu) lg(rg) alpha_pr ir ls
  40  2.2349973e+02 2.49e-06 7.38e-02 9.11e-08  -7.0     -   1.00e+00 10  1H
  41  2.2349985e+02 5.16e-08 1.29e-05 9.09e-08  -7.0   -5.0  1.00e+00  2  1h
  42  2.2349973e+02 1.48e-08 2.23e-08 9.09e-08  -7.0   -5.4  1.00e+00  2  1h

Number of Iterations....: 42

                                   (scaled)                 (unscaled)
Objective...............:   2.2349972747356978e+02    2.2349972747356978e+02
Dual infeasibility......:   2.2284649927395504e-08    2.2284649927395504e-08
Constraint violation....:   1.4843557523712581e-08    1.4843557523712581e-08
Complementarity.........:   9.0909090922615185e-08    9.0909090922615185e-08
Overall NLP error.......:   9.0909090922615185e-08    9.0909090922615185e-08

Number of objective function evaluations              = 68
Number of objective gradient evaluations              = 43
Number of constraint evaluations                      = 68
Number of constraint Jacobian evaluations             = 43
Number of Lagrangian Hessian evaluations              = 42
Number of KKT factorizations                          = 101
Number of KKT backsolves                              = 95

Total wall secs in initialization                     =  0.060 s
Total wall secs in linear solver                      =  unavailable
Total wall secs in NLP function evaluations           =  0.209 s
Total wall secs in solver (w/o init./fun./lin. alg.)  =  unavailable
Total wall secs                                       =  0.780 s

[32mEXIT: Optimal Solution Found (tol = 1.0e-06).[0m
This is [34mMad[31mN[32mL[35mP[0m version v0.9.2, running with cuDSS v0.7.1

Number of nonzeros in constraint Jacobian............:    44998
Number of nonzeros in Lagrangian Hessian.............:    19024

Total number of variables............................:     4459
                     variables with only lower bounds:       16
                variables with lower and upper bounds:        3
                     variables with only upper bounds:        0
Total number of equality constraints.................:     4456
Total number of inequality constraints...............:        0
        inequality constraints with only lower bounds:        0
   inequality constraints with lower and upper bounds:        0
        inequality constraints with only upper bounds:        0

iter    objective    inf_pr   inf_du inf_compl lg(mu) lg(rg) alpha_pr ir ls
   0  4.3203855e+02 3.75e-06 1.00e+00 1.86e+06  -1.0     -   0.00e+00  0  0 
   1  4.3203855e+02 3.75e-06 2.81e-01 5.33e-02  -1.0   -4.0  9.26e-09  1  1h
   2  4.3203850e+02 1.63e-08 1.34e-02 2.54e-03  -1.7   -4.5  1.00e+00  1  1h
   3  4.3203836e+02 1.61e-08 3.76e-03 7.15e-04  -3.8   -5.0  1.00e+00  1  1h
   4  4.3203793e+02 1.58e-08 1.33e-05 2.80e-06  -3.8   -5.4  1.00e+00  1  1h
   5  4.3203663e+02 1.43e-07 1.00e-05 1.11e-07  -7.0   -5.9  1.00e+00  1  1h
   6  4.3203274e+02 1.28e-06 1.00e-05 9.09e-08  -7.0   -6.4  1.00e+00  2  1h
   7  4.3202105e+02 1.16e-05 1.00e-05 9.09e-08  -7.0   -6.9  1.00e+00  2  1h
   8  4.3198587e+02 1.05e-04 1.00e-05 9.09e-08  -7.0   -7.3  1.00e+00  2  1h
   9  4.3187914e+02 9.55e-04 1.01e-05 9.09e-08  -7.0   -7.8  1.00e+00  2  1h
iter    objective    inf_pr   inf_du inf_compl lg(mu) lg(rg) alpha_pr ir ls
  10  4.3154789e+02 8.98e-03 1.03e-05 9.09e-08  -7.0   -8.3  1.00e+00  2  1h
  11  4.3043846e+02 9.30e-02 1.11e-05 9.09e-08  -7.0   -8.8  1.00e+00  2  1h
  12  4.2526854e+02 1.39e+00 1.53e-05 9.09e-08  -7.0   -9.2  1.00e+00  2  1h
  13  4.2203057e+02 6.79e-01 1.87e-05 9.09e-08  -7.0   -8.8  1.00e+00  2  1h
  14  4.0841005e+02 3.69e+00 6.05e-05 9.53e-08  -7.0   -9.3  2.50e-01  2  3h
  15  4.0447146e+02 1.10e+00 5.60e-05 9.13e-08  -7.0   -8.0  1.00e+00  2  1h
  16  3.6601489e+02 3.23e+00 6.20e-04 1.06e-07  -7.0   -8.4  1.25e-01  2  4h
  17  3.3535910e+02 2.13e+00 4.21e-03 9.30e-08  -7.0   -6.2  5.00e-01  2  2h
  18  3.3167814e+02 7.72e-01 5.30e-03 9.09e-08  -7.0   -4.0  1.00e+00  2  1h
  19  3.1946921e+02 6.86e-01 1.14e-02 9.43e-08  -7.0   -4.5  1.25e-01  2  4h
iter    objective    inf_pr   inf_du inf_compl lg(mu) lg(rg) alpha_pr ir ls
  20  3.1566298e+02 2.48e-01 1.44e-02 9.10e-08  -7.0   -3.1  1.00e+00  2  1h
  21  2.9774027e+02 2.21e-01 4.42e-02 9.49e-08  -7.0   -3.6  1.25e-01  1  4h
  22  2.8343087e+02 8.24e-02 1.08e-01 9.10e-08  -7.0   -2.3  1.00e+00  2  1h
  23  2.6779304e+02 7.30e-02 2.90e+00 9.42e-08  -7.0   -1.9  1.25e-01  1  4h
  24  2.6014950e+02 2.68e-02 4.63e-01 9.09e-08  -7.0   -0.5  1.00e+00  2  1h
  25  2.5288444e+02 9.84e-03 7.29e-01 9.09e-08  -7.0   -0.1  1.00e+00  1  1h
  26  2.4654959e+02 3.59e-03 1.08e+00 9.09e-08  -7.0    0.3  1.00e+00  1  1h
  27  2.4194951e+02 1.28e-03 1.42e+00 9.09e-08  -7.0    0.8  1.00e+00  1  1h
  28  2.3942018e+02 4.31e-04 2.76e+00 1.42e-07  -7.0    1.2  1.00e+00  1  1h
  29  2.3504743e+02 3.48e-04 1.07e+03 9.23e-08  -7.0    0.7  2.36e-01  1  1h
iter    objective    inf_pr   inf_du inf_compl lg(mu) lg(rg) alpha_pr ir ls
  30  2.2667662e+02 1.39e-04 3.78e+00 1.79e-07  -7.0    1.1  1.00e+00  1  1h
  31  2.2573849e+02 1.34e-04 1.10e+05 8.13e-07  -7.0    0.7  3.37e-02  1  1h
  32  2.2406937e+02 1.18e-04 1.03e+05 6.42e-07  -7.0    0.2  2.29e-01  1  3h
  33  2.2384882e+02 2.46e-04 1.07e+01 2.12e-07  -7.0     -   1.00e+00 10  1h
  34  2.2384857e+02 2.46e-04 1.06e+01 2.12e-07  -7.0   -0.3  2.93e-03  1  1h
  35  2.2384848e+02 2.45e-04 9.68e+01 2.11e-07  -7.0   -0.8  9.87e-04  1  1h
  36  2.2384822e+02 2.45e-04 1.48e+02 2.11e-07  -7.0   -1.3  3.02e-03  1  1h
  37  2.2384791e+02 2.44e-04 1.85e+02 2.10e-07  -7.0   -1.7  3.48e-03  1  1h
  38  2.2350650e+02 1.71e-05 1.71e+01 1.39e-07  -7.0     -   1.00e+00 10  1h
  39  2.2350653e+02 1.58e-05 3.94e+02 1.34e-07  -7.0   -2.2  7.96e-02  1  1h
iter    objective    inf_pr   inf_du inf_compl lg(mu) lg(rg) alpha_pr ir ls
  40  2.2347874e+02 2.21e-05 1.03e+00 9.83e-08  -7.0     -   1.00e+00 10  1h
  41  2.2347884e+02 2.14e-05 1.05e+01 1.29e-07  -7.0   -2.7  2.93e-02  2  1h
  42  2.2347920e+02 1.90e-05 4.49e+01 1.95e-07  -7.0   -3.2  1.14e-01  2  1h
  43  2.2348161e+02 1.62e-08 1.01e-03 1.35e-07  -7.0   -3.6  1.00e+00  1  1h
  44  2.2347826e+02 2.24e-08 4.20e-05 9.42e-08  -7.0   -4.1  1.00e+00  1  1h
  45  2.2347874e+02 2.98e-08 2.04e-07 1.35e-07  -7.0   -4.6  1.00e+00  2  1h

Number of Iterations....: 45

                                   (scaled)                 (unscaled)
Objective...............:   2.2347874130138302e+02    2.2347874130138302e+02
Dual infeasibility......:   2.0386226271806919e-07    2.0386226271806919e-07
Constraint violation....:   2.9763441859279742e-08    2.9763441859279742e-08
Complementarity.........:   1.3483679599980678e-07    1.3483679599980678e-07
Overall NLP error.......:   2.0386226271806919e-07    2.0386226271806919e-07

Number of objective function evaluations              = 66
Number of objective gradient evaluations              = 46
Number of constraint evaluations                      = 66
Number of constraint Jacobian evaluations             = 46
Number of Lagrangian Hessian evaluations              = 45
Number of KKT factorizations                          = 108
Number of KKT backsolves                              = 117

Total wall secs in initialization                     =  0.059 s
Total wall secs in linear solver                      =  unavailable
Total wall secs in NLP function evaluations           =  0.111 s
Total wall secs in solver (w/o init./fun./lin. alg.)  =  unavailable
Total wall secs                                       =  0.742 s

[32mEXIT: Optimal Solution Found (tol = 1.0e-06).[0m

============================================================
[0][8/10] SalazarCavazos_MBoC2020
============================================================
