┌ Warning: thread = 1 warning: only found 7 / 9 columns around data row: 1. Filling remaining columns with `missing`
└ @ CSV ~/.julia/packages/CSV/LiiJM/src/file.jl:592
┌ Warning: thread = 1 warning: only found 7 / 9 columns around data row: 2. Filling remaining columns with `missing`
└ @ CSV ~/.julia/packages/CSV/LiiJM/src/file.jl:592
┌ Warning: thread = 1 warning: only found 7 / 9 columns around data row: 3. Filling remaining columns with `missing`
└ @ CSV ~/.julia/packages/CSV/LiiJM/src/file.jl:592
┌ Warning: thread = 1 warning: only found 7 / 9 columns around data row: 4. Filling remaining columns with `missing`
└ @ CSV ~/.julia/packages/CSV/LiiJM/src/file.jl:592
┌ Warning: thread = 1 warning: only found 7 / 9 columns around data row: 5. Filling remaining columns with `missing`
└ @ CSV ~/.julia/packages/CSV/LiiJM/src/file.jl:592
┌ Warning: thread = 1 warning: only found 7 / 9 columns around data row: 6. Filling remaining columns with `missing`
└ @ CSV ~/.julia/packages/CSV/LiiJM/src/file.jl:592
┌ Warning: thread = 1 warning: only found 7 / 9 columns around data row: 7. Filling remaining columns with `missing`
└ @ CSV ~/.julia/packages/CSV/LiiJM/src/file.jl:592
┌ Warning: thread = 1 warning: only found 7 / 9 columns around data row: 8. Filling remaining columns with `missing`
└ @ CSV ~/.julia/packages/CSV/LiiJM/src/file.jl:592
┌ Warning: thread = 1 warning: only found 7 / 9 columns around data row: 9. Filling remaining columns with `missing`
└ @ CSV ~/.julia/packages/CSV/LiiJM/src/file.jl:592
┌ Warning: thread = 1 warning: only found 7 / 9 columns around data row: 10. Filling remaining columns with `missing`
└ @ CSV ~/.julia/packages/CSV/LiiJM/src/file.jl:592
┌ Warning: thread = 1 warning: only found 7 / 9 columns around data row: 11. Filling remaining columns with `missing`
└ @ CSV ~/.julia/packages/CSV/LiiJM/src/file.jl:592
┌ Warning: thread = 1 warning: only found 7 / 9 columns around data row: 12. Filling remaining columns with `missing`
└ @ CSV ~/.julia/packages/CSV/LiiJM/src/file.jl:592
┌ Warning: thread = 1 warning: only found 7 / 9 columns around data row: 13. Filling remaining columns with `missing`
└ @ CSV ~/.julia/packages/CSV/LiiJM/src/file.jl:592
┌ Warning: thread = 1 warning: only found 7 / 9 columns around data row: 14. Filling remaining columns with `missing`
└ @ CSV ~/.julia/packages/CSV/LiiJM/src/file.jl:592
┌ Warning: thread = 1 warning: only found 7 / 9 columns around data row: 15. Filling remaining columns with `missing`
└ @ CSV ~/.julia/packages/CSV/LiiJM/src/file.jl:592
┌ Warning: thread = 1 warning: only found 7 / 9 columns around data row: 16. Filling remaining columns with `missing`
└ @ CSV ~/.julia/packages/CSV/LiiJM/src/file.jl:592
┌ Warning: thread = 1 warning: only found 7 / 9 columns around data row: 17. Filling remaining columns with `missing`
└ @ CSV ~/.julia/packages/CSV/LiiJM/src/file.jl:592
┌ Warning: thread = 1 warning: only found 7 / 9 columns around data row: 18. Filling remaining columns with `missing`
└ @ CSV ~/.julia/packages/CSV/LiiJM/src/file.jl:592
┌ Warning: thread = 1 warning: only found 7 / 9 columns around data row: 19. Filling remaining columns with `missing`
└ @ CSV ~/.julia/packages/CSV/LiiJM/src/file.jl:592
┌ Warning: thread = 1 warning: only found 7 / 9 columns around data row: 20. Filling remaining columns with `missing`
└ @ CSV ~/.julia/packages/CSV/LiiJM/src/file.jl:592
┌ Warning: thread = 1 warning: only found 7 / 9 columns around data row: 21. Filling remaining columns with `missing`
└ @ CSV ~/.julia/packages/CSV/LiiJM/src/file.jl:592
┌ Warning: thread = 1 warning: only found 7 / 9 columns around data row: 22. Filling remaining columns with `missing`
└ @ CSV ~/.julia/packages/CSV/LiiJM/src/file.jl:592
┌ Warning: thread = 1 warning: only found 7 / 9 columns around data row: 23. Filling remaining columns with `missing`
└ @ CSV ~/.julia/packages/CSV/LiiJM/src/file.jl:592
┌ Warning: thread = 1 warning: only found 7 / 9 columns around data row: 24. Filling remaining columns with `missing`
└ @ CSV ~/.julia/packages/CSV/LiiJM/src/file.jl:592
┌ Warning: thread = 1 warning: only found 7 / 9 columns around data row: 25. Filling remaining columns with `missing`
└ @ CSV ~/.julia/packages/CSV/LiiJM/src/file.jl:592
┌ Warning: thread = 1 warning: only found 7 / 9 columns around data row: 26. Filling remaining columns with `missing`
└ @ CSV ~/.julia/packages/CSV/LiiJM/src/file.jl:592
┌ Warning: thread = 1 warning: only found 7 / 9 columns around data row: 28. Filling remaining columns with `missing`
└ @ CSV ~/.julia/packages/CSV/LiiJM/src/file.jl:592
┌ Warning: thread = 1 warning: only found 7 / 9 columns around data row: 29. Filling remaining columns with `missing`
└ @ CSV ~/.julia/packages/CSV/LiiJM/src/file.jl:592
┌ Warning: thread = 1 warning: only found 7 / 9 columns around data row: 30. Filling remaining columns with `missing`
└ @ CSV ~/.julia/packages/CSV/LiiJM/src/file.jl:592
┌ Warning: thread = 1 warning: only found 7 / 9 columns around data row: 31. Filling remaining columns with `missing`
└ @ CSV ~/.julia/packages/CSV/LiiJM/src/file.jl:592
┌ Warning: thread = 1 warning: only found 7 / 9 columns around data row: 32. Filling remaining columns with `missing`
└ @ CSV ~/.julia/packages/CSV/LiiJM/src/file.jl:592
┌ Warning: thread = 1 warning: only found 7 / 9 columns around data row: 33. Filling remaining columns with `missing`
└ @ CSV ~/.julia/packages/CSV/LiiJM/src/file.jl:592
┌ Warning: thread = 1 warning: only found 7 / 9 columns around data row: 34. Filling remaining columns with `missing`
└ @ CSV ~/.julia/packages/CSV/LiiJM/src/file.jl:592
┌ Warning: thread = 1 warning: only found 7 / 9 columns around data row: 35. Filling remaining columns with `missing`
└ @ CSV ~/.julia/packages/CSV/LiiJM/src/file.jl:592
┌ Warning: thread = 1 warning: only found 7 / 9 columns around data row: 36. Filling remaining columns with `missing`
└ @ CSV ~/.julia/packages/CSV/LiiJM/src/file.jl:592
┌ Warning: thread = 1 warning: only found 7 / 9 columns around data row: 37. Filling remaining columns with `missing`
└ @ CSV ~/.julia/packages/CSV/LiiJM/src/file.jl:592
┌ Warning: thread = 1 warning: only found 7 / 9 columns around data row: 38. Filling remaining columns with `missing`
└ @ CSV ~/.julia/packages/CSV/LiiJM/src/file.jl:592
┌ Warning: thread = 1 warning: only found 7 / 9 columns around data row: 39. Filling remaining columns with `missing`
└ @ CSV ~/.julia/packages/CSV/LiiJM/src/file.jl:592
┌ Warning: thread = 1 warning: only found 7 / 9 columns around data row: 40. Filling remaining columns with `missing`
└ @ CSV ~/.julia/packages/CSV/LiiJM/src/file.jl:592
┌ Warning: thread = 1 warning: only found 7 / 9 columns around data row: 41. Filling remaining columns with `missing`
└ @ CSV ~/.julia/packages/CSV/LiiJM/src/file.jl:592
┌ Warning: thread = 1 warning: only found 7 / 9 columns around data row: 42. Filling remaining columns with `missing`
└ @ CSV ~/.julia/packages/CSV/LiiJM/src/file.jl:592
┌ Warning: thread = 1 warning: only found 7 / 9 columns around data row: 43. Filling remaining columns with `missing`
└ @ CSV ~/.julia/packages/CSV/LiiJM/src/file.jl:592
┌ Warning: thread = 1 warning: only found 7 / 9 columns around data row: 44. Filling remaining columns with `missing`
└ @ CSV ~/.julia/packages/CSV/LiiJM/src/file.jl:592
┌ Warning: thread = 1 warning: only found 7 / 9 columns around data row: 45. Filling remaining columns with `missing`
└ @ CSV ~/.julia/packages/CSV/LiiJM/src/file.jl:592
┌ Warning: thread = 1 warning: only found 7 / 9 columns around data row: 46. Filling remaining columns with `missing`
└ @ CSV ~/.julia/packages/CSV/LiiJM/src/file.jl:592
┌ Warning: thread = 1 warning: only found 7 / 9 columns around data row: 47. Filling remaining columns with `missing`
└ @ CSV ~/.julia/packages/CSV/LiiJM/src/file.jl:592
┌ Warning: thread = 1 warning: only found 7 / 9 columns around data row: 48. Filling remaining columns with `missing`
└ @ CSV ~/.julia/packages/CSV/LiiJM/src/file.jl:592
┌ Warning: thread = 1 warning: only found 7 / 9 columns around data row: 49. Filling remaining columns with `missing`
└ @ CSV ~/.julia/packages/CSV/LiiJM/src/file.jl:592
┌ Warning: thread = 1 warning: only found 7 / 9 columns around data row: 50. Filling remaining columns with `missing`
└ @ CSV ~/.julia/packages/CSV/LiiJM/src/file.jl:592
┌ Warning: thread = 1 warning: only found 7 / 9 columns around data row: 51. Filling remaining columns with `missing`
└ @ CSV ~/.julia/packages/CSV/LiiJM/src/file.jl:592
┌ Warning: thread = 1 warning: only found 7 / 9 columns around data row: 52. Filling remaining columns with `missing`
└ @ CSV ~/.julia/packages/CSV/LiiJM/src/file.jl:592
┌ Warning: thread = 1 warning: only found 7 / 9 columns around data row: 53. Filling remaining columns with `missing`
└ @ CSV ~/.julia/packages/CSV/LiiJM/src/file.jl:592
┌ Warning: thread = 1 warning: only found 7 / 9 columns around data row: 54. Filling remaining columns with `missing`
└ @ CSV ~/.julia/packages/CSV/LiiJM/src/file.jl:592
┌ Warning: thread = 1 warning: only found 7 / 9 columns around data row: 55. Filling remaining columns with `missing`
└ @ CSV ~/.julia/packages/CSV/LiiJM/src/file.jl:592
┌ Warning: thread = 1 warning: only found 7 / 9 columns around data row: 56. Filling remaining columns with `missing`
└ @ CSV ~/.julia/packages/CSV/LiiJM/src/file.jl:592
┌ Warning: thread = 1 warning: only found 7 / 9 columns around data row: 57. Filling remaining columns with `missing`
└ @ CSV ~/.julia/packages/CSV/LiiJM/src/file.jl:592
┌ Warning: thread = 1 warning: only found 7 / 9 columns around data row: 58. Filling remaining columns with `missing`
└ @ CSV ~/.julia/packages/CSV/LiiJM/src/file.jl:592
┌ Warning: thread = 1 warning: only found 7 / 9 columns around data row: 59. Filling remaining columns with `missing`
└ @ CSV ~/.julia/packages/CSV/LiiJM/src/file.jl:592
┌ Warning: thread = 1 warning: only found 7 / 9 columns around data row: 60. Filling remaining columns with `missing`
└ @ CSV ~/.julia/packages/CSV/LiiJM/src/file.jl:592
┌ Warning: thread = 1 warning: only found 7 / 9 columns around data row: 61. Filling remaining columns with `missing`
└ @ CSV ~/.julia/packages/CSV/LiiJM/src/file.jl:592
┌ Warning: thread = 1 warning: only found 7 / 9 columns around data row: 62. Filling remaining columns with `missing`
└ @ CSV ~/.julia/packages/CSV/LiiJM/src/file.jl:592
┌ Warning: thread = 1 warning: only found 7 / 9 columns around data row: 63. Filling remaining columns with `missing`
└ @ CSV ~/.julia/packages/CSV/LiiJM/src/file.jl:592
┌ Warning: thread = 1 warning: only found 7 / 9 columns around data row: 64. Filling remaining columns with `missing`
└ @ CSV ~/.julia/packages/CSV/LiiJM/src/file.jl:592
┌ Warning: thread = 1 warning: only found 7 / 9 columns around data row: 65. Filling remaining columns with `missing`
└ @ CSV ~/.julia/packages/CSV/LiiJM/src/file.jl:592
┌ Warning: thread = 1 warning: only found 7 / 9 columns around data row: 66. Filling remaining columns with `missing`
└ @ CSV ~/.julia/packages/CSV/LiiJM/src/file.jl:592
┌ Warning: thread = 1 warning: only found 7 / 9 columns around data row: 67. Filling remaining columns with `missing`
└ @ CSV ~/.julia/packages/CSV/LiiJM/src/file.jl:592
┌ Warning: thread = 1 warning: only found 7 / 9 columns around data row: 68. Filling remaining columns with `missing`
└ @ CSV ~/.julia/packages/CSV/LiiJM/src/file.jl:592
┌ Warning: thread = 1 warning: only found 7 / 9 columns around data row: 69. Filling remaining columns with `missing`
└ @ CSV ~/.julia/packages/CSV/LiiJM/src/file.jl:592
┌ Warning: thread = 1 warning: only found 7 / 9 columns around data row: 70. Filling remaining columns with `missing`
└ @ CSV ~/.julia/packages/CSV/LiiJM/src/file.jl:592
┌ Warning: thread = 1 warning: only found 7 / 9 columns around data row: 71. Filling remaining columns with `missing`
└ @ CSV ~/.julia/packages/CSV/LiiJM/src/file.jl:592
┌ Warning: thread = 1 warning: only found 7 / 9 columns around data row: 72. Filling remaining columns with `missing`
└ @ CSV ~/.julia/packages/CSV/LiiJM/src/file.jl:592
┌ Warning: thread = 1 warning: only found 7 / 9 columns around data row: 73. Filling remaining columns with `missing`
└ @ CSV ~/.julia/packages/CSV/LiiJM/src/file.jl:592
┌ Warning: thread = 1 warning: only found 7 / 9 columns around data row: 74. Filling remaining columns with `missing`
└ @ CSV ~/.julia/packages/CSV/LiiJM/src/file.jl:592
┌ Warning: thread = 1 warning: only found 7 / 9 columns around data row: 75. Filling remaining columns with `missing`
└ @ CSV ~/.julia/packages/CSV/LiiJM/src/file.jl:592
┌ Warning: thread = 1 warning: only found 7 / 9 columns around data row: 76. Filling remaining columns with `missing`
└ @ CSV ~/.julia/packages/CSV/LiiJM/src/file.jl:592
┌ Warning: thread = 1 warning: only found 7 / 9 columns around data row: 77. Filling remaining columns with `missing`
└ @ CSV ~/.julia/packages/CSV/LiiJM/src/file.jl:592
┌ Warning: thread = 1 warning: only found 7 / 9 columns around data row: 78. Filling remaining columns with `missing`
└ @ CSV ~/.julia/packages/CSV/LiiJM/src/file.jl:592
┌ Warning: thread = 1 warning: only found 7 / 9 columns around data row: 79. Filling remaining columns with `missing`
└ @ CSV ~/.julia/packages/CSV/LiiJM/src/file.jl:592
┌ Warning: thread = 1 warning: only found 7 / 9 columns around data row: 80. Filling remaining columns with `missing`
└ @ CSV ~/.julia/packages/CSV/LiiJM/src/file.jl:592
┌ Warning: thread = 1 warning: only found 7 / 9 columns around data row: 81. Filling remaining columns with `missing`
└ @ CSV ~/.julia/packages/CSV/LiiJM/src/file.jl:592
┌ Warning: thread = 1 warning: only found 7 / 9 columns around data row: 82. Filling remaining columns with `missing`
└ @ CSV ~/.julia/packages/CSV/LiiJM/src/file.jl:592
┌ Warning: thread = 1 warning: only found 7 / 9 columns around data row: 83. Filling remaining columns with `missing`
└ @ CSV ~/.julia/packages/CSV/LiiJM/src/file.jl:592
┌ Warning: thread = 1 warning: only found 7 / 9 columns around data row: 84. Filling remaining columns with `missing`
└ @ CSV ~/.julia/packages/CSV/LiiJM/src/file.jl:592
┌ Warning: thread = 1 warning: only found 7 / 9 columns around data row: 85. Filling remaining columns with `missing`
└ @ CSV ~/.julia/packages/CSV/LiiJM/src/file.jl:592
┌ Warning: thread = 1 warning: only found 7 / 9 columns around data row: 86. Filling remaining columns with `missing`
└ @ CSV ~/.julia/packages/CSV/LiiJM/src/file.jl:592
┌ Warning: thread = 1 warning: only found 7 / 9 columns around data row: 87. Filling remaining columns with `missing`
└ @ CSV ~/.julia/packages/CSV/LiiJM/src/file.jl:592
┌ Warning: thread = 1 warning: only found 7 / 9 columns around data row: 88. Filling remaining columns with `missing`
└ @ CSV ~/.julia/packages/CSV/LiiJM/src/file.jl:592
┌ Warning: thread = 1 warning: only found 7 / 9 columns around data row: 89. Filling remaining columns with `missing`
└ @ CSV ~/.julia/packages/CSV/LiiJM/src/file.jl:592
┌ Warning: thread = 1 warning: only found 7 / 9 columns around data row: 90. Filling remaining columns with `missing`
└ @ CSV ~/.julia/packages/CSV/LiiJM/src/file.jl:592
┌ Warning: thread = 1 warning: only found 7 / 9 columns around data row: 91. Filling remaining columns with `missing`
└ @ CSV ~/.julia/packages/CSV/LiiJM/src/file.jl:592
┌ Warning: thread = 1 warning: only found 7 / 9 columns around data row: 92. Filling remaining columns with `missing`
└ @ CSV ~/.julia/packages/CSV/LiiJM/src/file.jl:592
┌ Warning: thread = 1 warning: only found 7 / 9 columns around data row: 93. Filling remaining columns with `missing`
└ @ CSV ~/.julia/packages/CSV/LiiJM/src/file.jl:592
┌ Warning: thread = 1 warning: only found 7 / 9 columns around data row: 94. Filling remaining columns with `missing`
└ @ CSV ~/.julia/packages/CSV/LiiJM/src/file.jl:592
┌ Warning: thread = 1 warning: only found 7 / 9 columns around data row: 95. Filling remaining columns with `missing`
└ @ CSV ~/.julia/packages/CSV/LiiJM/src/file.jl:592
┌ Warning: thread = 1 warning: only found 7 / 9 columns around data row: 96. Filling remaining columns with `missing`
└ @ CSV ~/.julia/packages/CSV/LiiJM/src/file.jl:592
┌ Warning: thread = 1 warning: only found 7 / 9 columns around data row: 97. Filling remaining columns with `missing`
└ @ CSV ~/.julia/packages/CSV/LiiJM/src/file.jl:592
┌ Warning: thread = 1 warning: only found 7 / 9 columns around data row: 98. Filling remaining columns with `missing`
└ @ CSV ~/.julia/packages/CSV/LiiJM/src/file.jl:592
┌ Warning: thread = 1 warning: only found 7 / 9 columns around data row: 99. Filling remaining columns with `missing`
└ @ CSV ~/.julia/packages/CSV/LiiJM/src/file.jl:592
┌ Warning: thread = 1 warning: only found 7 / 9 columns around data row: 100. Filling remaining columns with `missing`
└ @ CSV ~/.julia/packages/CSV/LiiJM/src/file.jl:592
┌ Warning: thread = 1 warning: only found 7 / 9 columns around data row: 101. Filling remaining columns with `missing`
└ @ CSV ~/.julia/packages/CSV/LiiJM/src/file.jl:592
┌ Warning: thread = 1 warning: only found 7 / 9 columns around data row: 102. Filling remaining columns with `missing`
└ @ CSV ~/.julia/packages/CSV/LiiJM/src/file.jl:592
┌ Warning: thread = 1: too many warnings, silencing any further warnings
└ @ CSV ~/.julia/packages/CSV/LiiJM/src/file.jl:597
┌ Warning: Verbosity toggle: newton_convergence 
│  Newton iteration failed with stale Jacobian, retrying with fresh Jacobian
└ @ OrdinaryDiffEqNonlinearSolve ~/.julia/packages/OrdinaryDiffEqNonlinearSolve/doSPx/src/nlsolve.jl:144
┌ Warning: Verbosity toggle: newton_convergence 
│  Newton iteration failed with stale Jacobian, retrying with fresh Jacobian
└ @ OrdinaryDiffEqNonlinearSolve ~/.julia/packages/OrdinaryDiffEqNonlinearSolve/doSPx/src/nlsolve.jl:144
┌ Warning: Verbosity toggle: newton_convergence 
│  Newton iteration failed with stale Jacobian, retrying with fresh Jacobian
└ @ OrdinaryDiffEqNonlinearSolve ~/.julia/packages/OrdinaryDiffEqNonlinearSolve/doSPx/src/nlsolve.jl:144
┌ Warning: Verbosity toggle: newton_convergence 
│  Newton iteration diverging: θ = 2.5377568919987707 > 2, ndz = 1.4127980359920889, ndzprev = 0.5567113384447754
└ @ OrdinaryDiffEqNonlinearSolve ~/.julia/packages/OrdinaryDiffEqNonlinearSolve/doSPx/src/nlsolve.jl:101
┌ Warning: Verbosity toggle: newton_convergence 
│  Newton iteration failed with stale Jacobian, retrying with fresh Jacobian
└ @ OrdinaryDiffEqNonlinearSolve ~/.julia/packages/OrdinaryDiffEqNonlinearSolve/doSPx/src/nlsolve.jl:144
┌ Warning: Verbosity toggle: newton_convergence 
│  Newton iteration failed with stale Jacobian, retrying with fresh Jacobian
└ @ OrdinaryDiffEqNonlinearSolve ~/.julia/packages/OrdinaryDiffEqNonlinearSolve/doSPx/src/nlsolve.jl:144
┌ Warning: Verbosity toggle: newton_convergence 
│  Newton iteration failed with stale Jacobian, retrying with fresh Jacobian
└ @ OrdinaryDiffEqNonlinearSolve ~/.julia/packages/OrdinaryDiffEqNonlinearSolve/doSPx/src/nlsolve.jl:144
┌ Warning: Verbosity toggle: newton_convergence 
│  Newton iteration diverging: θ = 2.5377568919987707 > 2, ndz = 1.4127980359920889, ndzprev = 0.5567113384447754
└ @ OrdinaryDiffEqNonlinearSolve ~/.julia/packages/OrdinaryDiffEqNonlinearSolve/doSPx/src/nlsolve.jl:101
┌ Warning: Verbosity toggle: newton_convergence 
│  Newton iteration failed with stale Jacobian, retrying with fresh Jacobian
└ @ OrdinaryDiffEqNonlinearSolve ~/.julia/packages/OrdinaryDiffEqNonlinearSolve/doSPx/src/nlsolve.jl:144
┌ Warning: Verbosity toggle: newton_convergence 
│  Newton iteration failed with stale Jacobian, retrying with fresh Jacobian
└ @ OrdinaryDiffEqNonlinearSolve ~/.julia/packages/OrdinaryDiffEqNonlinearSolve/doSPx/src/nlsolve.jl:144
┌ Warning: Verbosity toggle: newton_convergence 
│  Newton iteration failed with stale Jacobian, retrying with fresh Jacobian
└ @ OrdinaryDiffEqNonlinearSolve ~/.julia/packages/OrdinaryDiffEqNonlinearSolve/doSPx/src/nlsolve.jl:144
┌ Warning: Verbosity toggle: newton_convergence 
│  Newton iteration failed with stale Jacobian, retrying with fresh Jacobian
└ @ OrdinaryDiffEqNonlinearSolve ~/.julia/packages/OrdinaryDiffEqNonlinearSolve/doSPx/src/nlsolve.jl:144
┌ Warning: Verbosity toggle: newton_convergence 
│  Newton iteration failed with stale Jacobian, retrying with fresh Jacobian
└ @ OrdinaryDiffEqNonlinearSolve ~/.julia/packages/OrdinaryDiffEqNonlinearSolve/doSPx/src/nlsolve.jl:144
┌ Warning: Verbosity toggle: newton_convergence 
│  Newton iteration failed with stale Jacobian, retrying with fresh Jacobian
└ @ OrdinaryDiffEqNonlinearSolve ~/.julia/packages/OrdinaryDiffEqNonlinearSolve/doSPx/src/nlsolve.jl:144
┌ Warning: Verbosity toggle: newton_convergence 
│  Newton iteration diverging: θ = Dual{ForwardDiff.Tag{PEtab.var"#302#303"{Bool, PEtab.PEtabODEProblemInfo{ODESolver, ODESolver, PEtab.PEtabODEProblemCache{Vector{Float64}, PreallocationTools.DiffCache{Vector{Float64}, Vector{Float64}}, Vector{Float64}, Matrix{Float64}, Dict{Symbol, PreallocationTools.DiffCache}, Dict{Symbol, PreallocationTools.DiffCache}, Dict{Symbol, PreallocationTools.DiffCache}, Vector{Float64}}}, PEtab.PEtabODEProblemInfo{ODESolver, ODESolver, PEtab.PEtabODEProblemCache{Vector{Float64}, PreallocationTools.DiffCache{Vector{Float64}, Vector{Float64}}, Vector{Float64}, Matrix{Float64}, Dict{Symbol, PreallocationTools.DiffCache}, Dict{Symbol, PreallocationTools.DiffCache}, Dict{Symbol, PreallocationTools.DiffCache}, Vector{Float64}}}, Vector{Float64}, Vector{Float64}, Vector{Float64}, PEtab.ModelInfo}, Float64}}(2.096695427574914,0.0,0.0,0.0,0.0,0.0,0.0,0.0,0.0,0.0) > 2, ndz = 1.428109954294134, ndzprev = 0.6811241802277017
└ @ OrdinaryDiffEqNonlinearSolve ~/.julia/packages/OrdinaryDiffEqNonlinearSolve/doSPx/src/nlsolve.jl:101
┌ Warning: Verbosity toggle: newton_convergence 
│  Newton iteration failed with stale Jacobian, retrying with fresh Jacobian
└ @ OrdinaryDiffEqNonlinearSolve ~/.julia/packages/OrdinaryDiffEqNonlinearSolve/doSPx/src/nlsolve.jl:144
┌ Warning: Verbosity toggle: newton_convergence 
│  Newton iteration diverging: θ = Dual{ForwardDiff.Tag{PEtab.var"#302#303"{Bool, PEtab.PEtabODEProblemInfo{ODESolver, ODESolver, PEtab.PEtabODEProblemCache{Vector{Float64}, PreallocationTools.DiffCache{Vector{Float64}, Vector{Float64}}, Vector{Float64}, Matrix{Float64}, Dict{Symbol, PreallocationTools.DiffCache}, Dict{Symbol, PreallocationTools.DiffCache}, Dict{Symbol, PreallocationTools.DiffCache}, Vector{Float64}}}, PEtab.PEtabODEProblemInfo{ODESolver, ODESolver, PEtab.PEtabODEProblemCache{Vector{Float64}, PreallocationTools.DiffCache{Vector{Float64}, Vector{Float64}}, Vector{Float64}, Matrix{Float64}, Dict{Symbol, PreallocationTools.DiffCache}, Dict{Symbol, PreallocationTools.DiffCache}, Dict{Symbol, PreallocationTools.DiffCache}, Vector{Float64}}}, Vector{Float64}, Vector{Float64}, Vector{Float64}, PEtab.ModelInfo}, Float64}}(2.2257966289632125,0.0,0.0,0.0,0.0,0.0,0.0,0.0,0.0,0.0) > 2, ndz = 0.3686476460689641, ndzprev = 0.16562503567124282
└ @ OrdinaryDiffEqNonlinearSolve ~/.julia/packages/OrdinaryDiffEqNonlinearSolve/doSPx/src/nlsolve.jl:101
┌ Warning: Verbosity toggle: newton_convergence 
│  Newton iteration failed with stale Jacobian, retrying with fresh Jacobian
└ @ OrdinaryDiffEqNonlinearSolve ~/.julia/packages/OrdinaryDiffEqNonlinearSolve/doSPx/src/nlsolve.jl:144
┌ Warning: Verbosity toggle: newton_convergence 
│  Newton iteration failed with stale Jacobian, retrying with fresh Jacobian
└ @ OrdinaryDiffEqNonlinearSolve ~/.julia/packages/OrdinaryDiffEqNonlinearSolve/doSPx/src/nlsolve.jl:144
┌ Warning: Verbosity toggle: newton_convergence 
│  Newton iteration failed with stale Jacobian, retrying with fresh Jacobian
└ @ OrdinaryDiffEqNonlinearSolve ~/.julia/packages/OrdinaryDiffEqNonlinearSolve/doSPx/src/nlsolve.jl:144
┌ Warning: Verbosity toggle: newton_convergence 
│  Newton iteration diverging: θ = Dual{ForwardDiff.Tag{PEtab.var"#302#303"{Bool, PEtab.PEtabODEProblemInfo{ODESolver, ODESolver, PEtab.PEtabODEProblemCache{Vector{Float64}, PreallocationTools.DiffCache{Vector{Float64}, Vector{Float64}}, Vector{Float64}, Matrix{Float64}, Dict{Symbol, PreallocationTools.DiffCache}, Dict{Symbol, PreallocationTools.DiffCache}, Dict{Symbol, PreallocationTools.DiffCache}, Vector{Float64}}}, PEtab.PEtabODEProblemInfo{ODESolver, ODESolver, PEtab.PEtabODEProblemCache{Vector{Float64}, PreallocationTools.DiffCache{Vector{Float64}, Vector{Float64}}, Vector{Float64}, Matrix{Float64}, Dict{Symbol, PreallocationTools.DiffCache}, Dict{Symbol, PreallocationTools.DiffCache}, Dict{Symbol, PreallocationTools.DiffCache}, Vector{Float64}}}, Vector{Float64}, Vector{Float64}, Vector{Float64}, PEtab.ModelInfo}, Float64}}(2.096695427574914,0.0,0.0,0.0,0.0,0.0,0.0,0.0,0.0,0.0) > 2, ndz = 1.428109954294134, ndzprev = 0.6811241802277017
└ @ OrdinaryDiffEqNonlinearSolve ~/.julia/packages/OrdinaryDiffEqNonlinearSolve/doSPx/src/nlsolve.jl:101
┌ Warning: Verbosity toggle: newton_convergence 
│  Newton iteration failed with stale Jacobian, retrying with fresh Jacobian
└ @ OrdinaryDiffEqNonlinearSolve ~/.julia/packages/OrdinaryDiffEqNonlinearSolve/doSPx/src/nlsolve.jl:144
┌ Warning: Verbosity toggle: newton_convergence 
│  Newton iteration diverging: θ = Dual{ForwardDiff.Tag{PEtab.var"#302#303"{Bool, PEtab.PEtabODEProblemInfo{ODESolver, ODESolver, PEtab.PEtabODEProblemCache{Vector{Float64}, PreallocationTools.DiffCache{Vector{Float64}, Vector{Float64}}, Vector{Float64}, Matrix{Float64}, Dict{Symbol, PreallocationTools.DiffCache}, Dict{Symbol, PreallocationTools.DiffCache}, Dict{Symbol, PreallocationTools.DiffCache}, Vector{Float64}}}, PEtab.PEtabODEProblemInfo{ODESolver, ODESolver, PEtab.PEtabODEProblemCache{Vector{Float64}, PreallocationTools.DiffCache{Vector{Float64}, Vector{Float64}}, Vector{Float64}, Matrix{Float64}, Dict{Symbol, PreallocationTools.DiffCache}, Dict{Symbol, PreallocationTools.DiffCache}, Dict{Symbol, PreallocationTools.DiffCache}, Vector{Float64}}}, Vector{Float64}, Vector{Float64}, Vector{Float64}, PEtab.ModelInfo}, Float64}}(2.2257966289632125,0.0,0.0,0.0,0.0,0.0,0.0,0.0,0.0,0.0) > 2, ndz = 0.3686476460689641, ndzprev = 0.16562503567124282
└ @ OrdinaryDiffEqNonlinearSolve ~/.julia/packages/OrdinaryDiffEqNonlinearSolve/doSPx/src/nlsolve.jl:101
┌ Warning: Verbosity toggle: newton_convergence 
│  Newton iteration failed with stale Jacobian, retrying with fresh Jacobian
└ @ OrdinaryDiffEqNonlinearSolve ~/.julia/packages/OrdinaryDiffEqNonlinearSolve/doSPx/src/nlsolve.jl:144
┌ Warning: Verbosity toggle: newton_convergence 
│  Newton iteration failed with stale Jacobian, retrying with fresh Jacobian
└ @ OrdinaryDiffEqNonlinearSolve ~/.julia/packages/OrdinaryDiffEqNonlinearSolve/doSPx/src/nlsolve.jl:144
┌ Warning: Verbosity toggle: newton_convergence 
│  Newton iteration failed with stale Jacobian, retrying with fresh Jacobian
└ @ OrdinaryDiffEqNonlinearSolve ~/.julia/packages/OrdinaryDiffEqNonlinearSolve/doSPx/src/nlsolve.jl:144
┌ Warning: Verbosity toggle: newton_convergence 
│  Newton iteration failed with stale Jacobian, retrying with fresh Jacobian
└ @ OrdinaryDiffEqNonlinearSolve ~/.julia/packages/OrdinaryDiffEqNonlinearSolve/doSPx/src/nlsolve.jl:144
┌ Warning: Verbosity toggle: newton_convergence 
│  Newton iteration failed with stale Jacobian, retrying with fresh Jacobian
└ @ OrdinaryDiffEqNonlinearSolve ~/.julia/packages/OrdinaryDiffEqNonlinearSolve/doSPx/src/nlsolve.jl:144
┌ Warning: Verbosity toggle: newton_convergence 
│  Newton iteration failed with stale Jacobian, retrying with fresh Jacobian
└ @ OrdinaryDiffEqNonlinearSolve ~/.julia/packages/OrdinaryDiffEqNonlinearSolve/doSPx/src/nlsolve.jl:144
┌ Warning: Verbosity toggle: newton_convergence 
│  Newton iteration failed with stale Jacobian, retrying with fresh Jacobian
└ @ OrdinaryDiffEqNonlinearSolve ~/.julia/packages/OrdinaryDiffEqNonlinearSolve/doSPx/src/nlsolve.jl:144
┌ Warning: Verbosity toggle: newton_convergence 
│  Newton iteration failed with stale Jacobian, retrying with fresh Jacobian
└ @ OrdinaryDiffEqNonlinearSolve ~/.julia/packages/OrdinaryDiffEqNonlinearSolve/doSPx/src/nlsolve.jl:144
┌ Warning: Verbosity toggle: newton_convergence 
│  Newton iteration failed with stale Jacobian, retrying with fresh Jacobian
└ @ OrdinaryDiffEqNonlinearSolve ~/.julia/packages/OrdinaryDiffEqNonlinearSolve/doSPx/src/nlsolve.jl:144
┌ Warning: Verbosity toggle: newton_convergence 
│  Newton iteration diverging: θ = Dual{ForwardDiff.Tag{PEtab.var"#302#303"{Bool, PEtab.PEtabODEProblemInfo{ODESolver, ODESolver, PEtab.PEtabODEProblemCache{Vector{Float64}, PreallocationTools.DiffCache{Vector{Float64}, Vector{Float64}}, Vector{Float64}, Matrix{Float64}, Dict{Symbol, PreallocationTools.DiffCache}, Dict{Symbol, PreallocationTools.DiffCache}, Dict{Symbol, PreallocationTools.DiffCache}, Vector{Float64}}}, PEtab.PEtabODEProblemInfo{ODESolver, ODESolver, PEtab.PEtabODEProblemCache{Vector{Float64}, PreallocationTools.DiffCache{Vector{Float64}, Vector{Float64}}, Vector{Float64}, Matrix{Float64}, Dict{Symbol, PreallocationTools.DiffCache}, Dict{Symbol, PreallocationTools.DiffCache}, Dict{Symbol, PreallocationTools.DiffCache}, Vector{Float64}}}, Vector{Float64}, Vector{Float64}, Vector{Float64}, PEtab.ModelInfo}, Float64}}(2.2969586314434447,0.0,0.0,0.0,0.0,0.0,0.0,0.0,0.0,0.0) > 2, ndz = 0.6140090805409043, ndzprev = 0.267313948164165
└ @ OrdinaryDiffEqNonlinearSolve ~/.julia/packages/OrdinaryDiffEqNonlinearSolve/doSPx/src/nlsolve.jl:101
┌ Warning: Verbosity toggle: newton_convergence 
│  Newton iteration failed with stale Jacobian, retrying with fresh Jacobian
└ @ OrdinaryDiffEqNonlinearSolve ~/.julia/packages/OrdinaryDiffEqNonlinearSolve/doSPx/src/nlsolve.jl:144
┌ Warning: Verbosity toggle: newton_convergence 
│  Newton iteration diverging: θ = Dual{ForwardDiff.Tag{PEtab.var"#302#303"{Bool, PEtab.PEtabODEProblemInfo{ODESolver, ODESolver, PEtab.PEtabODEProblemCache{Vector{Float64}, PreallocationTools.DiffCache{Vector{Float64}, Vector{Float64}}, Vector{Float64}, Matrix{Float64}, Dict{Symbol, PreallocationTools.DiffCache}, Dict{Symbol, PreallocationTools.DiffCache}, Dict{Symbol, PreallocationTools.DiffCache}, Vector{Float64}}}, PEtab.PEtabODEProblemInfo{ODESolver, ODESolver, PEtab.PEtabODEProblemCache{Vector{Float64}, PreallocationTools.DiffCache{Vector{Float64}, Vector{Float64}}, Vector{Float64}, Matrix{Float64}, Dict{Symbol, PreallocationTools.DiffCache}, Dict{Symbol, PreallocationTools.DiffCache}, Dict{Symbol, PreallocationTools.DiffCache}, Vector{Float64}}}, Vector{Float64}, Vector{Float64}, Vector{Float64}, PEtab.ModelInfo}, Float64}}(2.670474202166728,0.0,0.0,0.0,0.0,0.0,0.0,0.0,0.0,0.0) > 2, ndz = 0.39397714744625634, ndzprev = 0.14753078203361683
└ @ OrdinaryDiffEqNonlinearSolve ~/.julia/packages/OrdinaryDiffEqNonlinearSolve/doSPx/src/nlsolve.jl:101
┌ Warning: Verbosity toggle: newton_convergence 
│  Newton iteration failed with stale Jacobian, retrying with fresh Jacobian
└ @ OrdinaryDiffEqNonlinearSolve ~/.julia/packages/OrdinaryDiffEqNonlinearSolve/doSPx/src/nlsolve.jl:144
┌ Warning: Verbosity toggle: newton_convergence 
│  Newton iteration failed with stale Jacobian, retrying with fresh Jacobian
└ @ OrdinaryDiffEqNonlinearSolve ~/.julia/packages/OrdinaryDiffEqNonlinearSolve/doSPx/src/nlsolve.jl:144
┌ Warning: Verbosity toggle: newton_convergence 
│  Newton iteration failed with stale Jacobian, retrying with fresh Jacobian
└ @ OrdinaryDiffEqNonlinearSolve ~/.julia/packages/OrdinaryDiffEqNonlinearSolve/doSPx/src/nlsolve.jl:144
┌ Warning: Verbosity toggle: newton_convergence 
│  Newton iteration failed with stale Jacobian, retrying with fresh Jacobian
└ @ OrdinaryDiffEqNonlinearSolve ~/.julia/packages/OrdinaryDiffEqNonlinearSolve/doSPx/src/nlsolve.jl:144
┌ Warning: Verbosity toggle: newton_convergence 
│  Newton iteration diverging: θ = Dual{ForwardDiff.Tag{PEtab.var"#302#303"{Bool, PEtab.PEtabODEProblemInfo{ODESolver, ODESolver, PEtab.PEtabODEProblemCache{Vector{Float64}, PreallocationTools.DiffCache{Vector{Float64}, Vector{Float64}}, Vector{Float64}, Matrix{Float64}, Dict{Symbol, PreallocationTools.DiffCache}, Dict{Symbol, PreallocationTools.DiffCache}, Dict{Symbol, PreallocationTools.DiffCache}, Vector{Float64}}}, PEtab.PEtabODEProblemInfo{ODESolver, ODESolver, PEtab.PEtabODEProblemCache{Vector{Float64}, PreallocationTools.DiffCache{Vector{Float64}, Vector{Float64}}, Vector{Float64}, Matrix{Float64}, Dict{Symbol, PreallocationTools.DiffCache}, Dict{Symbol, PreallocationTools.DiffCache}, Dict{Symbol, PreallocationTools.DiffCache}, Vector{Float64}}}, Vector{Float64}, Vector{Float64}, Vector{Float64}, PEtab.ModelInfo}, Float64}}(2.2969586314434447,0.0,0.0,0.0,0.0,0.0,0.0,0.0,0.0,0.0) > 2, ndz = 0.6140090805409043, ndzprev = 0.267313948164165
└ @ OrdinaryDiffEqNonlinearSolve ~/.julia/packages/OrdinaryDiffEqNonlinearSolve/doSPx/src/nlsolve.jl:101
┌ Warning: Verbosity toggle: newton_convergence 
│  Newton iteration failed with stale Jacobian, retrying with fresh Jacobian
└ @ OrdinaryDiffEqNonlinearSolve ~/.julia/packages/OrdinaryDiffEqNonlinearSolve/doSPx/src/nlsolve.jl:144
┌ Warning: Verbosity toggle: newton_convergence 
│  Newton iteration diverging: θ = Dual{ForwardDiff.Tag{PEtab.var"#302#303"{Bool, PEtab.PEtabODEProblemInfo{ODESolver, ODESolver, PEtab.PEtabODEProblemCache{Vector{Float64}, PreallocationTools.DiffCache{Vector{Float64}, Vector{Float64}}, Vector{Float64}, Matrix{Float64}, Dict{Symbol, PreallocationTools.DiffCache}, Dict{Symbol, PreallocationTools.DiffCache}, Dict{Symbol, PreallocationTools.DiffCache}, Vector{Float64}}}, PEtab.PEtabODEProblemInfo{ODESolver, ODESolver, PEtab.PEtabODEProblemCache{Vector{Float64}, PreallocationTools.DiffCache{Vector{Float64}, Vector{Float64}}, Vector{Float64}, Matrix{Float64}, Dict{Symbol, PreallocationTools.DiffCache}, Dict{Symbol, PreallocationTools.DiffCache}, Dict{Symbol, PreallocationTools.DiffCache}, Vector{Float64}}}, Vector{Float64}, Vector{Float64}, Vector{Float64}, PEtab.ModelInfo}, Float64}}(2.670474202166728,0.0,0.0,0.0,0.0,0.0,0.0,0.0,0.0,0.0) > 2, ndz = 0.39397714744625634, ndzprev = 0.14753078203361683
└ @ OrdinaryDiffEqNonlinearSolve ~/.julia/packages/OrdinaryDiffEqNonlinearSolve/doSPx/src/nlsolve.jl:101
┌ Warning: Verbosity toggle: newton_convergence 
│  Newton iteration failed with stale Jacobian, retrying with fresh Jacobian
└ @ OrdinaryDiffEqNonlinearSolve ~/.julia/packages/OrdinaryDiffEqNonlinearSolve/doSPx/src/nlsolve.jl:144
┌ Warning: Verbosity toggle: newton_convergence 
│  Newton iteration failed with stale Jacobian, retrying with fresh Jacobian
└ @ OrdinaryDiffEqNonlinearSolve ~/.julia/packages/OrdinaryDiffEqNonlinearSolve/doSPx/src/nlsolve.jl:144
┌ Warning: Verbosity toggle: newton_convergence 
│  Newton iteration failed with stale Jacobian, retrying with fresh Jacobian
└ @ OrdinaryDiffEqNonlinearSolve ~/.julia/packages/OrdinaryDiffEqNonlinearSolve/doSPx/src/nlsolve.jl:144
┌ Warning: Verbosity toggle: newton_convergence 
│  Newton iteration failed with stale Jacobian, retrying with fresh Jacobian
└ @ OrdinaryDiffEqNonlinearSolve ~/.julia/packages/OrdinaryDiffEqNonlinearSolve/doSPx/src/nlsolve.jl:144
┌ Warning: Verbosity toggle: newton_convergence 
│  Newton iteration failed with stale Jacobian, retrying with fresh Jacobian
└ @ OrdinaryDiffEqNonlinearSolve ~/.julia/packages/OrdinaryDiffEqNonlinearSolve/doSPx/src/nlsolve.jl:144
┌ Warning: Verbosity toggle: newton_convergence 
│  Newton iteration failed with stale Jacobian, retrying with fresh Jacobian
└ @ OrdinaryDiffEqNonlinearSolve ~/.julia/packages/OrdinaryDiffEqNonlinearSolve/doSPx/src/nlsolve.jl:144
┌ Warning: Verbosity toggle: newton_convergence 
│  Newton iteration diverging: θ = Dual{ForwardDiff.Tag{PEtab.var"#302#303"{Bool, PEtab.PEtabODEProblemInfo{ODESolver, ODESolver, PEtab.PEtabODEProblemCache{Vector{Float64}, PreallocationTools.DiffCache{Vector{Float64}, Vector{Float64}}, Vector{Float64}, Matrix{Float64}, Dict{Symbol, PreallocationTools.DiffCache}, Dict{Symbol, PreallocationTools.DiffCache}, Dict{Symbol, PreallocationTools.DiffCache}, Vector{Float64}}}, PEtab.PEtabODEProblemInfo{ODESolver, ODESolver, PEtab.PEtabODEProblemCache{Vector{Float64}, PreallocationTools.DiffCache{Vector{Float64}, Vector{Float64}}, Vector{Float64}, Matrix{Float64}, Dict{Symbol, PreallocationTools.DiffCache}, Dict{Symbol, PreallocationTools.DiffCache}, Dict{Symbol, PreallocationTools.DiffCache}, Vector{Float64}}}, Vector{Float64}, Vector{Float64}, Vector{Float64}, PEtab.ModelInfo}, Float64}}(2.0478192332330742,0.0,0.0,0.0,0.0,0.0,0.0,0.0,0.0,0.0) > 2, ndz = 0.9824188882188111, ndzprev = 0.4797390669428273
└ @ OrdinaryDiffEqNonlinearSolve ~/.julia/packages/OrdinaryDiffEqNonlinearSolve/doSPx/src/nlsolve.jl:101
┌ Warning: Verbosity toggle: newton_convergence 
│  Newton iteration failed with stale Jacobian, retrying with fresh Jacobian
└ @ OrdinaryDiffEqNonlinearSolve ~/.julia/packages/OrdinaryDiffEqNonlinearSolve/doSPx/src/nlsolve.jl:144
┌ Warning: Verbosity toggle: newton_convergence 
│  Newton iteration failed with stale Jacobian, retrying with fresh Jacobian
└ @ OrdinaryDiffEqNonlinearSolve ~/.julia/packages/OrdinaryDiffEqNonlinearSolve/doSPx/src/nlsolve.jl:144
┌ Warning: Verbosity toggle: newton_convergence 
│  Newton iteration failed with stale Jacobian, retrying with fresh Jacobian
└ @ OrdinaryDiffEqNonlinearSolve ~/.julia/packages/OrdinaryDiffEqNonlinearSolve/doSPx/src/nlsolve.jl:144
┌ Warning: Verbosity toggle: newton_convergence 
│  Newton iteration failed with stale Jacobian, retrying with fresh Jacobian
└ @ OrdinaryDiffEqNonlinearSolve ~/.julia/packages/OrdinaryDiffEqNonlinearSolve/doSPx/src/nlsolve.jl:144
┌ Warning: Verbosity toggle: newton_convergence 
│  Newton iteration failed with stale Jacobian, retrying with fresh Jacobian
└ @ OrdinaryDiffEqNonlinearSolve ~/.julia/packages/OrdinaryDiffEqNonlinearSolve/doSPx/src/nlsolve.jl:144
┌ Warning: Verbosity toggle: newton_convergence 
│  Newton iteration diverging: θ = Dual{ForwardDiff.Tag{PEtab.var"#302#303"{Bool, PEtab.PEtabODEProblemInfo{ODESolver, ODESolver, PEtab.PEtabODEProblemCache{Vector{Float64}, PreallocationTools.DiffCache{Vector{Float64}, Vector{Float64}}, Vector{Float64}, Matrix{Float64}, Dict{Symbol, PreallocationTools.DiffCache}, Dict{Symbol, PreallocationTools.DiffCache}, Dict{Symbol, PreallocationTools.DiffCache}, Vector{Float64}}}, PEtab.PEtabODEProblemInfo{ODESolver, ODESolver, PEtab.PEtabODEProblemCache{Vector{Float64}, PreallocationTools.DiffCache{Vector{Float64}, Vector{Float64}}, Vector{Float64}, Matrix{Float64}, Dict{Symbol, PreallocationTools.DiffCache}, Dict{Symbol, PreallocationTools.DiffCache}, Dict{Symbol, PreallocationTools.DiffCache}, Vector{Float64}}}, Vector{Float64}, Vector{Float64}, Vector{Float64}, PEtab.ModelInfo}, Float64}}(2.0478192332330742,0.0,0.0,0.0,0.0,0.0,0.0,0.0,0.0,0.0) > 2, ndz = 0.9824188882188111, ndzprev = 0.4797390669428273
└ @ OrdinaryDiffEqNonlinearSolve ~/.julia/packages/OrdinaryDiffEqNonlinearSolve/doSPx/src/nlsolve.jl:101
┌ Warning: Verbosity toggle: newton_convergence 
│  Newton iteration failed with stale Jacobian, retrying with fresh Jacobian
└ @ OrdinaryDiffEqNonlinearSolve ~/.julia/packages/OrdinaryDiffEqNonlinearSolve/doSPx/src/nlsolve.jl:144
┌ Warning: Verbosity toggle: newton_convergence 
│  Newton iteration failed with stale Jacobian, retrying with fresh Jacobian
└ @ OrdinaryDiffEqNonlinearSolve ~/.julia/packages/OrdinaryDiffEqNonlinearSolve/doSPx/src/nlsolve.jl:144
┌ Warning: Verbosity toggle: newton_convergence 
│  Newton iteration failed with stale Jacobian, retrying with fresh Jacobian
└ @ OrdinaryDiffEqNonlinearSolve ~/.julia/packages/OrdinaryDiffEqNonlinearSolve/doSPx/src/nlsolve.jl:144
┌ Warning: Verbosity toggle: newton_convergence 
│  Newton iteration failed with stale Jacobian, retrying with fresh Jacobian
└ @ OrdinaryDiffEqNonlinearSolve ~/.julia/packages/OrdinaryDiffEqNonlinearSolve/doSPx/src/nlsolve.jl:144
┌ Warning: Verbosity toggle: newton_convergence 
│  Newton iteration failed with stale Jacobian, retrying with fresh Jacobian
└ @ OrdinaryDiffEqNonlinearSolve ~/.julia/packages/OrdinaryDiffEqNonlinearSolve/doSPx/src/nlsolve.jl:144
┌ Warning: Verbosity toggle: newton_convergence 
│  Newton iteration failed with stale Jacobian, retrying with fresh Jacobian
└ @ OrdinaryDiffEqNonlinearSolve ~/.julia/packages/OrdinaryDiffEqNonlinearSolve/doSPx/src/nlsolve.jl:144
┌ Warning: Verbosity toggle: newton_convergence 
│  Newton iteration diverging: θ = Dual{ForwardDiff.Tag{PEtab.var"#_get_hess_gaussnewton##0#_get_hess_gaussnewton##1"{PEtab.PEtabODEProblemInfo{ODESolver, ODESolver, PEtab.PEtabODEProblemCache{Vector{Float64}, PreallocationTools.DiffCache{Vector{Float64}, Vector{Float64}}, Vector{Float64}, Matrix{Float64}, Dict{Symbol, PreallocationTools.DiffCache}, Dict{Symbol, PreallocationTools.DiffCache}, Dict{Symbol, PreallocationTools.DiffCache}, Vector{Float64}}}, PEtab.ModelInfo}, Float64}}(2.291041522393249,0.0,0.0,0.0,0.0,0.0,0.0,0.0,0.0,0.0) > 2, ndz = 1.4324172859629158, ndzprev = 0.6252253710646832
└ @ OrdinaryDiffEqNonlinearSolve ~/.julia/packages/OrdinaryDiffEqNonlinearSolve/doSPx/src/nlsolve.jl:101
┌ Warning: Verbosity toggle: newton_convergence 
│  Newton iteration failed with stale Jacobian, retrying with fresh Jacobian
└ @ OrdinaryDiffEqNonlinearSolve ~/.julia/packages/OrdinaryDiffEqNonlinearSolve/doSPx/src/nlsolve.jl:144
┌ Warning: Verbosity toggle: newton_convergence 
│  Newton iteration diverging: θ = Dual{ForwardDiff.Tag{PEtab.var"#_get_hess_gaussnewton##0#_get_hess_gaussnewton##1"{PEtab.PEtabODEProblemInfo{ODESolver, ODESolver, PEtab.PEtabODEProblemCache{Vector{Float64}, PreallocationTools.DiffCache{Vector{Float64}, Vector{Float64}}, Vector{Float64}, Matrix{Float64}, Dict{Symbol, PreallocationTools.DiffCache}, Dict{Symbol, PreallocationTools.DiffCache}, Dict{Symbol, PreallocationTools.DiffCache}, Vector{Float64}}}, PEtab.ModelInfo}, Float64}}(2.24978938358151,0.0,0.0,0.0,0.0,0.0,0.0,0.0,0.0,0.0) > 2, ndz = 0.3104801440180143, ndzprev = 0.13800409330928182
└ @ OrdinaryDiffEqNonlinearSolve ~/.julia/packages/OrdinaryDiffEqNonlinearSolve/doSPx/src/nlsolve.jl:101
┌ Warning: Verbosity toggle: newton_convergence 
│  Newton iteration failed with stale Jacobian, retrying with fresh Jacobian
└ @ OrdinaryDiffEqNonlinearSolve ~/.julia/packages/OrdinaryDiffEqNonlinearSolve/doSPx/src/nlsolve.jl:144
┌ Warning: Verbosity toggle: newton_convergence 
│  Newton iteration failed with stale Jacobian, retrying with fresh Jacobian
└ @ OrdinaryDiffEqNonlinearSolve ~/.julia/packages/OrdinaryDiffEqNonlinearSolve/doSPx/src/nlsolve.jl:144
┌ Warning: Verbosity toggle: newton_convergence 
│  Newton iteration failed with stale Jacobian, retrying with fresh Jacobian
└ @ OrdinaryDiffEqNonlinearSolve ~/.julia/packages/OrdinaryDiffEqNonlinearSolve/doSPx/src/nlsolve.jl:144
┌ Warning: Verbosity toggle: newton_convergence 
│  Newton iteration diverging: θ = Dual{ForwardDiff.Tag{PEtab.var"#_get_hess_gaussnewton##0#_get_hess_gaussnewton##1"{PEtab.PEtabODEProblemInfo{ODESolver, ODESolver, PEtab.PEtabODEProblemCache{Vector{Float64}, PreallocationTools.DiffCache{Vector{Float64}, Vector{Float64}}, Vector{Float64}, Matrix{Float64}, Dict{Symbol, PreallocationTools.DiffCache}, Dict{Symbol, PreallocationTools.DiffCache}, Dict{Symbol, PreallocationTools.DiffCache}, Vector{Float64}}}, PEtab.ModelInfo}, Float64}}(2.291041522393249,0.0,0.0,0.0,0.0,0.0,0.0,0.0,0.0,0.0) > 2, ndz = 1.4324172859629158, ndzprev = 0.6252253710646832
└ @ OrdinaryDiffEqNonlinearSolve ~/.julia/packages/OrdinaryDiffEqNonlinearSolve/doSPx/src/nlsolve.jl:101
┌ Warning: Verbosity toggle: newton_convergence 
│  Newton iteration failed with stale Jacobian, retrying with fresh Jacobian
└ @ OrdinaryDiffEqNonlinearSolve ~/.julia/packages/OrdinaryDiffEqNonlinearSolve/doSPx/src/nlsolve.jl:144
┌ Warning: Verbosity toggle: newton_convergence 
│  Newton iteration diverging: θ = Dual{ForwardDiff.Tag{PEtab.var"#_get_hess_gaussnewton##0#_get_hess_gaussnewton##1"{PEtab.PEtabODEProblemInfo{ODESolver, ODESolver, PEtab.PEtabODEProblemCache{Vector{Float64}, PreallocationTools.DiffCache{Vector{Float64}, Vector{Float64}}, Vector{Float64}, Matrix{Float64}, Dict{Symbol, PreallocationTools.DiffCache}, Dict{Symbol, PreallocationTools.DiffCache}, Dict{Symbol, PreallocationTools.DiffCache}, Vector{Float64}}}, PEtab.ModelInfo}, Float64}}(2.24978938358151,0.0,0.0,0.0,0.0,0.0,0.0,0.0,0.0,0.0) > 2, ndz = 0.3104801440180143, ndzprev = 0.13800409330928182
└ @ OrdinaryDiffEqNonlinearSolve ~/.julia/packages/OrdinaryDiffEqNonlinearSolve/doSPx/src/nlsolve.jl:101
┌ Warning: Verbosity toggle: newton_convergence 
│  Newton iteration failed with stale Jacobian, retrying with fresh Jacobian
└ @ OrdinaryDiffEqNonlinearSolve ~/.julia/packages/OrdinaryDiffEqNonlinearSolve/doSPx/src/nlsolve.jl:144
┌ Warning: Verbosity toggle: newton_convergence 
│  Newton iteration failed with stale Jacobian, retrying with fresh Jacobian
└ @ OrdinaryDiffEqNonlinearSolve ~/.julia/packages/OrdinaryDiffEqNonlinearSolve/doSPx/src/nlsolve.jl:144
┌ Warning: Verbosity toggle: newton_convergence 
│  Newton iteration failed with stale Jacobian, retrying with fresh Jacobian
└ @ OrdinaryDiffEqNonlinearSolve ~/.julia/packages/OrdinaryDiffEqNonlinearSolve/doSPx/src/nlsolve.jl:144
┌ Warning: Verbosity toggle: newton_convergence 
│  Newton iteration failed with stale Jacobian, retrying with fresh Jacobian
└ @ OrdinaryDiffEqNonlinearSolve ~/.julia/packages/OrdinaryDiffEqNonlinearSolve/doSPx/src/nlsolve.jl:144
┌ Warning: Verbosity toggle: newton_convergence 
│  Newton iteration failed with stale Jacobian, retrying with fresh Jacobian
└ @ OrdinaryDiffEqNonlinearSolve ~/.julia/packages/OrdinaryDiffEqNonlinearSolve/doSPx/src/nlsolve.jl:144
┌ Warning: Verbosity toggle: newton_convergence 
│  Newton iteration failed with stale Jacobian, retrying with fresh Jacobian
└ @ OrdinaryDiffEqNonlinearSolve ~/.julia/packages/OrdinaryDiffEqNonlinearSolve/doSPx/src/nlsolve.jl:144
┌ Warning: Verbosity toggle: newton_convergence 
│  Newton iteration failed with stale Jacobian, retrying with fresh Jacobian
└ @ OrdinaryDiffEqNonlinearSolve ~/.julia/packages/OrdinaryDiffEqNonlinearSolve/doSPx/src/nlsolve.jl:144
┌ Warning: Verbosity toggle: newton_convergence 
│  Newton iteration failed with stale Jacobian, retrying with fresh Jacobian
└ @ OrdinaryDiffEqNonlinearSolve ~/.julia/packages/OrdinaryDiffEqNonlinearSolve/doSPx/src/nlsolve.jl:144
┌ Warning: Verbosity toggle: newton_convergence 
│  Newton iteration failed with stale Jacobian, retrying with fresh Jacobian
└ @ OrdinaryDiffEqNonlinearSolve ~/.julia/packages/OrdinaryDiffEqNonlinearSolve/doSPx/src/nlsolve.jl:144
┌ Warning: Verbosity toggle: newton_convergence 
│  Newton iteration diverging: θ = Dual{ForwardDiff.Tag{PEtab.var"#_get_hess_gaussnewton##0#_get_hess_gaussnewton##1"{PEtab.PEtabODEProblemInfo{ODESolver, ODESolver, PEtab.PEtabODEProblemCache{Vector{Float64}, PreallocationTools.DiffCache{Vector{Float64}, Vector{Float64}}, Vector{Float64}, Matrix{Float64}, Dict{Symbol, PreallocationTools.DiffCache}, Dict{Symbol, PreallocationTools.DiffCache}, Dict{Symbol, PreallocationTools.DiffCache}, Vector{Float64}}}, PEtab.ModelInfo}, Float64}}(2.149312839273448,0.0,0.0,0.0,0.0,0.0,0.0,0.0,0.0,0.0) > 2, ndz = 1.4924896404830177, ndzprev = 0.6944031660777393
└ @ OrdinaryDiffEqNonlinearSolve ~/.julia/packages/OrdinaryDiffEqNonlinearSolve/doSPx/src/nlsolve.jl:101
┌ Warning: Verbosity toggle: newton_convergence 
│  Newton iteration failed with stale Jacobian, retrying with fresh Jacobian
└ @ OrdinaryDiffEqNonlinearSolve ~/.julia/packages/OrdinaryDiffEqNonlinearSolve/doSPx/src/nlsolve.jl:144
┌ Warning: Verbosity toggle: newton_convergence 
│  Newton iteration failed with stale Jacobian, retrying with fresh Jacobian
└ @ OrdinaryDiffEqNonlinearSolve ~/.julia/packages/OrdinaryDiffEqNonlinearSolve/doSPx/src/nlsolve.jl:144
┌ Warning: Verbosity toggle: newton_convergence 
│  Newton iteration diverging: θ = Dual{ForwardDiff.Tag{PEtab.var"#_get_hess_gaussnewton##0#_get_hess_gaussnewton##1"{PEtab.PEtabODEProblemInfo{ODESolver, ODESolver, PEtab.PEtabODEProblemCache{Vector{Float64}, PreallocationTools.DiffCache{Vector{Float64}, Vector{Float64}}, Vector{Float64}, Matrix{Float64}, Dict{Symbol, PreallocationTools.DiffCache}, Dict{Symbol, PreallocationTools.DiffCache}, Dict{Symbol, PreallocationTools.DiffCache}, Vector{Float64}}}, PEtab.ModelInfo}, Float64}}(3.790231694033788,0.0,0.0,0.0,0.0,0.0,0.0,0.0,0.0,0.0) > 2, ndz = 0.8184836233668954, ndzprev = 0.2159455382781143
└ @ OrdinaryDiffEqNonlinearSolve ~/.julia/packages/OrdinaryDiffEqNonlinearSolve/doSPx/src/nlsolve.jl:101
┌ Warning: Verbosity toggle: newton_convergence 
│  Newton iteration failed with stale Jacobian, retrying with fresh Jacobian
└ @ OrdinaryDiffEqNonlinearSolve ~/.julia/packages/OrdinaryDiffEqNonlinearSolve/doSPx/src/nlsolve.jl:144
┌ Warning: Verbosity toggle: newton_convergence 
│  Newton iteration diverging: θ = Dual{ForwardDiff.Tag{PEtab.var"#_get_hess_gaussnewton##0#_get_hess_gaussnewton##1"{PEtab.PEtabODEProblemInfo{ODESolver, ODESolver, PEtab.PEtabODEProblemCache{Vector{Float64}, PreallocationTools.DiffCache{Vector{Float64}, Vector{Float64}}, Vector{Float64}, Matrix{Float64}, Dict{Symbol, PreallocationTools.DiffCache}, Dict{Symbol, PreallocationTools.DiffCache}, Dict{Symbol, PreallocationTools.DiffCache}, Vector{Float64}}}, PEtab.ModelInfo}, Float64}}(3.8594015354965143,0.0,0.0,0.0,0.0,0.0,0.0,0.0,0.0,0.0) > 2, ndz = 0.21442366702787732, ndzprev = 0.05555878678487689
└ @ OrdinaryDiffEqNonlinearSolve ~/.julia/packages/OrdinaryDiffEqNonlinearSolve/doSPx/src/nlsolve.jl:101
┌ Warning: Verbosity toggle: newton_convergence 
│  Newton iteration failed with stale Jacobian, retrying with fresh Jacobian
└ @ OrdinaryDiffEqNonlinearSolve ~/.julia/packages/OrdinaryDiffEqNonlinearSolve/doSPx/src/nlsolve.jl:144
┌ Warning: Verbosity toggle: newton_convergence 
│  Newton iteration failed with stale Jacobian, retrying with fresh Jacobian
└ @ OrdinaryDiffEqNonlinearSolve ~/.julia/packages/OrdinaryDiffEqNonlinearSolve/doSPx/src/nlsolve.jl:144
┌ Warning: Verbosity toggle: newton_convergence 
│  Newton iteration failed with stale Jacobian, retrying with fresh Jacobian
└ @ OrdinaryDiffEqNonlinearSolve ~/.julia/packages/OrdinaryDiffEqNonlinearSolve/doSPx/src/nlsolve.jl:144
┌ Warning: Verbosity toggle: newton_convergence 
│  Newton iteration failed with stale Jacobian, retrying with fresh Jacobian
└ @ OrdinaryDiffEqNonlinearSolve ~/.julia/packages/OrdinaryDiffEqNonlinearSolve/doSPx/src/nlsolve.jl:144
┌ Warning: Verbosity toggle: newton_convergence 
│  Newton iteration diverging: θ = Dual{ForwardDiff.Tag{PEtab.var"#_get_hess_gaussnewton##0#_get_hess_gaussnewton##1"{PEtab.PEtabODEProblemInfo{ODESolver, ODESolver, PEtab.PEtabODEProblemCache{Vector{Float64}, PreallocationTools.DiffCache{Vector{Float64}, Vector{Float64}}, Vector{Float64}, Matrix{Float64}, Dict{Symbol, PreallocationTools.DiffCache}, Dict{Symbol, PreallocationTools.DiffCache}, Dict{Symbol, PreallocationTools.DiffCache}, Vector{Float64}}}, PEtab.ModelInfo}, Float64}}(2.149312839273448,0.0,0.0,0.0,0.0,0.0,0.0,0.0,0.0,0.0) > 2, ndz = 1.4924896404830177, ndzprev = 0.6944031660777393
└ @ OrdinaryDiffEqNonlinearSolve ~/.julia/packages/OrdinaryDiffEqNonlinearSolve/doSPx/src/nlsolve.jl:101
┌ Warning: Verbosity toggle: newton_convergence 
│  Newton iteration failed with stale Jacobian, retrying with fresh Jacobian
└ @ OrdinaryDiffEqNonlinearSolve ~/.julia/packages/OrdinaryDiffEqNonlinearSolve/doSPx/src/nlsolve.jl:144
┌ Warning: Verbosity toggle: newton_convergence 
│  Newton iteration failed with stale Jacobian, retrying with fresh Jacobian
└ @ OrdinaryDiffEqNonlinearSolve ~/.julia/packages/OrdinaryDiffEqNonlinearSolve/doSPx/src/nlsolve.jl:144
┌ Warning: Verbosity toggle: newton_convergence 
│  Newton iteration diverging: θ = Dual{ForwardDiff.Tag{PEtab.var"#_get_hess_gaussnewton##0#_get_hess_gaussnewton##1"{PEtab.PEtabODEProblemInfo{ODESolver, ODESolver, PEtab.PEtabODEProblemCache{Vector{Float64}, PreallocationTools.DiffCache{Vector{Float64}, Vector{Float64}}, Vector{Float64}, Matrix{Float64}, Dict{Symbol, PreallocationTools.DiffCache}, Dict{Symbol, PreallocationTools.DiffCache}, Dict{Symbol, PreallocationTools.DiffCache}, Vector{Float64}}}, PEtab.ModelInfo}, Float64}}(3.3295618128717495,0.0,0.0,0.0,0.0,0.0,0.0,0.0,0.0,0.0) > 2, ndz = 0.5286870288711171, ndzprev = 0.15878576779300702
└ @ OrdinaryDiffEqNonlinearSolve ~/.julia/packages/OrdinaryDiffEqNonlinearSolve/doSPx/src/nlsolve.jl:101
┌ Warning: Verbosity toggle: newton_convergence 
│  Newton iteration failed with stale Jacobian, retrying with fresh Jacobian
└ @ OrdinaryDiffEqNonlinearSolve ~/.julia/packages/OrdinaryDiffEqNonlinearSolve/doSPx/src/nlsolve.jl:144
┌ Warning: Verbosity toggle: newton_convergence 
│  Newton iteration diverging: θ = Dual{ForwardDiff.Tag{PEtab.var"#_get_hess_gaussnewton##0#_get_hess_gaussnewton##1"{PEtab.PEtabODEProblemInfo{ODESolver, ODESolver, PEtab.PEtabODEProblemCache{Vector{Float64}, PreallocationTools.DiffCache{Vector{Float64}, Vector{Float64}}, Vector{Float64}, Matrix{Float64}, Dict{Symbol, PreallocationTools.DiffCache}, Dict{Symbol, PreallocationTools.DiffCache}, Dict{Symbol, PreallocationTools.DiffCache}, Vector{Float64}}}, PEtab.ModelInfo}, Float64}}(3.790231694033788,0.0,0.0,0.0,0.0,0.0,0.0,0.0,0.0,0.0) > 2, ndz = 0.8184836233668954, ndzprev = 0.2159455382781143
└ @ OrdinaryDiffEqNonlinearSolve ~/.julia/packages/OrdinaryDiffEqNonlinearSolve/doSPx/src/nlsolve.jl:101
┌ Warning: Verbosity toggle: newton_convergence 
│  Newton iteration failed with stale Jacobian, retrying with fresh Jacobian
└ @ OrdinaryDiffEqNonlinearSolve ~/.julia/packages/OrdinaryDiffEqNonlinearSolve/doSPx/src/nlsolve.jl:144
┌ Warning: Verbosity toggle: newton_convergence 
│  Newton iteration diverging: θ = Dual{ForwardDiff.Tag{PEtab.var"#_get_hess_gaussnewton##0#_get_hess_gaussnewton##1"{PEtab.PEtabODEProblemInfo{ODESolver, ODESolver, PEtab.PEtabODEProblemCache{Vector{Float64}, PreallocationTools.DiffCache{Vector{Float64}, Vector{Float64}}, Vector{Float64}, Matrix{Float64}, Dict{Symbol, PreallocationTools.DiffCache}, Dict{Symbol, PreallocationTools.DiffCache}, Dict{Symbol, PreallocationTools.DiffCache}, Vector{Float64}}}, PEtab.ModelInfo}, Float64}}(3.790231694033788,0.0,0.0,0.0,0.0,0.0,0.0,0.0,0.0,0.0) > 2, ndz = 0.8184836233668954, ndzprev = 0.2159455382781143
└ @ OrdinaryDiffEqNonlinearSolve ~/.julia/packages/OrdinaryDiffEqNonlinearSolve/doSPx/src/nlsolve.jl:101
┌ Warning: Verbosity toggle: newton_convergence 
│  Newton iteration failed with stale Jacobian, retrying with fresh Jacobian
└ @ OrdinaryDiffEqNonlinearSolve ~/.julia/packages/OrdinaryDiffEqNonlinearSolve/doSPx/src/nlsolve.jl:144
┌ Warning: Verbosity toggle: newton_convergence 
│  Newton iteration diverging: θ = Dual{ForwardDiff.Tag{PEtab.var"#_get_hess_gaussnewton##0#_get_hess_gaussnewton##1"{PEtab.PEtabODEProblemInfo{ODESolver, ODESolver, PEtab.PEtabODEProblemCache{Vector{Float64}, PreallocationTools.DiffCache{Vector{Float64}, Vector{Float64}}, Vector{Float64}, Matrix{Float64}, Dict{Symbol, PreallocationTools.DiffCache}, Dict{Symbol, PreallocationTools.DiffCache}, Dict{Symbol, PreallocationTools.DiffCache}, Vector{Float64}}}, PEtab.ModelInfo}, Float64}}(3.8594015354965143,0.0,0.0,0.0,0.0,0.0,0.0,0.0,0.0,0.0) > 2, ndz = 0.21442366702787732, ndzprev = 0.05555878678487689
└ @ OrdinaryDiffEqNonlinearSolve ~/.julia/packages/OrdinaryDiffEqNonlinearSolve/doSPx/src/nlsolve.jl:101
┌ Warning: Verbosity toggle: newton_convergence 
│  Newton iteration failed with stale Jacobian, retrying with fresh Jacobian
└ @ OrdinaryDiffEqNonlinearSolve ~/.julia/packages/OrdinaryDiffEqNonlinearSolve/doSPx/src/nlsolve.jl:144
┌ Warning: Verbosity toggle: newton_convergence 
│  Newton iteration failed with stale Jacobian, retrying with fresh Jacobian
└ @ OrdinaryDiffEqNonlinearSolve ~/.julia/packages/OrdinaryDiffEqNonlinearSolve/doSPx/src/nlsolve.jl:144
┌ Warning: Verbosity toggle: newton_convergence 
│  Newton iteration failed with stale Jacobian, retrying with fresh Jacobian
└ @ OrdinaryDiffEqNonlinearSolve ~/.julia/packages/OrdinaryDiffEqNonlinearSolve/doSPx/src/nlsolve.jl:144
┌ Warning: Verbosity toggle: newton_convergence 
│  Newton iteration diverging: θ = Dual{ForwardDiff.Tag{PEtab.var"#_get_hess_gaussnewton##0#_get_hess_gaussnewton##1"{PEtab.PEtabODEProblemInfo{ODESolver, ODESolver, PEtab.PEtabODEProblemCache{Vector{Float64}, PreallocationTools.DiffCache{Vector{Float64}, Vector{Float64}}, Vector{Float64}, Matrix{Float64}, Dict{Symbol, PreallocationTools.DiffCache}, Dict{Symbol, PreallocationTools.DiffCache}, Dict{Symbol, PreallocationTools.DiffCache}, Vector{Float64}}}, PEtab.ModelInfo}, Float64}}(3.790231694033788,0.0,0.0,0.0,0.0,0.0,0.0,0.0,0.0,0.0) > 2, ndz = 0.8184836233668954, ndzprev = 0.2159455382781143
└ @ OrdinaryDiffEqNonlinearSolve ~/.julia/packages/OrdinaryDiffEqNonlinearSolve/doSPx/src/nlsolve.jl:101
┌ Warning: Verbosity toggle: newton_convergence 
│  Newton iteration failed with stale Jacobian, retrying with fresh Jacobian
└ @ OrdinaryDiffEqNonlinearSolve ~/.julia/packages/OrdinaryDiffEqNonlinearSolve/doSPx/src/nlsolve.jl:144
┌ Warning: Verbosity toggle: newton_convergence 
│  Newton iteration failed with stale Jacobian, retrying with fresh Jacobian
└ @ OrdinaryDiffEqNonlinearSolve ~/.julia/packages/OrdinaryDiffEqNonlinearSolve/doSPx/src/nlsolve.jl:144
┌ Warning: Verbosity toggle: newton_convergence 
│  Newton iteration failed with stale Jacobian, retrying with fresh Jacobian
└ @ OrdinaryDiffEqNonlinearSolve ~/.julia/packages/OrdinaryDiffEqNonlinearSolve/doSPx/src/nlsolve.jl:144
┌ Warning: Verbosity toggle: newton_convergence 
│  Newton iteration failed with stale Jacobian, retrying with fresh Jacobian
└ @ OrdinaryDiffEqNonlinearSolve ~/.julia/packages/OrdinaryDiffEqNonlinearSolve/doSPx/src/nlsolve.jl:144
┌ Warning: Verbosity toggle: newton_convergence 
│  Newton iteration failed with stale Jacobian, retrying with fresh Jacobian
└ @ OrdinaryDiffEqNonlinearSolve ~/.julia/packages/OrdinaryDiffEqNonlinearSolve/doSPx/src/nlsolve.jl:144
┌ Warning: Verbosity toggle: newton_convergence 
│  Newton iteration diverging: θ = Dual{ForwardDiff.Tag{PEtab.var"#_get_hess_gaussnewton##0#_get_hess_gaussnewton##1"{PEtab.PEtabODEProblemInfo{ODESolver, ODESolver, PEtab.PEtabODEProblemCache{Vector{Float64}, PreallocationTools.DiffCache{Vector{Float64}, Vector{Float64}}, Vector{Float64}, Matrix{Float64}, Dict{Symbol, PreallocationTools.DiffCache}, Dict{Symbol, PreallocationTools.DiffCache}, Dict{Symbol, PreallocationTools.DiffCache}, Vector{Float64}}}, PEtab.ModelInfo}, Float64}}(2.5796862835282734,0.0,0.0,0.0,0.0,0.0,0.0,0.0,0.0,0.0) > 2, ndz = 1.8782058810058009, ndzprev = 0.7280753062876126
└ @ OrdinaryDiffEqNonlinearSolve ~/.julia/packages/OrdinaryDiffEqNonlinearSolve/doSPx/src/nlsolve.jl:101
┌ Warning: Verbosity toggle: newton_convergence 
│  Newton iteration failed with stale Jacobian, retrying with fresh Jacobian
└ @ OrdinaryDiffEqNonlinearSolve ~/.julia/packages/OrdinaryDiffEqNonlinearSolve/doSPx/src/nlsolve.jl:144
┌ Warning: Verbosity toggle: newton_convergence 
│  Newton iteration diverging: θ = Dual{ForwardDiff.Tag{PEtab.var"#_get_hess_gaussnewton##0#_get_hess_gaussnewton##1"{PEtab.PEtabODEProblemInfo{ODESolver, ODESolver, PEtab.PEtabODEProblemCache{Vector{Float64}, PreallocationTools.DiffCache{Vector{Float64}, Vector{Float64}}, Vector{Float64}, Matrix{Float64}, Dict{Symbol, PreallocationTools.DiffCache}, Dict{Symbol, PreallocationTools.DiffCache}, Dict{Symbol, PreallocationTools.DiffCache}, Vector{Float64}}}, PEtab.ModelInfo}, Float64}}(2.3017861397195882,0.0,0.0,0.0,0.0,0.0,0.0,0.0,0.0,0.0) > 2, ndz = 0.5767399821437434, ndzprev = 0.2505619319673217
└ @ OrdinaryDiffEqNonlinearSolve ~/.julia/packages/OrdinaryDiffEqNonlinearSolve/doSPx/src/nlsolve.jl:101
┌ Warning: Verbosity toggle: newton_convergence 
│  Newton iteration failed with stale Jacobian, retrying with fresh Jacobian
└ @ OrdinaryDiffEqNonlinearSolve ~/.julia/packages/OrdinaryDiffEqNonlinearSolve/doSPx/src/nlsolve.jl:144
┌ Warning: Verbosity toggle: newton_convergence 
│  Newton iteration diverging: θ = Dual{ForwardDiff.Tag{PEtab.var"#_get_hess_gaussnewton##0#_get_hess_gaussnewton##1"{PEtab.PEtabODEProblemInfo{ODESolver, ODESolver, PEtab.PEtabODEProblemCache{Vector{Float64}, PreallocationTools.DiffCache{Vector{Float64}, Vector{Float64}}, Vector{Float64}, Matrix{Float64}, Dict{Symbol, PreallocationTools.DiffCache}, Dict{Symbol, PreallocationTools.DiffCache}, Dict{Symbol, PreallocationTools.DiffCache}, Vector{Float64}}}, PEtab.ModelInfo}, Float64}}(2.490756477797222,0.0,0.0,0.0,0.0,0.0,0.0,0.0,0.0,0.0) > 2, ndz = 0.28407783947918547, ndzprev = 0.11405283575952739
└ @ OrdinaryDiffEqNonlinearSolve ~/.julia/packages/OrdinaryDiffEqNonlinearSolve/doSPx/src/nlsolve.jl:101
┌ Warning: Verbosity toggle: newton_convergence 
│  Newton iteration failed with stale Jacobian, retrying with fresh Jacobian
└ @ OrdinaryDiffEqNonlinearSolve ~/.julia/packages/OrdinaryDiffEqNonlinearSolve/doSPx/src/nlsolve.jl:144
┌ Warning: Verbosity toggle: newton_convergence 
│  Newton iteration failed with stale Jacobian, retrying with fresh Jacobian
└ @ OrdinaryDiffEqNonlinearSolve ~/.julia/packages/OrdinaryDiffEqNonlinearSolve/doSPx/src/nlsolve.jl:144
┌ Warning: Verbosity toggle: newton_convergence 
│  Newton iteration failed with stale Jacobian, retrying with fresh Jacobian
└ @ OrdinaryDiffEqNonlinearSolve ~/.julia/packages/OrdinaryDiffEqNonlinearSolve/doSPx/src/nlsolve.jl:144
┌ Warning: Verbosity toggle: newton_convergence 
│  Newton iteration failed with stale Jacobian, retrying with fresh Jacobian
└ @ OrdinaryDiffEqNonlinearSolve ~/.julia/packages/OrdinaryDiffEqNonlinearSolve/doSPx/src/nlsolve.jl:144
┌ Warning: Verbosity toggle: newton_convergence 
│  Newton iteration failed with stale Jacobian, retrying with fresh Jacobian
└ @ OrdinaryDiffEqNonlinearSolve ~/.julia/packages/OrdinaryDiffEqNonlinearSolve/doSPx/src/nlsolve.jl:144
┌ Warning: Verbosity toggle: newton_convergence 
│  Newton iteration diverging: θ = Dual{ForwardDiff.Tag{PEtab.var"#_get_hess_gaussnewton##0#_get_hess_gaussnewton##1"{PEtab.PEtabODEProblemInfo{ODESolver, ODESolver, PEtab.PEtabODEProblemCache{Vector{Float64}, PreallocationTools.DiffCache{Vector{Float64}, Vector{Float64}}, Vector{Float64}, Matrix{Float64}, Dict{Symbol, PreallocationTools.DiffCache}, Dict{Symbol, PreallocationTools.DiffCache}, Dict{Symbol, PreallocationTools.DiffCache}, Vector{Float64}}}, PEtab.ModelInfo}, Float64}}(2.5796862835282734,0.0,0.0,0.0,0.0,0.0,0.0,0.0,0.0,0.0) > 2, ndz = 1.8782058810058009, ndzprev = 0.7280753062876126
└ @ OrdinaryDiffEqNonlinearSolve ~/.julia/packages/OrdinaryDiffEqNonlinearSolve/doSPx/src/nlsolve.jl:101
┌ Warning: Verbosity toggle: newton_convergence 
│  Newton iteration failed with stale Jacobian, retrying with fresh Jacobian
└ @ OrdinaryDiffEqNonlinearSolve ~/.julia/packages/OrdinaryDiffEqNonlinearSolve/doSPx/src/nlsolve.jl:144
┌ Warning: Verbosity toggle: newton_convergence 
│  Newton iteration diverging: θ = Dual{ForwardDiff.Tag{PEtab.var"#_get_hess_gaussnewton##0#_get_hess_gaussnewton##1"{PEtab.PEtabODEProblemInfo{ODESolver, ODESolver, PEtab.PEtabODEProblemCache{Vector{Float64}, PreallocationTools.DiffCache{Vector{Float64}, Vector{Float64}}, Vector{Float64}, Matrix{Float64}, Dict{Symbol, PreallocationTools.DiffCache}, Dict{Symbol, PreallocationTools.DiffCache}, Dict{Symbol, PreallocationTools.DiffCache}, Vector{Float64}}}, PEtab.ModelInfo}, Float64}}(2.3017861397195882,0.0,0.0,0.0,0.0,0.0,0.0,0.0,0.0,0.0) > 2, ndz = 0.5767399821437434, ndzprev = 0.2505619319673217
└ @ OrdinaryDiffEqNonlinearSolve ~/.julia/packages/OrdinaryDiffEqNonlinearSolve/doSPx/src/nlsolve.jl:101
┌ Warning: Verbosity toggle: newton_convergence 
│  Newton iteration failed with stale Jacobian, retrying with fresh Jacobian
└ @ OrdinaryDiffEqNonlinearSolve ~/.julia/packages/OrdinaryDiffEqNonlinearSolve/doSPx/src/nlsolve.jl:144
┌ Warning: Verbosity toggle: newton_convergence 
│  Newton iteration diverging: θ = Dual{ForwardDiff.Tag{PEtab.var"#_get_hess_gaussnewton##0#_get_hess_gaussnewton##1"{PEtab.PEtabODEProblemInfo{ODESolver, ODESolver, PEtab.PEtabODEProblemCache{Vector{Float64}, PreallocationTools.DiffCache{Vector{Float64}, Vector{Float64}}, Vector{Float64}, Matrix{Float64}, Dict{Symbol, PreallocationTools.DiffCache}, Dict{Symbol, PreallocationTools.DiffCache}, Dict{Symbol, PreallocationTools.DiffCache}, Vector{Float64}}}, PEtab.ModelInfo}, Float64}}(2.490756477797222,0.0,0.0,0.0,0.0,0.0,0.0,0.0,0.0,0.0) > 2, ndz = 0.28407783947918547, ndzprev = 0.11405283575952739
└ @ OrdinaryDiffEqNonlinearSolve ~/.julia/packages/OrdinaryDiffEqNonlinearSolve/doSPx/src/nlsolve.jl:101
┌ Warning: Verbosity toggle: newton_convergence 
│  Newton iteration failed with stale Jacobian, retrying with fresh Jacobian
└ @ OrdinaryDiffEqNonlinearSolve ~/.julia/packages/OrdinaryDiffEqNonlinearSolve/doSPx/src/nlsolve.jl:144
┌ Warning: Verbosity toggle: newton_convergence 
│  Newton iteration failed with stale Jacobian, retrying with fresh Jacobian
└ @ OrdinaryDiffEqNonlinearSolve ~/.julia/packages/OrdinaryDiffEqNonlinearSolve/doSPx/src/nlsolve.jl:144
┌ Warning: Verbosity toggle: newton_convergence 
│  Newton iteration failed with stale Jacobian, retrying with fresh Jacobian
└ @ OrdinaryDiffEqNonlinearSolve ~/.julia/packages/OrdinaryDiffEqNonlinearSolve/doSPx/src/nlsolve.jl:144
┌ Warning: Verbosity toggle: newton_convergence 
│  Newton iteration failed with stale Jacobian, retrying with fresh Jacobian
└ @ OrdinaryDiffEqNonlinearSolve ~/.julia/packages/OrdinaryDiffEqNonlinearSolve/doSPx/src/nlsolve.jl:144
┌ Warning: Verbosity toggle: newton_convergence 
│  Newton iteration failed with stale Jacobian, retrying with fresh Jacobian
└ @ OrdinaryDiffEqNonlinearSolve ~/.julia/packages/OrdinaryDiffEqNonlinearSolve/doSPx/src/nlsolve.jl:144
┌ Warning: Verbosity toggle: newton_convergence 
│  Newton iteration diverging: θ = 2.537709349195846 > 2, ndz = 1.412766367519262, ndzprev = 0.5567092890156795
└ @ OrdinaryDiffEqNonlinearSolve ~/.julia/packages/OrdinaryDiffEqNonlinearSolve/doSPx/src/nlsolve.jl:101
┌ Warning: Verbosity toggle: newton_convergence 
│  Newton iteration failed with stale Jacobian, retrying with fresh Jacobian
└ @ OrdinaryDiffEqNonlinearSolve ~/.julia/packages/OrdinaryDiffEqNonlinearSolve/doSPx/src/nlsolve.jl:144
┌ Warning: Verbosity toggle: newton_convergence 
│  Newton iteration failed with stale Jacobian, retrying with fresh Jacobian
└ @ OrdinaryDiffEqNonlinearSolve ~/.julia/packages/OrdinaryDiffEqNonlinearSolve/doSPx/src/nlsolve.jl:144
┌ Warning: Verbosity toggle: newton_convergence 
│  Newton iteration failed with stale Jacobian, retrying with fresh Jacobian
└ @ OrdinaryDiffEqNonlinearSolve ~/.julia/packages/OrdinaryDiffEqNonlinearSolve/doSPx/src/nlsolve.jl:144
┌ Warning: Verbosity toggle: newton_convergence 
│  Newton iteration diverging: θ = 2.537709349195846 > 2, ndz = 1.412766367519262, ndzprev = 0.5567092890156795
└ @ OrdinaryDiffEqNonlinearSolve ~/.julia/packages/OrdinaryDiffEqNonlinearSolve/doSPx/src/nlsolve.jl:101
┌ Warning: Verbosity toggle: newton_convergence 
│  Newton iteration failed with stale Jacobian, retrying with fresh Jacobian
└ @ OrdinaryDiffEqNonlinearSolve ~/.julia/packages/OrdinaryDiffEqNonlinearSolve/doSPx/src/nlsolve.jl:144
┌ Warning: Verbosity toggle: newton_convergence 
│  Newton iteration failed with stale Jacobian, retrying with fresh Jacobian
└ @ OrdinaryDiffEqNonlinearSolve ~/.julia/packages/OrdinaryDiffEqNonlinearSolve/doSPx/src/nlsolve.jl:144
┌ Warning: Verbosity toggle: newton_convergence 
│  Newton iteration failed with stale Jacobian, retrying with fresh Jacobian
└ @ OrdinaryDiffEqNonlinearSolve ~/.julia/packages/OrdinaryDiffEqNonlinearSolve/doSPx/src/nlsolve.jl:144
┌ Warning: Verbosity toggle: newton_convergence 
│  Newton iteration failed with stale Jacobian, retrying with fresh Jacobian
└ @ OrdinaryDiffEqNonlinearSolve ~/.julia/packages/OrdinaryDiffEqNonlinearSolve/doSPx/src/nlsolve.jl:144
┌ Warning: Verbosity toggle: newton_convergence 
│  Newton iteration failed with stale Jacobian, retrying with fresh Jacobian
└ @ OrdinaryDiffEqNonlinearSolve ~/.julia/packages/OrdinaryDiffEqNonlinearSolve/doSPx/src/nlsolve.jl:144
┌ Warning: Verbosity toggle: newton_convergence 
│  Newton iteration failed with stale Jacobian, retrying with fresh Jacobian
└ @ OrdinaryDiffEqNonlinearSolve ~/.julia/packages/OrdinaryDiffEqNonlinearSolve/doSPx/src/nlsolve.jl:144
┌ Warning: Verbosity toggle: newton_convergence 
│  Newton iteration diverging: θ = Dual{ForwardDiff.Tag{PEtab.var"#302#303"{Bool, PEtab.PEtabODEProblemInfo{ODESolver, ODESolver, PEtab.PEtabODEProblemCache{Vector{Float64}, PreallocationTools.DiffCache{Vector{Float64}, Vector{Float64}}, Vector{Float64}, Matrix{Float64}, Dict{Symbol, PreallocationTools.DiffCache}, Dict{Symbol, PreallocationTools.DiffCache}, Dict{Symbol, PreallocationTools.DiffCache}, Vector{Float64}}}, PEtab.PEtabODEProblemInfo{ODESolver, ODESolver, PEtab.PEtabODEProblemCache{Vector{Float64}, PreallocationTools.DiffCache{Vector{Float64}, Vector{Float64}}, Vector{Float64}, Matrix{Float64}, Dict{Symbol, PreallocationTools.DiffCache}, Dict{Symbol, PreallocationTools.DiffCache}, Dict{Symbol, PreallocationTools.DiffCache}, Vector{Float64}}}, Vector{Float64}, Vector{Float64}, Vector{Float64}, PEtab.ModelInfo}, Float64}}(2.096704877775344,0.0,0.0,0.0,0.0,0.0,0.0,0.0,0.0,0.0) > 2, ndz = 1.428088400798536, ndzprev = 0.681110830587552
└ @ OrdinaryDiffEqNonlinearSolve ~/.julia/packages/OrdinaryDiffEqNonlinearSolve/doSPx/src/nlsolve.jl:101
┌ Warning: Verbosity toggle: newton_convergence 
│  Newton iteration failed with stale Jacobian, retrying with fresh Jacobian
└ @ OrdinaryDiffEqNonlinearSolve ~/.julia/packages/OrdinaryDiffEqNonlinearSolve/doSPx/src/nlsolve.jl:144
┌ Warning: Verbosity toggle: newton_convergence 
│  Newton iteration diverging: θ = Dual{ForwardDiff.Tag{PEtab.var"#302#303"{Bool, PEtab.PEtabODEProblemInfo{ODESolver, ODESolver, PEtab.PEtabODEProblemCache{Vector{Float64}, PreallocationTools.DiffCache{Vector{Float64}, Vector{Float64}}, Vector{Float64}, Matrix{Float64}, Dict{Symbol, PreallocationTools.DiffCache}, Dict{Symbol, PreallocationTools.DiffCache}, Dict{Symbol, PreallocationTools.DiffCache}, Vector{Float64}}}, PEtab.PEtabODEProblemInfo{ODESolver, ODESolver, PEtab.PEtabODEProblemCache{Vector{Float64}, PreallocationTools.DiffCache{Vector{Float64}, Vector{Float64}}, Vector{Float64}, Matrix{Float64}, Dict{Symbol, PreallocationTools.DiffCache}, Dict{Symbol, PreallocationTools.DiffCache}, Dict{Symbol, PreallocationTools.DiffCache}, Vector{Float64}}}, Vector{Float64}, Vector{Float64}, Vector{Float64}, PEtab.ModelInfo}, Float64}}(2.2257889606143437,0.0,0.0,0.0,0.0,0.0,0.0,0.0,0.0,0.0) > 2, ndz = 0.36865491139580486, ndzprev = 0.16562887044513502
└ @ OrdinaryDiffEqNonlinearSolve ~/.julia/packages/OrdinaryDiffEqNonlinearSolve/doSPx/src/nlsolve.jl:101
┌ Warning: Verbosity toggle: newton_convergence 
│  Newton iteration failed with stale Jacobian, retrying with fresh Jacobian
└ @ OrdinaryDiffEqNonlinearSolve ~/.julia/packages/OrdinaryDiffEqNonlinearSolve/doSPx/src/nlsolve.jl:144
┌ Warning: Verbosity toggle: newton_convergence 
│  Newton iteration failed with stale Jacobian, retrying with fresh Jacobian
└ @ OrdinaryDiffEqNonlinearSolve ~/.julia/packages/OrdinaryDiffEqNonlinearSolve/doSPx/src/nlsolve.jl:144
┌ Warning: Verbosity toggle: newton_convergence 
│  Newton iteration failed with stale Jacobian, retrying with fresh Jacobian
└ @ OrdinaryDiffEqNonlinearSolve ~/.julia/packages/OrdinaryDiffEqNonlinearSolve/doSPx/src/nlsolve.jl:144
┌ Warning: Verbosity toggle: newton_convergence 
│  Newton iteration diverging: θ = Dual{ForwardDiff.Tag{PEtab.var"#302#303"{Bool, PEtab.PEtabODEProblemInfo{ODESolver, ODESolver, PEtab.PEtabODEProblemCache{Vector{Float64}, PreallocationTools.DiffCache{Vector{Float64}, Vector{Float64}}, Vector{Float64}, Matrix{Float64}, Dict{Symbol, PreallocationTools.DiffCache}, Dict{Symbol, PreallocationTools.DiffCache}, Dict{Symbol, PreallocationTools.DiffCache}, Vector{Float64}}}, PEtab.PEtabODEProblemInfo{ODESolver, ODESolver, PEtab.PEtabODEProblemCache{Vector{Float64}, PreallocationTools.DiffCache{Vector{Float64}, Vector{Float64}}, Vector{Float64}, Matrix{Float64}, Dict{Symbol, PreallocationTools.DiffCache}, Dict{Symbol, PreallocationTools.DiffCache}, Dict{Symbol, PreallocationTools.DiffCache}, Vector{Float64}}}, Vector{Float64}, Vector{Float64}, Vector{Float64}, PEtab.ModelInfo}, Float64}}(2.096704877775344,0.0,0.0,0.0,0.0,0.0,0.0,0.0,0.0,0.0) > 2, ndz = 1.428088400798536, ndzprev = 0.681110830587552
└ @ OrdinaryDiffEqNonlinearSolve ~/.julia/packages/OrdinaryDiffEqNonlinearSolve/doSPx/src/nlsolve.jl:101
┌ Warning: Verbosity toggle: newton_convergence 
│  Newton iteration failed with stale Jacobian, retrying with fresh Jacobian
└ @ OrdinaryDiffEqNonlinearSolve ~/.julia/packages/OrdinaryDiffEqNonlinearSolve/doSPx/src/nlsolve.jl:144
┌ Warning: Verbosity toggle: newton_convergence 
│  Newton iteration diverging: θ = Dual{ForwardDiff.Tag{PEtab.var"#302#303"{Bool, PEtab.PEtabODEProblemInfo{ODESolver, ODESolver, PEtab.PEtabODEProblemCache{Vector{Float64}, PreallocationTools.DiffCache{Vector{Float64}, Vector{Float64}}, Vector{Float64}, Matrix{Float64}, Dict{Symbol, PreallocationTools.DiffCache}, Dict{Symbol, PreallocationTools.DiffCache}, Dict{Symbol, PreallocationTools.DiffCache}, Vector{Float64}}}, PEtab.PEtabODEProblemInfo{ODESolver, ODESolver, PEtab.PEtabODEProblemCache{Vector{Float64}, PreallocationTools.DiffCache{Vector{Float64}, Vector{Float64}}, Vector{Float64}, Matrix{Float64}, Dict{Symbol, PreallocationTools.DiffCache}, Dict{Symbol, PreallocationTools.DiffCache}, Dict{Symbol, PreallocationTools.DiffCache}, Vector{Float64}}}, Vector{Float64}, Vector{Float64}, Vector{Float64}, PEtab.ModelInfo}, Float64}}(2.2257889606143437,0.0,0.0,0.0,0.0,0.0,0.0,0.0,0.0,0.0) > 2, ndz = 0.36865491139580486, ndzprev = 0.16562887044513502
└ @ OrdinaryDiffEqNonlinearSolve ~/.julia/packages/OrdinaryDiffEqNonlinearSolve/doSPx/src/nlsolve.jl:101
┌ Warning: Verbosity toggle: newton_convergence 
│  Newton iteration failed with stale Jacobian, retrying with fresh Jacobian
└ @ OrdinaryDiffEqNonlinearSolve ~/.julia/packages/OrdinaryDiffEqNonlinearSolve/doSPx/src/nlsolve.jl:144
┌ Warning: Verbosity toggle: newton_convergence 
│  Newton iteration failed with stale Jacobian, retrying with fresh Jacobian
└ @ OrdinaryDiffEqNonlinearSolve ~/.julia/packages/OrdinaryDiffEqNonlinearSolve/doSPx/src/nlsolve.jl:144
┌ Warning: Verbosity toggle: newton_convergence 
│  Newton iteration failed with stale Jacobian, retrying with fresh Jacobian
└ @ OrdinaryDiffEqNonlinearSolve ~/.julia/packages/OrdinaryDiffEqNonlinearSolve/doSPx/src/nlsolve.jl:144
┌ Warning: Verbosity toggle: newton_convergence 
│  Newton iteration failed with stale Jacobian, retrying with fresh Jacobian
└ @ OrdinaryDiffEqNonlinearSolve ~/.julia/packages/OrdinaryDiffEqNonlinearSolve/doSPx/src/nlsolve.jl:144
┌ Warning: Verbosity toggle: newton_convergence 
│  Newton iteration failed with stale Jacobian, retrying with fresh Jacobian
└ @ OrdinaryDiffEqNonlinearSolve ~/.julia/packages/OrdinaryDiffEqNonlinearSolve/doSPx/src/nlsolve.jl:144
┌ Warning: Verbosity toggle: newton_convergence 
│  Newton iteration failed with stale Jacobian, retrying with fresh Jacobian
└ @ OrdinaryDiffEqNonlinearSolve ~/.julia/packages/OrdinaryDiffEqNonlinearSolve/doSPx/src/nlsolve.jl:144
┌ Warning: Verbosity toggle: newton_convergence 
│  Newton iteration failed with stale Jacobian, retrying with fresh Jacobian
└ @ OrdinaryDiffEqNonlinearSolve ~/.julia/packages/OrdinaryDiffEqNonlinearSolve/doSPx/src/nlsolve.jl:144
┌ Warning: Verbosity toggle: newton_convergence 
│  Newton iteration failed with stale Jacobian, retrying with fresh Jacobian
└ @ OrdinaryDiffEqNonlinearSolve ~/.julia/packages/OrdinaryDiffEqNonlinearSolve/doSPx/src/nlsolve.jl:144
┌ Warning: Verbosity toggle: newton_convergence 
│  Newton iteration failed with stale Jacobian, retrying with fresh Jacobian
└ @ OrdinaryDiffEqNonlinearSolve ~/.julia/packages/OrdinaryDiffEqNonlinearSolve/doSPx/src/nlsolve.jl:144
┌ Warning: Verbosity toggle: newton_convergence 
│  Newton iteration diverging: θ = Dual{ForwardDiff.Tag{PEtab.var"#302#303"{Bool, PEtab.PEtabODEProblemInfo{ODESolver, ODESolver, PEtab.PEtabODEProblemCache{Vector{Float64}, PreallocationTools.DiffCache{Vector{Float64}, Vector{Float64}}, Vector{Float64}, Matrix{Float64}, Dict{Symbol, PreallocationTools.DiffCache}, Dict{Symbol, PreallocationTools.DiffCache}, Dict{Symbol, PreallocationTools.DiffCache}, Vector{Float64}}}, PEtab.PEtabODEProblemInfo{ODESolver, ODESolver, PEtab.PEtabODEProblemCache{Vector{Float64}, PreallocationTools.DiffCache{Vector{Float64}, Vector{Float64}}, Vector{Float64}, Matrix{Float64}, Dict{Symbol, PreallocationTools.DiffCache}, Dict{Symbol, PreallocationTools.DiffCache}, Dict{Symbol, PreallocationTools.DiffCache}, Vector{Float64}}}, Vector{Float64}, Vector{Float64}, Vector{Float64}, PEtab.ModelInfo}, Float64}}(2.2969155900123117,0.0,0.0,0.0,0.0,0.0,0.0,0.0,0.0,0.0) > 2, ndz = 0.6139909311191051, ndzprev = 0.2673110556560827
└ @ OrdinaryDiffEqNonlinearSolve ~/.julia/packages/OrdinaryDiffEqNonlinearSolve/doSPx/src/nlsolve.jl:101
┌ Warning: Verbosity toggle: newton_convergence 
│  Newton iteration failed with stale Jacobian, retrying with fresh Jacobian
└ @ OrdinaryDiffEqNonlinearSolve ~/.julia/packages/OrdinaryDiffEqNonlinearSolve/doSPx/src/nlsolve.jl:144
┌ Warning: Verbosity toggle: newton_convergence 
│  Newton iteration diverging: θ = Dual{ForwardDiff.Tag{PEtab.var"#302#303"{Bool, PEtab.PEtabODEProblemInfo{ODESolver, ODESolver, PEtab.PEtabODEProblemCache{Vector{Float64}, PreallocationTools.DiffCache{Vector{Float64}, Vector{Float64}}, Vector{Float64}, Matrix{Float64}, Dict{Symbol, PreallocationTools.DiffCache}, Dict{Symbol, PreallocationTools.DiffCache}, Dict{Symbol, PreallocationTools.DiffCache}, Vector{Float64}}}, PEtab.PEtabODEProblemInfo{ODESolver, ODESolver, PEtab.PEtabODEProblemCache{Vector{Float64}, PreallocationTools.DiffCache{Vector{Float64}, Vector{Float64}}, Vector{Float64}, Matrix{Float64}, Dict{Symbol, PreallocationTools.DiffCache}, Dict{Symbol, PreallocationTools.DiffCache}, Dict{Symbol, PreallocationTools.DiffCache}, Vector{Float64}}}, Vector{Float64}, Vector{Float64}, Vector{Float64}, PEtab.ModelInfo}, Float64}}(2.670504712916927,0.0,0.0,0.0,0.0,0.0,0.0,0.0,0.0,0.0) > 2, ndz = 0.39398306700954067, ndzprev = 0.14753131312739853
└ @ OrdinaryDiffEqNonlinearSolve ~/.julia/packages/OrdinaryDiffEqNonlinearSolve/doSPx/src/nlsolve.jl:101
┌ Warning: Verbosity toggle: newton_convergence 
│  Newton iteration failed with stale Jacobian, retrying with fresh Jacobian
└ @ OrdinaryDiffEqNonlinearSolve ~/.julia/packages/OrdinaryDiffEqNonlinearSolve/doSPx/src/nlsolve.jl:144
┌ Warning: Verbosity toggle: newton_convergence 
│  Newton iteration failed with stale Jacobian, retrying with fresh Jacobian
└ @ OrdinaryDiffEqNonlinearSolve ~/.julia/packages/OrdinaryDiffEqNonlinearSolve/doSPx/src/nlsolve.jl:144
┌ Warning: Verbosity toggle: newton_convergence 
│  Newton iteration failed with stale Jacobian, retrying with fresh Jacobian
└ @ OrdinaryDiffEqNonlinearSolve ~/.julia/packages/OrdinaryDiffEqNonlinearSolve/doSPx/src/nlsolve.jl:144
┌ Warning: Verbosity toggle: newton_convergence 
│  Newton iteration failed with stale Jacobian, retrying with fresh Jacobian
└ @ OrdinaryDiffEqNonlinearSolve ~/.julia/packages/OrdinaryDiffEqNonlinearSolve/doSPx/src/nlsolve.jl:144
┌ Warning: Verbosity toggle: newton_convergence 
│  Newton iteration diverging: θ = Dual{ForwardDiff.Tag{PEtab.var"#302#303"{Bool, PEtab.PEtabODEProblemInfo{ODESolver, ODESolver, PEtab.PEtabODEProblemCache{Vector{Float64}, PreallocationTools.DiffCache{Vector{Float64}, Vector{Float64}}, Vector{Float64}, Matrix{Float64}, Dict{Symbol, PreallocationTools.DiffCache}, Dict{Symbol, PreallocationTools.DiffCache}, Dict{Symbol, PreallocationTools.DiffCache}, Vector{Float64}}}, PEtab.PEtabODEProblemInfo{ODESolver, ODESolver, PEtab.PEtabODEProblemCache{Vector{Float64}, PreallocationTools.DiffCache{Vector{Float64}, Vector{Float64}}, Vector{Float64}, Matrix{Float64}, Dict{Symbol, PreallocationTools.DiffCache}, Dict{Symbol, PreallocationTools.DiffCache}, Dict{Symbol, PreallocationTools.DiffCache}, Vector{Float64}}}, Vector{Float64}, Vector{Float64}, Vector{Float64}, PEtab.ModelInfo}, Float64}}(2.2969155900123117,0.0,0.0,0.0,0.0,0.0,0.0,0.0,0.0,0.0) > 2, ndz = 0.6139909311191051, ndzprev = 0.2673110556560827
└ @ OrdinaryDiffEqNonlinearSolve ~/.julia/packages/OrdinaryDiffEqNonlinearSolve/doSPx/src/nlsolve.jl:101
┌ Warning: Verbosity toggle: newton_convergence 
│  Newton iteration failed with stale Jacobian, retrying with fresh Jacobian
└ @ OrdinaryDiffEqNonlinearSolve ~/.julia/packages/OrdinaryDiffEqNonlinearSolve/doSPx/src/nlsolve.jl:144
┌ Warning: Verbosity toggle: newton_convergence 
│  Newton iteration diverging: θ = Dual{ForwardDiff.Tag{PEtab.var"#302#303"{Bool, PEtab.PEtabODEProblemInfo{ODESolver, ODESolver, PEtab.PEtabODEProblemCache{Vector{Float64}, PreallocationTools.DiffCache{Vector{Float64}, Vector{Float64}}, Vector{Float64}, Matrix{Float64}, Dict{Symbol, PreallocationTools.DiffCache}, Dict{Symbol, PreallocationTools.DiffCache}, Dict{Symbol, PreallocationTools.DiffCache}, Vector{Float64}}}, PEtab.PEtabODEProblemInfo{ODESolver, ODESolver, PEtab.PEtabODEProblemCache{Vector{Float64}, PreallocationTools.DiffCache{Vector{Float64}, Vector{Float64}}, Vector{Float64}, Matrix{Float64}, Dict{Symbol, PreallocationTools.DiffCache}, Dict{Symbol, PreallocationTools.DiffCache}, Dict{Symbol, PreallocationTools.DiffCache}, Vector{Float64}}}, Vector{Float64}, Vector{Float64}, Vector{Float64}, PEtab.ModelInfo}, Float64}}(2.670504712916927,0.0,0.0,0.0,0.0,0.0,0.0,0.0,0.0,0.0) > 2, ndz = 0.39398306700954067, ndzprev = 0.14753131312739853
└ @ OrdinaryDiffEqNonlinearSolve ~/.julia/packages/OrdinaryDiffEqNonlinearSolve/doSPx/src/nlsolve.jl:101
┌ Warning: Verbosity toggle: newton_convergence 
│  Newton iteration failed with stale Jacobian, retrying with fresh Jacobian
└ @ OrdinaryDiffEqNonlinearSolve ~/.julia/packages/OrdinaryDiffEqNonlinearSolve/doSPx/src/nlsolve.jl:144
┌ Warning: Verbosity toggle: newton_convergence 
│  Newton iteration failed with stale Jacobian, retrying with fresh Jacobian
└ @ OrdinaryDiffEqNonlinearSolve ~/.julia/packages/OrdinaryDiffEqNonlinearSolve/doSPx/src/nlsolve.jl:144
┌ Warning: Verbosity toggle: newton_convergence 
│  Newton iteration failed with stale Jacobian, retrying with fresh Jacobian
└ @ OrdinaryDiffEqNonlinearSolve ~/.julia/packages/OrdinaryDiffEqNonlinearSolve/doSPx/src/nlsolve.jl:144
┌ Warning: Verbosity toggle: newton_convergence 
│  Newton iteration failed with stale Jacobian, retrying with fresh Jacobian
└ @ OrdinaryDiffEqNonlinearSolve ~/.julia/packages/OrdinaryDiffEqNonlinearSolve/doSPx/src/nlsolve.jl:144
┌ Warning: Verbosity toggle: newton_convergence 
│  Newton iteration failed with stale Jacobian, retrying with fresh Jacobian
└ @ OrdinaryDiffEqNonlinearSolve ~/.julia/packages/OrdinaryDiffEqNonlinearSolve/doSPx/src/nlsolve.jl:144
┌ Warning: Verbosity toggle: newton_convergence 
│  Newton iteration failed with stale Jacobian, retrying with fresh Jacobian
└ @ OrdinaryDiffEqNonlinearSolve ~/.julia/packages/OrdinaryDiffEqNonlinearSolve/doSPx/src/nlsolve.jl:144
┌ Warning: Verbosity toggle: newton_convergence 
│  Newton iteration failed with stale Jacobian, retrying with fresh Jacobian
└ @ OrdinaryDiffEqNonlinearSolve ~/.julia/packages/OrdinaryDiffEqNonlinearSolve/doSPx/src/nlsolve.jl:144
┌ Warning: Verbosity toggle: newton_convergence 
│  Newton iteration diverging: θ = Dual{ForwardDiff.Tag{PEtab.var"#302#303"{Bool, PEtab.PEtabODEProblemInfo{ODESolver, ODESolver, PEtab.PEtabODEProblemCache{Vector{Float64}, PreallocationTools.DiffCache{Vector{Float64}, Vector{Float64}}, Vector{Float64}, Matrix{Float64}, Dict{Symbol, PreallocationTools.DiffCache}, Dict{Symbol, PreallocationTools.DiffCache}, Dict{Symbol, PreallocationTools.DiffCache}, Vector{Float64}}}, PEtab.PEtabODEProblemInfo{ODESolver, ODESolver, PEtab.PEtabODEProblemCache{Vector{Float64}, PreallocationTools.DiffCache{Vector{Float64}, Vector{Float64}}, Vector{Float64}, Matrix{Float64}, Dict{Symbol, PreallocationTools.DiffCache}, Dict{Symbol, PreallocationTools.DiffCache}, Dict{Symbol, PreallocationTools.DiffCache}, Vector{Float64}}}, Vector{Float64}, Vector{Float64}, Vector{Float64}, PEtab.ModelInfo}, Float64}}(2.047774197556728,0.0,0.0,0.0,0.0,0.0,0.0,0.0,0.0,0.0) > 2, ndz = 0.9823933268084583, ndzprev = 0.47973713507113563
└ @ OrdinaryDiffEqNonlinearSolve ~/.julia/packages/OrdinaryDiffEqNonlinearSolve/doSPx/src/nlsolve.jl:101
┌ Warning: Verbosity toggle: newton_convergence 
│  Newton iteration failed with stale Jacobian, retrying with fresh Jacobian
└ @ OrdinaryDiffEqNonlinearSolve ~/.julia/packages/OrdinaryDiffEqNonlinearSolve/doSPx/src/nlsolve.jl:144
┌ Warning: Verbosity toggle: newton_convergence 
│  Newton iteration failed with stale Jacobian, retrying with fresh Jacobian
└ @ OrdinaryDiffEqNonlinearSolve ~/.julia/packages/OrdinaryDiffEqNonlinearSolve/doSPx/src/nlsolve.jl:144
┌ Warning: Verbosity toggle: newton_convergence 
│  Newton iteration failed with stale Jacobian, retrying with fresh Jacobian
└ @ OrdinaryDiffEqNonlinearSolve ~/.julia/packages/OrdinaryDiffEqNonlinearSolve/doSPx/src/nlsolve.jl:144
┌ Warning: Verbosity toggle: newton_convergence 
│  Newton iteration failed with stale Jacobian, retrying with fresh Jacobian
└ @ OrdinaryDiffEqNonlinearSolve ~/.julia/packages/OrdinaryDiffEqNonlinearSolve/doSPx/src/nlsolve.jl:144
┌ Warning: Verbosity toggle: newton_convergence 
│  Newton iteration failed with stale Jacobian, retrying with fresh Jacobian
└ @ OrdinaryDiffEqNonlinearSolve ~/.julia/packages/OrdinaryDiffEqNonlinearSolve/doSPx/src/nlsolve.jl:144
┌ Warning: Verbosity toggle: newton_convergence 
│  Newton iteration diverging: θ = Dual{ForwardDiff.Tag{PEtab.var"#302#303"{Bool, PEtab.PEtabODEProblemInfo{ODESolver, ODESolver, PEtab.PEtabODEProblemCache{Vector{Float64}, PreallocationTools.DiffCache{Vector{Float64}, Vector{Float64}}, Vector{Float64}, Matrix{Float64}, Dict{Symbol, PreallocationTools.DiffCache}, Dict{Symbol, PreallocationTools.DiffCache}, Dict{Symbol, PreallocationTools.DiffCache}, Vector{Float64}}}, PEtab.PEtabODEProblemInfo{ODESolver, ODESolver, PEtab.PEtabODEProblemCache{Vector{Float64}, PreallocationTools.DiffCache{Vector{Float64}, Vector{Float64}}, Vector{Float64}, Matrix{Float64}, Dict{Symbol, PreallocationTools.DiffCache}, Dict{Symbol, PreallocationTools.DiffCache}, Dict{Symbol, PreallocationTools.DiffCache}, Vector{Float64}}}, Vector{Float64}, Vector{Float64}, Vector{Float64}, PEtab.ModelInfo}, Float64}}(2.047774197556728,0.0,0.0,0.0,0.0,0.0,0.0,0.0,0.0,0.0) > 2, ndz = 0.9823933268084583, ndzprev = 0.47973713507113563
└ @ OrdinaryDiffEqNonlinearSolve ~/.julia/packages/OrdinaryDiffEqNonlinearSolve/doSPx/src/nlsolve.jl:101
┌ Warning: Verbosity toggle: newton_convergence 
│  Newton iteration failed with stale Jacobian, retrying with fresh Jacobian
└ @ OrdinaryDiffEqNonlinearSolve ~/.julia/packages/OrdinaryDiffEqNonlinearSolve/doSPx/src/nlsolve.jl:144
┌ Warning: Verbosity toggle: newton_convergence 
│  Newton iteration failed with stale Jacobian, retrying with fresh Jacobian
└ @ OrdinaryDiffEqNonlinearSolve ~/.julia/packages/OrdinaryDiffEqNonlinearSolve/doSPx/src/nlsolve.jl:144
┌ Warning: Verbosity toggle: newton_convergence 
│  Newton iteration failed with stale Jacobian, retrying with fresh Jacobian
└ @ OrdinaryDiffEqNonlinearSolve ~/.julia/packages/OrdinaryDiffEqNonlinearSolve/doSPx/src/nlsolve.jl:144
┌ Warning: Verbosity toggle: newton_convergence 
│  Newton iteration failed with stale Jacobian, retrying with fresh Jacobian
└ @ OrdinaryDiffEqNonlinearSolve ~/.julia/packages/OrdinaryDiffEqNonlinearSolve/doSPx/src/nlsolve.jl:144
┌ Warning: Verbosity toggle: newton_convergence 
│  Newton iteration failed with stale Jacobian, retrying with fresh Jacobian
└ @ OrdinaryDiffEqNonlinearSolve ~/.julia/packages/OrdinaryDiffEqNonlinearSolve/doSPx/src/nlsolve.jl:144
┌ Warning: Verbosity toggle: newton_convergence 
│  Newton iteration failed with stale Jacobian, retrying with fresh Jacobian
└ @ OrdinaryDiffEqNonlinearSolve ~/.julia/packages/OrdinaryDiffEqNonlinearSolve/doSPx/src/nlsolve.jl:144
┌ Warning: Verbosity toggle: newton_convergence 
│  Newton iteration diverging: θ = 2.537709349195846 > 2, ndz = 1.412766367519262, ndzprev = 0.5567092890156795
└ @ OrdinaryDiffEqNonlinearSolve ~/.julia/packages/OrdinaryDiffEqNonlinearSolve/doSPx/src/nlsolve.jl:101
┌ Warning: Verbosity toggle: newton_convergence 
│  Newton iteration failed with stale Jacobian, retrying with fresh Jacobian
└ @ OrdinaryDiffEqNonlinearSolve ~/.julia/packages/OrdinaryDiffEqNonlinearSolve/doSPx/src/nlsolve.jl:144
┌ Warning: Verbosity toggle: newton_convergence 
│  Newton iteration failed with stale Jacobian, retrying with fresh Jacobian
└ @ OrdinaryDiffEqNonlinearSolve ~/.julia/packages/OrdinaryDiffEqNonlinearSolve/doSPx/src/nlsolve.jl:144
┌ Warning: Verbosity toggle: newton_convergence 
│  Newton iteration failed with stale Jacobian, retrying with fresh Jacobian
└ @ OrdinaryDiffEqNonlinearSolve ~/.julia/packages/OrdinaryDiffEqNonlinearSolve/doSPx/src/nlsolve.jl:144
┌ Warning: Verbosity toggle: newton_convergence 
│  Newton iteration diverging: θ = 2.537709349195846 > 2, ndz = 1.412766367519262, ndzprev = 0.5567092890156795
└ @ OrdinaryDiffEqNonlinearSolve ~/.julia/packages/OrdinaryDiffEqNonlinearSolve/doSPx/src/nlsolve.jl:101
┌ Warning: Verbosity toggle: newton_convergence 
│  Newton iteration failed with stale Jacobian, retrying with fresh Jacobian
└ @ OrdinaryDiffEqNonlinearSolve ~/.julia/packages/OrdinaryDiffEqNonlinearSolve/doSPx/src/nlsolve.jl:144
┌ Warning: Verbosity toggle: newton_convergence 
│  Newton iteration failed with stale Jacobian, retrying with fresh Jacobian
└ @ OrdinaryDiffEqNonlinearSolve ~/.julia/packages/OrdinaryDiffEqNonlinearSolve/doSPx/src/nlsolve.jl:144
┌ Warning: Verbosity toggle: newton_convergence 
│  Newton iteration failed with stale Jacobian, retrying with fresh Jacobian
└ @ OrdinaryDiffEqNonlinearSolve ~/.julia/packages/OrdinaryDiffEqNonlinearSolve/doSPx/src/nlsolve.jl:144
┌ Warning: Verbosity toggle: newton_convergence 
│  Newton iteration failed with stale Jacobian, retrying with fresh Jacobian
└ @ OrdinaryDiffEqNonlinearSolve ~/.julia/packages/OrdinaryDiffEqNonlinearSolve/doSPx/src/nlsolve.jl:144
┌ Warning: Verbosity toggle: newton_convergence 
│  Newton iteration failed with stale Jacobian, retrying with fresh Jacobian
└ @ OrdinaryDiffEqNonlinearSolve ~/.julia/packages/OrdinaryDiffEqNonlinearSolve/doSPx/src/nlsolve.jl:144
┌ Warning: Verbosity toggle: newton_convergence 
│  Newton iteration diverging: θ = Dual{ForwardDiff.Tag{PEtab.var"#_get_hess_gaussnewton##0#_get_hess_gaussnewton##1"{PEtab.PEtabODEProblemInfo{ODESolver, ODESolver, PEtab.PEtabODEProblemCache{Vector{Float64}, PreallocationTools.DiffCache{Vector{Float64}, Vector{Float64}}, Vector{Float64}, Matrix{Float64}, Dict{Symbol, PreallocationTools.DiffCache}, Dict{Symbol, PreallocationTools.DiffCache}, Dict{Symbol, PreallocationTools.DiffCache}, Vector{Float64}}}, PEtab.ModelInfo}, Float64}}(2.2910320619428006,0.0,0.0,0.0,0.0,0.0,0.0,0.0,0.0,0.0) > 2, ndz = 1.4323951021289991, ndzprev = 0.6252182699330382
└ @ OrdinaryDiffEqNonlinearSolve ~/.julia/packages/OrdinaryDiffEqNonlinearSolve/doSPx/src/nlsolve.jl:101
┌ Warning: Verbosity toggle: newton_convergence 
│  Newton iteration failed with stale Jacobian, retrying with fresh Jacobian
└ @ OrdinaryDiffEqNonlinearSolve ~/.julia/packages/OrdinaryDiffEqNonlinearSolve/doSPx/src/nlsolve.jl:144
┌ Warning: Verbosity toggle: newton_convergence 
│  Newton iteration diverging: θ = Dual{ForwardDiff.Tag{PEtab.var"#_get_hess_gaussnewton##0#_get_hess_gaussnewton##1"{PEtab.PEtabODEProblemInfo{ODESolver, ODESolver, PEtab.PEtabODEProblemCache{Vector{Float64}, PreallocationTools.DiffCache{Vector{Float64}, Vector{Float64}}, Vector{Float64}, Matrix{Float64}, Dict{Symbol, PreallocationTools.DiffCache}, Dict{Symbol, PreallocationTools.DiffCache}, Dict{Symbol, PreallocationTools.DiffCache}, Vector{Float64}}}, PEtab.ModelInfo}, Float64}}(2.249816966233877,0.0,0.0,0.0,0.0,0.0,0.0,0.0,0.0,0.0) > 2, ndz = 0.3104810090225204, ndzprev = 0.13800278586317885
└ @ OrdinaryDiffEqNonlinearSolve ~/.julia/packages/OrdinaryDiffEqNonlinearSolve/doSPx/src/nlsolve.jl:101
┌ Warning: Verbosity toggle: newton_convergence 
│  Newton iteration failed with stale Jacobian, retrying with fresh Jacobian
└ @ OrdinaryDiffEqNonlinearSolve ~/.julia/packages/OrdinaryDiffEqNonlinearSolve/doSPx/src/nlsolve.jl:144
┌ Warning: Verbosity toggle: newton_convergence 
│  Newton iteration failed with stale Jacobian, retrying with fresh Jacobian
└ @ OrdinaryDiffEqNonlinearSolve ~/.julia/packages/OrdinaryDiffEqNonlinearSolve/doSPx/src/nlsolve.jl:144
┌ Warning: Verbosity toggle: newton_convergence 
│  Newton iteration failed with stale Jacobian, retrying with fresh Jacobian
└ @ OrdinaryDiffEqNonlinearSolve ~/.julia/packages/OrdinaryDiffEqNonlinearSolve/doSPx/src/nlsolve.jl:144
┌ Warning: Verbosity toggle: newton_convergence 
│  Newton iteration diverging: θ = Dual{ForwardDiff.Tag{PEtab.var"#_get_hess_gaussnewton##0#_get_hess_gaussnewton##1"{PEtab.PEtabODEProblemInfo{ODESolver, ODESolver, PEtab.PEtabODEProblemCache{Vector{Float64}, PreallocationTools.DiffCache{Vector{Float64}, Vector{Float64}}, Vector{Float64}, Matrix{Float64}, Dict{Symbol, PreallocationTools.DiffCache}, Dict{Symbol, PreallocationTools.DiffCache}, Dict{Symbol, PreallocationTools.DiffCache}, Vector{Float64}}}, PEtab.ModelInfo}, Float64}}(2.2910320619428006,0.0,0.0,0.0,0.0,0.0,0.0,0.0,0.0,0.0) > 2, ndz = 1.4323951021289991, ndzprev = 0.6252182699330382
└ @ OrdinaryDiffEqNonlinearSolve ~/.julia/packages/OrdinaryDiffEqNonlinearSolve/doSPx/src/nlsolve.jl:101
┌ Warning: Verbosity toggle: newton_convergence 
│  Newton iteration failed with stale Jacobian, retrying with fresh Jacobian
└ @ OrdinaryDiffEqNonlinearSolve ~/.julia/packages/OrdinaryDiffEqNonlinearSolve/doSPx/src/nlsolve.jl:144
┌ Warning: Verbosity toggle: newton_convergence 
│  Newton iteration diverging: θ = Dual{ForwardDiff.Tag{PEtab.var"#_get_hess_gaussnewton##0#_get_hess_gaussnewton##1"{PEtab.PEtabODEProblemInfo{ODESolver, ODESolver, PEtab.PEtabODEProblemCache{Vector{Float64}, PreallocationTools.DiffCache{Vector{Float64}, Vector{Float64}}, Vector{Float64}, Matrix{Float64}, Dict{Symbol, PreallocationTools.DiffCache}, Dict{Symbol, PreallocationTools.DiffCache}, Dict{Symbol, PreallocationTools.DiffCache}, Vector{Float64}}}, PEtab.ModelInfo}, Float64}}(2.249816966233877,0.0,0.0,0.0,0.0,0.0,0.0,0.0,0.0,0.0) > 2, ndz = 0.3104810090225204, ndzprev = 0.13800278586317885
└ @ OrdinaryDiffEqNonlinearSolve ~/.julia/packages/OrdinaryDiffEqNonlinearSolve/doSPx/src/nlsolve.jl:101
┌ Warning: Verbosity toggle: newton_convergence 
│  Newton iteration failed with stale Jacobian, retrying with fresh Jacobian
└ @ OrdinaryDiffEqNonlinearSolve ~/.julia/packages/OrdinaryDiffEqNonlinearSolve/doSPx/src/nlsolve.jl:144
┌ Warning: Verbosity toggle: newton_convergence 
│  Newton iteration failed with stale Jacobian, retrying with fresh Jacobian
└ @ OrdinaryDiffEqNonlinearSolve ~/.julia/packages/OrdinaryDiffEqNonlinearSolve/doSPx/src/nlsolve.jl:144
┌ Warning: Verbosity toggle: newton_convergence 
│  Newton iteration failed with stale Jacobian, retrying with fresh Jacobian
└ @ OrdinaryDiffEqNonlinearSolve ~/.julia/packages/OrdinaryDiffEqNonlinearSolve/doSPx/src/nlsolve.jl:144
┌ Warning: Verbosity toggle: newton_convergence 
│  Newton iteration failed with stale Jacobian, retrying with fresh Jacobian
└ @ OrdinaryDiffEqNonlinearSolve ~/.julia/packages/OrdinaryDiffEqNonlinearSolve/doSPx/src/nlsolve.jl:144
┌ Warning: Verbosity toggle: newton_convergence 
│  Newton iteration failed with stale Jacobian, retrying with fresh Jacobian
└ @ OrdinaryDiffEqNonlinearSolve ~/.julia/packages/OrdinaryDiffEqNonlinearSolve/doSPx/src/nlsolve.jl:144
┌ Warning: Verbosity toggle: newton_convergence 
│  Newton iteration failed with stale Jacobian, retrying with fresh Jacobian
└ @ OrdinaryDiffEqNonlinearSolve ~/.julia/packages/OrdinaryDiffEqNonlinearSolve/doSPx/src/nlsolve.jl:144
┌ Warning: Verbosity toggle: newton_convergence 
│  Newton iteration failed with stale Jacobian, retrying with fresh Jacobian
└ @ OrdinaryDiffEqNonlinearSolve ~/.julia/packages/OrdinaryDiffEqNonlinearSolve/doSPx/src/nlsolve.jl:144
┌ Warning: Verbosity toggle: newton_convergence 
│  Newton iteration failed with stale Jacobian, retrying with fresh Jacobian
└ @ OrdinaryDiffEqNonlinearSolve ~/.julia/packages/OrdinaryDiffEqNonlinearSolve/doSPx/src/nlsolve.jl:144
┌ Warning: Verbosity toggle: newton_convergence 
│  Newton iteration failed with stale Jacobian, retrying with fresh Jacobian
└ @ OrdinaryDiffEqNonlinearSolve ~/.julia/packages/OrdinaryDiffEqNonlinearSolve/doSPx/src/nlsolve.jl:144
┌ Warning: Verbosity toggle: newton_convergence 
│  Newton iteration diverging: θ = Dual{ForwardDiff.Tag{PEtab.var"#_get_hess_gaussnewton##0#_get_hess_gaussnewton##1"{PEtab.PEtabODEProblemInfo{ODESolver, ODESolver, PEtab.PEtabODEProblemCache{Vector{Float64}, PreallocationTools.DiffCache{Vector{Float64}, Vector{Float64}}, Vector{Float64}, Matrix{Float64}, Dict{Symbol, PreallocationTools.DiffCache}, Dict{Symbol, PreallocationTools.DiffCache}, Dict{Symbol, PreallocationTools.DiffCache}, Vector{Float64}}}, PEtab.ModelInfo}, Float64}}(2.1493308415791224,0.0,0.0,0.0,0.0,0.0,0.0,0.0,0.0,0.0) > 2, ndz = 1.492487334601636, ndzprev = 0.6943962770780786
└ @ OrdinaryDiffEqNonlinearSolve ~/.julia/packages/OrdinaryDiffEqNonlinearSolve/doSPx/src/nlsolve.jl:101
┌ Warning: Verbosity toggle: newton_convergence 
│  Newton iteration failed with stale Jacobian, retrying with fresh Jacobian
└ @ OrdinaryDiffEqNonlinearSolve ~/.julia/packages/OrdinaryDiffEqNonlinearSolve/doSPx/src/nlsolve.jl:144
┌ Warning: Verbosity toggle: newton_convergence 
│  Newton iteration failed with stale Jacobian, retrying with fresh Jacobian
└ @ OrdinaryDiffEqNonlinearSolve ~/.julia/packages/OrdinaryDiffEqNonlinearSolve/doSPx/src/nlsolve.jl:144
┌ Warning: Verbosity toggle: newton_convergence 
│  Newton iteration diverging: θ = Dual{ForwardDiff.Tag{PEtab.var"#_get_hess_gaussnewton##0#_get_hess_gaussnewton##1"{PEtab.PEtabODEProblemInfo{ODESolver, ODESolver, PEtab.PEtabODEProblemCache{Vector{Float64}, PreallocationTools.DiffCache{Vector{Float64}, Vector{Float64}}, Vector{Float64}, Matrix{Float64}, Dict{Symbol, PreallocationTools.DiffCache}, Dict{Symbol, PreallocationTools.DiffCache}, Dict{Symbol, PreallocationTools.DiffCache}, Vector{Float64}}}, PEtab.ModelInfo}, Float64}}(3.790171074934965,0.0,0.0,0.0,0.0,0.0,0.0,0.0,0.0,0.0) > 2, ndz = 0.8184910825520105, ndzprev = 0.21595096009381448
└ @ OrdinaryDiffEqNonlinearSolve ~/.julia/packages/OrdinaryDiffEqNonlinearSolve/doSPx/src/nlsolve.jl:101
┌ Warning: Verbosity toggle: newton_convergence 
│  Newton iteration failed with stale Jacobian, retrying with fresh Jacobian
└ @ OrdinaryDiffEqNonlinearSolve ~/.julia/packages/OrdinaryDiffEqNonlinearSolve/doSPx/src/nlsolve.jl:144
┌ Warning: Verbosity toggle: newton_convergence 
│  Newton iteration diverging: θ = Dual{ForwardDiff.Tag{PEtab.var"#_get_hess_gaussnewton##0#_get_hess_gaussnewton##1"{PEtab.PEtabODEProblemInfo{ODESolver, ODESolver, PEtab.PEtabODEProblemCache{Vector{Float64}, PreallocationTools.DiffCache{Vector{Float64}, Vector{Float64}}, Vector{Float64}, Matrix{Float64}, Dict{Symbol, PreallocationTools.DiffCache}, Dict{Symbol, PreallocationTools.DiffCache}, Dict{Symbol, PreallocationTools.DiffCache}, Vector{Float64}}}, PEtab.ModelInfo}, Float64}}(3.8595441934271077,0.0,0.0,0.0,0.0,0.0,0.0,0.0,0.0,0.0) > 2, ndz = 0.21443235263066693, ndzprev = 0.055558983621913215
└ @ OrdinaryDiffEqNonlinearSolve ~/.julia/packages/OrdinaryDiffEqNonlinearSolve/doSPx/src/nlsolve.jl:101
┌ Warning: Verbosity toggle: newton_convergence 
│  Newton iteration failed with stale Jacobian, retrying with fresh Jacobian
└ @ OrdinaryDiffEqNonlinearSolve ~/.julia/packages/OrdinaryDiffEqNonlinearSolve/doSPx/src/nlsolve.jl:144
┌ Warning: Verbosity toggle: newton_convergence 
│  Newton iteration failed with stale Jacobian, retrying with fresh Jacobian
└ @ OrdinaryDiffEqNonlinearSolve ~/.julia/packages/OrdinaryDiffEqNonlinearSolve/doSPx/src/nlsolve.jl:144
┌ Warning: Verbosity toggle: newton_convergence 
│  Newton iteration failed with stale Jacobian, retrying with fresh Jacobian
└ @ OrdinaryDiffEqNonlinearSolve ~/.julia/packages/OrdinaryDiffEqNonlinearSolve/doSPx/src/nlsolve.jl:144
┌ Warning: Verbosity toggle: newton_convergence 
│  Newton iteration failed with stale Jacobian, retrying with fresh Jacobian
└ @ OrdinaryDiffEqNonlinearSolve ~/.julia/packages/OrdinaryDiffEqNonlinearSolve/doSPx/src/nlsolve.jl:144
┌ Warning: Verbosity toggle: newton_convergence 
│  Newton iteration diverging: θ = Dual{ForwardDiff.Tag{PEtab.var"#_get_hess_gaussnewton##0#_get_hess_gaussnewton##1"{PEtab.PEtabODEProblemInfo{ODESolver, ODESolver, PEtab.PEtabODEProblemCache{Vector{Float64}, PreallocationTools.DiffCache{Vector{Float64}, Vector{Float64}}, Vector{Float64}, Matrix{Float64}, Dict{Symbol, PreallocationTools.DiffCache}, Dict{Symbol, PreallocationTools.DiffCache}, Dict{Symbol, PreallocationTools.DiffCache}, Vector{Float64}}}, PEtab.ModelInfo}, Float64}}(2.1493308415791224,0.0,0.0,0.0,0.0,0.0,0.0,0.0,0.0,0.0) > 2, ndz = 1.492487334601636, ndzprev = 0.6943962770780786
└ @ OrdinaryDiffEqNonlinearSolve ~/.julia/packages/OrdinaryDiffEqNonlinearSolve/doSPx/src/nlsolve.jl:101
┌ Warning: Verbosity toggle: newton_convergence 
│  Newton iteration failed with stale Jacobian, retrying with fresh Jacobian
└ @ OrdinaryDiffEqNonlinearSolve ~/.julia/packages/OrdinaryDiffEqNonlinearSolve/doSPx/src/nlsolve.jl:144
┌ Warning: Verbosity toggle: newton_convergence 
│  Newton iteration failed with stale Jacobian, retrying with fresh Jacobian
└ @ OrdinaryDiffEqNonlinearSolve ~/.julia/packages/OrdinaryDiffEqNonlinearSolve/doSPx/src/nlsolve.jl:144
┌ Warning: Verbosity toggle: newton_convergence 
│  Newton iteration diverging: θ = Dual{ForwardDiff.Tag{PEtab.var"#_get_hess_gaussnewton##0#_get_hess_gaussnewton##1"{PEtab.PEtabODEProblemInfo{ODESolver, ODESolver, PEtab.PEtabODEProblemCache{Vector{Float64}, PreallocationTools.DiffCache{Vector{Float64}, Vector{Float64}}, Vector{Float64}, Matrix{Float64}, Dict{Symbol, PreallocationTools.DiffCache}, Dict{Symbol, PreallocationTools.DiffCache}, Dict{Symbol, PreallocationTools.DiffCache}, Vector{Float64}}}, PEtab.ModelInfo}, Float64}}(3.3295876142706358,0.0,0.0,0.0,0.0,0.0,0.0,0.0,0.0,0.0) > 2, ndz = 0.5286865465955294, ndzprev = 0.1587843924964086
└ @ OrdinaryDiffEqNonlinearSolve ~/.julia/packages/OrdinaryDiffEqNonlinearSolve/doSPx/src/nlsolve.jl:101
┌ Warning: Verbosity toggle: newton_convergence 
│  Newton iteration failed with stale Jacobian, retrying with fresh Jacobian
└ @ OrdinaryDiffEqNonlinearSolve ~/.julia/packages/OrdinaryDiffEqNonlinearSolve/doSPx/src/nlsolve.jl:144
┌ Warning: Verbosity toggle: newton_convergence 
│  Newton iteration diverging: θ = Dual{ForwardDiff.Tag{PEtab.var"#_get_hess_gaussnewton##0#_get_hess_gaussnewton##1"{PEtab.PEtabODEProblemInfo{ODESolver, ODESolver, PEtab.PEtabODEProblemCache{Vector{Float64}, PreallocationTools.DiffCache{Vector{Float64}, Vector{Float64}}, Vector{Float64}, Matrix{Float64}, Dict{Symbol, PreallocationTools.DiffCache}, Dict{Symbol, PreallocationTools.DiffCache}, Dict{Symbol, PreallocationTools.DiffCache}, Vector{Float64}}}, PEtab.ModelInfo}, Float64}}(3.790171074934965,0.0,0.0,0.0,0.0,0.0,0.0,0.0,0.0,0.0) > 2, ndz = 0.8184910825520105, ndzprev = 0.21595096009381448
└ @ OrdinaryDiffEqNonlinearSolve ~/.julia/packages/OrdinaryDiffEqNonlinearSolve/doSPx/src/nlsolve.jl:101
┌ Warning: Verbosity toggle: newton_convergence 
│  Newton iteration failed with stale Jacobian, retrying with fresh Jacobian
└ @ OrdinaryDiffEqNonlinearSolve ~/.julia/packages/OrdinaryDiffEqNonlinearSolve/doSPx/src/nlsolve.jl:144
┌ Warning: Verbosity toggle: newton_convergence 
│  Newton iteration diverging: θ = Dual{ForwardDiff.Tag{PEtab.var"#_get_hess_gaussnewton##0#_get_hess_gaussnewton##1"{PEtab.PEtabODEProblemInfo{ODESolver, ODESolver, PEtab.PEtabODEProblemCache{Vector{Float64}, PreallocationTools.DiffCache{Vector{Float64}, Vector{Float64}}, Vector{Float64}, Matrix{Float64}, Dict{Symbol, PreallocationTools.DiffCache}, Dict{Symbol, PreallocationTools.DiffCache}, Dict{Symbol, PreallocationTools.DiffCache}, Vector{Float64}}}, PEtab.ModelInfo}, Float64}}(3.790171074934965,0.0,0.0,0.0,0.0,0.0,0.0,0.0,0.0,0.0) > 2, ndz = 0.8184910825520105, ndzprev = 0.21595096009381448
└ @ OrdinaryDiffEqNonlinearSolve ~/.julia/packages/OrdinaryDiffEqNonlinearSolve/doSPx/src/nlsolve.jl:101
┌ Warning: Verbosity toggle: newton_convergence 
│  Newton iteration failed with stale Jacobian, retrying with fresh Jacobian
└ @ OrdinaryDiffEqNonlinearSolve ~/.julia/packages/OrdinaryDiffEqNonlinearSolve/doSPx/src/nlsolve.jl:144
┌ Warning: Verbosity toggle: newton_convergence 
│  Newton iteration diverging: θ = Dual{ForwardDiff.Tag{PEtab.var"#_get_hess_gaussnewton##0#_get_hess_gaussnewton##1"{PEtab.PEtabODEProblemInfo{ODESolver, ODESolver, PEtab.PEtabODEProblemCache{Vector{Float64}, PreallocationTools.DiffCache{Vector{Float64}, Vector{Float64}}, Vector{Float64}, Matrix{Float64}, Dict{Symbol, PreallocationTools.DiffCache}, Dict{Symbol, PreallocationTools.DiffCache}, Dict{Symbol, PreallocationTools.DiffCache}, Vector{Float64}}}, PEtab.ModelInfo}, Float64}}(3.8595441934271077,0.0,0.0,0.0,0.0,0.0,0.0,0.0,0.0,0.0) > 2, ndz = 0.21443235263066693, ndzprev = 0.055558983621913215
└ @ OrdinaryDiffEqNonlinearSolve ~/.julia/packages/OrdinaryDiffEqNonlinearSolve/doSPx/src/nlsolve.jl:101
┌ Warning: Verbosity toggle: newton_convergence 
│  Newton iteration failed with stale Jacobian, retrying with fresh Jacobian
└ @ OrdinaryDiffEqNonlinearSolve ~/.julia/packages/OrdinaryDiffEqNonlinearSolve/doSPx/src/nlsolve.jl:144
┌ Warning: Verbosity toggle: newton_convergence 
│  Newton iteration failed with stale Jacobian, retrying with fresh Jacobian
└ @ OrdinaryDiffEqNonlinearSolve ~/.julia/packages/OrdinaryDiffEqNonlinearSolve/doSPx/src/nlsolve.jl:144
┌ Warning: Verbosity toggle: newton_convergence 
│  Newton iteration failed with stale Jacobian, retrying with fresh Jacobian
└ @ OrdinaryDiffEqNonlinearSolve ~/.julia/packages/OrdinaryDiffEqNonlinearSolve/doSPx/src/nlsolve.jl:144
┌ Warning: Verbosity toggle: newton_convergence 
│  Newton iteration diverging: θ = Dual{ForwardDiff.Tag{PEtab.var"#_get_hess_gaussnewton##0#_get_hess_gaussnewton##1"{PEtab.PEtabODEProblemInfo{ODESolver, ODESolver, PEtab.PEtabODEProblemCache{Vector{Float64}, PreallocationTools.DiffCache{Vector{Float64}, Vector{Float64}}, Vector{Float64}, Matrix{Float64}, Dict{Symbol, PreallocationTools.DiffCache}, Dict{Symbol, PreallocationTools.DiffCache}, Dict{Symbol, PreallocationTools.DiffCache}, Vector{Float64}}}, PEtab.ModelInfo}, Float64}}(3.790171074934965,0.0,0.0,0.0,0.0,0.0,0.0,0.0,0.0,0.0) > 2, ndz = 0.8184910825520105, ndzprev = 0.21595096009381448
└ @ OrdinaryDiffEqNonlinearSolve ~/.julia/packages/OrdinaryDiffEqNonlinearSolve/doSPx/src/nlsolve.jl:101
┌ Warning: Verbosity toggle: newton_convergence 
│  Newton iteration failed with stale Jacobian, retrying with fresh Jacobian
└ @ OrdinaryDiffEqNonlinearSolve ~/.julia/packages/OrdinaryDiffEqNonlinearSolve/doSPx/src/nlsolve.jl:144
┌ Warning: Verbosity toggle: newton_convergence 
│  Newton iteration failed with stale Jacobian, retrying with fresh Jacobian
└ @ OrdinaryDiffEqNonlinearSolve ~/.julia/packages/OrdinaryDiffEqNonlinearSolve/doSPx/src/nlsolve.jl:144
┌ Warning: Verbosity toggle: newton_convergence 
│  Newton iteration failed with stale Jacobian, retrying with fresh Jacobian
└ @ OrdinaryDiffEqNonlinearSolve ~/.julia/packages/OrdinaryDiffEqNonlinearSolve/doSPx/src/nlsolve.jl:144
┌ Warning: Verbosity toggle: newton_convergence 
│  Newton iteration failed with stale Jacobian, retrying with fresh Jacobian
└ @ OrdinaryDiffEqNonlinearSolve ~/.julia/packages/OrdinaryDiffEqNonlinearSolve/doSPx/src/nlsolve.jl:144
┌ Warning: Verbosity toggle: newton_convergence 
│  Newton iteration failed with stale Jacobian, retrying with fresh Jacobian
└ @ OrdinaryDiffEqNonlinearSolve ~/.julia/packages/OrdinaryDiffEqNonlinearSolve/doSPx/src/nlsolve.jl:144
┌ Warning: Verbosity toggle: newton_convergence 
│  Newton iteration diverging: θ = Dual{ForwardDiff.Tag{PEtab.var"#_get_hess_gaussnewton##0#_get_hess_gaussnewton##1"{PEtab.PEtabODEProblemInfo{ODESolver, ODESolver, PEtab.PEtabODEProblemCache{Vector{Float64}, PreallocationTools.DiffCache{Vector{Float64}, Vector{Float64}}, Vector{Float64}, Matrix{Float64}, Dict{Symbol, PreallocationTools.DiffCache}, Dict{Symbol, PreallocationTools.DiffCache}, Dict{Symbol, PreallocationTools.DiffCache}, Vector{Float64}}}, PEtab.ModelInfo}, Float64}}(2.5795599886247382,0.0,0.0,0.0,0.0,0.0,0.0,0.0,0.0,0.0) > 2, ndz = 1.8781529498207368, ndzprev = 0.7280904332920948
└ @ OrdinaryDiffEqNonlinearSolve ~/.julia/packages/OrdinaryDiffEqNonlinearSolve/doSPx/src/nlsolve.jl:101
┌ Warning: Verbosity toggle: newton_convergence 
│  Newton iteration failed with stale Jacobian, retrying with fresh Jacobian
└ @ OrdinaryDiffEqNonlinearSolve ~/.julia/packages/OrdinaryDiffEqNonlinearSolve/doSPx/src/nlsolve.jl:144
┌ Warning: Verbosity toggle: newton_convergence 
│  Newton iteration diverging: θ = Dual{ForwardDiff.Tag{PEtab.var"#_get_hess_gaussnewton##0#_get_hess_gaussnewton##1"{PEtab.PEtabODEProblemInfo{ODESolver, ODESolver, PEtab.PEtabODEProblemCache{Vector{Float64}, PreallocationTools.DiffCache{Vector{Float64}, Vector{Float64}}, Vector{Float64}, Matrix{Float64}, Dict{Symbol, PreallocationTools.DiffCache}, Dict{Symbol, PreallocationTools.DiffCache}, Dict{Symbol, PreallocationTools.DiffCache}, Vector{Float64}}}, PEtab.ModelInfo}, Float64}}(2.301907993567602,0.0,0.0,0.0,0.0,0.0,0.0,0.0,0.0,0.0) > 2, ndz = 0.5767353291033978, ndzprev = 0.2505466468316777
└ @ OrdinaryDiffEqNonlinearSolve ~/.julia/packages/OrdinaryDiffEqNonlinearSolve/doSPx/src/nlsolve.jl:101
┌ Warning: Verbosity toggle: newton_convergence 
│  Newton iteration failed with stale Jacobian, retrying with fresh Jacobian
└ @ OrdinaryDiffEqNonlinearSolve ~/.julia/packages/OrdinaryDiffEqNonlinearSolve/doSPx/src/nlsolve.jl:144
┌ Warning: Verbosity toggle: newton_convergence 
│  Newton iteration diverging: θ = Dual{ForwardDiff.Tag{PEtab.var"#_get_hess_gaussnewton##0#_get_hess_gaussnewton##1"{PEtab.PEtabODEProblemInfo{ODESolver, ODESolver, PEtab.PEtabODEProblemCache{Vector{Float64}, PreallocationTools.DiffCache{Vector{Float64}, Vector{Float64}}, Vector{Float64}, Matrix{Float64}, Dict{Symbol, PreallocationTools.DiffCache}, Dict{Symbol, PreallocationTools.DiffCache}, Dict{Symbol, PreallocationTools.DiffCache}, Vector{Float64}}}, PEtab.ModelInfo}, Float64}}(2.4907868569592337,0.0,0.0,0.0,0.0,0.0,0.0,0.0,0.0,0.0) > 2, ndz = 0.2840742013955914, ndzprev = 0.11404998408510585
└ @ OrdinaryDiffEqNonlinearSolve ~/.julia/packages/OrdinaryDiffEqNonlinearSolve/doSPx/src/nlsolve.jl:101
┌ Warning: Verbosity toggle: newton_convergence 
│  Newton iteration failed with stale Jacobian, retrying with fresh Jacobian
└ @ OrdinaryDiffEqNonlinearSolve ~/.julia/packages/OrdinaryDiffEqNonlinearSolve/doSPx/src/nlsolve.jl:144
┌ Warning: Verbosity toggle: newton_convergence 
│  Newton iteration failed with stale Jacobian, retrying with fresh Jacobian
└ @ OrdinaryDiffEqNonlinearSolve ~/.julia/packages/OrdinaryDiffEqNonlinearSolve/doSPx/src/nlsolve.jl:144
┌ Warning: Verbosity toggle: newton_convergence 
│  Newton iteration failed with stale Jacobian, retrying with fresh Jacobian
└ @ OrdinaryDiffEqNonlinearSolve ~/.julia/packages/OrdinaryDiffEqNonlinearSolve/doSPx/src/nlsolve.jl:144
┌ Warning: Verbosity toggle: newton_convergence 
│  Newton iteration failed with stale Jacobian, retrying with fresh Jacobian
└ @ OrdinaryDiffEqNonlinearSolve ~/.julia/packages/OrdinaryDiffEqNonlinearSolve/doSPx/src/nlsolve.jl:144
┌ Warning: Verbosity toggle: newton_convergence 
│  Newton iteration failed with stale Jacobian, retrying with fresh Jacobian
└ @ OrdinaryDiffEqNonlinearSolve ~/.julia/packages/OrdinaryDiffEqNonlinearSolve/doSPx/src/nlsolve.jl:144
┌ Warning: Verbosity toggle: newton_convergence 
│  Newton iteration diverging: θ = Dual{ForwardDiff.Tag{PEtab.var"#_get_hess_gaussnewton##0#_get_hess_gaussnewton##1"{PEtab.PEtabODEProblemInfo{ODESolver, ODESolver, PEtab.PEtabODEProblemCache{Vector{Float64}, PreallocationTools.DiffCache{Vector{Float64}, Vector{Float64}}, Vector{Float64}, Matrix{Float64}, Dict{Symbol, PreallocationTools.DiffCache}, Dict{Symbol, PreallocationTools.DiffCache}, Dict{Symbol, PreallocationTools.DiffCache}, Vector{Float64}}}, PEtab.ModelInfo}, Float64}}(2.5795599886247382,0.0,0.0,0.0,0.0,0.0,0.0,0.0,0.0,0.0) > 2, ndz = 1.8781529498207368, ndzprev = 0.7280904332920948
└ @ OrdinaryDiffEqNonlinearSolve ~/.julia/packages/OrdinaryDiffEqNonlinearSolve/doSPx/src/nlsolve.jl:101
┌ Warning: Verbosity toggle: newton_convergence 
│  Newton iteration failed with stale Jacobian, retrying with fresh Jacobian
└ @ OrdinaryDiffEqNonlinearSolve ~/.julia/packages/OrdinaryDiffEqNonlinearSolve/doSPx/src/nlsolve.jl:144
┌ Warning: Verbosity toggle: newton_convergence 
│  Newton iteration diverging: θ = Dual{ForwardDiff.Tag{PEtab.var"#_get_hess_gaussnewton##0#_get_hess_gaussnewton##1"{PEtab.PEtabODEProblemInfo{ODESolver, ODESolver, PEtab.PEtabODEProblemCache{Vector{Float64}, PreallocationTools.DiffCache{Vector{Float64}, Vector{Float64}}, Vector{Float64}, Matrix{Float64}, Dict{Symbol, PreallocationTools.DiffCache}, Dict{Symbol, PreallocationTools.DiffCache}, Dict{Symbol, PreallocationTools.DiffCache}, Vector{Float64}}}, PEtab.ModelInfo}, Float64}}(2.301907993567602,0.0,0.0,0.0,0.0,0.0,0.0,0.0,0.0,0.0) > 2, ndz = 0.5767353291033978, ndzprev = 0.2505466468316777
└ @ OrdinaryDiffEqNonlinearSolve ~/.julia/packages/OrdinaryDiffEqNonlinearSolve/doSPx/src/nlsolve.jl:101
┌ Warning: Verbosity toggle: newton_convergence 
│  Newton iteration failed with stale Jacobian, retrying with fresh Jacobian
└ @ OrdinaryDiffEqNonlinearSolve ~/.julia/packages/OrdinaryDiffEqNonlinearSolve/doSPx/src/nlsolve.jl:144
┌ Warning: Verbosity toggle: newton_convergence 
│  Newton iteration diverging: θ = Dual{ForwardDiff.Tag{PEtab.var"#_get_hess_gaussnewton##0#_get_hess_gaussnewton##1"{PEtab.PEtabODEProblemInfo{ODESolver, ODESolver, PEtab.PEtabODEProblemCache{Vector{Float64}, PreallocationTools.DiffCache{Vector{Float64}, Vector{Float64}}, Vector{Float64}, Matrix{Float64}, Dict{Symbol, PreallocationTools.DiffCache}, Dict{Symbol, PreallocationTools.DiffCache}, Dict{Symbol, PreallocationTools.DiffCache}, Vector{Float64}}}, PEtab.ModelInfo}, Float64}}(2.4907868569592337,0.0,0.0,0.0,0.0,0.0,0.0,0.0,0.0,0.0) > 2, ndz = 0.2840742013955914, ndzprev = 0.11404998408510585
└ @ OrdinaryDiffEqNonlinearSolve ~/.julia/packages/OrdinaryDiffEqNonlinearSolve/doSPx/src/nlsolve.jl:101
┌ Warning: Verbosity toggle: newton_convergence 
│  Newton iteration failed with stale Jacobian, retrying with fresh Jacobian
└ @ OrdinaryDiffEqNonlinearSolve ~/.julia/packages/OrdinaryDiffEqNonlinearSolve/doSPx/src/nlsolve.jl:144
┌ Warning: Verbosity toggle: newton_convergence 
│  Newton iteration failed with stale Jacobian, retrying with fresh Jacobian
└ @ OrdinaryDiffEqNonlinearSolve ~/.julia/packages/OrdinaryDiffEqNonlinearSolve/doSPx/src/nlsolve.jl:144
┌ Warning: Verbosity toggle: newton_convergence 
│  Newton iteration failed with stale Jacobian, retrying with fresh Jacobian
└ @ OrdinaryDiffEqNonlinearSolve ~/.julia/packages/OrdinaryDiffEqNonlinearSolve/doSPx/src/nlsolve.jl:144
┌ Warning: Verbosity toggle: newton_convergence 
│  Newton iteration failed with stale Jacobian, retrying with fresh Jacobian
└ @ OrdinaryDiffEqNonlinearSolve ~/.julia/packages/OrdinaryDiffEqNonlinearSolve/doSPx/src/nlsolve.jl:144
┌ Warning: Verbosity toggle: newton_convergence 
│  Newton iteration failed with stale Jacobian, retrying with fresh Jacobian
└ @ OrdinaryDiffEqNonlinearSolve ~/.julia/packages/OrdinaryDiffEqNonlinearSolve/doSPx/src/nlsolve.jl:144
┌ Warning: Verbosity toggle: newton_convergence 
│  Newton iteration failed with stale Jacobian, retrying with fresh Jacobian
└ @ OrdinaryDiffEqNonlinearSolve ~/.julia/packages/OrdinaryDiffEqNonlinearSolve/doSPx/src/nlsolve.jl:144
┌ Warning: Verbosity toggle: newton_convergence 
│  Newton iteration diverging: θ = Dual{ForwardDiff.Tag{PEtab.var"#302#303"{Bool, PEtab.PEtabODEProblemInfo{ODESolver, ODESolver, PEtab.PEtabODEProblemCache{Vector{Float64}, PreallocationTools.DiffCache{Vector{Float64}, Vector{Float64}}, Vector{Float64}, Matrix{Float64}, Dict{Symbol, PreallocationTools.DiffCache}, Dict{Symbol, PreallocationTools.DiffCache}, Dict{Symbol, PreallocationTools.DiffCache}, Vector{Float64}}}, PEtab.PEtabODEProblemInfo{ODESolver, ODESolver, PEtab.PEtabODEProblemCache{Vector{Float64}, PreallocationTools.DiffCache{Vector{Float64}, Vector{Float64}}, Vector{Float64}, Matrix{Float64}, Dict{Symbol, PreallocationTools.DiffCache}, Dict{Symbol, PreallocationTools.DiffCache}, Dict{Symbol, PreallocationTools.DiffCache}, Vector{Float64}}}, Vector{Float64}, Vector{Float64}, Vector{Float64}, PEtab.ModelInfo}, Float64}}(2.096704908522476,0.0,0.0,0.0,0.0,0.0,0.0,0.0,0.0,0.0) > 2, ndz = 1.4280884382031787, ndzprev = 0.681110838439128
└ @ OrdinaryDiffEqNonlinearSolve ~/.julia/packages/OrdinaryDiffEqNonlinearSolve/doSPx/src/nlsolve.jl:101
┌ Warning: Verbosity toggle: newton_convergence 
│  Newton iteration failed with stale Jacobian, retrying with fresh Jacobian
└ @ OrdinaryDiffEqNonlinearSolve ~/.julia/packages/OrdinaryDiffEqNonlinearSolve/doSPx/src/nlsolve.jl:144
┌ Warning: Verbosity toggle: newton_convergence 
│  Newton iteration diverging: θ = Dual{ForwardDiff.Tag{PEtab.var"#302#303"{Bool, PEtab.PEtabODEProblemInfo{ODESolver, ODESolver, PEtab.PEtabODEProblemCache{Vector{Float64}, PreallocationTools.DiffCache{Vector{Float64}, Vector{Float64}}, Vector{Float64}, Matrix{Float64}, Dict{Symbol, PreallocationTools.DiffCache}, Dict{Symbol, PreallocationTools.DiffCache}, Dict{Symbol, PreallocationTools.DiffCache}, Vector{Float64}}}, PEtab.PEtabODEProblemInfo{ODESolver, ODESolver, PEtab.PEtabODEProblemCache{Vector{Float64}, PreallocationTools.DiffCache{Vector{Float64}, Vector{Float64}}, Vector{Float64}, Matrix{Float64}, Dict{Symbol, PreallocationTools.DiffCache}, Dict{Symbol, PreallocationTools.DiffCache}, Dict{Symbol, PreallocationTools.DiffCache}, Vector{Float64}}}, Vector{Float64}, Vector{Float64}, Vector{Float64}, PEtab.ModelInfo}, Float64}}(2.225790444527674,0.0,0.0,0.0,0.0,0.0,0.0,0.0,0.0,0.0) > 2, ndz = 0.36865502527848737, ndzprev = 0.165628811186993
└ @ OrdinaryDiffEqNonlinearSolve ~/.julia/packages/OrdinaryDiffEqNonlinearSolve/doSPx/src/nlsolve.jl:101
┌ Warning: Verbosity toggle: newton_convergence 
│  Newton iteration failed with stale Jacobian, retrying with fresh Jacobian
└ @ OrdinaryDiffEqNonlinearSolve ~/.julia/packages/OrdinaryDiffEqNonlinearSolve/doSPx/src/nlsolve.jl:144
┌ Warning: Verbosity toggle: newton_convergence 
│  Newton iteration failed with stale Jacobian, retrying with fresh Jacobian
└ @ OrdinaryDiffEqNonlinearSolve ~/.julia/packages/OrdinaryDiffEqNonlinearSolve/doSPx/src/nlsolve.jl:144
┌ Warning: Verbosity toggle: newton_convergence 
│  Newton iteration failed with stale Jacobian, retrying with fresh Jacobian
└ @ OrdinaryDiffEqNonlinearSolve ~/.julia/packages/OrdinaryDiffEqNonlinearSolve/doSPx/src/nlsolve.jl:144
┌ Warning: Verbosity toggle: newton_convergence 
│  Newton iteration diverging: θ = Dual{ForwardDiff.Tag{PEtab.var"#302#303"{Bool, PEtab.PEtabODEProblemInfo{ODESolver, ODESolver, PEtab.PEtabODEProblemCache{Vector{Float64}, PreallocationTools.DiffCache{Vector{Float64}, Vector{Float64}}, Vector{Float64}, Matrix{Float64}, Dict{Symbol, PreallocationTools.DiffCache}, Dict{Symbol, PreallocationTools.DiffCache}, Dict{Symbol, PreallocationTools.DiffCache}, Vector{Float64}}}, PEtab.PEtabODEProblemInfo{ODESolver, ODESolver, PEtab.PEtabODEProblemCache{Vector{Float64}, PreallocationTools.DiffCache{Vector{Float64}, Vector{Float64}}, Vector{Float64}, Matrix{Float64}, Dict{Symbol, PreallocationTools.DiffCache}, Dict{Symbol, PreallocationTools.DiffCache}, Dict{Symbol, PreallocationTools.DiffCache}, Vector{Float64}}}, Vector{Float64}, Vector{Float64}, Vector{Float64}, PEtab.ModelInfo}, Float64}}(2.096704908522476,0.0,0.0,0.0,0.0,0.0,0.0,0.0,0.0,0.0) > 2, ndz = 1.4280884382031787, ndzprev = 0.681110838439128
└ @ OrdinaryDiffEqNonlinearSolve ~/.julia/packages/OrdinaryDiffEqNonlinearSolve/doSPx/src/nlsolve.jl:101
┌ Warning: Verbosity toggle: newton_convergence 
│  Newton iteration failed with stale Jacobian, retrying with fresh Jacobian
└ @ OrdinaryDiffEqNonlinearSolve ~/.julia/packages/OrdinaryDiffEqNonlinearSolve/doSPx/src/nlsolve.jl:144
┌ Warning: Verbosity toggle: newton_convergence 
│  Newton iteration diverging: θ = Dual{ForwardDiff.Tag{PEtab.var"#302#303"{Bool, PEtab.PEtabODEProblemInfo{ODESolver, ODESolver, PEtab.PEtabODEProblemCache{Vector{Float64}, PreallocationTools.DiffCache{Vector{Float64}, Vector{Float64}}, Vector{Float64}, Matrix{Float64}, Dict{Symbol, PreallocationTools.DiffCache}, Dict{Symbol, PreallocationTools.DiffCache}, Dict{Symbol, PreallocationTools.DiffCache}, Vector{Float64}}}, PEtab.PEtabODEProblemInfo{ODESolver, ODESolver, PEtab.PEtabODEProblemCache{Vector{Float64}, PreallocationTools.DiffCache{Vector{Float64}, Vector{Float64}}, Vector{Float64}, Matrix{Float64}, Dict{Symbol, PreallocationTools.DiffCache}, Dict{Symbol, PreallocationTools.DiffCache}, Dict{Symbol, PreallocationTools.DiffCache}, Vector{Float64}}}, Vector{Float64}, Vector{Float64}, Vector{Float64}, PEtab.ModelInfo}, Float64}}(2.225790444527674,0.0,0.0,0.0,0.0,0.0,0.0,0.0,0.0,0.0) > 2, ndz = 0.36865502527848737, ndzprev = 0.165628811186993
└ @ OrdinaryDiffEqNonlinearSolve ~/.julia/packages/OrdinaryDiffEqNonlinearSolve/doSPx/src/nlsolve.jl:101
┌ Warning: Verbosity toggle: newton_convergence 
│  Newton iteration failed with stale Jacobian, retrying with fresh Jacobian
└ @ OrdinaryDiffEqNonlinearSolve ~/.julia/packages/OrdinaryDiffEqNonlinearSolve/doSPx/src/nlsolve.jl:144
┌ Warning: Verbosity toggle: newton_convergence 
│  Newton iteration failed with stale Jacobian, retrying with fresh Jacobian
└ @ OrdinaryDiffEqNonlinearSolve ~/.julia/packages/OrdinaryDiffEqNonlinearSolve/doSPx/src/nlsolve.jl:144
┌ Warning: Verbosity toggle: newton_convergence 
│  Newton iteration failed with stale Jacobian, retrying with fresh Jacobian
└ @ OrdinaryDiffEqNonlinearSolve ~/.julia/packages/OrdinaryDiffEqNonlinearSolve/doSPx/src/nlsolve.jl:144
┌ Warning: Verbosity toggle: newton_convergence 
│  Newton iteration failed with stale Jacobian, retrying with fresh Jacobian
└ @ OrdinaryDiffEqNonlinearSolve ~/.julia/packages/OrdinaryDiffEqNonlinearSolve/doSPx/src/nlsolve.jl:144
┌ Warning: Verbosity toggle: newton_convergence 
│  Newton iteration failed with stale Jacobian, retrying with fresh Jacobian
└ @ OrdinaryDiffEqNonlinearSolve ~/.julia/packages/OrdinaryDiffEqNonlinearSolve/doSPx/src/nlsolve.jl:144
┌ Warning: Verbosity toggle: newton_convergence 
│  Newton iteration failed with stale Jacobian, retrying with fresh Jacobian
└ @ OrdinaryDiffEqNonlinearSolve ~/.julia/packages/OrdinaryDiffEqNonlinearSolve/doSPx/src/nlsolve.jl:144
┌ Warning: Verbosity toggle: newton_convergence 
│  Newton iteration failed with stale Jacobian, retrying with fresh Jacobian
└ @ OrdinaryDiffEqNonlinearSolve ~/.julia/packages/OrdinaryDiffEqNonlinearSolve/doSPx/src/nlsolve.jl:144
┌ Warning: Verbosity toggle: newton_convergence 
│  Newton iteration failed with stale Jacobian, retrying with fresh Jacobian
└ @ OrdinaryDiffEqNonlinearSolve ~/.julia/packages/OrdinaryDiffEqNonlinearSolve/doSPx/src/nlsolve.jl:144
┌ Warning: Verbosity toggle: newton_convergence 
│  Newton iteration failed with stale Jacobian, retrying with fresh Jacobian
└ @ OrdinaryDiffEqNonlinearSolve ~/.julia/packages/OrdinaryDiffEqNonlinearSolve/doSPx/src/nlsolve.jl:144
┌ Warning: Verbosity toggle: newton_convergence 
│  Newton iteration diverging: θ = Dual{ForwardDiff.Tag{PEtab.var"#302#303"{Bool, PEtab.PEtabODEProblemInfo{ODESolver, ODESolver, PEtab.PEtabODEProblemCache{Vector{Float64}, PreallocationTools.DiffCache{Vector{Float64}, Vector{Float64}}, Vector{Float64}, Matrix{Float64}, Dict{Symbol, PreallocationTools.DiffCache}, Dict{Symbol, PreallocationTools.DiffCache}, Dict{Symbol, PreallocationTools.DiffCache}, Vector{Float64}}}, PEtab.PEtabODEProblemInfo{ODESolver, ODESolver, PEtab.PEtabODEProblemCache{Vector{Float64}, PreallocationTools.DiffCache{Vector{Float64}, Vector{Float64}}, Vector{Float64}, Matrix{Float64}, Dict{Symbol, PreallocationTools.DiffCache}, Dict{Symbol, PreallocationTools.DiffCache}, Dict{Symbol, PreallocationTools.DiffCache}, Vector{Float64}}}, Vector{Float64}, Vector{Float64}, Vector{Float64}, PEtab.ModelInfo}, Float64}}(2.2969157069517583,0.0,0.0,0.0,0.0,0.0,0.0,0.0,0.0,0.0) > 2, ndz = 0.6139909944930333, ndzprev = 0.26731106963775436
└ @ OrdinaryDiffEqNonlinearSolve ~/.julia/packages/OrdinaryDiffEqNonlinearSolve/doSPx/src/nlsolve.jl:101
┌ Warning: Verbosity toggle: newton_convergence 
│  Newton iteration failed with stale Jacobian, retrying with fresh Jacobian
└ @ OrdinaryDiffEqNonlinearSolve ~/.julia/packages/OrdinaryDiffEqNonlinearSolve/doSPx/src/nlsolve.jl:144
┌ Warning: Verbosity toggle: newton_convergence 
│  Newton iteration diverging: θ = Dual{ForwardDiff.Tag{PEtab.var"#302#303"{Bool, PEtab.PEtabODEProblemInfo{ODESolver, ODESolver, PEtab.PEtabODEProblemCache{Vector{Float64}, PreallocationTools.DiffCache{Vector{Float64}, Vector{Float64}}, Vector{Float64}, Matrix{Float64}, Dict{Symbol, PreallocationTools.DiffCache}, Dict{Symbol, PreallocationTools.DiffCache}, Dict{Symbol, PreallocationTools.DiffCache}, Vector{Float64}}}, PEtab.PEtabODEProblemInfo{ODESolver, ODESolver, PEtab.PEtabODEProblemCache{Vector{Float64}, PreallocationTools.DiffCache{Vector{Float64}, Vector{Float64}}, Vector{Float64}, Matrix{Float64}, Dict{Symbol, PreallocationTools.DiffCache}, Dict{Symbol, PreallocationTools.DiffCache}, Dict{Symbol, PreallocationTools.DiffCache}, Vector{Float64}}}, Vector{Float64}, Vector{Float64}, Vector{Float64}, PEtab.ModelInfo}, Float64}}(2.6705030593226518,0.0,0.0,0.0,0.0,0.0,0.0,0.0,0.0,0.0) > 2, ndz = 0.3939829878273547, ndzprev = 0.14753137482916226
└ @ OrdinaryDiffEqNonlinearSolve ~/.julia/packages/OrdinaryDiffEqNonlinearSolve/doSPx/src/nlsolve.jl:101
┌ Warning: Verbosity toggle: newton_convergence 
│  Newton iteration failed with stale Jacobian, retrying with fresh Jacobian
└ @ OrdinaryDiffEqNonlinearSolve ~/.julia/packages/OrdinaryDiffEqNonlinearSolve/doSPx/src/nlsolve.jl:144
┌ Warning: Verbosity toggle: newton_convergence 
│  Newton iteration failed with stale Jacobian, retrying with fresh Jacobian
└ @ OrdinaryDiffEqNonlinearSolve ~/.julia/packages/OrdinaryDiffEqNonlinearSolve/doSPx/src/nlsolve.jl:144
┌ Warning: Verbosity toggle: newton_convergence 
│  Newton iteration failed with stale Jacobian, retrying with fresh Jacobian
└ @ OrdinaryDiffEqNonlinearSolve ~/.julia/packages/OrdinaryDiffEqNonlinearSolve/doSPx/src/nlsolve.jl:144
┌ Warning: Verbosity toggle: newton_convergence 
│  Newton iteration failed with stale Jacobian, retrying with fresh Jacobian
└ @ OrdinaryDiffEqNonlinearSolve ~/.julia/packages/OrdinaryDiffEqNonlinearSolve/doSPx/src/nlsolve.jl:144
┌ Warning: Verbosity toggle: newton_convergence 
│  Newton iteration diverging: θ = Dual{ForwardDiff.Tag{PEtab.var"#302#303"{Bool, PEtab.PEtabODEProblemInfo{ODESolver, ODESolver, PEtab.PEtabODEProblemCache{Vector{Float64}, PreallocationTools.DiffCache{Vector{Float64}, Vector{Float64}}, Vector{Float64}, Matrix{Float64}, Dict{Symbol, PreallocationTools.DiffCache}, Dict{Symbol, PreallocationTools.DiffCache}, Dict{Symbol, PreallocationTools.DiffCache}, Vector{Float64}}}, PEtab.PEtabODEProblemInfo{ODESolver, ODESolver, PEtab.PEtabODEProblemCache{Vector{Float64}, PreallocationTools.DiffCache{Vector{Float64}, Vector{Float64}}, Vector{Float64}, Matrix{Float64}, Dict{Symbol, PreallocationTools.DiffCache}, Dict{Symbol, PreallocationTools.DiffCache}, Dict{Symbol, PreallocationTools.DiffCache}, Vector{Float64}}}, Vector{Float64}, Vector{Float64}, Vector{Float64}, PEtab.ModelInfo}, Float64}}(2.2969157069517583,0.0,0.0,0.0,0.0,0.0,0.0,0.0,0.0,0.0) > 2, ndz = 0.6139909944930333, ndzprev = 0.26731106963775436
└ @ OrdinaryDiffEqNonlinearSolve ~/.julia/packages/OrdinaryDiffEqNonlinearSolve/doSPx/src/nlsolve.jl:101
┌ Warning: Verbosity toggle: newton_convergence 
│  Newton iteration failed with stale Jacobian, retrying with fresh Jacobian
└ @ OrdinaryDiffEqNonlinearSolve ~/.julia/packages/OrdinaryDiffEqNonlinearSolve/doSPx/src/nlsolve.jl:144
┌ Warning: Verbosity toggle: newton_convergence 
│  Newton iteration diverging: θ = Dual{ForwardDiff.Tag{PEtab.var"#302#303"{Bool, PEtab.PEtabODEProblemInfo{ODESolver, ODESolver, PEtab.PEtabODEProblemCache{Vector{Float64}, PreallocationTools.DiffCache{Vector{Float64}, Vector{Float64}}, Vector{Float64}, Matrix{Float64}, Dict{Symbol, PreallocationTools.DiffCache}, Dict{Symbol, PreallocationTools.DiffCache}, Dict{Symbol, PreallocationTools.DiffCache}, Vector{Float64}}}, PEtab.PEtabODEProblemInfo{ODESolver, ODESolver, PEtab.PEtabODEProblemCache{Vector{Float64}, PreallocationTools.DiffCache{Vector{Float64}, Vector{Float64}}, Vector{Float64}, Matrix{Float64}, Dict{Symbol, PreallocationTools.DiffCache}, Dict{Symbol, PreallocationTools.DiffCache}, Dict{Symbol, PreallocationTools.DiffCache}, Vector{Float64}}}, Vector{Float64}, Vector{Float64}, Vector{Float64}, PEtab.ModelInfo}, Float64}}(2.6705030593226518,0.0,0.0,0.0,0.0,0.0,0.0,0.0,0.0,0.0) > 2, ndz = 0.3939829878273547, ndzprev = 0.14753137482916226
└ @ OrdinaryDiffEqNonlinearSolve ~/.julia/packages/OrdinaryDiffEqNonlinearSolve/doSPx/src/nlsolve.jl:101
┌ Warning: Verbosity toggle: newton_convergence 
│  Newton iteration failed with stale Jacobian, retrying with fresh Jacobian
└ @ OrdinaryDiffEqNonlinearSolve ~/.julia/packages/OrdinaryDiffEqNonlinearSolve/doSPx/src/nlsolve.jl:144
┌ Warning: Verbosity toggle: newton_convergence 
│  Newton iteration failed with stale Jacobian, retrying with fresh Jacobian
└ @ OrdinaryDiffEqNonlinearSolve ~/.julia/packages/OrdinaryDiffEqNonlinearSolve/doSPx/src/nlsolve.jl:144
┌ Warning: Verbosity toggle: newton_convergence 
│  Newton iteration failed with stale Jacobian, retrying with fresh Jacobian
└ @ OrdinaryDiffEqNonlinearSolve ~/.julia/packages/OrdinaryDiffEqNonlinearSolve/doSPx/src/nlsolve.jl:144
┌ Warning: Verbosity toggle: newton_convergence 
│  Newton iteration failed with stale Jacobian, retrying with fresh Jacobian
└ @ OrdinaryDiffEqNonlinearSolve ~/.julia/packages/OrdinaryDiffEqNonlinearSolve/doSPx/src/nlsolve.jl:144
┌ Warning: Verbosity toggle: newton_convergence 
│  Newton iteration failed with stale Jacobian, retrying with fresh Jacobian
└ @ OrdinaryDiffEqNonlinearSolve ~/.julia/packages/OrdinaryDiffEqNonlinearSolve/doSPx/src/nlsolve.jl:144
┌ Warning: Verbosity toggle: newton_convergence 
│  Newton iteration failed with stale Jacobian, retrying with fresh Jacobian
└ @ OrdinaryDiffEqNonlinearSolve ~/.julia/packages/OrdinaryDiffEqNonlinearSolve/doSPx/src/nlsolve.jl:144
┌ Warning: Verbosity toggle: newton_convergence 
│  Newton iteration failed with stale Jacobian, retrying with fresh Jacobian
└ @ OrdinaryDiffEqNonlinearSolve ~/.julia/packages/OrdinaryDiffEqNonlinearSolve/doSPx/src/nlsolve.jl:144
┌ Warning: Verbosity toggle: newton_convergence 
│  Newton iteration diverging: θ = Dual{ForwardDiff.Tag{PEtab.var"#302#303"{Bool, PEtab.PEtabODEProblemInfo{ODESolver, ODESolver, PEtab.PEtabODEProblemCache{Vector{Float64}, PreallocationTools.DiffCache{Vector{Float64}, Vector{Float64}}, Vector{Float64}, Matrix{Float64}, Dict{Symbol, PreallocationTools.DiffCache}, Dict{Symbol, PreallocationTools.DiffCache}, Dict{Symbol, PreallocationTools.DiffCache}, Vector{Float64}}}, PEtab.PEtabODEProblemInfo{ODESolver, ODESolver, PEtab.PEtabODEProblemCache{Vector{Float64}, PreallocationTools.DiffCache{Vector{Float64}, Vector{Float64}}, Vector{Float64}, Matrix{Float64}, Dict{Symbol, PreallocationTools.DiffCache}, Dict{Symbol, PreallocationTools.DiffCache}, Dict{Symbol, PreallocationTools.DiffCache}, Vector{Float64}}}, Vector{Float64}, Vector{Float64}, Vector{Float64}, PEtab.ModelInfo}, Float64}}(2.047774254295965,0.0,0.0,0.0,0.0,0.0,0.0,0.0,0.0,0.0) > 2, ndz = 0.9823933673282266, ndzprev = 0.4797371415659185
└ @ OrdinaryDiffEqNonlinearSolve ~/.julia/packages/OrdinaryDiffEqNonlinearSolve/doSPx/src/nlsolve.jl:101
┌ Warning: Verbosity toggle: newton_convergence 
│  Newton iteration failed with stale Jacobian, retrying with fresh Jacobian
└ @ OrdinaryDiffEqNonlinearSolve ~/.julia/packages/OrdinaryDiffEqNonlinearSolve/doSPx/src/nlsolve.jl:144
┌ Warning: Verbosity toggle: newton_convergence 
│  Newton iteration failed with stale Jacobian, retrying with fresh Jacobian
└ @ OrdinaryDiffEqNonlinearSolve ~/.julia/packages/OrdinaryDiffEqNonlinearSolve/doSPx/src/nlsolve.jl:144
┌ Warning: Verbosity toggle: newton_convergence 
│  Newton iteration failed with stale Jacobian, retrying with fresh Jacobian
└ @ OrdinaryDiffEqNonlinearSolve ~/.julia/packages/OrdinaryDiffEqNonlinearSolve/doSPx/src/nlsolve.jl:144
┌ Warning: Verbosity toggle: newton_convergence 
│  Newton iteration failed with stale Jacobian, retrying with fresh Jacobian
└ @ OrdinaryDiffEqNonlinearSolve ~/.julia/packages/OrdinaryDiffEqNonlinearSolve/doSPx/src/nlsolve.jl:144
┌ Warning: Verbosity toggle: newton_convergence 
│  Newton iteration failed with stale Jacobian, retrying with fresh Jacobian
└ @ OrdinaryDiffEqNonlinearSolve ~/.julia/packages/OrdinaryDiffEqNonlinearSolve/doSPx/src/nlsolve.jl:144
┌ Warning: Verbosity toggle: newton_convergence 
│  Newton iteration diverging: θ = Dual{ForwardDiff.Tag{PEtab.var"#302#303"{Bool, PEtab.PEtabODEProblemInfo{ODESolver, ODESolver, PEtab.PEtabODEProblemCache{Vector{Float64}, PreallocationTools.DiffCache{Vector{Float64}, Vector{Float64}}, Vector{Float64}, Matrix{Float64}, Dict{Symbol, PreallocationTools.DiffCache}, Dict{Symbol, PreallocationTools.DiffCache}, Dict{Symbol, PreallocationTools.DiffCache}, Vector{Float64}}}, PEtab.PEtabODEProblemInfo{ODESolver, ODESolver, PEtab.PEtabODEProblemCache{Vector{Float64}, PreallocationTools.DiffCache{Vector{Float64}, Vector{Float64}}, Vector{Float64}, Matrix{Float64}, Dict{Symbol, PreallocationTools.DiffCache}, Dict{Symbol, PreallocationTools.DiffCache}, Dict{Symbol, PreallocationTools.DiffCache}, Vector{Float64}}}, Vector{Float64}, Vector{Float64}, Vector{Float64}, PEtab.ModelInfo}, Float64}}(2.047774254295965,0.0,0.0,0.0,0.0,0.0,0.0,0.0,0.0,0.0) > 2, ndz = 0.9823933673282266, ndzprev = 0.4797371415659185
└ @ OrdinaryDiffEqNonlinearSolve ~/.julia/packages/OrdinaryDiffEqNonlinearSolve/doSPx/src/nlsolve.jl:101
┌ Warning: Verbosity toggle: newton_convergence 
│  Newton iteration failed with stale Jacobian, retrying with fresh Jacobian
└ @ OrdinaryDiffEqNonlinearSolve ~/.julia/packages/OrdinaryDiffEqNonlinearSolve/doSPx/src/nlsolve.jl:144
┌ Warning: Verbosity toggle: newton_convergence 
│  Newton iteration failed with stale Jacobian, retrying with fresh Jacobian
└ @ OrdinaryDiffEqNonlinearSolve ~/.julia/packages/OrdinaryDiffEqNonlinearSolve/doSPx/src/nlsolve.jl:144
┌ Warning: Verbosity toggle: newton_convergence 
│  Newton iteration failed with stale Jacobian, retrying with fresh Jacobian
└ @ OrdinaryDiffEqNonlinearSolve ~/.julia/packages/OrdinaryDiffEqNonlinearSolve/doSPx/src/nlsolve.jl:144
┌ Warning: Verbosity toggle: newton_convergence 
│  Newton iteration failed with stale Jacobian, retrying with fresh Jacobian
└ @ OrdinaryDiffEqNonlinearSolve ~/.julia/packages/OrdinaryDiffEqNonlinearSolve/doSPx/src/nlsolve.jl:144
┌ Warning: Verbosity toggle: newton_convergence 
│  Newton iteration failed with stale Jacobian, retrying with fresh Jacobian
└ @ OrdinaryDiffEqNonlinearSolve ~/.julia/packages/OrdinaryDiffEqNonlinearSolve/doSPx/src/nlsolve.jl:144
┌ Warning: Verbosity toggle: newton_convergence 
│  Newton iteration failed with stale Jacobian, retrying with fresh Jacobian
└ @ OrdinaryDiffEqNonlinearSolve ~/.julia/packages/OrdinaryDiffEqNonlinearSolve/doSPx/src/nlsolve.jl:144
┌ Warning: Verbosity toggle: newton_convergence 
│  Newton iteration diverging: θ = 2.5377094203975203 > 2, ndz = 1.4127664274987222, ndzprev = 0.5567092970311073
└ @ OrdinaryDiffEqNonlinearSolve ~/.julia/packages/OrdinaryDiffEqNonlinearSolve/doSPx/src/nlsolve.jl:101
┌ Warning: Verbosity toggle: newton_convergence 
│  Newton iteration failed with stale Jacobian, retrying with fresh Jacobian
└ @ OrdinaryDiffEqNonlinearSolve ~/.julia/packages/OrdinaryDiffEqNonlinearSolve/doSPx/src/nlsolve.jl:144
┌ Warning: Verbosity toggle: newton_convergence 
│  Newton iteration failed with stale Jacobian, retrying with fresh Jacobian
└ @ OrdinaryDiffEqNonlinearSolve ~/.julia/packages/OrdinaryDiffEqNonlinearSolve/doSPx/src/nlsolve.jl:144
┌ Warning: Verbosity toggle: newton_convergence 
│  Newton iteration failed with stale Jacobian, retrying with fresh Jacobian
└ @ OrdinaryDiffEqNonlinearSolve ~/.julia/packages/OrdinaryDiffEqNonlinearSolve/doSPx/src/nlsolve.jl:144
┌ Warning: Verbosity toggle: newton_convergence 
│  Newton iteration diverging: θ = 2.5377094203975203 > 2, ndz = 1.4127664274987222, ndzprev = 0.5567092970311073
└ @ OrdinaryDiffEqNonlinearSolve ~/.julia/packages/OrdinaryDiffEqNonlinearSolve/doSPx/src/nlsolve.jl:101
┌ Warning: Verbosity toggle: newton_convergence 
│  Newton iteration failed with stale Jacobian, retrying with fresh Jacobian
└ @ OrdinaryDiffEqNonlinearSolve ~/.julia/packages/OrdinaryDiffEqNonlinearSolve/doSPx/src/nlsolve.jl:144
┌ Warning: Verbosity toggle: newton_convergence 
│  Newton iteration failed with stale Jacobian, retrying with fresh Jacobian
└ @ OrdinaryDiffEqNonlinearSolve ~/.julia/packages/OrdinaryDiffEqNonlinearSolve/doSPx/src/nlsolve.jl:144
┌ Warning: Verbosity toggle: newton_convergence 
│  Newton iteration failed with stale Jacobian, retrying with fresh Jacobian
└ @ OrdinaryDiffEqNonlinearSolve ~/.julia/packages/OrdinaryDiffEqNonlinearSolve/doSPx/src/nlsolve.jl:144
┌ Warning: Verbosity toggle: newton_convergence 
│  Newton iteration failed with stale Jacobian, retrying with fresh Jacobian
└ @ OrdinaryDiffEqNonlinearSolve ~/.julia/packages/OrdinaryDiffEqNonlinearSolve/doSPx/src/nlsolve.jl:144
┌ Warning: Verbosity toggle: newton_convergence 
│  Newton iteration failed with stale Jacobian, retrying with fresh Jacobian
└ @ OrdinaryDiffEqNonlinearSolve ~/.julia/packages/OrdinaryDiffEqNonlinearSolve/doSPx/src/nlsolve.jl:144
┌ Warning: Verbosity toggle: newton_convergence 
│  Newton iteration diverging: θ = Dual{ForwardDiff.Tag{PEtab.var"#_get_hess_gaussnewton##0#_get_hess_gaussnewton##1"{PEtab.PEtabODEProblemInfo{ODESolver, ODESolver, PEtab.PEtabODEProblemCache{Vector{Float64}, PreallocationTools.DiffCache{Vector{Float64}, Vector{Float64}}, Vector{Float64}, Matrix{Float64}, Dict{Symbol, PreallocationTools.DiffCache}, Dict{Symbol, PreallocationTools.DiffCache}, Dict{Symbol, PreallocationTools.DiffCache}, Vector{Float64}}}, PEtab.ModelInfo}, Float64}}(2.2910320999761358,0.0,0.0,0.0,0.0,0.0,0.0,0.0,0.0,0.0) > 2, ndz = 1.4323951758719002, ndzprev = 0.6252182917414473
└ @ OrdinaryDiffEqNonlinearSolve ~/.julia/packages/OrdinaryDiffEqNonlinearSolve/doSPx/src/nlsolve.jl:101
┌ Warning: Verbosity toggle: newton_convergence 
│  Newton iteration failed with stale Jacobian, retrying with fresh Jacobian
└ @ OrdinaryDiffEqNonlinearSolve ~/.julia/packages/OrdinaryDiffEqNonlinearSolve/doSPx/src/nlsolve.jl:144
┌ Warning: Verbosity toggle: newton_convergence 
│  Newton iteration diverging: θ = Dual{ForwardDiff.Tag{PEtab.var"#_get_hess_gaussnewton##0#_get_hess_gaussnewton##1"{PEtab.PEtabODEProblemInfo{ODESolver, ODESolver, PEtab.PEtabODEProblemCache{Vector{Float64}, PreallocationTools.DiffCache{Vector{Float64}, Vector{Float64}}, Vector{Float64}, Matrix{Float64}, Dict{Symbol, PreallocationTools.DiffCache}, Dict{Symbol, PreallocationTools.DiffCache}, Dict{Symbol, PreallocationTools.DiffCache}, Vector{Float64}}}, PEtab.ModelInfo}, Float64}}(2.249817700252113,0.0,0.0,0.0,0.0,0.0,0.0,0.0,0.0,0.0) > 2, ndz = 0.3104810988932129, ndzprev = 0.1380027807846034
└ @ OrdinaryDiffEqNonlinearSolve ~/.julia/packages/OrdinaryDiffEqNonlinearSolve/doSPx/src/nlsolve.jl:101
┌ Warning: Verbosity toggle: newton_convergence 
│  Newton iteration failed with stale Jacobian, retrying with fresh Jacobian
└ @ OrdinaryDiffEqNonlinearSolve ~/.julia/packages/OrdinaryDiffEqNonlinearSolve/doSPx/src/nlsolve.jl:144
┌ Warning: Verbosity toggle: newton_convergence 
│  Newton iteration failed with stale Jacobian, retrying with fresh Jacobian
└ @ OrdinaryDiffEqNonlinearSolve ~/.julia/packages/OrdinaryDiffEqNonlinearSolve/doSPx/src/nlsolve.jl:144
┌ Warning: Verbosity toggle: newton_convergence 
│  Newton iteration failed with stale Jacobian, retrying with fresh Jacobian
└ @ OrdinaryDiffEqNonlinearSolve ~/.julia/packages/OrdinaryDiffEqNonlinearSolve/doSPx/src/nlsolve.jl:144
┌ Warning: Verbosity toggle: newton_convergence 
│  Newton iteration diverging: θ = Dual{ForwardDiff.Tag{PEtab.var"#_get_hess_gaussnewton##0#_get_hess_gaussnewton##1"{PEtab.PEtabODEProblemInfo{ODESolver, ODESolver, PEtab.PEtabODEProblemCache{Vector{Float64}, PreallocationTools.DiffCache{Vector{Float64}, Vector{Float64}}, Vector{Float64}, Matrix{Float64}, Dict{Symbol, PreallocationTools.DiffCache}, Dict{Symbol, PreallocationTools.DiffCache}, Dict{Symbol, PreallocationTools.DiffCache}, Vector{Float64}}}, PEtab.ModelInfo}, Float64}}(2.2910320999761358,0.0,0.0,0.0,0.0,0.0,0.0,0.0,0.0,0.0) > 2, ndz = 1.4323951758719002, ndzprev = 0.6252182917414473
└ @ OrdinaryDiffEqNonlinearSolve ~/.julia/packages/OrdinaryDiffEqNonlinearSolve/doSPx/src/nlsolve.jl:101
┌ Warning: Verbosity toggle: newton_convergence 
│  Newton iteration failed with stale Jacobian, retrying with fresh Jacobian
└ @ OrdinaryDiffEqNonlinearSolve ~/.julia/packages/OrdinaryDiffEqNonlinearSolve/doSPx/src/nlsolve.jl:144
┌ Warning: Verbosity toggle: newton_convergence 
│  Newton iteration diverging: θ = Dual{ForwardDiff.Tag{PEtab.var"#_get_hess_gaussnewton##0#_get_hess_gaussnewton##1"{PEtab.PEtabODEProblemInfo{ODESolver, ODESolver, PEtab.PEtabODEProblemCache{Vector{Float64}, PreallocationTools.DiffCache{Vector{Float64}, Vector{Float64}}, Vector{Float64}, Matrix{Float64}, Dict{Symbol, PreallocationTools.DiffCache}, Dict{Symbol, PreallocationTools.DiffCache}, Dict{Symbol, PreallocationTools.DiffCache}, Vector{Float64}}}, PEtab.ModelInfo}, Float64}}(2.249817700252113,0.0,0.0,0.0,0.0,0.0,0.0,0.0,0.0,0.0) > 2, ndz = 0.3104810988932129, ndzprev = 0.1380027807846034
└ @ OrdinaryDiffEqNonlinearSolve ~/.julia/packages/OrdinaryDiffEqNonlinearSolve/doSPx/src/nlsolve.jl:101
┌ Warning: Verbosity toggle: newton_convergence 
│  Newton iteration failed with stale Jacobian, retrying with fresh Jacobian
└ @ OrdinaryDiffEqNonlinearSolve ~/.julia/packages/OrdinaryDiffEqNonlinearSolve/doSPx/src/nlsolve.jl:144
┌ Warning: Verbosity toggle: newton_convergence 
│  Newton iteration failed with stale Jacobian, retrying with fresh Jacobian
└ @ OrdinaryDiffEqNonlinearSolve ~/.julia/packages/OrdinaryDiffEqNonlinearSolve/doSPx/src/nlsolve.jl:144
┌ Warning: Verbosity toggle: newton_convergence 
│  Newton iteration failed with stale Jacobian, retrying with fresh Jacobian
└ @ OrdinaryDiffEqNonlinearSolve ~/.julia/packages/OrdinaryDiffEqNonlinearSolve/doSPx/src/nlsolve.jl:144
┌ Warning: Verbosity toggle: newton_convergence 
│  Newton iteration failed with stale Jacobian, retrying with fresh Jacobian
└ @ OrdinaryDiffEqNonlinearSolve ~/.julia/packages/OrdinaryDiffEqNonlinearSolve/doSPx/src/nlsolve.jl:144
┌ Warning: Verbosity toggle: newton_convergence 
│  Newton iteration failed with stale Jacobian, retrying with fresh Jacobian
└ @ OrdinaryDiffEqNonlinearSolve ~/.julia/packages/OrdinaryDiffEqNonlinearSolve/doSPx/src/nlsolve.jl:144
┌ Warning: Verbosity toggle: newton_convergence 
│  Newton iteration failed with stale Jacobian, retrying with fresh Jacobian
└ @ OrdinaryDiffEqNonlinearSolve ~/.julia/packages/OrdinaryDiffEqNonlinearSolve/doSPx/src/nlsolve.jl:144
┌ Warning: Verbosity toggle: newton_convergence 
│  Newton iteration failed with stale Jacobian, retrying with fresh Jacobian
└ @ OrdinaryDiffEqNonlinearSolve ~/.julia/packages/OrdinaryDiffEqNonlinearSolve/doSPx/src/nlsolve.jl:144
┌ Warning: Verbosity toggle: newton_convergence 
│  Newton iteration failed with stale Jacobian, retrying with fresh Jacobian
└ @ OrdinaryDiffEqNonlinearSolve ~/.julia/packages/OrdinaryDiffEqNonlinearSolve/doSPx/src/nlsolve.jl:144
┌ Warning: Verbosity toggle: newton_convergence 
│  Newton iteration failed with stale Jacobian, retrying with fresh Jacobian
└ @ OrdinaryDiffEqNonlinearSolve ~/.julia/packages/OrdinaryDiffEqNonlinearSolve/doSPx/src/nlsolve.jl:144
┌ Warning: Verbosity toggle: newton_convergence 
│  Newton iteration diverging: θ = Dual{ForwardDiff.Tag{PEtab.var"#_get_hess_gaussnewton##0#_get_hess_gaussnewton##1"{PEtab.PEtabODEProblemInfo{ODESolver, ODESolver, PEtab.PEtabODEProblemCache{Vector{Float64}, PreallocationTools.DiffCache{Vector{Float64}, Vector{Float64}}, Vector{Float64}, Matrix{Float64}, Dict{Symbol, PreallocationTools.DiffCache}, Dict{Symbol, PreallocationTools.DiffCache}, Dict{Symbol, PreallocationTools.DiffCache}, Vector{Float64}}}, PEtab.ModelInfo}, Float64}}(2.1493247738384973,0.0,0.0,0.0,0.0,0.0,0.0,0.0,0.0,0.0) > 2, ndz = 1.4924834254168104, ndzprev = 0.6943964186256374
└ @ OrdinaryDiffEqNonlinearSolve ~/.julia/packages/OrdinaryDiffEqNonlinearSolve/doSPx/src/nlsolve.jl:101
┌ Warning: Verbosity toggle: newton_convergence 
│  Newton iteration failed with stale Jacobian, retrying with fresh Jacobian
└ @ OrdinaryDiffEqNonlinearSolve ~/.julia/packages/OrdinaryDiffEqNonlinearSolve/doSPx/src/nlsolve.jl:144
┌ Warning: Verbosity toggle: newton_convergence 
│  Newton iteration failed with stale Jacobian, retrying with fresh Jacobian
└ @ OrdinaryDiffEqNonlinearSolve ~/.julia/packages/OrdinaryDiffEqNonlinearSolve/doSPx/src/nlsolve.jl:144
┌ Warning: Verbosity toggle: newton_convergence 
│  Newton iteration diverging: θ = Dual{ForwardDiff.Tag{PEtab.var"#_get_hess_gaussnewton##0#_get_hess_gaussnewton##1"{PEtab.PEtabODEProblemInfo{ODESolver, ODESolver, PEtab.PEtabODEProblemCache{Vector{Float64}, PreallocationTools.DiffCache{Vector{Float64}, Vector{Float64}}, Vector{Float64}, Matrix{Float64}, Dict{Symbol, PreallocationTools.DiffCache}, Dict{Symbol, PreallocationTools.DiffCache}, Dict{Symbol, PreallocationTools.DiffCache}, Vector{Float64}}}, PEtab.ModelInfo}, Float64}}(3.790217228163228,0.0,0.0,0.0,0.0,0.0,0.0,0.0,0.0,0.0) > 2, ndz = 0.8184584521034576, ndzprev = 0.2159397213494514
└ @ OrdinaryDiffEqNonlinearSolve ~/.julia/packages/OrdinaryDiffEqNonlinearSolve/doSPx/src/nlsolve.jl:101
┌ Warning: Verbosity toggle: newton_convergence 
│  Newton iteration failed with stale Jacobian, retrying with fresh Jacobian
└ @ OrdinaryDiffEqNonlinearSolve ~/.julia/packages/OrdinaryDiffEqNonlinearSolve/doSPx/src/nlsolve.jl:144
┌ Warning: Verbosity toggle: newton_convergence 
│  Newton iteration diverging: θ = Dual{ForwardDiff.Tag{PEtab.var"#_get_hess_gaussnewton##0#_get_hess_gaussnewton##1"{PEtab.PEtabODEProblemInfo{ODESolver, ODESolver, PEtab.PEtabODEProblemCache{Vector{Float64}, PreallocationTools.DiffCache{Vector{Float64}, Vector{Float64}}, Vector{Float64}, Matrix{Float64}, Dict{Symbol, PreallocationTools.DiffCache}, Dict{Symbol, PreallocationTools.DiffCache}, Dict{Symbol, PreallocationTools.DiffCache}, Vector{Float64}}}, PEtab.ModelInfo}, Float64}}(3.859548852995791,0.0,0.0,0.0,0.0,0.0,0.0,0.0,0.0,0.0) > 2, ndz = 0.2144242683425199, ndzprev = 0.0555568219265014
└ @ OrdinaryDiffEqNonlinearSolve ~/.julia/packages/OrdinaryDiffEqNonlinearSolve/doSPx/src/nlsolve.jl:101
┌ Warning: Verbosity toggle: newton_convergence 
│  Newton iteration failed with stale Jacobian, retrying with fresh Jacobian
└ @ OrdinaryDiffEqNonlinearSolve ~/.julia/packages/OrdinaryDiffEqNonlinearSolve/doSPx/src/nlsolve.jl:144
┌ Warning: Verbosity toggle: newton_convergence 
│  Newton iteration failed with stale Jacobian, retrying with fresh Jacobian
└ @ OrdinaryDiffEqNonlinearSolve ~/.julia/packages/OrdinaryDiffEqNonlinearSolve/doSPx/src/nlsolve.jl:144
┌ Warning: Verbosity toggle: newton_convergence 
│  Newton iteration failed with stale Jacobian, retrying with fresh Jacobian
└ @ OrdinaryDiffEqNonlinearSolve ~/.julia/packages/OrdinaryDiffEqNonlinearSolve/doSPx/src/nlsolve.jl:144
┌ Warning: Verbosity toggle: newton_convergence 
│  Newton iteration failed with stale Jacobian, retrying with fresh Jacobian
└ @ OrdinaryDiffEqNonlinearSolve ~/.julia/packages/OrdinaryDiffEqNonlinearSolve/doSPx/src/nlsolve.jl:144
┌ Warning: Verbosity toggle: newton_convergence 
│  Newton iteration diverging: θ = Dual{ForwardDiff.Tag{PEtab.var"#_get_hess_gaussnewton##0#_get_hess_gaussnewton##1"{PEtab.PEtabODEProblemInfo{ODESolver, ODESolver, PEtab.PEtabODEProblemCache{Vector{Float64}, PreallocationTools.DiffCache{Vector{Float64}, Vector{Float64}}, Vector{Float64}, Matrix{Float64}, Dict{Symbol, PreallocationTools.DiffCache}, Dict{Symbol, PreallocationTools.DiffCache}, Dict{Symbol, PreallocationTools.DiffCache}, Vector{Float64}}}, PEtab.ModelInfo}, Float64}}(2.1493247738384973,0.0,0.0,0.0,0.0,0.0,0.0,0.0,0.0,0.0) > 2, ndz = 1.4924834254168104, ndzprev = 0.6943964186256374
└ @ OrdinaryDiffEqNonlinearSolve ~/.julia/packages/OrdinaryDiffEqNonlinearSolve/doSPx/src/nlsolve.jl:101
┌ Warning: Verbosity toggle: newton_convergence 
│  Newton iteration failed with stale Jacobian, retrying with fresh Jacobian
└ @ OrdinaryDiffEqNonlinearSolve ~/.julia/packages/OrdinaryDiffEqNonlinearSolve/doSPx/src/nlsolve.jl:144
┌ Warning: Verbosity toggle: newton_convergence 
│  Newton iteration failed with stale Jacobian, retrying with fresh Jacobian
└ @ OrdinaryDiffEqNonlinearSolve ~/.julia/packages/OrdinaryDiffEqNonlinearSolve/doSPx/src/nlsolve.jl:144
┌ Warning: Verbosity toggle: newton_convergence 
│  Newton iteration diverging: θ = Dual{ForwardDiff.Tag{PEtab.var"#_get_hess_gaussnewton##0#_get_hess_gaussnewton##1"{PEtab.PEtabODEProblemInfo{ODESolver, ODESolver, PEtab.PEtabODEProblemCache{Vector{Float64}, PreallocationTools.DiffCache{Vector{Float64}, Vector{Float64}}, Vector{Float64}, Matrix{Float64}, Dict{Symbol, PreallocationTools.DiffCache}, Dict{Symbol, PreallocationTools.DiffCache}, Dict{Symbol, PreallocationTools.DiffCache}, Vector{Float64}}}, PEtab.ModelInfo}, Float64}}(3.329469771333848,0.0,0.0,0.0,0.0,0.0,0.0,0.0,0.0,0.0) > 2, ndz = 0.528684857457966, ndzprev = 0.15878950516681367
└ @ OrdinaryDiffEqNonlinearSolve ~/.julia/packages/OrdinaryDiffEqNonlinearSolve/doSPx/src/nlsolve.jl:101
┌ Warning: Verbosity toggle: newton_convergence 
│  Newton iteration failed with stale Jacobian, retrying with fresh Jacobian
└ @ OrdinaryDiffEqNonlinearSolve ~/.julia/packages/OrdinaryDiffEqNonlinearSolve/doSPx/src/nlsolve.jl:144
┌ Warning: Verbosity toggle: newton_convergence 
│  Newton iteration diverging: θ = Dual{ForwardDiff.Tag{PEtab.var"#_get_hess_gaussnewton##0#_get_hess_gaussnewton##1"{PEtab.PEtabODEProblemInfo{ODESolver, ODESolver, PEtab.PEtabODEProblemCache{Vector{Float64}, PreallocationTools.DiffCache{Vector{Float64}, Vector{Float64}}, Vector{Float64}, Matrix{Float64}, Dict{Symbol, PreallocationTools.DiffCache}, Dict{Symbol, PreallocationTools.DiffCache}, Dict{Symbol, PreallocationTools.DiffCache}, Vector{Float64}}}, PEtab.ModelInfo}, Float64}}(3.790217228163228,0.0,0.0,0.0,0.0,0.0,0.0,0.0,0.0,0.0) > 2, ndz = 0.8184584521034576, ndzprev = 0.2159397213494514
└ @ OrdinaryDiffEqNonlinearSolve ~/.julia/packages/OrdinaryDiffEqNonlinearSolve/doSPx/src/nlsolve.jl:101
┌ Warning: Verbosity toggle: newton_convergence 
│  Newton iteration failed with stale Jacobian, retrying with fresh Jacobian
└ @ OrdinaryDiffEqNonlinearSolve ~/.julia/packages/OrdinaryDiffEqNonlinearSolve/doSPx/src/nlsolve.jl:144
┌ Warning: Verbosity toggle: newton_convergence 
│  Newton iteration diverging: θ = Dual{ForwardDiff.Tag{PEtab.var"#_get_hess_gaussnewton##0#_get_hess_gaussnewton##1"{PEtab.PEtabODEProblemInfo{ODESolver, ODESolver, PEtab.PEtabODEProblemCache{Vector{Float64}, PreallocationTools.DiffCache{Vector{Float64}, Vector{Float64}}, Vector{Float64}, Matrix{Float64}, Dict{Symbol, PreallocationTools.DiffCache}, Dict{Symbol, PreallocationTools.DiffCache}, Dict{Symbol, PreallocationTools.DiffCache}, Vector{Float64}}}, PEtab.ModelInfo}, Float64}}(3.790217228163228,0.0,0.0,0.0,0.0,0.0,0.0,0.0,0.0,0.0) > 2, ndz = 0.8184584521034576, ndzprev = 0.2159397213494514
└ @ OrdinaryDiffEqNonlinearSolve ~/.julia/packages/OrdinaryDiffEqNonlinearSolve/doSPx/src/nlsolve.jl:101
┌ Warning: Verbosity toggle: newton_convergence 
│  Newton iteration failed with stale Jacobian, retrying with fresh Jacobian
└ @ OrdinaryDiffEqNonlinearSolve ~/.julia/packages/OrdinaryDiffEqNonlinearSolve/doSPx/src/nlsolve.jl:144
┌ Warning: Verbosity toggle: newton_convergence 
│  Newton iteration diverging: θ = Dual{ForwardDiff.Tag{PEtab.var"#_get_hess_gaussnewton##0#_get_hess_gaussnewton##1"{PEtab.PEtabODEProblemInfo{ODESolver, ODESolver, PEtab.PEtabODEProblemCache{Vector{Float64}, PreallocationTools.DiffCache{Vector{Float64}, Vector{Float64}}, Vector{Float64}, Matrix{Float64}, Dict{Symbol, PreallocationTools.DiffCache}, Dict{Symbol, PreallocationTools.DiffCache}, Dict{Symbol, PreallocationTools.DiffCache}, Vector{Float64}}}, PEtab.ModelInfo}, Float64}}(3.859548852995791,0.0,0.0,0.0,0.0,0.0,0.0,0.0,0.0,0.0) > 2, ndz = 0.2144242683425199, ndzprev = 0.0555568219265014
└ @ OrdinaryDiffEqNonlinearSolve ~/.julia/packages/OrdinaryDiffEqNonlinearSolve/doSPx/src/nlsolve.jl:101
┌ Warning: Verbosity toggle: newton_convergence 
│  Newton iteration failed with stale Jacobian, retrying with fresh Jacobian
└ @ OrdinaryDiffEqNonlinearSolve ~/.julia/packages/OrdinaryDiffEqNonlinearSolve/doSPx/src/nlsolve.jl:144
┌ Warning: Verbosity toggle: newton_convergence 
│  Newton iteration failed with stale Jacobian, retrying with fresh Jacobian
└ @ OrdinaryDiffEqNonlinearSolve ~/.julia/packages/OrdinaryDiffEqNonlinearSolve/doSPx/src/nlsolve.jl:144
┌ Warning: Verbosity toggle: newton_convergence 
│  Newton iteration failed with stale Jacobian, retrying with fresh Jacobian
└ @ OrdinaryDiffEqNonlinearSolve ~/.julia/packages/OrdinaryDiffEqNonlinearSolve/doSPx/src/nlsolve.jl:144
┌ Warning: Verbosity toggle: newton_convergence 
│  Newton iteration diverging: θ = Dual{ForwardDiff.Tag{PEtab.var"#_get_hess_gaussnewton##0#_get_hess_gaussnewton##1"{PEtab.PEtabODEProblemInfo{ODESolver, ODESolver, PEtab.PEtabODEProblemCache{Vector{Float64}, PreallocationTools.DiffCache{Vector{Float64}, Vector{Float64}}, Vector{Float64}, Matrix{Float64}, Dict{Symbol, PreallocationTools.DiffCache}, Dict{Symbol, PreallocationTools.DiffCache}, Dict{Symbol, PreallocationTools.DiffCache}, Vector{Float64}}}, PEtab.ModelInfo}, Float64}}(3.790217228163228,0.0,0.0,0.0,0.0,0.0,0.0,0.0,0.0,0.0) > 2, ndz = 0.8184584521034576, ndzprev = 0.2159397213494514
└ @ OrdinaryDiffEqNonlinearSolve ~/.julia/packages/OrdinaryDiffEqNonlinearSolve/doSPx/src/nlsolve.jl:101
┌ Warning: Verbosity toggle: newton_convergence 
│  Newton iteration failed with stale Jacobian, retrying with fresh Jacobian
└ @ OrdinaryDiffEqNonlinearSolve ~/.julia/packages/OrdinaryDiffEqNonlinearSolve/doSPx/src/nlsolve.jl:144
┌ Warning: Verbosity toggle: newton_convergence 
│  Newton iteration failed with stale Jacobian, retrying with fresh Jacobian
└ @ OrdinaryDiffEqNonlinearSolve ~/.julia/packages/OrdinaryDiffEqNonlinearSolve/doSPx/src/nlsolve.jl:144
┌ Warning: Verbosity toggle: newton_convergence 
│  Newton iteration failed with stale Jacobian, retrying with fresh Jacobian
└ @ OrdinaryDiffEqNonlinearSolve ~/.julia/packages/OrdinaryDiffEqNonlinearSolve/doSPx/src/nlsolve.jl:144
┌ Warning: Verbosity toggle: newton_convergence 
│  Newton iteration failed with stale Jacobian, retrying with fresh Jacobian
└ @ OrdinaryDiffEqNonlinearSolve ~/.julia/packages/OrdinaryDiffEqNonlinearSolve/doSPx/src/nlsolve.jl:144
┌ Warning: Verbosity toggle: newton_convergence 
│  Newton iteration failed with stale Jacobian, retrying with fresh Jacobian
└ @ OrdinaryDiffEqNonlinearSolve ~/.julia/packages/OrdinaryDiffEqNonlinearSolve/doSPx/src/nlsolve.jl:144
┌ Warning: Verbosity toggle: newton_convergence 
│  Newton iteration diverging: θ = Dual{ForwardDiff.Tag{PEtab.var"#_get_hess_gaussnewton##0#_get_hess_gaussnewton##1"{PEtab.PEtabODEProblemInfo{ODESolver, ODESolver, PEtab.PEtabODEProblemCache{Vector{Float64}, PreallocationTools.DiffCache{Vector{Float64}, Vector{Float64}}, Vector{Float64}, Matrix{Float64}, Dict{Symbol, PreallocationTools.DiffCache}, Dict{Symbol, PreallocationTools.DiffCache}, Dict{Symbol, PreallocationTools.DiffCache}, Vector{Float64}}}, PEtab.ModelInfo}, Float64}}(2.579559161997819,0.0,0.0,0.0,0.0,0.0,0.0,0.0,0.0,0.0) > 2, ndz = 1.8781530365162835, ndzprev = 0.7280907002193702
└ @ OrdinaryDiffEqNonlinearSolve ~/.julia/packages/OrdinaryDiffEqNonlinearSolve/doSPx/src/nlsolve.jl:101
┌ Warning: Verbosity toggle: newton_convergence 
│  Newton iteration failed with stale Jacobian, retrying with fresh Jacobian
└ @ OrdinaryDiffEqNonlinearSolve ~/.julia/packages/OrdinaryDiffEqNonlinearSolve/doSPx/src/nlsolve.jl:144
┌ Warning: Verbosity toggle: newton_convergence 
│  Newton iteration diverging: θ = Dual{ForwardDiff.Tag{PEtab.var"#_get_hess_gaussnewton##0#_get_hess_gaussnewton##1"{PEtab.PEtabODEProblemInfo{ODESolver, ODESolver, PEtab.PEtabODEProblemCache{Vector{Float64}, PreallocationTools.DiffCache{Vector{Float64}, Vector{Float64}}, Vector{Float64}, Matrix{Float64}, Dict{Symbol, PreallocationTools.DiffCache}, Dict{Symbol, PreallocationTools.DiffCache}, Dict{Symbol, PreallocationTools.DiffCache}, Vector{Float64}}}, PEtab.ModelInfo}, Float64}}(2.301909031546126,0.0,0.0,0.0,0.0,0.0,0.0,0.0,0.0,0.0) > 2, ndz = 0.5767353598736727, ndzprev = 0.2505465472222837
└ @ OrdinaryDiffEqNonlinearSolve ~/.julia/packages/OrdinaryDiffEqNonlinearSolve/doSPx/src/nlsolve.jl:101
┌ Warning: Verbosity toggle: newton_convergence 
│  Newton iteration failed with stale Jacobian, retrying with fresh Jacobian
└ @ OrdinaryDiffEqNonlinearSolve ~/.julia/packages/OrdinaryDiffEqNonlinearSolve/doSPx/src/nlsolve.jl:144
┌ Warning: Verbosity toggle: newton_convergence 
│  Newton iteration diverging: θ = Dual{ForwardDiff.Tag{PEtab.var"#_get_hess_gaussnewton##0#_get_hess_gaussnewton##1"{PEtab.PEtabODEProblemInfo{ODESolver, ODESolver, PEtab.PEtabODEProblemCache{Vector{Float64}, PreallocationTools.DiffCache{Vector{Float64}, Vector{Float64}}, Vector{Float64}, Matrix{Float64}, Dict{Symbol, PreallocationTools.DiffCache}, Dict{Symbol, PreallocationTools.DiffCache}, Dict{Symbol, PreallocationTools.DiffCache}, Vector{Float64}}}, PEtab.ModelInfo}, Float64}}(2.490787018743961,0.0,0.0,0.0,0.0,0.0,0.0,0.0,0.0,0.0) > 2, ndz = 0.2840741658336543, ndzprev = 0.11404996239979823
└ @ OrdinaryDiffEqNonlinearSolve ~/.julia/packages/OrdinaryDiffEqNonlinearSolve/doSPx/src/nlsolve.jl:101
┌ Warning: Verbosity toggle: newton_convergence 
│  Newton iteration failed with stale Jacobian, retrying with fresh Jacobian
└ @ OrdinaryDiffEqNonlinearSolve ~/.julia/packages/OrdinaryDiffEqNonlinearSolve/doSPx/src/nlsolve.jl:144
┌ Warning: Verbosity toggle: newton_convergence 
│  Newton iteration failed with stale Jacobian, retrying with fresh Jacobian
└ @ OrdinaryDiffEqNonlinearSolve ~/.julia/packages/OrdinaryDiffEqNonlinearSolve/doSPx/src/nlsolve.jl:144
┌ Warning: Verbosity toggle: newton_convergence 
│  Newton iteration failed with stale Jacobian, retrying with fresh Jacobian
└ @ OrdinaryDiffEqNonlinearSolve ~/.julia/packages/OrdinaryDiffEqNonlinearSolve/doSPx/src/nlsolve.jl:144
┌ Warning: Verbosity toggle: newton_convergence 
│  Newton iteration failed with stale Jacobian, retrying with fresh Jacobian
└ @ OrdinaryDiffEqNonlinearSolve ~/.julia/packages/OrdinaryDiffEqNonlinearSolve/doSPx/src/nlsolve.jl:144
┌ Warning: Verbosity toggle: newton_convergence 
│  Newton iteration failed with stale Jacobian, retrying with fresh Jacobian
└ @ OrdinaryDiffEqNonlinearSolve ~/.julia/packages/OrdinaryDiffEqNonlinearSolve/doSPx/src/nlsolve.jl:144
┌ Warning: Verbosity toggle: newton_convergence 
│  Newton iteration diverging: θ = Dual{ForwardDiff.Tag{PEtab.var"#_get_hess_gaussnewton##0#_get_hess_gaussnewton##1"{PEtab.PEtabODEProblemInfo{ODESolver, ODESolver, PEtab.PEtabODEProblemCache{Vector{Float64}, PreallocationTools.DiffCache{Vector{Float64}, Vector{Float64}}, Vector{Float64}, Matrix{Float64}, Dict{Symbol, PreallocationTools.DiffCache}, Dict{Symbol, PreallocationTools.DiffCache}, Dict{Symbol, PreallocationTools.DiffCache}, Vector{Float64}}}, PEtab.ModelInfo}, Float64}}(2.579559161997819,0.0,0.0,0.0,0.0,0.0,0.0,0.0,0.0,0.0) > 2, ndz = 1.8781530365162835, ndzprev = 0.7280907002193702
└ @ OrdinaryDiffEqNonlinearSolve ~/.julia/packages/OrdinaryDiffEqNonlinearSolve/doSPx/src/nlsolve.jl:101
┌ Warning: Verbosity toggle: newton_convergence 
│  Newton iteration failed with stale Jacobian, retrying with fresh Jacobian
└ @ OrdinaryDiffEqNonlinearSolve ~/.julia/packages/OrdinaryDiffEqNonlinearSolve/doSPx/src/nlsolve.jl:144
┌ Warning: Verbosity toggle: newton_convergence 
│  Newton iteration diverging: θ = Dual{ForwardDiff.Tag{PEtab.var"#_get_hess_gaussnewton##0#_get_hess_gaussnewton##1"{PEtab.PEtabODEProblemInfo{ODESolver, ODESolver, PEtab.PEtabODEProblemCache{Vector{Float64}, PreallocationTools.DiffCache{Vector{Float64}, Vector{Float64}}, Vector{Float64}, Matrix{Float64}, Dict{Symbol, PreallocationTools.DiffCache}, Dict{Symbol, PreallocationTools.DiffCache}, Dict{Symbol, PreallocationTools.DiffCache}, Vector{Float64}}}, PEtab.ModelInfo}, Float64}}(2.301909031546126,0.0,0.0,0.0,0.0,0.0,0.0,0.0,0.0,0.0) > 2, ndz = 0.5767353598736727, ndzprev = 0.2505465472222837
└ @ OrdinaryDiffEqNonlinearSolve ~/.julia/packages/OrdinaryDiffEqNonlinearSolve/doSPx/src/nlsolve.jl:101
┌ Warning: Verbosity toggle: newton_convergence 
│  Newton iteration failed with stale Jacobian, retrying with fresh Jacobian
└ @ OrdinaryDiffEqNonlinearSolve ~/.julia/packages/OrdinaryDiffEqNonlinearSolve/doSPx/src/nlsolve.jl:144
┌ Warning: Verbosity toggle: newton_convergence 
│  Newton iteration diverging: θ = Dual{ForwardDiff.Tag{PEtab.var"#_get_hess_gaussnewton##0#_get_hess_gaussnewton##1"{PEtab.PEtabODEProblemInfo{ODESolver, ODESolver, PEtab.PEtabODEProblemCache{Vector{Float64}, PreallocationTools.DiffCache{Vector{Float64}, Vector{Float64}}, Vector{Float64}, Matrix{Float64}, Dict{Symbol, PreallocationTools.DiffCache}, Dict{Symbol, PreallocationTools.DiffCache}, Dict{Symbol, PreallocationTools.DiffCache}, Vector{Float64}}}, PEtab.ModelInfo}, Float64}}(2.490787018743961,0.0,0.0,0.0,0.0,0.0,0.0,0.0,0.0,0.0) > 2, ndz = 0.2840741658336543, ndzprev = 0.11404996239979823
└ @ OrdinaryDiffEqNonlinearSolve ~/.julia/packages/OrdinaryDiffEqNonlinearSolve/doSPx/src/nlsolve.jl:101
┌ Warning: Verbosity toggle: newton_convergence 
│  Newton iteration failed with stale Jacobian, retrying with fresh Jacobian
└ @ OrdinaryDiffEqNonlinearSolve ~/.julia/packages/OrdinaryDiffEqNonlinearSolve/doSPx/src/nlsolve.jl:144
┌ Warning: Verbosity toggle: newton_convergence 
│  Newton iteration failed with stale Jacobian, retrying with fresh Jacobian
└ @ OrdinaryDiffEqNonlinearSolve ~/.julia/packages/OrdinaryDiffEqNonlinearSolve/doSPx/src/nlsolve.jl:144
┌ Warning: Verbosity toggle: newton_convergence 
│  Newton iteration failed with stale Jacobian, retrying with fresh Jacobian
└ @ OrdinaryDiffEqNonlinearSolve ~/.julia/packages/OrdinaryDiffEqNonlinearSolve/doSPx/src/nlsolve.jl:144
┌ Warning: Verbosity toggle: newton_convergence 
│  Newton iteration failed with stale Jacobian, retrying with fresh Jacobian
└ @ OrdinaryDiffEqNonlinearSolve ~/.julia/packages/OrdinaryDiffEqNonlinearSolve/doSPx/src/nlsolve.jl:144
┌ Warning: Verbosity toggle: newton_convergence 
│  Newton iteration failed with stale Jacobian, retrying with fresh Jacobian
└ @ OrdinaryDiffEqNonlinearSolve ~/.julia/packages/OrdinaryDiffEqNonlinearSolve/doSPx/src/nlsolve.jl:144
┌ Warning: Verbosity toggle: newton_convergence 
│  Newton iteration failed with stale Jacobian, retrying with fresh Jacobian
└ @ OrdinaryDiffEqNonlinearSolve ~/.julia/packages/OrdinaryDiffEqNonlinearSolve/doSPx/src/nlsolve.jl:144
┌ Warning: Verbosity toggle: newton_convergence 
│  Newton iteration diverging: θ = Dual{ForwardDiff.Tag{PEtab.var"#302#303"{Bool, PEtab.PEtabODEProblemInfo{ODESolver, ODESolver, PEtab.PEtabODEProblemCache{Vector{Float64}, PreallocationTools.DiffCache{Vector{Float64}, Vector{Float64}}, Vector{Float64}, Matrix{Float64}, Dict{Symbol, PreallocationTools.DiffCache}, Dict{Symbol, PreallocationTools.DiffCache}, Dict{Symbol, PreallocationTools.DiffCache}, Vector{Float64}}}, PEtab.PEtabODEProblemInfo{ODESolver, ODESolver, PEtab.PEtabODEProblemCache{Vector{Float64}, PreallocationTools.DiffCache{Vector{Float64}, Vector{Float64}}, Vector{Float64}, Matrix{Float64}, Dict{Symbol, PreallocationTools.DiffCache}, Dict{Symbol, PreallocationTools.DiffCache}, Dict{Symbol, PreallocationTools.DiffCache}, Vector{Float64}}}, Vector{Float64}, Vector{Float64}, Vector{Float64}, PEtab.ModelInfo}, Float64}}(2.0967045768154384,0.0,0.0,0.0,0.0,0.0,0.0,0.0,0.0,0.0) > 2, ndz = 1.4280887759750802, ndzprev = 0.681111107290146
└ @ OrdinaryDiffEqNonlinearSolve ~/.julia/packages/OrdinaryDiffEqNonlinearSolve/doSPx/src/nlsolve.jl:101
┌ Warning: Verbosity toggle: newton_convergence 
│  Newton iteration failed with stale Jacobian, retrying with fresh Jacobian
└ @ OrdinaryDiffEqNonlinearSolve ~/.julia/packages/OrdinaryDiffEqNonlinearSolve/doSPx/src/nlsolve.jl:144
┌ Warning: Verbosity toggle: newton_convergence 
│  Newton iteration diverging: θ = Dual{ForwardDiff.Tag{PEtab.var"#302#303"{Bool, PEtab.PEtabODEProblemInfo{ODESolver, ODESolver, PEtab.PEtabODEProblemCache{Vector{Float64}, PreallocationTools.DiffCache{Vector{Float64}, Vector{Float64}}, Vector{Float64}, Matrix{Float64}, Dict{Symbol, PreallocationTools.DiffCache}, Dict{Symbol, PreallocationTools.DiffCache}, Dict{Symbol, PreallocationTools.DiffCache}, Vector{Float64}}}, PEtab.PEtabODEProblemInfo{ODESolver, ODESolver, PEtab.PEtabODEProblemCache{Vector{Float64}, PreallocationTools.DiffCache{Vector{Float64}, Vector{Float64}}, Vector{Float64}, Matrix{Float64}, Dict{Symbol, PreallocationTools.DiffCache}, Dict{Symbol, PreallocationTools.DiffCache}, Dict{Symbol, PreallocationTools.DiffCache}, Vector{Float64}}}, Vector{Float64}, Vector{Float64}, Vector{Float64}, PEtab.ModelInfo}, Float64}}(2.225787739713219,0.0,0.0,0.0,0.0,0.0,0.0,0.0,0.0,0.0) > 2, ndz = 0.3686546108570285, ndzprev = 0.16562882627097572
└ @ OrdinaryDiffEqNonlinearSolve ~/.julia/packages/OrdinaryDiffEqNonlinearSolve/doSPx/src/nlsolve.jl:101
┌ Warning: Verbosity toggle: newton_convergence 
│  Newton iteration failed with stale Jacobian, retrying with fresh Jacobian
└ @ OrdinaryDiffEqNonlinearSolve ~/.julia/packages/OrdinaryDiffEqNonlinearSolve/doSPx/src/nlsolve.jl:144
┌ Warning: Verbosity toggle: newton_convergence 
│  Newton iteration failed with stale Jacobian, retrying with fresh Jacobian
└ @ OrdinaryDiffEqNonlinearSolve ~/.julia/packages/OrdinaryDiffEqNonlinearSolve/doSPx/src/nlsolve.jl:144
┌ Warning: Verbosity toggle: newton_convergence 
│  Newton iteration failed with stale Jacobian, retrying with fresh Jacobian
└ @ OrdinaryDiffEqNonlinearSolve ~/.julia/packages/OrdinaryDiffEqNonlinearSolve/doSPx/src/nlsolve.jl:144
┌ Warning: Verbosity toggle: newton_convergence 
│  Newton iteration diverging: θ = Dual{ForwardDiff.Tag{PEtab.var"#302#303"{Bool, PEtab.PEtabODEProblemInfo{ODESolver, ODESolver, PEtab.PEtabODEProblemCache{Vector{Float64}, PreallocationTools.DiffCache{Vector{Float64}, Vector{Float64}}, Vector{Float64}, Matrix{Float64}, Dict{Symbol, PreallocationTools.DiffCache}, Dict{Symbol, PreallocationTools.DiffCache}, Dict{Symbol, PreallocationTools.DiffCache}, Vector{Float64}}}, PEtab.PEtabODEProblemInfo{ODESolver, ODESolver, PEtab.PEtabODEProblemCache{Vector{Float64}, PreallocationTools.DiffCache{Vector{Float64}, Vector{Float64}}, Vector{Float64}, Matrix{Float64}, Dict{Symbol, PreallocationTools.DiffCache}, Dict{Symbol, PreallocationTools.DiffCache}, Dict{Symbol, PreallocationTools.DiffCache}, Vector{Float64}}}, Vector{Float64}, Vector{Float64}, Vector{Float64}, PEtab.ModelInfo}, Float64}}(2.0967045768154384,0.0,0.0,0.0,0.0,0.0,0.0,0.0,0.0,0.0) > 2, ndz = 1.4280887759750802, ndzprev = 0.681111107290146
└ @ OrdinaryDiffEqNonlinearSolve ~/.julia/packages/OrdinaryDiffEqNonlinearSolve/doSPx/src/nlsolve.jl:101
┌ Warning: Verbosity toggle: newton_convergence 
│  Newton iteration failed with stale Jacobian, retrying with fresh Jacobian
└ @ OrdinaryDiffEqNonlinearSolve ~/.julia/packages/OrdinaryDiffEqNonlinearSolve/doSPx/src/nlsolve.jl:144
┌ Warning: Verbosity toggle: newton_convergence 
│  Newton iteration diverging: θ = Dual{ForwardDiff.Tag{PEtab.var"#302#303"{Bool, PEtab.PEtabODEProblemInfo{ODESolver, ODESolver, PEtab.PEtabODEProblemCache{Vector{Float64}, PreallocationTools.DiffCache{Vector{Float64}, Vector{Float64}}, Vector{Float64}, Matrix{Float64}, Dict{Symbol, PreallocationTools.DiffCache}, Dict{Symbol, PreallocationTools.DiffCache}, Dict{Symbol, PreallocationTools.DiffCache}, Vector{Float64}}}, PEtab.PEtabODEProblemInfo{ODESolver, ODESolver, PEtab.PEtabODEProblemCache{Vector{Float64}, PreallocationTools.DiffCache{Vector{Float64}, Vector{Float64}}, Vector{Float64}, Matrix{Float64}, Dict{Symbol, PreallocationTools.DiffCache}, Dict{Symbol, PreallocationTools.DiffCache}, Dict{Symbol, PreallocationTools.DiffCache}, Vector{Float64}}}, Vector{Float64}, Vector{Float64}, Vector{Float64}, PEtab.ModelInfo}, Float64}}(2.225787739713219,0.0,0.0,0.0,0.0,0.0,0.0,0.0,0.0,0.0) > 2, ndz = 0.3686546108570285, ndzprev = 0.16562882627097572
└ @ OrdinaryDiffEqNonlinearSolve ~/.julia/packages/OrdinaryDiffEqNonlinearSolve/doSPx/src/nlsolve.jl:101
┌ Warning: Verbosity toggle: newton_convergence 
│  Newton iteration failed with stale Jacobian, retrying with fresh Jacobian
└ @ OrdinaryDiffEqNonlinearSolve ~/.julia/packages/OrdinaryDiffEqNonlinearSolve/doSPx/src/nlsolve.jl:144
┌ Warning: Verbosity toggle: newton_convergence 
│  Newton iteration failed with stale Jacobian, retrying with fresh Jacobian
└ @ OrdinaryDiffEqNonlinearSolve ~/.julia/packages/OrdinaryDiffEqNonlinearSolve/doSPx/src/nlsolve.jl:144
┌ Warning: Verbosity toggle: newton_convergence 
│  Newton iteration failed with stale Jacobian, retrying with fresh Jacobian
└ @ OrdinaryDiffEqNonlinearSolve ~/.julia/packages/OrdinaryDiffEqNonlinearSolve/doSPx/src/nlsolve.jl:144
┌ Warning: Verbosity toggle: newton_convergence 
│  Newton iteration failed with stale Jacobian, retrying with fresh Jacobian
└ @ OrdinaryDiffEqNonlinearSolve ~/.julia/packages/OrdinaryDiffEqNonlinearSolve/doSPx/src/nlsolve.jl:144
┌ Warning: Verbosity toggle: newton_convergence 
│  Newton iteration failed with stale Jacobian, retrying with fresh Jacobian
└ @ OrdinaryDiffEqNonlinearSolve ~/.julia/packages/OrdinaryDiffEqNonlinearSolve/doSPx/src/nlsolve.jl:144
┌ Warning: Verbosity toggle: newton_convergence 
│  Newton iteration failed with stale Jacobian, retrying with fresh Jacobian
└ @ OrdinaryDiffEqNonlinearSolve ~/.julia/packages/OrdinaryDiffEqNonlinearSolve/doSPx/src/nlsolve.jl:144
┌ Warning: Verbosity toggle: newton_convergence 
│  Newton iteration failed with stale Jacobian, retrying with fresh Jacobian
└ @ OrdinaryDiffEqNonlinearSolve ~/.julia/packages/OrdinaryDiffEqNonlinearSolve/doSPx/src/nlsolve.jl:144
┌ Warning: Verbosity toggle: newton_convergence 
│  Newton iteration failed with stale Jacobian, retrying with fresh Jacobian
└ @ OrdinaryDiffEqNonlinearSolve ~/.julia/packages/OrdinaryDiffEqNonlinearSolve/doSPx/src/nlsolve.jl:144
┌ Warning: Verbosity toggle: newton_convergence 
│  Newton iteration failed with stale Jacobian, retrying with fresh Jacobian
└ @ OrdinaryDiffEqNonlinearSolve ~/.julia/packages/OrdinaryDiffEqNonlinearSolve/doSPx/src/nlsolve.jl:144
┌ Warning: Verbosity toggle: newton_convergence 
│  Newton iteration diverging: θ = Dual{ForwardDiff.Tag{PEtab.var"#302#303"{Bool, PEtab.PEtabODEProblemInfo{ODESolver, ODESolver, PEtab.PEtabODEProblemCache{Vector{Float64}, PreallocationTools.DiffCache{Vector{Float64}, Vector{Float64}}, Vector{Float64}, Matrix{Float64}, Dict{Symbol, PreallocationTools.DiffCache}, Dict{Symbol, PreallocationTools.DiffCache}, Dict{Symbol, PreallocationTools.DiffCache}, Vector{Float64}}}, PEtab.PEtabODEProblemInfo{ODESolver, ODESolver, PEtab.PEtabODEProblemCache{Vector{Float64}, PreallocationTools.DiffCache{Vector{Float64}, Vector{Float64}}, Vector{Float64}, Matrix{Float64}, Dict{Symbol, PreallocationTools.DiffCache}, Dict{Symbol, PreallocationTools.DiffCache}, Dict{Symbol, PreallocationTools.DiffCache}, Vector{Float64}}}, Vector{Float64}, Vector{Float64}, Vector{Float64}, PEtab.ModelInfo}, Float64}}(2.2969165313613757,0.0,0.0,0.0,0.0,0.0,0.0,0.0,0.0,0.0) > 2, ndz = 0.6139913059984778, ndzprev = 0.26731110931339197
└ @ OrdinaryDiffEqNonlinearSolve ~/.julia/packages/OrdinaryDiffEqNonlinearSolve/doSPx/src/nlsolve.jl:101
┌ Warning: Verbosity toggle: newton_convergence 
│  Newton iteration failed with stale Jacobian, retrying with fresh Jacobian
└ @ OrdinaryDiffEqNonlinearSolve ~/.julia/packages/OrdinaryDiffEqNonlinearSolve/doSPx/src/nlsolve.jl:144
┌ Warning: Verbosity toggle: newton_convergence 
│  Newton iteration diverging: θ = Dual{ForwardDiff.Tag{PEtab.var"#302#303"{Bool, PEtab.PEtabODEProblemInfo{ODESolver, ODESolver, PEtab.PEtabODEProblemCache{Vector{Float64}, PreallocationTools.DiffCache{Vector{Float64}, Vector{Float64}}, Vector{Float64}, Matrix{Float64}, Dict{Symbol, PreallocationTools.DiffCache}, Dict{Symbol, PreallocationTools.DiffCache}, Dict{Symbol, PreallocationTools.DiffCache}, Vector{Float64}}}, PEtab.PEtabODEProblemInfo{ODESolver, ODESolver, PEtab.PEtabODEProblemCache{Vector{Float64}, PreallocationTools.DiffCache{Vector{Float64}, Vector{Float64}}, Vector{Float64}, Matrix{Float64}, Dict{Symbol, PreallocationTools.DiffCache}, Dict{Symbol, PreallocationTools.DiffCache}, Dict{Symbol, PreallocationTools.DiffCache}, Vector{Float64}}}, Vector{Float64}, Vector{Float64}, Vector{Float64}, PEtab.ModelInfo}, Float64}}(2.6705042998597923,0.0,0.0,0.0,0.0,0.0,0.0,0.0,0.0,0.0) > 2, ndz = 0.3939829859255778, ndzprev = 0.14753130558384153
└ @ OrdinaryDiffEqNonlinearSolve ~/.julia/packages/OrdinaryDiffEqNonlinearSolve/doSPx/src/nlsolve.jl:101
┌ Warning: Verbosity toggle: newton_convergence 
│  Newton iteration failed with stale Jacobian, retrying with fresh Jacobian
└ @ OrdinaryDiffEqNonlinearSolve ~/.julia/packages/OrdinaryDiffEqNonlinearSolve/doSPx/src/nlsolve.jl:144
┌ Warning: Verbosity toggle: newton_convergence 
│  Newton iteration failed with stale Jacobian, retrying with fresh Jacobian
└ @ OrdinaryDiffEqNonlinearSolve ~/.julia/packages/OrdinaryDiffEqNonlinearSolve/doSPx/src/nlsolve.jl:144
┌ Warning: Verbosity toggle: newton_convergence 
│  Newton iteration failed with stale Jacobian, retrying with fresh Jacobian
└ @ OrdinaryDiffEqNonlinearSolve ~/.julia/packages/OrdinaryDiffEqNonlinearSolve/doSPx/src/nlsolve.jl:144
┌ Warning: Verbosity toggle: newton_convergence 
│  Newton iteration failed with stale Jacobian, retrying with fresh Jacobian
└ @ OrdinaryDiffEqNonlinearSolve ~/.julia/packages/OrdinaryDiffEqNonlinearSolve/doSPx/src/nlsolve.jl:144
┌ Warning: Verbosity toggle: newton_convergence 
│  Newton iteration diverging: θ = Dual{ForwardDiff.Tag{PEtab.var"#302#303"{Bool, PEtab.PEtabODEProblemInfo{ODESolver, ODESolver, PEtab.PEtabODEProblemCache{Vector{Float64}, PreallocationTools.DiffCache{Vector{Float64}, Vector{Float64}}, Vector{Float64}, Matrix{Float64}, Dict{Symbol, PreallocationTools.DiffCache}, Dict{Symbol, PreallocationTools.DiffCache}, Dict{Symbol, PreallocationTools.DiffCache}, Vector{Float64}}}, PEtab.PEtabODEProblemInfo{ODESolver, ODESolver, PEtab.PEtabODEProblemCache{Vector{Float64}, PreallocationTools.DiffCache{Vector{Float64}, Vector{Float64}}, Vector{Float64}, Matrix{Float64}, Dict{Symbol, PreallocationTools.DiffCache}, Dict{Symbol, PreallocationTools.DiffCache}, Dict{Symbol, PreallocationTools.DiffCache}, Vector{Float64}}}, Vector{Float64}, Vector{Float64}, Vector{Float64}, PEtab.ModelInfo}, Float64}}(2.2969165313613757,0.0,0.0,0.0,0.0,0.0,0.0,0.0,0.0,0.0) > 2, ndz = 0.6139913059984778, ndzprev = 0.26731110931339197
└ @ OrdinaryDiffEqNonlinearSolve ~/.julia/packages/OrdinaryDiffEqNonlinearSolve/doSPx/src/nlsolve.jl:101
┌ Warning: Verbosity toggle: newton_convergence 
│  Newton iteration failed with stale Jacobian, retrying with fresh Jacobian
└ @ OrdinaryDiffEqNonlinearSolve ~/.julia/packages/OrdinaryDiffEqNonlinearSolve/doSPx/src/nlsolve.jl:144
┌ Warning: Verbosity toggle: newton_convergence 
│  Newton iteration diverging: θ = Dual{ForwardDiff.Tag{PEtab.var"#302#303"{Bool, PEtab.PEtabODEProblemInfo{ODESolver, ODESolver, PEtab.PEtabODEProblemCache{Vector{Float64}, PreallocationTools.DiffCache{Vector{Float64}, Vector{Float64}}, Vector{Float64}, Matrix{Float64}, Dict{Symbol, PreallocationTools.DiffCache}, Dict{Symbol, PreallocationTools.DiffCache}, Dict{Symbol, PreallocationTools.DiffCache}, Vector{Float64}}}, PEtab.PEtabODEProblemInfo{ODESolver, ODESolver, PEtab.PEtabODEProblemCache{Vector{Float64}, PreallocationTools.DiffCache{Vector{Float64}, Vector{Float64}}, Vector{Float64}, Matrix{Float64}, Dict{Symbol, PreallocationTools.DiffCache}, Dict{Symbol, PreallocationTools.DiffCache}, Dict{Symbol, PreallocationTools.DiffCache}, Vector{Float64}}}, Vector{Float64}, Vector{Float64}, Vector{Float64}, PEtab.ModelInfo}, Float64}}(2.6705042998597923,0.0,0.0,0.0,0.0,0.0,0.0,0.0,0.0,0.0) > 2, ndz = 0.3939829859255778, ndzprev = 0.14753130558384153
└ @ OrdinaryDiffEqNonlinearSolve ~/.julia/packages/OrdinaryDiffEqNonlinearSolve/doSPx/src/nlsolve.jl:101
┌ Warning: Verbosity toggle: newton_convergence 
│  Newton iteration failed with stale Jacobian, retrying with fresh Jacobian
└ @ OrdinaryDiffEqNonlinearSolve ~/.julia/packages/OrdinaryDiffEqNonlinearSolve/doSPx/src/nlsolve.jl:144
┌ Warning: Verbosity toggle: newton_convergence 
│  Newton iteration failed with stale Jacobian, retrying with fresh Jacobian
└ @ OrdinaryDiffEqNonlinearSolve ~/.julia/packages/OrdinaryDiffEqNonlinearSolve/doSPx/src/nlsolve.jl:144
┌ Warning: Verbosity toggle: newton_convergence 
│  Newton iteration failed with stale Jacobian, retrying with fresh Jacobian
└ @ OrdinaryDiffEqNonlinearSolve ~/.julia/packages/OrdinaryDiffEqNonlinearSolve/doSPx/src/nlsolve.jl:144
┌ Warning: Verbosity toggle: newton_convergence 
│  Newton iteration failed with stale Jacobian, retrying with fresh Jacobian
└ @ OrdinaryDiffEqNonlinearSolve ~/.julia/packages/OrdinaryDiffEqNonlinearSolve/doSPx/src/nlsolve.jl:144
┌ Warning: Verbosity toggle: newton_convergence 
│  Newton iteration failed with stale Jacobian, retrying with fresh Jacobian
└ @ OrdinaryDiffEqNonlinearSolve ~/.julia/packages/OrdinaryDiffEqNonlinearSolve/doSPx/src/nlsolve.jl:144
┌ Warning: Verbosity toggle: newton_convergence 
│  Newton iteration failed with stale Jacobian, retrying with fresh Jacobian
└ @ OrdinaryDiffEqNonlinearSolve ~/.julia/packages/OrdinaryDiffEqNonlinearSolve/doSPx/src/nlsolve.jl:144
┌ Warning: Verbosity toggle: newton_convergence 
│  Newton iteration diverging: θ = Dual{ForwardDiff.Tag{PEtab.var"#302#303"{Bool, PEtab.PEtabODEProblemInfo{ODESolver, ODESolver, PEtab.PEtabODEProblemCache{Vector{Float64}, PreallocationTools.DiffCache{Vector{Float64}, Vector{Float64}}, Vector{Float64}, Matrix{Float64}, Dict{Symbol, PreallocationTools.DiffCache}, Dict{Symbol, PreallocationTools.DiffCache}, Dict{Symbol, PreallocationTools.DiffCache}, Vector{Float64}}}, PEtab.PEtabODEProblemInfo{ODESolver, ODESolver, PEtab.PEtabODEProblemCache{Vector{Float64}, PreallocationTools.DiffCache{Vector{Float64}, Vector{Float64}}, Vector{Float64}, Matrix{Float64}, Dict{Symbol, PreallocationTools.DiffCache}, Dict{Symbol, PreallocationTools.DiffCache}, Dict{Symbol, PreallocationTools.DiffCache}, Vector{Float64}}}, Vector{Float64}, Vector{Float64}, Vector{Float64}, PEtab.ModelInfo}, Float64}}(2.0477751232551844,0.0,0.0,0.0,0.0,0.0,0.0,0.0,0.0,0.0) > 2, ndz = 0.9823938602517481, ndzprev = 0.4797371787045226
└ @ OrdinaryDiffEqNonlinearSolve ~/.julia/packages/OrdinaryDiffEqNonlinearSolve/doSPx/src/nlsolve.jl:101
┌ Warning: Verbosity toggle: newton_convergence 
│  Newton iteration failed with stale Jacobian, retrying with fresh Jacobian
└ @ OrdinaryDiffEqNonlinearSolve ~/.julia/packages/OrdinaryDiffEqNonlinearSolve/doSPx/src/nlsolve.jl:144
┌ Warning: Verbosity toggle: newton_convergence 
│  Newton iteration failed with stale Jacobian, retrying with fresh Jacobian
└ @ OrdinaryDiffEqNonlinearSolve ~/.julia/packages/OrdinaryDiffEqNonlinearSolve/doSPx/src/nlsolve.jl:144
┌ Warning: Verbosity toggle: newton_convergence 
│  Newton iteration failed with stale Jacobian, retrying with fresh Jacobian
└ @ OrdinaryDiffEqNonlinearSolve ~/.julia/packages/OrdinaryDiffEqNonlinearSolve/doSPx/src/nlsolve.jl:144
┌ Warning: Verbosity toggle: newton_convergence 
│  Newton iteration failed with stale Jacobian, retrying with fresh Jacobian
└ @ OrdinaryDiffEqNonlinearSolve ~/.julia/packages/OrdinaryDiffEqNonlinearSolve/doSPx/src/nlsolve.jl:144
┌ Warning: Verbosity toggle: newton_convergence 
│  Newton iteration failed with stale Jacobian, retrying with fresh Jacobian
└ @ OrdinaryDiffEqNonlinearSolve ~/.julia/packages/OrdinaryDiffEqNonlinearSolve/doSPx/src/nlsolve.jl:144
┌ Warning: Verbosity toggle: newton_convergence 
│  Newton iteration diverging: θ = Dual{ForwardDiff.Tag{PEtab.var"#302#303"{Bool, PEtab.PEtabODEProblemInfo{ODESolver, ODESolver, PEtab.PEtabODEProblemCache{Vector{Float64}, PreallocationTools.DiffCache{Vector{Float64}, Vector{Float64}}, Vector{Float64}, Matrix{Float64}, Dict{Symbol, PreallocationTools.DiffCache}, Dict{Symbol, PreallocationTools.DiffCache}, Dict{Symbol, PreallocationTools.DiffCache}, Vector{Float64}}}, PEtab.PEtabODEProblemInfo{ODESolver, ODESolver, PEtab.PEtabODEProblemCache{Vector{Float64}, PreallocationTools.DiffCache{Vector{Float64}, Vector{Float64}}, Vector{Float64}, Matrix{Float64}, Dict{Symbol, PreallocationTools.DiffCache}, Dict{Symbol, PreallocationTools.DiffCache}, Dict{Symbol, PreallocationTools.DiffCache}, Vector{Float64}}}, Vector{Float64}, Vector{Float64}, Vector{Float64}, PEtab.ModelInfo}, Float64}}(2.0477751232551844,0.0,0.0,0.0,0.0,0.0,0.0,0.0,0.0,0.0) > 2, ndz = 0.9823938602517481, ndzprev = 0.4797371787045226
└ @ OrdinaryDiffEqNonlinearSolve ~/.julia/packages/OrdinaryDiffEqNonlinearSolve/doSPx/src/nlsolve.jl:101
┌ Warning: Verbosity toggle: newton_convergence 
│  Newton iteration failed with stale Jacobian, retrying with fresh Jacobian
└ @ OrdinaryDiffEqNonlinearSolve ~/.julia/packages/OrdinaryDiffEqNonlinearSolve/doSPx/src/nlsolve.jl:144
┌ Warning: Verbosity toggle: newton_convergence 
│  Newton iteration failed with stale Jacobian, retrying with fresh Jacobian
└ @ OrdinaryDiffEqNonlinearSolve ~/.julia/packages/OrdinaryDiffEqNonlinearSolve/doSPx/src/nlsolve.jl:144
┌ Warning: Verbosity toggle: newton_convergence 
│  Newton iteration failed with stale Jacobian, retrying with fresh Jacobian
└ @ OrdinaryDiffEqNonlinearSolve ~/.julia/packages/OrdinaryDiffEqNonlinearSolve/doSPx/src/nlsolve.jl:144
┌ Warning: Verbosity toggle: newton_convergence 
│  Newton iteration failed with stale Jacobian, retrying with fresh Jacobian
└ @ OrdinaryDiffEqNonlinearSolve ~/.julia/packages/OrdinaryDiffEqNonlinearSolve/doSPx/src/nlsolve.jl:144
┌ Warning: Verbosity toggle: newton_convergence 
│  Newton iteration failed with stale Jacobian, retrying with fresh Jacobian
└ @ OrdinaryDiffEqNonlinearSolve ~/.julia/packages/OrdinaryDiffEqNonlinearSolve/doSPx/src/nlsolve.jl:144
┌ Warning: Verbosity toggle: newton_convergence 
│  Newton iteration failed with stale Jacobian, retrying with fresh Jacobian
└ @ OrdinaryDiffEqNonlinearSolve ~/.julia/packages/OrdinaryDiffEqNonlinearSolve/doSPx/src/nlsolve.jl:144
┌ Warning: Verbosity toggle: newton_convergence 
│  Newton iteration diverging: θ = 2.5377104182394308 > 2, ndz = 1.4127670553819003, ndzprev = 0.5567093255510318
└ @ OrdinaryDiffEqNonlinearSolve ~/.julia/packages/OrdinaryDiffEqNonlinearSolve/doSPx/src/nlsolve.jl:101
┌ Warning: Verbosity toggle: newton_convergence 
│  Newton iteration failed with stale Jacobian, retrying with fresh Jacobian
└ @ OrdinaryDiffEqNonlinearSolve ~/.julia/packages/OrdinaryDiffEqNonlinearSolve/doSPx/src/nlsolve.jl:144
┌ Warning: Verbosity toggle: newton_convergence 
│  Newton iteration failed with stale Jacobian, retrying with fresh Jacobian
└ @ OrdinaryDiffEqNonlinearSolve ~/.julia/packages/OrdinaryDiffEqNonlinearSolve/doSPx/src/nlsolve.jl:144
┌ Warning: Verbosity toggle: newton_convergence 
│  Newton iteration failed with stale Jacobian, retrying with fresh Jacobian
└ @ OrdinaryDiffEqNonlinearSolve ~/.julia/packages/OrdinaryDiffEqNonlinearSolve/doSPx/src/nlsolve.jl:144
┌ Warning: Verbosity toggle: newton_convergence 
│  Newton iteration diverging: θ = 2.5377104182394308 > 2, ndz = 1.4127670553819003, ndzprev = 0.5567093255510318
└ @ OrdinaryDiffEqNonlinearSolve ~/.julia/packages/OrdinaryDiffEqNonlinearSolve/doSPx/src/nlsolve.jl:101
┌ Warning: Verbosity toggle: newton_convergence 
│  Newton iteration failed with stale Jacobian, retrying with fresh Jacobian
└ @ OrdinaryDiffEqNonlinearSolve ~/.julia/packages/OrdinaryDiffEqNonlinearSolve/doSPx/src/nlsolve.jl:144
┌ Warning: Verbosity toggle: newton_convergence 
│  Newton iteration failed with stale Jacobian, retrying with fresh Jacobian
└ @ OrdinaryDiffEqNonlinearSolve ~/.julia/packages/OrdinaryDiffEqNonlinearSolve/doSPx/src/nlsolve.jl:144
┌ Warning: Verbosity toggle: newton_convergence 
│  Newton iteration failed with stale Jacobian, retrying with fresh Jacobian
└ @ OrdinaryDiffEqNonlinearSolve ~/.julia/packages/OrdinaryDiffEqNonlinearSolve/doSPx/src/nlsolve.jl:144
┌ Warning: Verbosity toggle: newton_convergence 
│  Newton iteration failed with stale Jacobian, retrying with fresh Jacobian
└ @ OrdinaryDiffEqNonlinearSolve ~/.julia/packages/OrdinaryDiffEqNonlinearSolve/doSPx/src/nlsolve.jl:144
┌ Warning: Verbosity toggle: newton_convergence 
│  Newton iteration failed with stale Jacobian, retrying with fresh Jacobian
└ @ OrdinaryDiffEqNonlinearSolve ~/.julia/packages/OrdinaryDiffEqNonlinearSolve/doSPx/src/nlsolve.jl:144
┌ Warning: Verbosity toggle: newton_convergence 
│  Newton iteration failed with stale Jacobian, retrying with fresh Jacobian
└ @ OrdinaryDiffEqNonlinearSolve ~/.julia/packages/OrdinaryDiffEqNonlinearSolve/doSPx/src/nlsolve.jl:144
┌ Warning: Verbosity toggle: newton_convergence 
│  Newton iteration diverging: θ = Dual{ForwardDiff.Tag{PEtab.var"#302#303"{Bool, PEtab.PEtabODEProblemInfo{ODESolver, ODESolver, PEtab.PEtabODEProblemCache{Vector{Float64}, PreallocationTools.DiffCache{Vector{Float64}, Vector{Float64}}, Vector{Float64}, Matrix{Float64}, Dict{Symbol, PreallocationTools.DiffCache}, Dict{Symbol, PreallocationTools.DiffCache}, Dict{Symbol, PreallocationTools.DiffCache}, Vector{Float64}}}, PEtab.PEtabODEProblemInfo{ODESolver, ODESolver, PEtab.PEtabODEProblemCache{Vector{Float64}, PreallocationTools.DiffCache{Vector{Float64}, Vector{Float64}}, Vector{Float64}, Matrix{Float64}, Dict{Symbol, PreallocationTools.DiffCache}, Dict{Symbol, PreallocationTools.DiffCache}, Dict{Symbol, PreallocationTools.DiffCache}, Vector{Float64}}}, Vector{Float64}, Vector{Float64}, Vector{Float64}, PEtab.ModelInfo}, Float64}}(2.096704700308715,0.0,0.0,0.0,0.0,0.0,0.0,0.0,0.0,0.0) > 2, ndz = 1.4280886089396334, ndzprev = 0.6811109875078566
└ @ OrdinaryDiffEqNonlinearSolve ~/.julia/packages/OrdinaryDiffEqNonlinearSolve/doSPx/src/nlsolve.jl:101
┌ Warning: Verbosity toggle: newton_convergence 
│  Newton iteration failed with stale Jacobian, retrying with fresh Jacobian
└ @ OrdinaryDiffEqNonlinearSolve ~/.julia/packages/OrdinaryDiffEqNonlinearSolve/doSPx/src/nlsolve.jl:144
┌ Warning: Verbosity toggle: newton_convergence 
│  Newton iteration diverging: θ = Dual{ForwardDiff.Tag{PEtab.var"#302#303"{Bool, PEtab.PEtabODEProblemInfo{ODESolver, ODESolver, PEtab.PEtabODEProblemCache{Vector{Float64}, PreallocationTools.DiffCache{Vector{Float64}, Vector{Float64}}, Vector{Float64}, Matrix{Float64}, Dict{Symbol, PreallocationTools.DiffCache}, Dict{Symbol, PreallocationTools.DiffCache}, Dict{Symbol, PreallocationTools.DiffCache}, Vector{Float64}}}, PEtab.PEtabODEProblemInfo{ODESolver, ODESolver, PEtab.PEtabODEProblemCache{Vector{Float64}, PreallocationTools.DiffCache{Vector{Float64}, Vector{Float64}}, Vector{Float64}, Matrix{Float64}, Dict{Symbol, PreallocationTools.DiffCache}, Dict{Symbol, PreallocationTools.DiffCache}, Dict{Symbol, PreallocationTools.DiffCache}, Vector{Float64}}}, Vector{Float64}, Vector{Float64}, Vector{Float64}, PEtab.ModelInfo}, Float64}}(2.2257856596979266,0.0,0.0,0.0,0.0,0.0,0.0,0.0,0.0,0.0) > 2, ndz = 0.36865446368443167, ndzprev = 0.16562891493085805
└ @ OrdinaryDiffEqNonlinearSolve ~/.julia/packages/OrdinaryDiffEqNonlinearSolve/doSPx/src/nlsolve.jl:101
┌ Warning: Verbosity toggle: newton_convergence 
│  Newton iteration failed with stale Jacobian, retrying with fresh Jacobian
└ @ OrdinaryDiffEqNonlinearSolve ~/.julia/packages/OrdinaryDiffEqNonlinearSolve/doSPx/src/nlsolve.jl:144
┌ Warning: Verbosity toggle: newton_convergence 
│  Newton iteration failed with stale Jacobian, retrying with fresh Jacobian
└ @ OrdinaryDiffEqNonlinearSolve ~/.julia/packages/OrdinaryDiffEqNonlinearSolve/doSPx/src/nlsolve.jl:144
┌ Warning: Verbosity toggle: newton_convergence 
│  Newton iteration failed with stale Jacobian, retrying with fresh Jacobian
└ @ OrdinaryDiffEqNonlinearSolve ~/.julia/packages/OrdinaryDiffEqNonlinearSolve/doSPx/src/nlsolve.jl:144
┌ Warning: Verbosity toggle: newton_convergence 
│  Newton iteration diverging: θ = Dual{ForwardDiff.Tag{PEtab.var"#302#303"{Bool, PEtab.PEtabODEProblemInfo{ODESolver, ODESolver, PEtab.PEtabODEProblemCache{Vector{Float64}, PreallocationTools.DiffCache{Vector{Float64}, Vector{Float64}}, Vector{Float64}, Matrix{Float64}, Dict{Symbol, PreallocationTools.DiffCache}, Dict{Symbol, PreallocationTools.DiffCache}, Dict{Symbol, PreallocationTools.DiffCache}, Vector{Float64}}}, PEtab.PEtabODEProblemInfo{ODESolver, ODESolver, PEtab.PEtabODEProblemCache{Vector{Float64}, PreallocationTools.DiffCache{Vector{Float64}, Vector{Float64}}, Vector{Float64}, Matrix{Float64}, Dict{Symbol, PreallocationTools.DiffCache}, Dict{Symbol, PreallocationTools.DiffCache}, Dict{Symbol, PreallocationTools.DiffCache}, Vector{Float64}}}, Vector{Float64}, Vector{Float64}, Vector{Float64}, PEtab.ModelInfo}, Float64}}(2.096704700308715,0.0,0.0,0.0,0.0,0.0,0.0,0.0,0.0,0.0) > 2, ndz = 1.4280886089396334, ndzprev = 0.6811109875078566
└ @ OrdinaryDiffEqNonlinearSolve ~/.julia/packages/OrdinaryDiffEqNonlinearSolve/doSPx/src/nlsolve.jl:101
┌ Warning: Verbosity toggle: newton_convergence 
│  Newton iteration failed with stale Jacobian, retrying with fresh Jacobian
└ @ OrdinaryDiffEqNonlinearSolve ~/.julia/packages/OrdinaryDiffEqNonlinearSolve/doSPx/src/nlsolve.jl:144
┌ Warning: Verbosity toggle: newton_convergence 
│  Newton iteration diverging: θ = Dual{ForwardDiff.Tag{PEtab.var"#302#303"{Bool, PEtab.PEtabODEProblemInfo{ODESolver, ODESolver, PEtab.PEtabODEProblemCache{Vector{Float64}, PreallocationTools.DiffCache{Vector{Float64}, Vector{Float64}}, Vector{Float64}, Matrix{Float64}, Dict{Symbol, PreallocationTools.DiffCache}, Dict{Symbol, PreallocationTools.DiffCache}, Dict{Symbol, PreallocationTools.DiffCache}, Vector{Float64}}}, PEtab.PEtabODEProblemInfo{ODESolver, ODESolver, PEtab.PEtabODEProblemCache{Vector{Float64}, PreallocationTools.DiffCache{Vector{Float64}, Vector{Float64}}, Vector{Float64}, Matrix{Float64}, Dict{Symbol, PreallocationTools.DiffCache}, Dict{Symbol, PreallocationTools.DiffCache}, Dict{Symbol, PreallocationTools.DiffCache}, Vector{Float64}}}, Vector{Float64}, Vector{Float64}, Vector{Float64}, PEtab.ModelInfo}, Float64}}(2.2257856596979266,0.0,0.0,0.0,0.0,0.0,0.0,0.0,0.0,0.0) > 2, ndz = 0.36865446368443167, ndzprev = 0.16562891493085805
└ @ OrdinaryDiffEqNonlinearSolve ~/.julia/packages/OrdinaryDiffEqNonlinearSolve/doSPx/src/nlsolve.jl:101
┌ Warning: Verbosity toggle: newton_convergence 
│  Newton iteration failed with stale Jacobian, retrying with fresh Jacobian
└ @ OrdinaryDiffEqNonlinearSolve ~/.julia/packages/OrdinaryDiffEqNonlinearSolve/doSPx/src/nlsolve.jl:144
┌ Warning: Verbosity toggle: newton_convergence 
│  Newton iteration failed with stale Jacobian, retrying with fresh Jacobian
└ @ OrdinaryDiffEqNonlinearSolve ~/.julia/packages/OrdinaryDiffEqNonlinearSolve/doSPx/src/nlsolve.jl:144
┌ Warning: Verbosity toggle: newton_convergence 
│  Newton iteration failed with stale Jacobian, retrying with fresh Jacobian
└ @ OrdinaryDiffEqNonlinearSolve ~/.julia/packages/OrdinaryDiffEqNonlinearSolve/doSPx/src/nlsolve.jl:144
┌ Warning: Verbosity toggle: newton_convergence 
│  Newton iteration failed with stale Jacobian, retrying with fresh Jacobian
└ @ OrdinaryDiffEqNonlinearSolve ~/.julia/packages/OrdinaryDiffEqNonlinearSolve/doSPx/src/nlsolve.jl:144
┌ Warning: Verbosity toggle: newton_convergence 
│  Newton iteration failed with stale Jacobian, retrying with fresh Jacobian
└ @ OrdinaryDiffEqNonlinearSolve ~/.julia/packages/OrdinaryDiffEqNonlinearSolve/doSPx/src/nlsolve.jl:144
┌ Warning: Verbosity toggle: newton_convergence 
│  Newton iteration failed with stale Jacobian, retrying with fresh Jacobian
└ @ OrdinaryDiffEqNonlinearSolve ~/.julia/packages/OrdinaryDiffEqNonlinearSolve/doSPx/src/nlsolve.jl:144
┌ Warning: Verbosity toggle: newton_convergence 
│  Newton iteration failed with stale Jacobian, retrying with fresh Jacobian
└ @ OrdinaryDiffEqNonlinearSolve ~/.julia/packages/OrdinaryDiffEqNonlinearSolve/doSPx/src/nlsolve.jl:144
┌ Warning: Verbosity toggle: newton_convergence 
│  Newton iteration failed with stale Jacobian, retrying with fresh Jacobian
└ @ OrdinaryDiffEqNonlinearSolve ~/.julia/packages/OrdinaryDiffEqNonlinearSolve/doSPx/src/nlsolve.jl:144
┌ Warning: Verbosity toggle: newton_convergence 
│  Newton iteration failed with stale Jacobian, retrying with fresh Jacobian
└ @ OrdinaryDiffEqNonlinearSolve ~/.julia/packages/OrdinaryDiffEqNonlinearSolve/doSPx/src/nlsolve.jl:144
┌ Warning: Verbosity toggle: newton_convergence 
│  Newton iteration diverging: θ = Dual{ForwardDiff.Tag{PEtab.var"#302#303"{Bool, PEtab.PEtabODEProblemInfo{ODESolver, ODESolver, PEtab.PEtabODEProblemCache{Vector{Float64}, PreallocationTools.DiffCache{Vector{Float64}, Vector{Float64}}, Vector{Float64}, Matrix{Float64}, Dict{Symbol, PreallocationTools.DiffCache}, Dict{Symbol, PreallocationTools.DiffCache}, Dict{Symbol, PreallocationTools.DiffCache}, Vector{Float64}}}, PEtab.PEtabODEProblemInfo{ODESolver, ODESolver, PEtab.PEtabODEProblemCache{Vector{Float64}, PreallocationTools.DiffCache{Vector{Float64}, Vector{Float64}}, Vector{Float64}, Matrix{Float64}, Dict{Symbol, PreallocationTools.DiffCache}, Dict{Symbol, PreallocationTools.DiffCache}, Dict{Symbol, PreallocationTools.DiffCache}, Vector{Float64}}}, Vector{Float64}, Vector{Float64}, Vector{Float64}, PEtab.ModelInfo}, Float64}}(2.296916158883735,0.0,0.0,0.0,0.0,0.0,0.0,0.0,0.0,0.0) > 2, ndz = 0.6139911990352955, ndzprev = 0.26731110609352216
└ @ OrdinaryDiffEqNonlinearSolve ~/.julia/packages/OrdinaryDiffEqNonlinearSolve/doSPx/src/nlsolve.jl:101
┌ Warning: Verbosity toggle: newton_convergence 
│  Newton iteration failed with stale Jacobian, retrying with fresh Jacobian
└ @ OrdinaryDiffEqNonlinearSolve ~/.julia/packages/OrdinaryDiffEqNonlinearSolve/doSPx/src/nlsolve.jl:144
┌ Warning: Verbosity toggle: newton_convergence 
│  Newton iteration diverging: θ = Dual{ForwardDiff.Tag{PEtab.var"#302#303"{Bool, PEtab.PEtabODEProblemInfo{ODESolver, ODESolver, PEtab.PEtabODEProblemCache{Vector{Float64}, PreallocationTools.DiffCache{Vector{Float64}, Vector{Float64}}, Vector{Float64}, Matrix{Float64}, Dict{Symbol, PreallocationTools.DiffCache}, Dict{Symbol, PreallocationTools.DiffCache}, Dict{Symbol, PreallocationTools.DiffCache}, Vector{Float64}}}, PEtab.PEtabODEProblemInfo{ODESolver, ODESolver, PEtab.PEtabODEProblemCache{Vector{Float64}, PreallocationTools.DiffCache{Vector{Float64}, Vector{Float64}}, Vector{Float64}, Matrix{Float64}, Dict{Symbol, PreallocationTools.DiffCache}, Dict{Symbol, PreallocationTools.DiffCache}, Dict{Symbol, PreallocationTools.DiffCache}, Vector{Float64}}}, Vector{Float64}, Vector{Float64}, Vector{Float64}, PEtab.ModelInfo}, Float64}}(2.6705037447724815,0.0,0.0,0.0,0.0,0.0,0.0,0.0,0.0,0.0) > 2, ndz = 0.3939831879424837, ndzprev = 0.14753141189699018
└ @ OrdinaryDiffEqNonlinearSolve ~/.julia/packages/OrdinaryDiffEqNonlinearSolve/doSPx/src/nlsolve.jl:101
┌ Warning: Verbosity toggle: newton_convergence 
│  Newton iteration failed with stale Jacobian, retrying with fresh Jacobian
└ @ OrdinaryDiffEqNonlinearSolve ~/.julia/packages/OrdinaryDiffEqNonlinearSolve/doSPx/src/nlsolve.jl:144
┌ Warning: Verbosity toggle: newton_convergence 
│  Newton iteration failed with stale Jacobian, retrying with fresh Jacobian
└ @ OrdinaryDiffEqNonlinearSolve ~/.julia/packages/OrdinaryDiffEqNonlinearSolve/doSPx/src/nlsolve.jl:144
┌ Warning: Verbosity toggle: newton_convergence 
│  Newton iteration failed with stale Jacobian, retrying with fresh Jacobian
└ @ OrdinaryDiffEqNonlinearSolve ~/.julia/packages/OrdinaryDiffEqNonlinearSolve/doSPx/src/nlsolve.jl:144
┌ Warning: Verbosity toggle: newton_convergence 
│  Newton iteration failed with stale Jacobian, retrying with fresh Jacobian
└ @ OrdinaryDiffEqNonlinearSolve ~/.julia/packages/OrdinaryDiffEqNonlinearSolve/doSPx/src/nlsolve.jl:144
┌ Warning: Verbosity toggle: newton_convergence 
│  Newton iteration diverging: θ = Dual{ForwardDiff.Tag{PEtab.var"#302#303"{Bool, PEtab.PEtabODEProblemInfo{ODESolver, ODESolver, PEtab.PEtabODEProblemCache{Vector{Float64}, PreallocationTools.DiffCache{Vector{Float64}, Vector{Float64}}, Vector{Float64}, Matrix{Float64}, Dict{Symbol, PreallocationTools.DiffCache}, Dict{Symbol, PreallocationTools.DiffCache}, Dict{Symbol, PreallocationTools.DiffCache}, Vector{Float64}}}, PEtab.PEtabODEProblemInfo{ODESolver, ODESolver, PEtab.PEtabODEProblemCache{Vector{Float64}, PreallocationTools.DiffCache{Vector{Float64}, Vector{Float64}}, Vector{Float64}, Matrix{Float64}, Dict{Symbol, PreallocationTools.DiffCache}, Dict{Symbol, PreallocationTools.DiffCache}, Dict{Symbol, PreallocationTools.DiffCache}, Vector{Float64}}}, Vector{Float64}, Vector{Float64}, Vector{Float64}, PEtab.ModelInfo}, Float64}}(2.296916158883735,0.0,0.0,0.0,0.0,0.0,0.0,0.0,0.0,0.0) > 2, ndz = 0.6139911990352955, ndzprev = 0.26731110609352216
└ @ OrdinaryDiffEqNonlinearSolve ~/.julia/packages/OrdinaryDiffEqNonlinearSolve/doSPx/src/nlsolve.jl:101
┌ Warning: Verbosity toggle: newton_convergence 
│  Newton iteration failed with stale Jacobian, retrying with fresh Jacobian
└ @ OrdinaryDiffEqNonlinearSolve ~/.julia/packages/OrdinaryDiffEqNonlinearSolve/doSPx/src/nlsolve.jl:144
┌ Warning: Verbosity toggle: newton_convergence 
│  Newton iteration diverging: θ = Dual{ForwardDiff.Tag{PEtab.var"#302#303"{Bool, PEtab.PEtabODEProblemInfo{ODESolver, ODESolver, PEtab.PEtabODEProblemCache{Vector{Float64}, PreallocationTools.DiffCache{Vector{Float64}, Vector{Float64}}, Vector{Float64}, Matrix{Float64}, Dict{Symbol, PreallocationTools.DiffCache}, Dict{Symbol, PreallocationTools.DiffCache}, Dict{Symbol, PreallocationTools.DiffCache}, Vector{Float64}}}, PEtab.PEtabODEProblemInfo{ODESolver, ODESolver, PEtab.PEtabODEProblemCache{Vector{Float64}, PreallocationTools.DiffCache{Vector{Float64}, Vector{Float64}}, Vector{Float64}, Matrix{Float64}, Dict{Symbol, PreallocationTools.DiffCache}, Dict{Symbol, PreallocationTools.DiffCache}, Dict{Symbol, PreallocationTools.DiffCache}, Vector{Float64}}}, Vector{Float64}, Vector{Float64}, Vector{Float64}, PEtab.ModelInfo}, Float64}}(2.6705037447724815,0.0,0.0,0.0,0.0,0.0,0.0,0.0,0.0,0.0) > 2, ndz = 0.3939831879424837, ndzprev = 0.14753141189699018
└ @ OrdinaryDiffEqNonlinearSolve ~/.julia/packages/OrdinaryDiffEqNonlinearSolve/doSPx/src/nlsolve.jl:101
┌ Warning: Verbosity toggle: newton_convergence 
│  Newton iteration failed with stale Jacobian, retrying with fresh Jacobian
└ @ OrdinaryDiffEqNonlinearSolve ~/.julia/packages/OrdinaryDiffEqNonlinearSolve/doSPx/src/nlsolve.jl:144
┌ Warning: Verbosity toggle: newton_convergence 
│  Newton iteration failed with stale Jacobian, retrying with fresh Jacobian
└ @ OrdinaryDiffEqNonlinearSolve ~/.julia/packages/OrdinaryDiffEqNonlinearSolve/doSPx/src/nlsolve.jl:144
┌ Warning: Verbosity toggle: newton_convergence 
│  Newton iteration failed with stale Jacobian, retrying with fresh Jacobian
└ @ OrdinaryDiffEqNonlinearSolve ~/.julia/packages/OrdinaryDiffEqNonlinearSolve/doSPx/src/nlsolve.jl:144
┌ Warning: Verbosity toggle: newton_convergence 
│  Newton iteration failed with stale Jacobian, retrying with fresh Jacobian
└ @ OrdinaryDiffEqNonlinearSolve ~/.julia/packages/OrdinaryDiffEqNonlinearSolve/doSPx/src/nlsolve.jl:144
┌ Warning: Verbosity toggle: newton_convergence 
│  Newton iteration failed with stale Jacobian, retrying with fresh Jacobian
└ @ OrdinaryDiffEqNonlinearSolve ~/.julia/packages/OrdinaryDiffEqNonlinearSolve/doSPx/src/nlsolve.jl:144
┌ Warning: Verbosity toggle: newton_convergence 
│  Newton iteration failed with stale Jacobian, retrying with fresh Jacobian
└ @ OrdinaryDiffEqNonlinearSolve ~/.julia/packages/OrdinaryDiffEqNonlinearSolve/doSPx/src/nlsolve.jl:144
┌ Warning: Verbosity toggle: newton_convergence 
│  Newton iteration diverging: θ = Dual{ForwardDiff.Tag{PEtab.var"#302#303"{Bool, PEtab.PEtabODEProblemInfo{ODESolver, ODESolver, PEtab.PEtabODEProblemCache{Vector{Float64}, PreallocationTools.DiffCache{Vector{Float64}, Vector{Float64}}, Vector{Float64}, Matrix{Float64}, Dict{Symbol, PreallocationTools.DiffCache}, Dict{Symbol, PreallocationTools.DiffCache}, Dict{Symbol, PreallocationTools.DiffCache}, Vector{Float64}}}, PEtab.PEtabODEProblemInfo{ODESolver, ODESolver, PEtab.PEtabODEProblemCache{Vector{Float64}, PreallocationTools.DiffCache{Vector{Float64}, Vector{Float64}}, Vector{Float64}, Matrix{Float64}, Dict{Symbol, PreallocationTools.DiffCache}, Dict{Symbol, PreallocationTools.DiffCache}, Dict{Symbol, PreallocationTools.DiffCache}, Vector{Float64}}}, Vector{Float64}, Vector{Float64}, Vector{Float64}, PEtab.ModelInfo}, Float64}}(2.04777470367046,0.0,0.0,0.0,0.0,0.0,0.0,0.0,0.0,0.0) > 2, ndz = 0.9823936181587339, ndzprev = 0.4797371587791752
└ @ OrdinaryDiffEqNonlinearSolve ~/.julia/packages/OrdinaryDiffEqNonlinearSolve/doSPx/src/nlsolve.jl:101
┌ Warning: Verbosity toggle: newton_convergence 
│  Newton iteration failed with stale Jacobian, retrying with fresh Jacobian
└ @ OrdinaryDiffEqNonlinearSolve ~/.julia/packages/OrdinaryDiffEqNonlinearSolve/doSPx/src/nlsolve.jl:144
┌ Warning: Verbosity toggle: newton_convergence 
│  Newton iteration failed with stale Jacobian, retrying with fresh Jacobian
└ @ OrdinaryDiffEqNonlinearSolve ~/.julia/packages/OrdinaryDiffEqNonlinearSolve/doSPx/src/nlsolve.jl:144
┌ Warning: Verbosity toggle: newton_convergence 
│  Newton iteration failed with stale Jacobian, retrying with fresh Jacobian
└ @ OrdinaryDiffEqNonlinearSolve ~/.julia/packages/OrdinaryDiffEqNonlinearSolve/doSPx/src/nlsolve.jl:144
┌ Warning: Verbosity toggle: newton_convergence 
│  Newton iteration failed with stale Jacobian, retrying with fresh Jacobian
└ @ OrdinaryDiffEqNonlinearSolve ~/.julia/packages/OrdinaryDiffEqNonlinearSolve/doSPx/src/nlsolve.jl:144
┌ Warning: Verbosity toggle: newton_convergence 
│  Newton iteration failed with stale Jacobian, retrying with fresh Jacobian
└ @ OrdinaryDiffEqNonlinearSolve ~/.julia/packages/OrdinaryDiffEqNonlinearSolve/doSPx/src/nlsolve.jl:144
┌ Warning: Verbosity toggle: newton_convergence 
│  Newton iteration diverging: θ = Dual{ForwardDiff.Tag{PEtab.var"#302#303"{Bool, PEtab.PEtabODEProblemInfo{ODESolver, ODESolver, PEtab.PEtabODEProblemCache{Vector{Float64}, PreallocationTools.DiffCache{Vector{Float64}, Vector{Float64}}, Vector{Float64}, Matrix{Float64}, Dict{Symbol, PreallocationTools.DiffCache}, Dict{Symbol, PreallocationTools.DiffCache}, Dict{Symbol, PreallocationTools.DiffCache}, Vector{Float64}}}, PEtab.PEtabODEProblemInfo{ODESolver, ODESolver, PEtab.PEtabODEProblemCache{Vector{Float64}, PreallocationTools.DiffCache{Vector{Float64}, Vector{Float64}}, Vector{Float64}, Matrix{Float64}, Dict{Symbol, PreallocationTools.DiffCache}, Dict{Symbol, PreallocationTools.DiffCache}, Dict{Symbol, PreallocationTools.DiffCache}, Vector{Float64}}}, Vector{Float64}, Vector{Float64}, Vector{Float64}, PEtab.ModelInfo}, Float64}}(2.04777470367046,0.0,0.0,0.0,0.0,0.0,0.0,0.0,0.0,0.0) > 2, ndz = 0.9823936181587339, ndzprev = 0.4797371587791752
└ @ OrdinaryDiffEqNonlinearSolve ~/.julia/packages/OrdinaryDiffEqNonlinearSolve/doSPx/src/nlsolve.jl:101
┌ Warning: Verbosity toggle: newton_convergence 
│  Newton iteration failed with stale Jacobian, retrying with fresh Jacobian
└ @ OrdinaryDiffEqNonlinearSolve ~/.julia/packages/OrdinaryDiffEqNonlinearSolve/doSPx/src/nlsolve.jl:144
┌ Warning: Verbosity toggle: newton_convergence 
│  Newton iteration failed with stale Jacobian, retrying with fresh Jacobian
└ @ OrdinaryDiffEqNonlinearSolve ~/.julia/packages/OrdinaryDiffEqNonlinearSolve/doSPx/src/nlsolve.jl:144
┌ Warning: Verbosity toggle: newton_convergence 
│  Newton iteration failed with stale Jacobian, retrying with fresh Jacobian
└ @ OrdinaryDiffEqNonlinearSolve ~/.julia/packages/OrdinaryDiffEqNonlinearSolve/doSPx/src/nlsolve.jl:144
┌ Warning: Verbosity toggle: newton_convergence 
│  Newton iteration failed with stale Jacobian, retrying with fresh Jacobian
└ @ OrdinaryDiffEqNonlinearSolve ~/.julia/packages/OrdinaryDiffEqNonlinearSolve/doSPx/src/nlsolve.jl:144
┌ Warning: Verbosity toggle: newton_convergence 
│  Newton iteration failed with stale Jacobian, retrying with fresh Jacobian
└ @ OrdinaryDiffEqNonlinearSolve ~/.julia/packages/OrdinaryDiffEqNonlinearSolve/doSPx/src/nlsolve.jl:144
┌ Warning: Verbosity toggle: newton_convergence 
│  Newton iteration failed with stale Jacobian, retrying with fresh Jacobian
└ @ OrdinaryDiffEqNonlinearSolve ~/.julia/packages/OrdinaryDiffEqNonlinearSolve/doSPx/src/nlsolve.jl:144
┌ Warning: Verbosity toggle: newton_convergence 
│  Newton iteration diverging: θ = 2.5377099239026397 > 2, ndz = 1.4127667392757297, ndzprev = 0.5567093094324562
└ @ OrdinaryDiffEqNonlinearSolve ~/.julia/packages/OrdinaryDiffEqNonlinearSolve/doSPx/src/nlsolve.jl:101
┌ Warning: Verbosity toggle: newton_convergence 
│  Newton iteration failed with stale Jacobian, retrying with fresh Jacobian
└ @ OrdinaryDiffEqNonlinearSolve ~/.julia/packages/OrdinaryDiffEqNonlinearSolve/doSPx/src/nlsolve.jl:144
┌ Warning: Verbosity toggle: newton_convergence 
│  Newton iteration failed with stale Jacobian, retrying with fresh Jacobian
└ @ OrdinaryDiffEqNonlinearSolve ~/.julia/packages/OrdinaryDiffEqNonlinearSolve/doSPx/src/nlsolve.jl:144
┌ Warning: Verbosity toggle: newton_convergence 
│  Newton iteration failed with stale Jacobian, retrying with fresh Jacobian
└ @ OrdinaryDiffEqNonlinearSolve ~/.julia/packages/OrdinaryDiffEqNonlinearSolve/doSPx/src/nlsolve.jl:144
┌ Warning: Verbosity toggle: newton_convergence 
│  Newton iteration diverging: θ = 2.5377099239026397 > 2, ndz = 1.4127667392757297, ndzprev = 0.5567093094324562
└ @ OrdinaryDiffEqNonlinearSolve ~/.julia/packages/OrdinaryDiffEqNonlinearSolve/doSPx/src/nlsolve.jl:101
┌ Warning: Verbosity toggle: newton_convergence 
│  Newton iteration failed with stale Jacobian, retrying with fresh Jacobian
└ @ OrdinaryDiffEqNonlinearSolve ~/.julia/packages/OrdinaryDiffEqNonlinearSolve/doSPx/src/nlsolve.jl:144
┌ Warning: Verbosity toggle: newton_convergence 
│  Newton iteration failed with stale Jacobian, retrying with fresh Jacobian
└ @ OrdinaryDiffEqNonlinearSolve ~/.julia/packages/OrdinaryDiffEqNonlinearSolve/doSPx/src/nlsolve.jl:144
┌ Warning: Verbosity toggle: newton_convergence 
│  Newton iteration failed with stale Jacobian, retrying with fresh Jacobian
└ @ OrdinaryDiffEqNonlinearSolve ~/.julia/packages/OrdinaryDiffEqNonlinearSolve/doSPx/src/nlsolve.jl:144
┌ Warning: Verbosity toggle: newton_convergence 
│  Newton iteration failed with stale Jacobian, retrying with fresh Jacobian
└ @ OrdinaryDiffEqNonlinearSolve ~/.julia/packages/OrdinaryDiffEqNonlinearSolve/doSPx/src/nlsolve.jl:144
┌ Warning: Verbosity toggle: newton_convergence 
│  Newton iteration failed with stale Jacobian, retrying with fresh Jacobian
└ @ OrdinaryDiffEqNonlinearSolve ~/.julia/packages/OrdinaryDiffEqNonlinearSolve/doSPx/src/nlsolve.jl:144
┌ Warning: Verbosity toggle: newton_convergence 
│  Newton iteration failed with stale Jacobian, retrying with fresh Jacobian
└ @ OrdinaryDiffEqNonlinearSolve ~/.julia/packages/OrdinaryDiffEqNonlinearSolve/doSPx/src/nlsolve.jl:144
┌ Warning: Verbosity toggle: newton_convergence 
│  Newton iteration diverging: θ = Dual{ForwardDiff.Tag{PEtab.var"#302#303"{Bool, PEtab.PEtabODEProblemInfo{ODESolver, ODESolver, PEtab.PEtabODEProblemCache{Vector{Float64}, PreallocationTools.DiffCache{Vector{Float64}, Vector{Float64}}, Vector{Float64}, Matrix{Float64}, Dict{Symbol, PreallocationTools.DiffCache}, Dict{Symbol, PreallocationTools.DiffCache}, Dict{Symbol, PreallocationTools.DiffCache}, Vector{Float64}}}, PEtab.PEtabODEProblemInfo{ODESolver, ODESolver, PEtab.PEtabODEProblemCache{Vector{Float64}, PreallocationTools.DiffCache{Vector{Float64}, Vector{Float64}}, Vector{Float64}, Matrix{Float64}, Dict{Symbol, PreallocationTools.DiffCache}, Dict{Symbol, PreallocationTools.DiffCache}, Dict{Symbol, PreallocationTools.DiffCache}, Vector{Float64}}}, Vector{Float64}, Vector{Float64}, Vector{Float64}, PEtab.ModelInfo}, Float64}}(2.096704879683584,0.0,0.0,0.0,0.0,0.0,0.0,0.0,0.0,0.0) > 2, ndz = 1.4280885328670556, ndzprev = 0.6811108929562705
└ @ OrdinaryDiffEqNonlinearSolve ~/.julia/packages/OrdinaryDiffEqNonlinearSolve/doSPx/src/nlsolve.jl:101
┌ Warning: Verbosity toggle: newton_convergence 
│  Newton iteration failed with stale Jacobian, retrying with fresh Jacobian
└ @ OrdinaryDiffEqNonlinearSolve ~/.julia/packages/OrdinaryDiffEqNonlinearSolve/doSPx/src/nlsolve.jl:144
┌ Warning: Verbosity toggle: newton_convergence 
│  Newton iteration diverging: θ = Dual{ForwardDiff.Tag{PEtab.var"#302#303"{Bool, PEtab.PEtabODEProblemInfo{ODESolver, ODESolver, PEtab.PEtabODEProblemCache{Vector{Float64}, PreallocationTools.DiffCache{Vector{Float64}, Vector{Float64}}, Vector{Float64}, Matrix{Float64}, Dict{Symbol, PreallocationTools.DiffCache}, Dict{Symbol, PreallocationTools.DiffCache}, Dict{Symbol, PreallocationTools.DiffCache}, Vector{Float64}}}, PEtab.PEtabODEProblemInfo{ODESolver, ODESolver, PEtab.PEtabODEProblemCache{Vector{Float64}, PreallocationTools.DiffCache{Vector{Float64}, Vector{Float64}}, Vector{Float64}, Matrix{Float64}, Dict{Symbol, PreallocationTools.DiffCache}, Dict{Symbol, PreallocationTools.DiffCache}, Dict{Symbol, PreallocationTools.DiffCache}, Vector{Float64}}}, Vector{Float64}, Vector{Float64}, Vector{Float64}, PEtab.ModelInfo}, Float64}}(2.225789913813488,0.0,0.0,0.0,0.0,0.0,0.0,0.0,0.0,0.0) > 2, ndz = 0.3686548966697303, ndzprev = 0.1656287928981163
└ @ OrdinaryDiffEqNonlinearSolve ~/.julia/packages/OrdinaryDiffEqNonlinearSolve/doSPx/src/nlsolve.jl:101
┌ Warning: Verbosity toggle: newton_convergence 
│  Newton iteration failed with stale Jacobian, retrying with fresh Jacobian
└ @ OrdinaryDiffEqNonlinearSolve ~/.julia/packages/OrdinaryDiffEqNonlinearSolve/doSPx/src/nlsolve.jl:144
┌ Warning: Verbosity toggle: newton_convergence 
│  Newton iteration failed with stale Jacobian, retrying with fresh Jacobian
└ @ OrdinaryDiffEqNonlinearSolve ~/.julia/packages/OrdinaryDiffEqNonlinearSolve/doSPx/src/nlsolve.jl:144
┌ Warning: Verbosity toggle: newton_convergence 
│  Newton iteration failed with stale Jacobian, retrying with fresh Jacobian
└ @ OrdinaryDiffEqNonlinearSolve ~/.julia/packages/OrdinaryDiffEqNonlinearSolve/doSPx/src/nlsolve.jl:144
┌ Warning: Verbosity toggle: newton_convergence 
│  Newton iteration diverging: θ = Dual{ForwardDiff.Tag{PEtab.var"#302#303"{Bool, PEtab.PEtabODEProblemInfo{ODESolver, ODESolver, PEtab.PEtabODEProblemCache{Vector{Float64}, PreallocationTools.DiffCache{Vector{Float64}, Vector{Float64}}, Vector{Float64}, Matrix{Float64}, Dict{Symbol, PreallocationTools.DiffCache}, Dict{Symbol, PreallocationTools.DiffCache}, Dict{Symbol, PreallocationTools.DiffCache}, Vector{Float64}}}, PEtab.PEtabODEProblemInfo{ODESolver, ODESolver, PEtab.PEtabODEProblemCache{Vector{Float64}, PreallocationTools.DiffCache{Vector{Float64}, Vector{Float64}}, Vector{Float64}, Matrix{Float64}, Dict{Symbol, PreallocationTools.DiffCache}, Dict{Symbol, PreallocationTools.DiffCache}, Dict{Symbol, PreallocationTools.DiffCache}, Vector{Float64}}}, Vector{Float64}, Vector{Float64}, Vector{Float64}, PEtab.ModelInfo}, Float64}}(2.096704879683584,0.0,0.0,0.0,0.0,0.0,0.0,0.0,0.0,0.0) > 2, ndz = 1.4280885328670556, ndzprev = 0.6811108929562705
└ @ OrdinaryDiffEqNonlinearSolve ~/.julia/packages/OrdinaryDiffEqNonlinearSolve/doSPx/src/nlsolve.jl:101
┌ Warning: Verbosity toggle: newton_convergence 
│  Newton iteration failed with stale Jacobian, retrying with fresh Jacobian
└ @ OrdinaryDiffEqNonlinearSolve ~/.julia/packages/OrdinaryDiffEqNonlinearSolve/doSPx/src/nlsolve.jl:144
┌ Warning: Verbosity toggle: newton_convergence 
│  Newton iteration diverging: θ = Dual{ForwardDiff.Tag{PEtab.var"#302#303"{Bool, PEtab.PEtabODEProblemInfo{ODESolver, ODESolver, PEtab.PEtabODEProblemCache{Vector{Float64}, PreallocationTools.DiffCache{Vector{Float64}, Vector{Float64}}, Vector{Float64}, Matrix{Float64}, Dict{Symbol, PreallocationTools.DiffCache}, Dict{Symbol, PreallocationTools.DiffCache}, Dict{Symbol, PreallocationTools.DiffCache}, Vector{Float64}}}, PEtab.PEtabODEProblemInfo{ODESolver, ODESolver, PEtab.PEtabODEProblemCache{Vector{Float64}, PreallocationTools.DiffCache{Vector{Float64}, Vector{Float64}}, Vector{Float64}, Matrix{Float64}, Dict{Symbol, PreallocationTools.DiffCache}, Dict{Symbol, PreallocationTools.DiffCache}, Dict{Symbol, PreallocationTools.DiffCache}, Vector{Float64}}}, Vector{Float64}, Vector{Float64}, Vector{Float64}, PEtab.ModelInfo}, Float64}}(2.225789913813488,0.0,0.0,0.0,0.0,0.0,0.0,0.0,0.0,0.0) > 2, ndz = 0.3686548966697303, ndzprev = 0.1656287928981163
└ @ OrdinaryDiffEqNonlinearSolve ~/.julia/packages/OrdinaryDiffEqNonlinearSolve/doSPx/src/nlsolve.jl:101
┌ Warning: Verbosity toggle: newton_convergence 
│  Newton iteration failed with stale Jacobian, retrying with fresh Jacobian
└ @ OrdinaryDiffEqNonlinearSolve ~/.julia/packages/OrdinaryDiffEqNonlinearSolve/doSPx/src/nlsolve.jl:144
┌ Warning: Verbosity toggle: newton_convergence 
│  Newton iteration failed with stale Jacobian, retrying with fresh Jacobian
└ @ OrdinaryDiffEqNonlinearSolve ~/.julia/packages/OrdinaryDiffEqNonlinearSolve/doSPx/src/nlsolve.jl:144
┌ Warning: Verbosity toggle: newton_convergence 
│  Newton iteration failed with stale Jacobian, retrying with fresh Jacobian
└ @ OrdinaryDiffEqNonlinearSolve ~/.julia/packages/OrdinaryDiffEqNonlinearSolve/doSPx/src/nlsolve.jl:144
┌ Warning: Verbosity toggle: newton_convergence 
│  Newton iteration failed with stale Jacobian, retrying with fresh Jacobian
└ @ OrdinaryDiffEqNonlinearSolve ~/.julia/packages/OrdinaryDiffEqNonlinearSolve/doSPx/src/nlsolve.jl:144
┌ Warning: Verbosity toggle: newton_convergence 
│  Newton iteration failed with stale Jacobian, retrying with fresh Jacobian
└ @ OrdinaryDiffEqNonlinearSolve ~/.julia/packages/OrdinaryDiffEqNonlinearSolve/doSPx/src/nlsolve.jl:144
┌ Warning: Verbosity toggle: newton_convergence 
│  Newton iteration failed with stale Jacobian, retrying with fresh Jacobian
└ @ OrdinaryDiffEqNonlinearSolve ~/.julia/packages/OrdinaryDiffEqNonlinearSolve/doSPx/src/nlsolve.jl:144
┌ Warning: Verbosity toggle: newton_convergence 
│  Newton iteration failed with stale Jacobian, retrying with fresh Jacobian
└ @ OrdinaryDiffEqNonlinearSolve ~/.julia/packages/OrdinaryDiffEqNonlinearSolve/doSPx/src/nlsolve.jl:144
┌ Warning: Verbosity toggle: newton_convergence 
│  Newton iteration failed with stale Jacobian, retrying with fresh Jacobian
└ @ OrdinaryDiffEqNonlinearSolve ~/.julia/packages/OrdinaryDiffEqNonlinearSolve/doSPx/src/nlsolve.jl:144
┌ Warning: Verbosity toggle: newton_convergence 
│  Newton iteration failed with stale Jacobian, retrying with fresh Jacobian
└ @ OrdinaryDiffEqNonlinearSolve ~/.julia/packages/OrdinaryDiffEqNonlinearSolve/doSPx/src/nlsolve.jl:144
┌ Warning: Verbosity toggle: newton_convergence 
│  Newton iteration diverging: θ = Dual{ForwardDiff.Tag{PEtab.var"#302#303"{Bool, PEtab.PEtabODEProblemInfo{ODESolver, ODESolver, PEtab.PEtabODEProblemCache{Vector{Float64}, PreallocationTools.DiffCache{Vector{Float64}, Vector{Float64}}, Vector{Float64}, Matrix{Float64}, Dict{Symbol, PreallocationTools.DiffCache}, Dict{Symbol, PreallocationTools.DiffCache}, Dict{Symbol, PreallocationTools.DiffCache}, Vector{Float64}}}, PEtab.PEtabODEProblemInfo{ODESolver, ODESolver, PEtab.PEtabODEProblemCache{Vector{Float64}, PreallocationTools.DiffCache{Vector{Float64}, Vector{Float64}}, Vector{Float64}, Matrix{Float64}, Dict{Symbol, PreallocationTools.DiffCache}, Dict{Symbol, PreallocationTools.DiffCache}, Dict{Symbol, PreallocationTools.DiffCache}, Vector{Float64}}}, Vector{Float64}, Vector{Float64}, Vector{Float64}, PEtab.ModelInfo}, Float64}}(2.296915958946392,0.0,0.0,0.0,0.0,0.0,0.0,0.0,0.0,0.0) > 2, ndz = 0.6139911178129211, ndzprev = 0.2673110940003927
└ @ OrdinaryDiffEqNonlinearSolve ~/.julia/packages/OrdinaryDiffEqNonlinearSolve/doSPx/src/nlsolve.jl:101
┌ Warning: Verbosity toggle: newton_convergence 
│  Newton iteration failed with stale Jacobian, retrying with fresh Jacobian
└ @ OrdinaryDiffEqNonlinearSolve ~/.julia/packages/OrdinaryDiffEqNonlinearSolve/doSPx/src/nlsolve.jl:144
┌ Warning: Verbosity toggle: newton_convergence 
│  Newton iteration diverging: θ = Dual{ForwardDiff.Tag{PEtab.var"#302#303"{Bool, PEtab.PEtabODEProblemInfo{ODESolver, ODESolver, PEtab.PEtabODEProblemCache{Vector{Float64}, PreallocationTools.DiffCache{Vector{Float64}, Vector{Float64}}, Vector{Float64}, Matrix{Float64}, Dict{Symbol, PreallocationTools.DiffCache}, Dict{Symbol, PreallocationTools.DiffCache}, Dict{Symbol, PreallocationTools.DiffCache}, Vector{Float64}}}, PEtab.PEtabODEProblemInfo{ODESolver, ODESolver, PEtab.PEtabODEProblemCache{Vector{Float64}, PreallocationTools.DiffCache{Vector{Float64}, Vector{Float64}}, Vector{Float64}, Matrix{Float64}, Dict{Symbol, PreallocationTools.DiffCache}, Dict{Symbol, PreallocationTools.DiffCache}, Dict{Symbol, PreallocationTools.DiffCache}, Vector{Float64}}}, Vector{Float64}, Vector{Float64}, Vector{Float64}, PEtab.ModelInfo}, Float64}}(2.670504297945003,0.0,0.0,0.0,0.0,0.0,0.0,0.0,0.0,0.0) > 2, ndz = 0.39398305135153583, ndzprev = 0.14753133018910033
└ @ OrdinaryDiffEqNonlinearSolve ~/.julia/packages/OrdinaryDiffEqNonlinearSolve/doSPx/src/nlsolve.jl:101
┌ Warning: Verbosity toggle: newton_convergence 
│  Newton iteration failed with stale Jacobian, retrying with fresh Jacobian
└ @ OrdinaryDiffEqNonlinearSolve ~/.julia/packages/OrdinaryDiffEqNonlinearSolve/doSPx/src/nlsolve.jl:144
┌ Warning: Verbosity toggle: newton_convergence 
│  Newton iteration failed with stale Jacobian, retrying with fresh Jacobian
└ @ OrdinaryDiffEqNonlinearSolve ~/.julia/packages/OrdinaryDiffEqNonlinearSolve/doSPx/src/nlsolve.jl:144
┌ Warning: Verbosity toggle: newton_convergence 
│  Newton iteration failed with stale Jacobian, retrying with fresh Jacobian
└ @ OrdinaryDiffEqNonlinearSolve ~/.julia/packages/OrdinaryDiffEqNonlinearSolve/doSPx/src/nlsolve.jl:144
┌ Warning: Verbosity toggle: newton_convergence 
│  Newton iteration failed with stale Jacobian, retrying with fresh Jacobian
└ @ OrdinaryDiffEqNonlinearSolve ~/.julia/packages/OrdinaryDiffEqNonlinearSolve/doSPx/src/nlsolve.jl:144
┌ Warning: Verbosity toggle: newton_convergence 
│  Newton iteration diverging: θ = Dual{ForwardDiff.Tag{PEtab.var"#302#303"{Bool, PEtab.PEtabODEProblemInfo{ODESolver, ODESolver, PEtab.PEtabODEProblemCache{Vector{Float64}, PreallocationTools.DiffCache{Vector{Float64}, Vector{Float64}}, Vector{Float64}, Matrix{Float64}, Dict{Symbol, PreallocationTools.DiffCache}, Dict{Symbol, PreallocationTools.DiffCache}, Dict{Symbol, PreallocationTools.DiffCache}, Vector{Float64}}}, PEtab.PEtabODEProblemInfo{ODESolver, ODESolver, PEtab.PEtabODEProblemCache{Vector{Float64}, PreallocationTools.DiffCache{Vector{Float64}, Vector{Float64}}, Vector{Float64}, Matrix{Float64}, Dict{Symbol, PreallocationTools.DiffCache}, Dict{Symbol, PreallocationTools.DiffCache}, Dict{Symbol, PreallocationTools.DiffCache}, Vector{Float64}}}, Vector{Float64}, Vector{Float64}, Vector{Float64}, PEtab.ModelInfo}, Float64}}(2.296915958946392,0.0,0.0,0.0,0.0,0.0,0.0,0.0,0.0,0.0) > 2, ndz = 0.6139911178129211, ndzprev = 0.2673110940003927
└ @ OrdinaryDiffEqNonlinearSolve ~/.julia/packages/OrdinaryDiffEqNonlinearSolve/doSPx/src/nlsolve.jl:101
┌ Warning: Verbosity toggle: newton_convergence 
│  Newton iteration failed with stale Jacobian, retrying with fresh Jacobian
└ @ OrdinaryDiffEqNonlinearSolve ~/.julia/packages/OrdinaryDiffEqNonlinearSolve/doSPx/src/nlsolve.jl:144
┌ Warning: Verbosity toggle: newton_convergence 
│  Newton iteration diverging: θ = Dual{ForwardDiff.Tag{PEtab.var"#302#303"{Bool, PEtab.PEtabODEProblemInfo{ODESolver, ODESolver, PEtab.PEtabODEProblemCache{Vector{Float64}, PreallocationTools.DiffCache{Vector{Float64}, Vector{Float64}}, Vector{Float64}, Matrix{Float64}, Dict{Symbol, PreallocationTools.DiffCache}, Dict{Symbol, PreallocationTools.DiffCache}, Dict{Symbol, PreallocationTools.DiffCache}, Vector{Float64}}}, PEtab.PEtabODEProblemInfo{ODESolver, ODESolver, PEtab.PEtabODEProblemCache{Vector{Float64}, PreallocationTools.DiffCache{Vector{Float64}, Vector{Float64}}, Vector{Float64}, Matrix{Float64}, Dict{Symbol, PreallocationTools.DiffCache}, Dict{Symbol, PreallocationTools.DiffCache}, Dict{Symbol, PreallocationTools.DiffCache}, Vector{Float64}}}, Vector{Float64}, Vector{Float64}, Vector{Float64}, PEtab.ModelInfo}, Float64}}(2.670504297945003,0.0,0.0,0.0,0.0,0.0,0.0,0.0,0.0,0.0) > 2, ndz = 0.39398305135153583, ndzprev = 0.14753133018910033
└ @ OrdinaryDiffEqNonlinearSolve ~/.julia/packages/OrdinaryDiffEqNonlinearSolve/doSPx/src/nlsolve.jl:101
┌ Warning: Verbosity toggle: newton_convergence 
│  Newton iteration failed with stale Jacobian, retrying with fresh Jacobian
└ @ OrdinaryDiffEqNonlinearSolve ~/.julia/packages/OrdinaryDiffEqNonlinearSolve/doSPx/src/nlsolve.jl:144
┌ Warning: Verbosity toggle: newton_convergence 
│  Newton iteration failed with stale Jacobian, retrying with fresh Jacobian
└ @ OrdinaryDiffEqNonlinearSolve ~/.julia/packages/OrdinaryDiffEqNonlinearSolve/doSPx/src/nlsolve.jl:144
┌ Warning: Verbosity toggle: newton_convergence 
│  Newton iteration failed with stale Jacobian, retrying with fresh Jacobian
└ @ OrdinaryDiffEqNonlinearSolve ~/.julia/packages/OrdinaryDiffEqNonlinearSolve/doSPx/src/nlsolve.jl:144
┌ Warning: Verbosity toggle: newton_convergence 
│  Newton iteration failed with stale Jacobian, retrying with fresh Jacobian
└ @ OrdinaryDiffEqNonlinearSolve ~/.julia/packages/OrdinaryDiffEqNonlinearSolve/doSPx/src/nlsolve.jl:144
┌ Warning: Verbosity toggle: newton_convergence 
│  Newton iteration failed with stale Jacobian, retrying with fresh Jacobian
└ @ OrdinaryDiffEqNonlinearSolve ~/.julia/packages/OrdinaryDiffEqNonlinearSolve/doSPx/src/nlsolve.jl:144
┌ Warning: Verbosity toggle: newton_convergence 
│  Newton iteration failed with stale Jacobian, retrying with fresh Jacobian
└ @ OrdinaryDiffEqNonlinearSolve ~/.julia/packages/OrdinaryDiffEqNonlinearSolve/doSPx/src/nlsolve.jl:144
┌ Warning: Verbosity toggle: newton_convergence 
│  Newton iteration failed with stale Jacobian, retrying with fresh Jacobian
└ @ OrdinaryDiffEqNonlinearSolve ~/.julia/packages/OrdinaryDiffEqNonlinearSolve/doSPx/src/nlsolve.jl:144
┌ Warning: Verbosity toggle: newton_convergence 
│  Newton iteration diverging: θ = Dual{ForwardDiff.Tag{PEtab.var"#302#303"{Bool, PEtab.PEtabODEProblemInfo{ODESolver, ODESolver, PEtab.PEtabODEProblemCache{Vector{Float64}, PreallocationTools.DiffCache{Vector{Float64}, Vector{Float64}}, Vector{Float64}, Matrix{Float64}, Dict{Symbol, PreallocationTools.DiffCache}, Dict{Symbol, PreallocationTools.DiffCache}, Dict{Symbol, PreallocationTools.DiffCache}, Vector{Float64}}}, PEtab.PEtabODEProblemInfo{ODESolver, ODESolver, PEtab.PEtabODEProblemCache{Vector{Float64}, PreallocationTools.DiffCache{Vector{Float64}, Vector{Float64}}, Vector{Float64}, Matrix{Float64}, Dict{Symbol, PreallocationTools.DiffCache}, Dict{Symbol, PreallocationTools.DiffCache}, Dict{Symbol, PreallocationTools.DiffCache}, Vector{Float64}}}, Vector{Float64}, Vector{Float64}, Vector{Float64}, PEtab.ModelInfo}, Float64}}(2.047774479822099,0.0,0.0,0.0,0.0,0.0,0.0,0.0,0.0,0.0) > 2, ndz = 0.9823934908154577, ndzprev = 0.4797371490344989
└ @ OrdinaryDiffEqNonlinearSolve ~/.julia/packages/OrdinaryDiffEqNonlinearSolve/doSPx/src/nlsolve.jl:101
┌ Warning: Verbosity toggle: newton_convergence 
│  Newton iteration failed with stale Jacobian, retrying with fresh Jacobian
└ @ OrdinaryDiffEqNonlinearSolve ~/.julia/packages/OrdinaryDiffEqNonlinearSolve/doSPx/src/nlsolve.jl:144
┌ Warning: Verbosity toggle: newton_convergence 
│  Newton iteration failed with stale Jacobian, retrying with fresh Jacobian
└ @ OrdinaryDiffEqNonlinearSolve ~/.julia/packages/OrdinaryDiffEqNonlinearSolve/doSPx/src/nlsolve.jl:144
┌ Warning: Verbosity toggle: newton_convergence 
│  Newton iteration failed with stale Jacobian, retrying with fresh Jacobian
└ @ OrdinaryDiffEqNonlinearSolve ~/.julia/packages/OrdinaryDiffEqNonlinearSolve/doSPx/src/nlsolve.jl:144
┌ Warning: Verbosity toggle: newton_convergence 
│  Newton iteration failed with stale Jacobian, retrying with fresh Jacobian
└ @ OrdinaryDiffEqNonlinearSolve ~/.julia/packages/OrdinaryDiffEqNonlinearSolve/doSPx/src/nlsolve.jl:144
┌ Warning: Verbosity toggle: newton_convergence 
│  Newton iteration failed with stale Jacobian, retrying with fresh Jacobian
└ @ OrdinaryDiffEqNonlinearSolve ~/.julia/packages/OrdinaryDiffEqNonlinearSolve/doSPx/src/nlsolve.jl:144
┌ Warning: Verbosity toggle: newton_convergence 
│  Newton iteration diverging: θ = Dual{ForwardDiff.Tag{PEtab.var"#302#303"{Bool, PEtab.PEtabODEProblemInfo{ODESolver, ODESolver, PEtab.PEtabODEProblemCache{Vector{Float64}, PreallocationTools.DiffCache{Vector{Float64}, Vector{Float64}}, Vector{Float64}, Matrix{Float64}, Dict{Symbol, PreallocationTools.DiffCache}, Dict{Symbol, PreallocationTools.DiffCache}, Dict{Symbol, PreallocationTools.DiffCache}, Vector{Float64}}}, PEtab.PEtabODEProblemInfo{ODESolver, ODESolver, PEtab.PEtabODEProblemCache{Vector{Float64}, PreallocationTools.DiffCache{Vector{Float64}, Vector{Float64}}, Vector{Float64}, Matrix{Float64}, Dict{Symbol, PreallocationTools.DiffCache}, Dict{Symbol, PreallocationTools.DiffCache}, Dict{Symbol, PreallocationTools.DiffCache}, Vector{Float64}}}, Vector{Float64}, Vector{Float64}, Vector{Float64}, PEtab.ModelInfo}, Float64}}(2.047774479822099,0.0,0.0,0.0,0.0,0.0,0.0,0.0,0.0,0.0) > 2, ndz = 0.9823934908154577, ndzprev = 0.4797371490344989
└ @ OrdinaryDiffEqNonlinearSolve ~/.julia/packages/OrdinaryDiffEqNonlinearSolve/doSPx/src/nlsolve.jl:101
┌ Warning: Verbosity toggle: newton_convergence 
│  Newton iteration failed with stale Jacobian, retrying with fresh Jacobian
└ @ OrdinaryDiffEqNonlinearSolve ~/.julia/packages/OrdinaryDiffEqNonlinearSolve/doSPx/src/nlsolve.jl:144
┌ Warning: Verbosity toggle: newton_convergence 
│  Newton iteration failed with stale Jacobian, retrying with fresh Jacobian
└ @ OrdinaryDiffEqNonlinearSolve ~/.julia/packages/OrdinaryDiffEqNonlinearSolve/doSPx/src/nlsolve.jl:144
┌ Warning: Verbosity toggle: newton_convergence 
│  Newton iteration failed with stale Jacobian, retrying with fresh Jacobian
└ @ OrdinaryDiffEqNonlinearSolve ~/.julia/packages/OrdinaryDiffEqNonlinearSolve/doSPx/src/nlsolve.jl:144
┌ Warning: Verbosity toggle: newton_convergence 
│  Newton iteration failed with stale Jacobian, retrying with fresh Jacobian
└ @ OrdinaryDiffEqNonlinearSolve ~/.julia/packages/OrdinaryDiffEqNonlinearSolve/doSPx/src/nlsolve.jl:144
┌ Warning: Verbosity toggle: newton_convergence 
│  Newton iteration failed with stale Jacobian, retrying with fresh Jacobian
└ @ OrdinaryDiffEqNonlinearSolve ~/.julia/packages/OrdinaryDiffEqNonlinearSolve/doSPx/src/nlsolve.jl:144
┌ Warning: Verbosity toggle: newton_convergence 
│  Newton iteration failed with stale Jacobian, retrying with fresh Jacobian
└ @ OrdinaryDiffEqNonlinearSolve ~/.julia/packages/OrdinaryDiffEqNonlinearSolve/doSPx/src/nlsolve.jl:144
┌ Warning: Verbosity toggle: newton_convergence 
│  Newton iteration diverging: θ = 2.5377097670798823 > 2, ndz = 1.412766582621487, ndzprev = 0.5567092821048419
└ @ OrdinaryDiffEqNonlinearSolve ~/.julia/packages/OrdinaryDiffEqNonlinearSolve/doSPx/src/nlsolve.jl:101
┌ Warning: Verbosity toggle: newton_convergence 
│  Newton iteration failed with stale Jacobian, retrying with fresh Jacobian
└ @ OrdinaryDiffEqNonlinearSolve ~/.julia/packages/OrdinaryDiffEqNonlinearSolve/doSPx/src/nlsolve.jl:144
┌ Warning: Verbosity toggle: newton_convergence 
│  Newton iteration failed with stale Jacobian, retrying with fresh Jacobian
└ @ OrdinaryDiffEqNonlinearSolve ~/.julia/packages/OrdinaryDiffEqNonlinearSolve/doSPx/src/nlsolve.jl:144
┌ Warning: Verbosity toggle: newton_convergence 
│  Newton iteration failed with stale Jacobian, retrying with fresh Jacobian
└ @ OrdinaryDiffEqNonlinearSolve ~/.julia/packages/OrdinaryDiffEqNonlinearSolve/doSPx/src/nlsolve.jl:144
┌ Warning: Verbosity toggle: newton_convergence 
│  Newton iteration diverging: θ = 2.5377097670798823 > 2, ndz = 1.412766582621487, ndzprev = 0.5567092821048419
└ @ OrdinaryDiffEqNonlinearSolve ~/.julia/packages/OrdinaryDiffEqNonlinearSolve/doSPx/src/nlsolve.jl:101
┌ Warning: Verbosity toggle: newton_convergence 
│  Newton iteration failed with stale Jacobian, retrying with fresh Jacobian
└ @ OrdinaryDiffEqNonlinearSolve ~/.julia/packages/OrdinaryDiffEqNonlinearSolve/doSPx/src/nlsolve.jl:144
┌ Warning: Verbosity toggle: newton_convergence 
│  Newton iteration failed with stale Jacobian, retrying with fresh Jacobian
└ @ OrdinaryDiffEqNonlinearSolve ~/.julia/packages/OrdinaryDiffEqNonlinearSolve/doSPx/src/nlsolve.jl:144
┌ Warning: Verbosity toggle: newton_convergence 
│  Newton iteration failed with stale Jacobian, retrying with fresh Jacobian
└ @ OrdinaryDiffEqNonlinearSolve ~/.julia/packages/OrdinaryDiffEqNonlinearSolve/doSPx/src/nlsolve.jl:144
┌ Warning: Verbosity toggle: newton_convergence 
│  Newton iteration failed with stale Jacobian, retrying with fresh Jacobian
└ @ OrdinaryDiffEqNonlinearSolve ~/.julia/packages/OrdinaryDiffEqNonlinearSolve/doSPx/src/nlsolve.jl:144
┌ Warning: Verbosity toggle: newton_convergence 
│  Newton iteration failed with stale Jacobian, retrying with fresh Jacobian
└ @ OrdinaryDiffEqNonlinearSolve ~/.julia/packages/OrdinaryDiffEqNonlinearSolve/doSPx/src/nlsolve.jl:144
┌ Warning: Verbosity toggle: newton_convergence 
│  Newton iteration failed with stale Jacobian, retrying with fresh Jacobian
└ @ OrdinaryDiffEqNonlinearSolve ~/.julia/packages/OrdinaryDiffEqNonlinearSolve/doSPx/src/nlsolve.jl:144
┌ Warning: Verbosity toggle: newton_convergence 
│  Newton iteration diverging: θ = Dual{ForwardDiff.Tag{PEtab.var"#302#303"{Bool, PEtab.PEtabODEProblemInfo{ODESolver, ODESolver, PEtab.PEtabODEProblemCache{Vector{Float64}, PreallocationTools.DiffCache{Vector{Float64}, Vector{Float64}}, Vector{Float64}, Matrix{Float64}, Dict{Symbol, PreallocationTools.DiffCache}, Dict{Symbol, PreallocationTools.DiffCache}, Dict{Symbol, PreallocationTools.DiffCache}, Vector{Float64}}}, PEtab.PEtabODEProblemInfo{ODESolver, ODESolver, PEtab.PEtabODEProblemCache{Vector{Float64}, PreallocationTools.DiffCache{Vector{Float64}, Vector{Float64}}, Vector{Float64}, Matrix{Float64}, Dict{Symbol, PreallocationTools.DiffCache}, Dict{Symbol, PreallocationTools.DiffCache}, Dict{Symbol, PreallocationTools.DiffCache}, Vector{Float64}}}, Vector{Float64}, Vector{Float64}, Vector{Float64}, PEtab.ModelInfo}, Float64}}(2.0967048970260556,0.0,0.0,0.0,0.0,0.0,0.0,0.0,0.0,0.0) > 2, ndz = 1.4280884981729507, ndzprev = 0.681110870775633
└ @ OrdinaryDiffEqNonlinearSolve ~/.julia/packages/OrdinaryDiffEqNonlinearSolve/doSPx/src/nlsolve.jl:101
┌ Warning: Verbosity toggle: newton_convergence 
│  Newton iteration failed with stale Jacobian, retrying with fresh Jacobian
└ @ OrdinaryDiffEqNonlinearSolve ~/.julia/packages/OrdinaryDiffEqNonlinearSolve/doSPx/src/nlsolve.jl:144
┌ Warning: Verbosity toggle: newton_convergence 
│  Newton iteration diverging: θ = Dual{ForwardDiff.Tag{PEtab.var"#302#303"{Bool, PEtab.PEtabODEProblemInfo{ODESolver, ODESolver, PEtab.PEtabODEProblemCache{Vector{Float64}, PreallocationTools.DiffCache{Vector{Float64}, Vector{Float64}}, Vector{Float64}, Matrix{Float64}, Dict{Symbol, PreallocationTools.DiffCache}, Dict{Symbol, PreallocationTools.DiffCache}, Dict{Symbol, PreallocationTools.DiffCache}, Vector{Float64}}}, PEtab.PEtabODEProblemInfo{ODESolver, ODESolver, PEtab.PEtabODEProblemCache{Vector{Float64}, PreallocationTools.DiffCache{Vector{Float64}, Vector{Float64}}, Vector{Float64}, Matrix{Float64}, Dict{Symbol, PreallocationTools.DiffCache}, Dict{Symbol, PreallocationTools.DiffCache}, Dict{Symbol, PreallocationTools.DiffCache}, Vector{Float64}}}, Vector{Float64}, Vector{Float64}, Vector{Float64}, PEtab.ModelInfo}, Float64}}(2.225785104297674,0.0,0.0,0.0,0.0,0.0,0.0,0.0,0.0,0.0) > 2, ndz = 0.36865452366986284, ndzprev = 0.16562898321048308
└ @ OrdinaryDiffEqNonlinearSolve ~/.julia/packages/OrdinaryDiffEqNonlinearSolve/doSPx/src/nlsolve.jl:101
┌ Warning: Verbosity toggle: newton_convergence 
│  Newton iteration failed with stale Jacobian, retrying with fresh Jacobian
└ @ OrdinaryDiffEqNonlinearSolve ~/.julia/packages/OrdinaryDiffEqNonlinearSolve/doSPx/src/nlsolve.jl:144
┌ Warning: Verbosity toggle: newton_convergence 
│  Newton iteration failed with stale Jacobian, retrying with fresh Jacobian
└ @ OrdinaryDiffEqNonlinearSolve ~/.julia/packages/OrdinaryDiffEqNonlinearSolve/doSPx/src/nlsolve.jl:144
┌ Warning: Verbosity toggle: newton_convergence 
│  Newton iteration failed with stale Jacobian, retrying with fresh Jacobian
└ @ OrdinaryDiffEqNonlinearSolve ~/.julia/packages/OrdinaryDiffEqNonlinearSolve/doSPx/src/nlsolve.jl:144
┌ Warning: Verbosity toggle: newton_convergence 
│  Newton iteration diverging: θ = Dual{ForwardDiff.Tag{PEtab.var"#302#303"{Bool, PEtab.PEtabODEProblemInfo{ODESolver, ODESolver, PEtab.PEtabODEProblemCache{Vector{Float64}, PreallocationTools.DiffCache{Vector{Float64}, Vector{Float64}}, Vector{Float64}, Matrix{Float64}, Dict{Symbol, PreallocationTools.DiffCache}, Dict{Symbol, PreallocationTools.DiffCache}, Dict{Symbol, PreallocationTools.DiffCache}, Vector{Float64}}}, PEtab.PEtabODEProblemInfo{ODESolver, ODESolver, PEtab.PEtabODEProblemCache{Vector{Float64}, PreallocationTools.DiffCache{Vector{Float64}, Vector{Float64}}, Vector{Float64}, Matrix{Float64}, Dict{Symbol, PreallocationTools.DiffCache}, Dict{Symbol, PreallocationTools.DiffCache}, Dict{Symbol, PreallocationTools.DiffCache}, Vector{Float64}}}, Vector{Float64}, Vector{Float64}, Vector{Float64}, PEtab.ModelInfo}, Float64}}(2.0967048970260556,0.0,0.0,0.0,0.0,0.0,0.0,0.0,0.0,0.0) > 2, ndz = 1.4280884981729507, ndzprev = 0.681110870775633
└ @ OrdinaryDiffEqNonlinearSolve ~/.julia/packages/OrdinaryDiffEqNonlinearSolve/doSPx/src/nlsolve.jl:101
┌ Warning: Verbosity toggle: newton_convergence 
│  Newton iteration failed with stale Jacobian, retrying with fresh Jacobian
└ @ OrdinaryDiffEqNonlinearSolve ~/.julia/packages/OrdinaryDiffEqNonlinearSolve/doSPx/src/nlsolve.jl:144
┌ Warning: Verbosity toggle: newton_convergence 
│  Newton iteration diverging: θ = Dual{ForwardDiff.Tag{PEtab.var"#302#303"{Bool, PEtab.PEtabODEProblemInfo{ODESolver, ODESolver, PEtab.PEtabODEProblemCache{Vector{Float64}, PreallocationTools.DiffCache{Vector{Float64}, Vector{Float64}}, Vector{Float64}, Matrix{Float64}, Dict{Symbol, PreallocationTools.DiffCache}, Dict{Symbol, PreallocationTools.DiffCache}, Dict{Symbol, PreallocationTools.DiffCache}, Vector{Float64}}}, PEtab.PEtabODEProblemInfo{ODESolver, ODESolver, PEtab.PEtabODEProblemCache{Vector{Float64}, PreallocationTools.DiffCache{Vector{Float64}, Vector{Float64}}, Vector{Float64}, Matrix{Float64}, Dict{Symbol, PreallocationTools.DiffCache}, Dict{Symbol, PreallocationTools.DiffCache}, Dict{Symbol, PreallocationTools.DiffCache}, Vector{Float64}}}, Vector{Float64}, Vector{Float64}, Vector{Float64}, PEtab.ModelInfo}, Float64}}(2.225785104297674,0.0,0.0,0.0,0.0,0.0,0.0,0.0,0.0,0.0) > 2, ndz = 0.36865452366986284, ndzprev = 0.16562898321048308
└ @ OrdinaryDiffEqNonlinearSolve ~/.julia/packages/OrdinaryDiffEqNonlinearSolve/doSPx/src/nlsolve.jl:101
┌ Warning: Verbosity toggle: newton_convergence 
│  Newton iteration failed with stale Jacobian, retrying with fresh Jacobian
└ @ OrdinaryDiffEqNonlinearSolve ~/.julia/packages/OrdinaryDiffEqNonlinearSolve/doSPx/src/nlsolve.jl:144
┌ Warning: Verbosity toggle: newton_convergence 
│  Newton iteration failed with stale Jacobian, retrying with fresh Jacobian
└ @ OrdinaryDiffEqNonlinearSolve ~/.julia/packages/OrdinaryDiffEqNonlinearSolve/doSPx/src/nlsolve.jl:144
┌ Warning: Verbosity toggle: newton_convergence 
│  Newton iteration failed with stale Jacobian, retrying with fresh Jacobian
└ @ OrdinaryDiffEqNonlinearSolve ~/.julia/packages/OrdinaryDiffEqNonlinearSolve/doSPx/src/nlsolve.jl:144
┌ Warning: Verbosity toggle: newton_convergence 
│  Newton iteration failed with stale Jacobian, retrying with fresh Jacobian
└ @ OrdinaryDiffEqNonlinearSolve ~/.julia/packages/OrdinaryDiffEqNonlinearSolve/doSPx/src/nlsolve.jl:144
┌ Warning: Verbosity toggle: newton_convergence 
│  Newton iteration failed with stale Jacobian, retrying with fresh Jacobian
└ @ OrdinaryDiffEqNonlinearSolve ~/.julia/packages/OrdinaryDiffEqNonlinearSolve/doSPx/src/nlsolve.jl:144
┌ Warning: Verbosity toggle: newton_convergence 
│  Newton iteration failed with stale Jacobian, retrying with fresh Jacobian
└ @ OrdinaryDiffEqNonlinearSolve ~/.julia/packages/OrdinaryDiffEqNonlinearSolve/doSPx/src/nlsolve.jl:144
┌ Warning: Verbosity toggle: newton_convergence 
│  Newton iteration failed with stale Jacobian, retrying with fresh Jacobian
└ @ OrdinaryDiffEqNonlinearSolve ~/.julia/packages/OrdinaryDiffEqNonlinearSolve/doSPx/src/nlsolve.jl:144
┌ Warning: Verbosity toggle: newton_convergence 
│  Newton iteration failed with stale Jacobian, retrying with fresh Jacobian
└ @ OrdinaryDiffEqNonlinearSolve ~/.julia/packages/OrdinaryDiffEqNonlinearSolve/doSPx/src/nlsolve.jl:144
┌ Warning: Verbosity toggle: newton_convergence 
│  Newton iteration failed with stale Jacobian, retrying with fresh Jacobian
└ @ OrdinaryDiffEqNonlinearSolve ~/.julia/packages/OrdinaryDiffEqNonlinearSolve/doSPx/src/nlsolve.jl:144
┌ Warning: Verbosity toggle: newton_convergence 
│  Newton iteration diverging: θ = Dual{ForwardDiff.Tag{PEtab.var"#302#303"{Bool, PEtab.PEtabODEProblemInfo{ODESolver, ODESolver, PEtab.PEtabODEProblemCache{Vector{Float64}, PreallocationTools.DiffCache{Vector{Float64}, Vector{Float64}}, Vector{Float64}, Matrix{Float64}, Dict{Symbol, PreallocationTools.DiffCache}, Dict{Symbol, PreallocationTools.DiffCache}, Dict{Symbol, PreallocationTools.DiffCache}, Vector{Float64}}}, PEtab.PEtabODEProblemInfo{ODESolver, ODESolver, PEtab.PEtabODEProblemCache{Vector{Float64}, PreallocationTools.DiffCache{Vector{Float64}, Vector{Float64}}, Vector{Float64}, Matrix{Float64}, Dict{Symbol, PreallocationTools.DiffCache}, Dict{Symbol, PreallocationTools.DiffCache}, Dict{Symbol, PreallocationTools.DiffCache}, Vector{Float64}}}, Vector{Float64}, Vector{Float64}, Vector{Float64}, PEtab.ModelInfo}, Float64}}(2.2969158585553746,0.0,0.0,0.0,0.0,0.0,0.0,0.0,0.0,0.0) > 2, ndz = 0.6139910968551814, ndzprev = 0.2673110965594298
└ @ OrdinaryDiffEqNonlinearSolve ~/.julia/packages/OrdinaryDiffEqNonlinearSolve/doSPx/src/nlsolve.jl:101
┌ Warning: Verbosity toggle: newton_convergence 
│  Newton iteration failed with stale Jacobian, retrying with fresh Jacobian
└ @ OrdinaryDiffEqNonlinearSolve ~/.julia/packages/OrdinaryDiffEqNonlinearSolve/doSPx/src/nlsolve.jl:144
┌ Warning: Verbosity toggle: newton_convergence 
│  Newton iteration diverging: θ = Dual{ForwardDiff.Tag{PEtab.var"#302#303"{Bool, PEtab.PEtabODEProblemInfo{ODESolver, ODESolver, PEtab.PEtabODEProblemCache{Vector{Float64}, PreallocationTools.DiffCache{Vector{Float64}, Vector{Float64}}, Vector{Float64}, Matrix{Float64}, Dict{Symbol, PreallocationTools.DiffCache}, Dict{Symbol, PreallocationTools.DiffCache}, Dict{Symbol, PreallocationTools.DiffCache}, Vector{Float64}}}, PEtab.PEtabODEProblemInfo{ODESolver, ODESolver, PEtab.PEtabODEProblemCache{Vector{Float64}, PreallocationTools.DiffCache{Vector{Float64}, Vector{Float64}}, Vector{Float64}, Matrix{Float64}, Dict{Symbol, PreallocationTools.DiffCache}, Dict{Symbol, PreallocationTools.DiffCache}, Dict{Symbol, PreallocationTools.DiffCache}, Vector{Float64}}}, Vector{Float64}, Vector{Float64}, Vector{Float64}, PEtab.ModelInfo}, Float64}}(2.6705043316761743,0.0,0.0,0.0,0.0,0.0,0.0,0.0,0.0,0.0) > 2, ndz = 0.39398313260768925, ndzprev = 0.1475313587528993
└ @ OrdinaryDiffEqNonlinearSolve ~/.julia/packages/OrdinaryDiffEqNonlinearSolve/doSPx/src/nlsolve.jl:101
┌ Warning: Verbosity toggle: newton_convergence 
│  Newton iteration failed with stale Jacobian, retrying with fresh Jacobian
└ @ OrdinaryDiffEqNonlinearSolve ~/.julia/packages/OrdinaryDiffEqNonlinearSolve/doSPx/src/nlsolve.jl:144
┌ Warning: Verbosity toggle: newton_convergence 
│  Newton iteration failed with stale Jacobian, retrying with fresh Jacobian
└ @ OrdinaryDiffEqNonlinearSolve ~/.julia/packages/OrdinaryDiffEqNonlinearSolve/doSPx/src/nlsolve.jl:144
┌ Warning: Verbosity toggle: newton_convergence 
│  Newton iteration failed with stale Jacobian, retrying with fresh Jacobian
└ @ OrdinaryDiffEqNonlinearSolve ~/.julia/packages/OrdinaryDiffEqNonlinearSolve/doSPx/src/nlsolve.jl:144
┌ Warning: Verbosity toggle: newton_convergence 
│  Newton iteration failed with stale Jacobian, retrying with fresh Jacobian
└ @ OrdinaryDiffEqNonlinearSolve ~/.julia/packages/OrdinaryDiffEqNonlinearSolve/doSPx/src/nlsolve.jl:144
┌ Warning: Verbosity toggle: newton_convergence 
│  Newton iteration diverging: θ = Dual{ForwardDiff.Tag{PEtab.var"#302#303"{Bool, PEtab.PEtabODEProblemInfo{ODESolver, ODESolver, PEtab.PEtabODEProblemCache{Vector{Float64}, PreallocationTools.DiffCache{Vector{Float64}, Vector{Float64}}, Vector{Float64}, Matrix{Float64}, Dict{Symbol, PreallocationTools.DiffCache}, Dict{Symbol, PreallocationTools.DiffCache}, Dict{Symbol, PreallocationTools.DiffCache}, Vector{Float64}}}, PEtab.PEtabODEProblemInfo{ODESolver, ODESolver, PEtab.PEtabODEProblemCache{Vector{Float64}, PreallocationTools.DiffCache{Vector{Float64}, Vector{Float64}}, Vector{Float64}, Matrix{Float64}, Dict{Symbol, PreallocationTools.DiffCache}, Dict{Symbol, PreallocationTools.DiffCache}, Dict{Symbol, PreallocationTools.DiffCache}, Vector{Float64}}}, Vector{Float64}, Vector{Float64}, Vector{Float64}, PEtab.ModelInfo}, Float64}}(2.2969158585553746,0.0,0.0,0.0,0.0,0.0,0.0,0.0,0.0,0.0) > 2, ndz = 0.6139910968551814, ndzprev = 0.2673110965594298
└ @ OrdinaryDiffEqNonlinearSolve ~/.julia/packages/OrdinaryDiffEqNonlinearSolve/doSPx/src/nlsolve.jl:101
┌ Warning: Verbosity toggle: newton_convergence 
│  Newton iteration failed with stale Jacobian, retrying with fresh Jacobian
└ @ OrdinaryDiffEqNonlinearSolve ~/.julia/packages/OrdinaryDiffEqNonlinearSolve/doSPx/src/nlsolve.jl:144
┌ Warning: Verbosity toggle: newton_convergence 
│  Newton iteration diverging: θ = Dual{ForwardDiff.Tag{PEtab.var"#302#303"{Bool, PEtab.PEtabODEProblemInfo{ODESolver, ODESolver, PEtab.PEtabODEProblemCache{Vector{Float64}, PreallocationTools.DiffCache{Vector{Float64}, Vector{Float64}}, Vector{Float64}, Matrix{Float64}, Dict{Symbol, PreallocationTools.DiffCache}, Dict{Symbol, PreallocationTools.DiffCache}, Dict{Symbol, PreallocationTools.DiffCache}, Vector{Float64}}}, PEtab.PEtabODEProblemInfo{ODESolver, ODESolver, PEtab.PEtabODEProblemCache{Vector{Float64}, PreallocationTools.DiffCache{Vector{Float64}, Vector{Float64}}, Vector{Float64}, Matrix{Float64}, Dict{Symbol, PreallocationTools.DiffCache}, Dict{Symbol, PreallocationTools.DiffCache}, Dict{Symbol, PreallocationTools.DiffCache}, Vector{Float64}}}, Vector{Float64}, Vector{Float64}, Vector{Float64}, PEtab.ModelInfo}, Float64}}(2.6705043316761743,0.0,0.0,0.0,0.0,0.0,0.0,0.0,0.0,0.0) > 2, ndz = 0.39398313260768925, ndzprev = 0.1475313587528993
└ @ OrdinaryDiffEqNonlinearSolve ~/.julia/packages/OrdinaryDiffEqNonlinearSolve/doSPx/src/nlsolve.jl:101
┌ Warning: Verbosity toggle: newton_convergence 
│  Newton iteration failed with stale Jacobian, retrying with fresh Jacobian
└ @ OrdinaryDiffEqNonlinearSolve ~/.julia/packages/OrdinaryDiffEqNonlinearSolve/doSPx/src/nlsolve.jl:144
┌ Warning: Verbosity toggle: newton_convergence 
│  Newton iteration failed with stale Jacobian, retrying with fresh Jacobian
└ @ OrdinaryDiffEqNonlinearSolve ~/.julia/packages/OrdinaryDiffEqNonlinearSolve/doSPx/src/nlsolve.jl:144
┌ Warning: Verbosity toggle: newton_convergence 
│  Newton iteration failed with stale Jacobian, retrying with fresh Jacobian
└ @ OrdinaryDiffEqNonlinearSolve ~/.julia/packages/OrdinaryDiffEqNonlinearSolve/doSPx/src/nlsolve.jl:144
┌ Warning: Verbosity toggle: newton_convergence 
│  Newton iteration failed with stale Jacobian, retrying with fresh Jacobian
└ @ OrdinaryDiffEqNonlinearSolve ~/.julia/packages/OrdinaryDiffEqNonlinearSolve/doSPx/src/nlsolve.jl:144
┌ Warning: Verbosity toggle: newton_convergence 
│  Newton iteration failed with stale Jacobian, retrying with fresh Jacobian
└ @ OrdinaryDiffEqNonlinearSolve ~/.julia/packages/OrdinaryDiffEqNonlinearSolve/doSPx/src/nlsolve.jl:144
┌ Warning: Verbosity toggle: newton_convergence 
│  Newton iteration failed with stale Jacobian, retrying with fresh Jacobian
└ @ OrdinaryDiffEqNonlinearSolve ~/.julia/packages/OrdinaryDiffEqNonlinearSolve/doSPx/src/nlsolve.jl:144
┌ Warning: Verbosity toggle: newton_convergence 
│  Newton iteration failed with stale Jacobian, retrying with fresh Jacobian
└ @ OrdinaryDiffEqNonlinearSolve ~/.julia/packages/OrdinaryDiffEqNonlinearSolve/doSPx/src/nlsolve.jl:144
┌ Warning: Verbosity toggle: newton_convergence 
│  Newton iteration diverging: θ = Dual{ForwardDiff.Tag{PEtab.var"#302#303"{Bool, PEtab.PEtabODEProblemInfo{ODESolver, ODESolver, PEtab.PEtabODEProblemCache{Vector{Float64}, PreallocationTools.DiffCache{Vector{Float64}, Vector{Float64}}, Vector{Float64}, Matrix{Float64}, Dict{Symbol, PreallocationTools.DiffCache}, Dict{Symbol, PreallocationTools.DiffCache}, Dict{Symbol, PreallocationTools.DiffCache}, Vector{Float64}}}, PEtab.PEtabODEProblemInfo{ODESolver, ODESolver, PEtab.PEtabODEProblemCache{Vector{Float64}, PreallocationTools.DiffCache{Vector{Float64}, Vector{Float64}}, Vector{Float64}, Matrix{Float64}, Dict{Symbol, PreallocationTools.DiffCache}, Dict{Symbol, PreallocationTools.DiffCache}, Dict{Symbol, PreallocationTools.DiffCache}, Vector{Float64}}}, Vector{Float64}, Vector{Float64}, Vector{Float64}, PEtab.ModelInfo}, Float64}}(2.0477743593937108,0.0,0.0,0.0,0.0,0.0,0.0,0.0,0.0,0.0) > 2, ndz = 0.9823934275798443, ndzprev = 0.47973714636738773
└ @ OrdinaryDiffEqNonlinearSolve ~/.julia/packages/OrdinaryDiffEqNonlinearSolve/doSPx/src/nlsolve.jl:101
┌ Warning: Verbosity toggle: newton_convergence 
│  Newton iteration failed with stale Jacobian, retrying with fresh Jacobian
└ @ OrdinaryDiffEqNonlinearSolve ~/.julia/packages/OrdinaryDiffEqNonlinearSolve/doSPx/src/nlsolve.jl:144
┌ Warning: Verbosity toggle: newton_convergence 
│  Newton iteration failed with stale Jacobian, retrying with fresh Jacobian
└ @ OrdinaryDiffEqNonlinearSolve ~/.julia/packages/OrdinaryDiffEqNonlinearSolve/doSPx/src/nlsolve.jl:144
┌ Warning: Verbosity toggle: newton_convergence 
│  Newton iteration failed with stale Jacobian, retrying with fresh Jacobian
└ @ OrdinaryDiffEqNonlinearSolve ~/.julia/packages/OrdinaryDiffEqNonlinearSolve/doSPx/src/nlsolve.jl:144
┌ Warning: Verbosity toggle: newton_convergence 
│  Newton iteration failed with stale Jacobian, retrying with fresh Jacobian
└ @ OrdinaryDiffEqNonlinearSolve ~/.julia/packages/OrdinaryDiffEqNonlinearSolve/doSPx/src/nlsolve.jl:144
┌ Warning: Verbosity toggle: newton_convergence 
│  Newton iteration failed with stale Jacobian, retrying with fresh Jacobian
└ @ OrdinaryDiffEqNonlinearSolve ~/.julia/packages/OrdinaryDiffEqNonlinearSolve/doSPx/src/nlsolve.jl:144
┌ Warning: Verbosity toggle: newton_convergence 
│  Newton iteration diverging: θ = Dual{ForwardDiff.Tag{PEtab.var"#302#303"{Bool, PEtab.PEtabODEProblemInfo{ODESolver, ODESolver, PEtab.PEtabODEProblemCache{Vector{Float64}, PreallocationTools.DiffCache{Vector{Float64}, Vector{Float64}}, Vector{Float64}, Matrix{Float64}, Dict{Symbol, PreallocationTools.DiffCache}, Dict{Symbol, PreallocationTools.DiffCache}, Dict{Symbol, PreallocationTools.DiffCache}, Vector{Float64}}}, PEtab.PEtabODEProblemInfo{ODESolver, ODESolver, PEtab.PEtabODEProblemCache{Vector{Float64}, PreallocationTools.DiffCache{Vector{Float64}, Vector{Float64}}, Vector{Float64}, Matrix{Float64}, Dict{Symbol, PreallocationTools.DiffCache}, Dict{Symbol, PreallocationTools.DiffCache}, Dict{Symbol, PreallocationTools.DiffCache}, Vector{Float64}}}, Vector{Float64}, Vector{Float64}, Vector{Float64}, PEtab.ModelInfo}, Float64}}(2.0477743593937108,0.0,0.0,0.0,0.0,0.0,0.0,0.0,0.0,0.0) > 2, ndz = 0.9823934275798443, ndzprev = 0.47973714636738773
└ @ OrdinaryDiffEqNonlinearSolve ~/.julia/packages/OrdinaryDiffEqNonlinearSolve/doSPx/src/nlsolve.jl:101
┌ Warning: Verbosity toggle: newton_convergence 
│  Newton iteration failed with stale Jacobian, retrying with fresh Jacobian
└ @ OrdinaryDiffEqNonlinearSolve ~/.julia/packages/OrdinaryDiffEqNonlinearSolve/doSPx/src/nlsolve.jl:144
┌ Warning: Verbosity toggle: newton_convergence 
│  Newton iteration failed with stale Jacobian, retrying with fresh Jacobian
└ @ OrdinaryDiffEqNonlinearSolve ~/.julia/packages/OrdinaryDiffEqNonlinearSolve/doSPx/src/nlsolve.jl:144
┌ Warning: Verbosity toggle: newton_convergence 
│  Newton iteration failed with stale Jacobian, retrying with fresh Jacobian
└ @ OrdinaryDiffEqNonlinearSolve ~/.julia/packages/OrdinaryDiffEqNonlinearSolve/doSPx/src/nlsolve.jl:144
┌ Warning: Verbosity toggle: newton_convergence 
│  Newton iteration failed with stale Jacobian, retrying with fresh Jacobian
└ @ OrdinaryDiffEqNonlinearSolve ~/.julia/packages/OrdinaryDiffEqNonlinearSolve/doSPx/src/nlsolve.jl:144
┌ Warning: Verbosity toggle: newton_convergence 
│  Newton iteration failed with stale Jacobian, retrying with fresh Jacobian
└ @ OrdinaryDiffEqNonlinearSolve ~/.julia/packages/OrdinaryDiffEqNonlinearSolve/doSPx/src/nlsolve.jl:144
┌ Warning: Verbosity toggle: newton_convergence 
│  Newton iteration failed with stale Jacobian, retrying with fresh Jacobian
└ @ OrdinaryDiffEqNonlinearSolve ~/.julia/packages/OrdinaryDiffEqNonlinearSolve/doSPx/src/nlsolve.jl:144
┌ Warning: Verbosity toggle: newton_convergence 
│  Newton iteration diverging: θ = 2.5377095585847385 > 2, ndz = 1.412766516121909, ndzprev = 0.5567093016388361
└ @ OrdinaryDiffEqNonlinearSolve ~/.julia/packages/OrdinaryDiffEqNonlinearSolve/doSPx/src/nlsolve.jl:101
┌ Warning: Verbosity toggle: newton_convergence 
│  Newton iteration failed with stale Jacobian, retrying with fresh Jacobian
└ @ OrdinaryDiffEqNonlinearSolve ~/.julia/packages/OrdinaryDiffEqNonlinearSolve/doSPx/src/nlsolve.jl:144
┌ Warning: Verbosity toggle: newton_convergence 
│  Newton iteration failed with stale Jacobian, retrying with fresh Jacobian
└ @ OrdinaryDiffEqNonlinearSolve ~/.julia/packages/OrdinaryDiffEqNonlinearSolve/doSPx/src/nlsolve.jl:144
┌ Warning: Verbosity toggle: newton_convergence 
│  Newton iteration failed with stale Jacobian, retrying with fresh Jacobian
└ @ OrdinaryDiffEqNonlinearSolve ~/.julia/packages/OrdinaryDiffEqNonlinearSolve/doSPx/src/nlsolve.jl:144
┌ Warning: Verbosity toggle: newton_convergence 
│  Newton iteration diverging: θ = 2.5377095585847385 > 2, ndz = 1.412766516121909, ndzprev = 0.5567093016388361
└ @ OrdinaryDiffEqNonlinearSolve ~/.julia/packages/OrdinaryDiffEqNonlinearSolve/doSPx/src/nlsolve.jl:101
┌ Warning: Verbosity toggle: newton_convergence 
│  Newton iteration failed with stale Jacobian, retrying with fresh Jacobian
└ @ OrdinaryDiffEqNonlinearSolve ~/.julia/packages/OrdinaryDiffEqNonlinearSolve/doSPx/src/nlsolve.jl:144
┌ Warning: Verbosity toggle: newton_convergence 
│  Newton iteration failed with stale Jacobian, retrying with fresh Jacobian
└ @ OrdinaryDiffEqNonlinearSolve ~/.julia/packages/OrdinaryDiffEqNonlinearSolve/doSPx/src/nlsolve.jl:144
┌ Warning: Verbosity toggle: newton_convergence 
│  Newton iteration failed with stale Jacobian, retrying with fresh Jacobian
└ @ OrdinaryDiffEqNonlinearSolve ~/.julia/packages/OrdinaryDiffEqNonlinearSolve/doSPx/src/nlsolve.jl:144
┌ Warning: Verbosity toggle: newton_convergence 
│  Newton iteration failed with stale Jacobian, retrying with fresh Jacobian
└ @ OrdinaryDiffEqNonlinearSolve ~/.julia/packages/OrdinaryDiffEqNonlinearSolve/doSPx/src/nlsolve.jl:144
┌ Warning: Verbosity toggle: newton_convergence 
│  Newton iteration failed with stale Jacobian, retrying with fresh Jacobian
└ @ OrdinaryDiffEqNonlinearSolve ~/.julia/packages/OrdinaryDiffEqNonlinearSolve/doSPx/src/nlsolve.jl:144
┌ Warning: Verbosity toggle: newton_convergence 
│  Newton iteration failed with stale Jacobian, retrying with fresh Jacobian
└ @ OrdinaryDiffEqNonlinearSolve ~/.julia/packages/OrdinaryDiffEqNonlinearSolve/doSPx/src/nlsolve.jl:144
┌ Warning: Verbosity toggle: newton_convergence 
│  Newton iteration diverging: θ = Dual{ForwardDiff.Tag{PEtab.var"#302#303"{Bool, PEtab.PEtabODEProblemInfo{ODESolver, ODESolver, PEtab.PEtabODEProblemCache{Vector{Float64}, PreallocationTools.DiffCache{Vector{Float64}, Vector{Float64}}, Vector{Float64}, Matrix{Float64}, Dict{Symbol, PreallocationTools.DiffCache}, Dict{Symbol, PreallocationTools.DiffCache}, Dict{Symbol, PreallocationTools.DiffCache}, Vector{Float64}}}, PEtab.PEtabODEProblemInfo{ODESolver, ODESolver, PEtab.PEtabODEProblemCache{Vector{Float64}, PreallocationTools.DiffCache{Vector{Float64}, Vector{Float64}}, Vector{Float64}, Matrix{Float64}, Dict{Symbol, PreallocationTools.DiffCache}, Dict{Symbol, PreallocationTools.DiffCache}, Dict{Symbol, PreallocationTools.DiffCache}, Vector{Float64}}}, Vector{Float64}, Vector{Float64}, Vector{Float64}, PEtab.ModelInfo}, Float64}}(2.0967048704085287,0.0,0.0,0.0,0.0,0.0,0.0,0.0,0.0,0.0) > 2, ndz = 1.4280884597310506, ndzprev = 0.6811108610878541
└ @ OrdinaryDiffEqNonlinearSolve ~/.julia/packages/OrdinaryDiffEqNonlinearSolve/doSPx/src/nlsolve.jl:101
┌ Warning: Verbosity toggle: newton_convergence 
│  Newton iteration failed with stale Jacobian, retrying with fresh Jacobian
└ @ OrdinaryDiffEqNonlinearSolve ~/.julia/packages/OrdinaryDiffEqNonlinearSolve/doSPx/src/nlsolve.jl:144
┌ Warning: Verbosity toggle: newton_convergence 
│  Newton iteration diverging: θ = Dual{ForwardDiff.Tag{PEtab.var"#302#303"{Bool, PEtab.PEtabODEProblemInfo{ODESolver, ODESolver, PEtab.PEtabODEProblemCache{Vector{Float64}, PreallocationTools.DiffCache{Vector{Float64}, Vector{Float64}}, Vector{Float64}, Matrix{Float64}, Dict{Symbol, PreallocationTools.DiffCache}, Dict{Symbol, PreallocationTools.DiffCache}, Dict{Symbol, PreallocationTools.DiffCache}, Vector{Float64}}}, PEtab.PEtabODEProblemInfo{ODESolver, ODESolver, PEtab.PEtabODEProblemCache{Vector{Float64}, PreallocationTools.DiffCache{Vector{Float64}, Vector{Float64}}, Vector{Float64}, Matrix{Float64}, Dict{Symbol, PreallocationTools.DiffCache}, Dict{Symbol, PreallocationTools.DiffCache}, Dict{Symbol, PreallocationTools.DiffCache}, Vector{Float64}}}, Vector{Float64}, Vector{Float64}, Vector{Float64}, PEtab.ModelInfo}, Float64}}(2.2257889501895556,0.0,0.0,0.0,0.0,0.0,0.0,0.0,0.0,0.0) > 2, ndz = 0.36865489004944796, ndzprev = 0.16562886163041293
└ @ OrdinaryDiffEqNonlinearSolve ~/.julia/packages/OrdinaryDiffEqNonlinearSolve/doSPx/src/nlsolve.jl:101
┌ Warning: Verbosity toggle: newton_convergence 
│  Newton iteration failed with stale Jacobian, retrying with fresh Jacobian
└ @ OrdinaryDiffEqNonlinearSolve ~/.julia/packages/OrdinaryDiffEqNonlinearSolve/doSPx/src/nlsolve.jl:144
┌ Warning: Verbosity toggle: newton_convergence 
│  Newton iteration failed with stale Jacobian, retrying with fresh Jacobian
└ @ OrdinaryDiffEqNonlinearSolve ~/.julia/packages/OrdinaryDiffEqNonlinearSolve/doSPx/src/nlsolve.jl:144
┌ Warning: Verbosity toggle: newton_convergence 
│  Newton iteration failed with stale Jacobian, retrying with fresh Jacobian
└ @ OrdinaryDiffEqNonlinearSolve ~/.julia/packages/OrdinaryDiffEqNonlinearSolve/doSPx/src/nlsolve.jl:144
┌ Warning: Verbosity toggle: newton_convergence 
│  Newton iteration diverging: θ = Dual{ForwardDiff.Tag{PEtab.var"#302#303"{Bool, PEtab.PEtabODEProblemInfo{ODESolver, ODESolver, PEtab.PEtabODEProblemCache{Vector{Float64}, PreallocationTools.DiffCache{Vector{Float64}, Vector{Float64}}, Vector{Float64}, Matrix{Float64}, Dict{Symbol, PreallocationTools.DiffCache}, Dict{Symbol, PreallocationTools.DiffCache}, Dict{Symbol, PreallocationTools.DiffCache}, Vector{Float64}}}, PEtab.PEtabODEProblemInfo{ODESolver, ODESolver, PEtab.PEtabODEProblemCache{Vector{Float64}, PreallocationTools.DiffCache{Vector{Float64}, Vector{Float64}}, Vector{Float64}, Matrix{Float64}, Dict{Symbol, PreallocationTools.DiffCache}, Dict{Symbol, PreallocationTools.DiffCache}, Dict{Symbol, PreallocationTools.DiffCache}, Vector{Float64}}}, Vector{Float64}, Vector{Float64}, Vector{Float64}, PEtab.ModelInfo}, Float64}}(2.0967048704085287,0.0,0.0,0.0,0.0,0.0,0.0,0.0,0.0,0.0) > 2, ndz = 1.4280884597310506, ndzprev = 0.6811108610878541
└ @ OrdinaryDiffEqNonlinearSolve ~/.julia/packages/OrdinaryDiffEqNonlinearSolve/doSPx/src/nlsolve.jl:101
┌ Warning: Verbosity toggle: newton_convergence 
│  Newton iteration failed with stale Jacobian, retrying with fresh Jacobian
└ @ OrdinaryDiffEqNonlinearSolve ~/.julia/packages/OrdinaryDiffEqNonlinearSolve/doSPx/src/nlsolve.jl:144
┌ Warning: Verbosity toggle: newton_convergence 
│  Newton iteration diverging: θ = Dual{ForwardDiff.Tag{PEtab.var"#302#303"{Bool, PEtab.PEtabODEProblemInfo{ODESolver, ODESolver, PEtab.PEtabODEProblemCache{Vector{Float64}, PreallocationTools.DiffCache{Vector{Float64}, Vector{Float64}}, Vector{Float64}, Matrix{Float64}, Dict{Symbol, PreallocationTools.DiffCache}, Dict{Symbol, PreallocationTools.DiffCache}, Dict{Symbol, PreallocationTools.DiffCache}, Vector{Float64}}}, PEtab.PEtabODEProblemInfo{ODESolver, ODESolver, PEtab.PEtabODEProblemCache{Vector{Float64}, PreallocationTools.DiffCache{Vector{Float64}, Vector{Float64}}, Vector{Float64}, Matrix{Float64}, Dict{Symbol, PreallocationTools.DiffCache}, Dict{Symbol, PreallocationTools.DiffCache}, Dict{Symbol, PreallocationTools.DiffCache}, Vector{Float64}}}, Vector{Float64}, Vector{Float64}, Vector{Float64}, PEtab.ModelInfo}, Float64}}(2.2257889501895556,0.0,0.0,0.0,0.0,0.0,0.0,0.0,0.0,0.0) > 2, ndz = 0.36865489004944796, ndzprev = 0.16562886163041293
└ @ OrdinaryDiffEqNonlinearSolve ~/.julia/packages/OrdinaryDiffEqNonlinearSolve/doSPx/src/nlsolve.jl:101
┌ Warning: Verbosity toggle: newton_convergence 
│  Newton iteration failed with stale Jacobian, retrying with fresh Jacobian
└ @ OrdinaryDiffEqNonlinearSolve ~/.julia/packages/OrdinaryDiffEqNonlinearSolve/doSPx/src/nlsolve.jl:144
┌ Warning: Verbosity toggle: newton_convergence 
│  Newton iteration failed with stale Jacobian, retrying with fresh Jacobian
└ @ OrdinaryDiffEqNonlinearSolve ~/.julia/packages/OrdinaryDiffEqNonlinearSolve/doSPx/src/nlsolve.jl:144
┌ Warning: Verbosity toggle: newton_convergence 
│  Newton iteration failed with stale Jacobian, retrying with fresh Jacobian
└ @ OrdinaryDiffEqNonlinearSolve ~/.julia/packages/OrdinaryDiffEqNonlinearSolve/doSPx/src/nlsolve.jl:144
┌ Warning: Verbosity toggle: newton_convergence 
│  Newton iteration failed with stale Jacobian, retrying with fresh Jacobian
└ @ OrdinaryDiffEqNonlinearSolve ~/.julia/packages/OrdinaryDiffEqNonlinearSolve/doSPx/src/nlsolve.jl:144
┌ Warning: Verbosity toggle: newton_convergence 
│  Newton iteration failed with stale Jacobian, retrying with fresh Jacobian
└ @ OrdinaryDiffEqNonlinearSolve ~/.julia/packages/OrdinaryDiffEqNonlinearSolve/doSPx/src/nlsolve.jl:144
┌ Warning: Verbosity toggle: newton_convergence 
│  Newton iteration failed with stale Jacobian, retrying with fresh Jacobian
└ @ OrdinaryDiffEqNonlinearSolve ~/.julia/packages/OrdinaryDiffEqNonlinearSolve/doSPx/src/nlsolve.jl:144
┌ Warning: Verbosity toggle: newton_convergence 
│  Newton iteration failed with stale Jacobian, retrying with fresh Jacobian
└ @ OrdinaryDiffEqNonlinearSolve ~/.julia/packages/OrdinaryDiffEqNonlinearSolve/doSPx/src/nlsolve.jl:144
┌ Warning: Verbosity toggle: newton_convergence 
│  Newton iteration failed with stale Jacobian, retrying with fresh Jacobian
└ @ OrdinaryDiffEqNonlinearSolve ~/.julia/packages/OrdinaryDiffEqNonlinearSolve/doSPx/src/nlsolve.jl:144
┌ Warning: Verbosity toggle: newton_convergence 
│  Newton iteration failed with stale Jacobian, retrying with fresh Jacobian
└ @ OrdinaryDiffEqNonlinearSolve ~/.julia/packages/OrdinaryDiffEqNonlinearSolve/doSPx/src/nlsolve.jl:144
┌ Warning: Verbosity toggle: newton_convergence 
│  Newton iteration diverging: θ = Dual{ForwardDiff.Tag{PEtab.var"#302#303"{Bool, PEtab.PEtabODEProblemInfo{ODESolver, ODESolver, PEtab.PEtabODEProblemCache{Vector{Float64}, PreallocationTools.DiffCache{Vector{Float64}, Vector{Float64}}, Vector{Float64}, Matrix{Float64}, Dict{Symbol, PreallocationTools.DiffCache}, Dict{Symbol, PreallocationTools.DiffCache}, Dict{Symbol, PreallocationTools.DiffCache}, Vector{Float64}}}, PEtab.PEtabODEProblemInfo{ODESolver, ODESolver, PEtab.PEtabODEProblemCache{Vector{Float64}, PreallocationTools.DiffCache{Vector{Float64}, Vector{Float64}}, Vector{Float64}, Matrix{Float64}, Dict{Symbol, PreallocationTools.DiffCache}, Dict{Symbol, PreallocationTools.DiffCache}, Dict{Symbol, PreallocationTools.DiffCache}, Vector{Float64}}}, Vector{Float64}, Vector{Float64}, Vector{Float64}, PEtab.ModelInfo}, Float64}}(2.2969158190217516,0.0,0.0,0.0,0.0,0.0,0.0,0.0,0.0,0.0) > 2, ndz = 0.6139911250159452, ndzprev = 0.2673111134205353
└ @ OrdinaryDiffEqNonlinearSolve ~/.julia/packages/OrdinaryDiffEqNonlinearSolve/doSPx/src/nlsolve.jl:101
┌ Warning: Verbosity toggle: newton_convergence 
│  Newton iteration failed with stale Jacobian, retrying with fresh Jacobian
└ @ OrdinaryDiffEqNonlinearSolve ~/.julia/packages/OrdinaryDiffEqNonlinearSolve/doSPx/src/nlsolve.jl:144
┌ Warning: Verbosity toggle: newton_convergence 
│  Newton iteration diverging: θ = Dual{ForwardDiff.Tag{PEtab.var"#302#303"{Bool, PEtab.PEtabODEProblemInfo{ODESolver, ODESolver, PEtab.PEtabODEProblemCache{Vector{Float64}, PreallocationTools.DiffCache{Vector{Float64}, Vector{Float64}}, Vector{Float64}, Matrix{Float64}, Dict{Symbol, PreallocationTools.DiffCache}, Dict{Symbol, PreallocationTools.DiffCache}, Dict{Symbol, PreallocationTools.DiffCache}, Vector{Float64}}}, PEtab.PEtabODEProblemInfo{ODESolver, ODESolver, PEtab.PEtabODEProblemCache{Vector{Float64}, PreallocationTools.DiffCache{Vector{Float64}, Vector{Float64}}, Vector{Float64}, Matrix{Float64}, Dict{Symbol, PreallocationTools.DiffCache}, Dict{Symbol, PreallocationTools.DiffCache}, Dict{Symbol, PreallocationTools.DiffCache}, Vector{Float64}}}, Vector{Float64}, Vector{Float64}, Vector{Float64}, PEtab.ModelInfo}, Float64}}(2.670504785248137,0.0,0.0,0.0,0.0,0.0,0.0,0.0,0.0,0.0) > 2, ndz = 0.3939832985442279, ndzprev = 0.1475313958322003
└ @ OrdinaryDiffEqNonlinearSolve ~/.julia/packages/OrdinaryDiffEqNonlinearSolve/doSPx/src/nlsolve.jl:101
┌ Warning: Verbosity toggle: newton_convergence 
│  Newton iteration failed with stale Jacobian, retrying with fresh Jacobian
└ @ OrdinaryDiffEqNonlinearSolve ~/.julia/packages/OrdinaryDiffEqNonlinearSolve/doSPx/src/nlsolve.jl:144
┌ Warning: Verbosity toggle: newton_convergence 
│  Newton iteration failed with stale Jacobian, retrying with fresh Jacobian
└ @ OrdinaryDiffEqNonlinearSolve ~/.julia/packages/OrdinaryDiffEqNonlinearSolve/doSPx/src/nlsolve.jl:144
┌ Warning: Verbosity toggle: newton_convergence 
│  Newton iteration failed with stale Jacobian, retrying with fresh Jacobian
└ @ OrdinaryDiffEqNonlinearSolve ~/.julia/packages/OrdinaryDiffEqNonlinearSolve/doSPx/src/nlsolve.jl:144
┌ Warning: Verbosity toggle: newton_convergence 
│  Newton iteration failed with stale Jacobian, retrying with fresh Jacobian
└ @ OrdinaryDiffEqNonlinearSolve ~/.julia/packages/OrdinaryDiffEqNonlinearSolve/doSPx/src/nlsolve.jl:144
┌ Warning: Verbosity toggle: newton_convergence 
│  Newton iteration diverging: θ = Dual{ForwardDiff.Tag{PEtab.var"#302#303"{Bool, PEtab.PEtabODEProblemInfo{ODESolver, ODESolver, PEtab.PEtabODEProblemCache{Vector{Float64}, PreallocationTools.DiffCache{Vector{Float64}, Vector{Float64}}, Vector{Float64}, Matrix{Float64}, Dict{Symbol, PreallocationTools.DiffCache}, Dict{Symbol, PreallocationTools.DiffCache}, Dict{Symbol, PreallocationTools.DiffCache}, Vector{Float64}}}, PEtab.PEtabODEProblemInfo{ODESolver, ODESolver, PEtab.PEtabODEProblemCache{Vector{Float64}, PreallocationTools.DiffCache{Vector{Float64}, Vector{Float64}}, Vector{Float64}, Matrix{Float64}, Dict{Symbol, PreallocationTools.DiffCache}, Dict{Symbol, PreallocationTools.DiffCache}, Dict{Symbol, PreallocationTools.DiffCache}, Vector{Float64}}}, Vector{Float64}, Vector{Float64}, Vector{Float64}, PEtab.ModelInfo}, Float64}}(2.2969158190217516,0.0,0.0,0.0,0.0,0.0,0.0,0.0,0.0,0.0) > 2, ndz = 0.6139911250159452, ndzprev = 0.2673111134205353
└ @ OrdinaryDiffEqNonlinearSolve ~/.julia/packages/OrdinaryDiffEqNonlinearSolve/doSPx/src/nlsolve.jl:101
┌ Warning: Verbosity toggle: newton_convergence 
│  Newton iteration failed with stale Jacobian, retrying with fresh Jacobian
└ @ OrdinaryDiffEqNonlinearSolve ~/.julia/packages/OrdinaryDiffEqNonlinearSolve/doSPx/src/nlsolve.jl:144
┌ Warning: Verbosity toggle: newton_convergence 
│  Newton iteration diverging: θ = Dual{ForwardDiff.Tag{PEtab.var"#302#303"{Bool, PEtab.PEtabODEProblemInfo{ODESolver, ODESolver, PEtab.PEtabODEProblemCache{Vector{Float64}, PreallocationTools.DiffCache{Vector{Float64}, Vector{Float64}}, Vector{Float64}, Matrix{Float64}, Dict{Symbol, PreallocationTools.DiffCache}, Dict{Symbol, PreallocationTools.DiffCache}, Dict{Symbol, PreallocationTools.DiffCache}, Vector{Float64}}}, PEtab.PEtabODEProblemInfo{ODESolver, ODESolver, PEtab.PEtabODEProblemCache{Vector{Float64}, PreallocationTools.DiffCache{Vector{Float64}, Vector{Float64}}, Vector{Float64}, Matrix{Float64}, Dict{Symbol, PreallocationTools.DiffCache}, Dict{Symbol, PreallocationTools.DiffCache}, Dict{Symbol, PreallocationTools.DiffCache}, Vector{Float64}}}, Vector{Float64}, Vector{Float64}, Vector{Float64}, PEtab.ModelInfo}, Float64}}(2.670504785248137,0.0,0.0,0.0,0.0,0.0,0.0,0.0,0.0,0.0) > 2, ndz = 0.3939832985442279, ndzprev = 0.1475313958322003
└ @ OrdinaryDiffEqNonlinearSolve ~/.julia/packages/OrdinaryDiffEqNonlinearSolve/doSPx/src/nlsolve.jl:101
┌ Warning: Verbosity toggle: newton_convergence 
│  Newton iteration failed with stale Jacobian, retrying with fresh Jacobian
└ @ OrdinaryDiffEqNonlinearSolve ~/.julia/packages/OrdinaryDiffEqNonlinearSolve/doSPx/src/nlsolve.jl:144
┌ Warning: Verbosity toggle: newton_convergence 
│  Newton iteration failed with stale Jacobian, retrying with fresh Jacobian
└ @ OrdinaryDiffEqNonlinearSolve ~/.julia/packages/OrdinaryDiffEqNonlinearSolve/doSPx/src/nlsolve.jl:144
┌ Warning: Verbosity toggle: newton_convergence 
│  Newton iteration failed with stale Jacobian, retrying with fresh Jacobian
└ @ OrdinaryDiffEqNonlinearSolve ~/.julia/packages/OrdinaryDiffEqNonlinearSolve/doSPx/src/nlsolve.jl:144
┌ Warning: Verbosity toggle: newton_convergence 
│  Newton iteration failed with stale Jacobian, retrying with fresh Jacobian
└ @ OrdinaryDiffEqNonlinearSolve ~/.julia/packages/OrdinaryDiffEqNonlinearSolve/doSPx/src/nlsolve.jl:144
┌ Warning: Verbosity toggle: newton_convergence 
│  Newton iteration failed with stale Jacobian, retrying with fresh Jacobian
└ @ OrdinaryDiffEqNonlinearSolve ~/.julia/packages/OrdinaryDiffEqNonlinearSolve/doSPx/src/nlsolve.jl:144
┌ Warning: Verbosity toggle: newton_convergence 
│  Newton iteration failed with stale Jacobian, retrying with fresh Jacobian
└ @ OrdinaryDiffEqNonlinearSolve ~/.julia/packages/OrdinaryDiffEqNonlinearSolve/doSPx/src/nlsolve.jl:144
┌ Warning: Verbosity toggle: newton_convergence 
│  Newton iteration failed with stale Jacobian, retrying with fresh Jacobian
└ @ OrdinaryDiffEqNonlinearSolve ~/.julia/packages/OrdinaryDiffEqNonlinearSolve/doSPx/src/nlsolve.jl:144
┌ Warning: Verbosity toggle: newton_convergence 
│  Newton iteration diverging: θ = Dual{ForwardDiff.Tag{PEtab.var"#302#303"{Bool, PEtab.PEtabODEProblemInfo{ODESolver, ODESolver, PEtab.PEtabODEProblemCache{Vector{Float64}, PreallocationTools.DiffCache{Vector{Float64}, Vector{Float64}}, Vector{Float64}, Matrix{Float64}, Dict{Symbol, PreallocationTools.DiffCache}, Dict{Symbol, PreallocationTools.DiffCache}, Dict{Symbol, PreallocationTools.DiffCache}, Vector{Float64}}}, PEtab.PEtabODEProblemInfo{ODESolver, ODESolver, PEtab.PEtabODEProblemCache{Vector{Float64}, PreallocationTools.DiffCache{Vector{Float64}, Vector{Float64}}, Vector{Float64}, Matrix{Float64}, Dict{Symbol, PreallocationTools.DiffCache}, Dict{Symbol, PreallocationTools.DiffCache}, Dict{Symbol, PreallocationTools.DiffCache}, Vector{Float64}}}, Vector{Float64}, Vector{Float64}, Vector{Float64}, PEtab.ModelInfo}, Float64}}(2.0477742964895382,0.0,0.0,0.0,0.0,0.0,0.0,0.0,0.0,0.0) > 2, ndz = 0.9823934002472244, ndzprev = 0.47973714775662696
└ @ OrdinaryDiffEqNonlinearSolve ~/.julia/packages/OrdinaryDiffEqNonlinearSolve/doSPx/src/nlsolve.jl:101
┌ Warning: Verbosity toggle: newton_convergence 
│  Newton iteration failed with stale Jacobian, retrying with fresh Jacobian
└ @ OrdinaryDiffEqNonlinearSolve ~/.julia/packages/OrdinaryDiffEqNonlinearSolve/doSPx/src/nlsolve.jl:144
┌ Warning: Verbosity toggle: newton_convergence 
│  Newton iteration failed with stale Jacobian, retrying with fresh Jacobian
└ @ OrdinaryDiffEqNonlinearSolve ~/.julia/packages/OrdinaryDiffEqNonlinearSolve/doSPx/src/nlsolve.jl:144
┌ Warning: Verbosity toggle: newton_convergence 
│  Newton iteration failed with stale Jacobian, retrying with fresh Jacobian
└ @ OrdinaryDiffEqNonlinearSolve ~/.julia/packages/OrdinaryDiffEqNonlinearSolve/doSPx/src/nlsolve.jl:144
┌ Warning: Verbosity toggle: newton_convergence 
│  Newton iteration failed with stale Jacobian, retrying with fresh Jacobian
└ @ OrdinaryDiffEqNonlinearSolve ~/.julia/packages/OrdinaryDiffEqNonlinearSolve/doSPx/src/nlsolve.jl:144
┌ Warning: Verbosity toggle: newton_convergence 
│  Newton iteration failed with stale Jacobian, retrying with fresh Jacobian
└ @ OrdinaryDiffEqNonlinearSolve ~/.julia/packages/OrdinaryDiffEqNonlinearSolve/doSPx/src/nlsolve.jl:144
┌ Warning: Verbosity toggle: newton_convergence 
│  Newton iteration diverging: θ = Dual{ForwardDiff.Tag{PEtab.var"#302#303"{Bool, PEtab.PEtabODEProblemInfo{ODESolver, ODESolver, PEtab.PEtabODEProblemCache{Vector{Float64}, PreallocationTools.DiffCache{Vector{Float64}, Vector{Float64}}, Vector{Float64}, Matrix{Float64}, Dict{Symbol, PreallocationTools.DiffCache}, Dict{Symbol, PreallocationTools.DiffCache}, Dict{Symbol, PreallocationTools.DiffCache}, Vector{Float64}}}, PEtab.PEtabODEProblemInfo{ODESolver, ODESolver, PEtab.PEtabODEProblemCache{Vector{Float64}, PreallocationTools.DiffCache{Vector{Float64}, Vector{Float64}}, Vector{Float64}, Matrix{Float64}, Dict{Symbol, PreallocationTools.DiffCache}, Dict{Symbol, PreallocationTools.DiffCache}, Dict{Symbol, PreallocationTools.DiffCache}, Vector{Float64}}}, Vector{Float64}, Vector{Float64}, Vector{Float64}, PEtab.ModelInfo}, Float64}}(2.0477742964895382,0.0,0.0,0.0,0.0,0.0,0.0,0.0,0.0,0.0) > 2, ndz = 0.9823934002472244, ndzprev = 0.47973714775662696
└ @ OrdinaryDiffEqNonlinearSolve ~/.julia/packages/OrdinaryDiffEqNonlinearSolve/doSPx/src/nlsolve.jl:101
┌ Warning: Verbosity toggle: newton_convergence 
│  Newton iteration failed with stale Jacobian, retrying with fresh Jacobian
└ @ OrdinaryDiffEqNonlinearSolve ~/.julia/packages/OrdinaryDiffEqNonlinearSolve/doSPx/src/nlsolve.jl:144
┌ Warning: Verbosity toggle: newton_convergence 
│  Newton iteration failed with stale Jacobian, retrying with fresh Jacobian
└ @ OrdinaryDiffEqNonlinearSolve ~/.julia/packages/OrdinaryDiffEqNonlinearSolve/doSPx/src/nlsolve.jl:144
┌ Warning: Verbosity toggle: newton_convergence 
│  Newton iteration failed with stale Jacobian, retrying with fresh Jacobian
└ @ OrdinaryDiffEqNonlinearSolve ~/.julia/packages/OrdinaryDiffEqNonlinearSolve/doSPx/src/nlsolve.jl:144
┌ Warning: Verbosity toggle: newton_convergence 
│  Newton iteration failed with stale Jacobian, retrying with fresh Jacobian
└ @ OrdinaryDiffEqNonlinearSolve ~/.julia/packages/OrdinaryDiffEqNonlinearSolve/doSPx/src/nlsolve.jl:144
┌ Warning: Verbosity toggle: newton_convergence 
│  Newton iteration failed with stale Jacobian, retrying with fresh Jacobian
└ @ OrdinaryDiffEqNonlinearSolve ~/.julia/packages/OrdinaryDiffEqNonlinearSolve/doSPx/src/nlsolve.jl:144
┌ Warning: Verbosity toggle: newton_convergence 
│  Newton iteration failed with stale Jacobian, retrying with fresh Jacobian
└ @ OrdinaryDiffEqNonlinearSolve ~/.julia/packages/OrdinaryDiffEqNonlinearSolve/doSPx/src/nlsolve.jl:144
┌ Warning: Verbosity toggle: newton_convergence 
│  Newton iteration diverging: θ = 2.5377095232611304 > 2, ndz = 1.4127664980375456, ndzprev = 0.5567093022616884
└ @ OrdinaryDiffEqNonlinearSolve ~/.julia/packages/OrdinaryDiffEqNonlinearSolve/doSPx/src/nlsolve.jl:101
┌ Warning: Verbosity toggle: newton_convergence 
│  Newton iteration failed with stale Jacobian, retrying with fresh Jacobian
└ @ OrdinaryDiffEqNonlinearSolve ~/.julia/packages/OrdinaryDiffEqNonlinearSolve/doSPx/src/nlsolve.jl:144
┌ Warning: Verbosity toggle: newton_convergence 
│  Newton iteration failed with stale Jacobian, retrying with fresh Jacobian
└ @ OrdinaryDiffEqNonlinearSolve ~/.julia/packages/OrdinaryDiffEqNonlinearSolve/doSPx/src/nlsolve.jl:144
┌ Warning: Verbosity toggle: newton_convergence 
│  Newton iteration failed with stale Jacobian, retrying with fresh Jacobian
└ @ OrdinaryDiffEqNonlinearSolve ~/.julia/packages/OrdinaryDiffEqNonlinearSolve/doSPx/src/nlsolve.jl:144
┌ Warning: Verbosity toggle: newton_convergence 
│  Newton iteration diverging: θ = 2.5377095232611304 > 2, ndz = 1.4127664980375456, ndzprev = 0.5567093022616884
└ @ OrdinaryDiffEqNonlinearSolve ~/.julia/packages/OrdinaryDiffEqNonlinearSolve/doSPx/src/nlsolve.jl:101
┌ Warning: Verbosity toggle: newton_convergence 
│  Newton iteration failed with stale Jacobian, retrying with fresh Jacobian
└ @ OrdinaryDiffEqNonlinearSolve ~/.julia/packages/OrdinaryDiffEqNonlinearSolve/doSPx/src/nlsolve.jl:144
┌ Warning: Verbosity toggle: newton_convergence 
│  Newton iteration failed with stale Jacobian, retrying with fresh Jacobian
└ @ OrdinaryDiffEqNonlinearSolve ~/.julia/packages/OrdinaryDiffEqNonlinearSolve/doSPx/src/nlsolve.jl:144
┌ Warning: Verbosity toggle: newton_convergence 
│  Newton iteration failed with stale Jacobian, retrying with fresh Jacobian
└ @ OrdinaryDiffEqNonlinearSolve ~/.julia/packages/OrdinaryDiffEqNonlinearSolve/doSPx/src/nlsolve.jl:144
┌ Warning: Verbosity toggle: newton_convergence 
│  Newton iteration failed with stale Jacobian, retrying with fresh Jacobian
└ @ OrdinaryDiffEqNonlinearSolve ~/.julia/packages/OrdinaryDiffEqNonlinearSolve/doSPx/src/nlsolve.jl:144
┌ Warning: Verbosity toggle: newton_convergence 
│  Newton iteration failed with stale Jacobian, retrying with fresh Jacobian
└ @ OrdinaryDiffEqNonlinearSolve ~/.julia/packages/OrdinaryDiffEqNonlinearSolve/doSPx/src/nlsolve.jl:144
┌ Warning: Verbosity toggle: newton_convergence 
│  Newton iteration failed with stale Jacobian, retrying with fresh Jacobian
└ @ OrdinaryDiffEqNonlinearSolve ~/.julia/packages/OrdinaryDiffEqNonlinearSolve/doSPx/src/nlsolve.jl:144
┌ Warning: Verbosity toggle: newton_convergence 
│  Newton iteration diverging: θ = Dual{ForwardDiff.Tag{PEtab.var"#302#303"{Bool, PEtab.PEtabODEProblemInfo{ODESolver, ODESolver, PEtab.PEtabODEProblemCache{Vector{Float64}, PreallocationTools.DiffCache{Vector{Float64}, Vector{Float64}}, Vector{Float64}, Matrix{Float64}, Dict{Symbol, PreallocationTools.DiffCache}, Dict{Symbol, PreallocationTools.DiffCache}, Dict{Symbol, PreallocationTools.DiffCache}, Vector{Float64}}}, PEtab.PEtabODEProblemInfo{ODESolver, ODESolver, PEtab.PEtabODEProblemCache{Vector{Float64}, PreallocationTools.DiffCache{Vector{Float64}, Vector{Float64}}, Vector{Float64}, Matrix{Float64}, Dict{Symbol, PreallocationTools.DiffCache}, Dict{Symbol, PreallocationTools.DiffCache}, Dict{Symbol, PreallocationTools.DiffCache}, Vector{Float64}}}, Vector{Float64}, Vector{Float64}, Vector{Float64}, PEtab.ModelInfo}, Float64}}(2.0967048879416232,0.0,0.0,0.0,0.0,0.0,0.0,0.0,0.0,0.0) > 2, ndz = 1.4280884482377525, ndzprev = 0.6811108499106592
└ @ OrdinaryDiffEqNonlinearSolve ~/.julia/packages/OrdinaryDiffEqNonlinearSolve/doSPx/src/nlsolve.jl:101
┌ Warning: Verbosity toggle: newton_convergence 
│  Newton iteration failed with stale Jacobian, retrying with fresh Jacobian
└ @ OrdinaryDiffEqNonlinearSolve ~/.julia/packages/OrdinaryDiffEqNonlinearSolve/doSPx/src/nlsolve.jl:144
┌ Warning: Verbosity toggle: newton_convergence 
│  Newton iteration diverging: θ = Dual{ForwardDiff.Tag{PEtab.var"#302#303"{Bool, PEtab.PEtabODEProblemInfo{ODESolver, ODESolver, PEtab.PEtabODEProblemCache{Vector{Float64}, PreallocationTools.DiffCache{Vector{Float64}, Vector{Float64}}, Vector{Float64}, Matrix{Float64}, Dict{Symbol, PreallocationTools.DiffCache}, Dict{Symbol, PreallocationTools.DiffCache}, Dict{Symbol, PreallocationTools.DiffCache}, Vector{Float64}}}, PEtab.PEtabODEProblemInfo{ODESolver, ODESolver, PEtab.PEtabODEProblemCache{Vector{Float64}, PreallocationTools.DiffCache{Vector{Float64}, Vector{Float64}}, Vector{Float64}, Matrix{Float64}, Dict{Symbol, PreallocationTools.DiffCache}, Dict{Symbol, PreallocationTools.DiffCache}, Dict{Symbol, PreallocationTools.DiffCache}, Vector{Float64}}}, Vector{Float64}, Vector{Float64}, Vector{Float64}, PEtab.ModelInfo}, Float64}}(2.2257885675011595,0.0,0.0,0.0,0.0,0.0,0.0,0.0,0.0,0.0) > 2, ndz = 0.3686548306917506, ndzprev = 0.1656288634394554
└ @ OrdinaryDiffEqNonlinearSolve ~/.julia/packages/OrdinaryDiffEqNonlinearSolve/doSPx/src/nlsolve.jl:101
┌ Warning: Verbosity toggle: newton_convergence 
│  Newton iteration failed with stale Jacobian, retrying with fresh Jacobian
└ @ OrdinaryDiffEqNonlinearSolve ~/.julia/packages/OrdinaryDiffEqNonlinearSolve/doSPx/src/nlsolve.jl:144
┌ Warning: Verbosity toggle: newton_convergence 
│  Newton iteration failed with stale Jacobian, retrying with fresh Jacobian
└ @ OrdinaryDiffEqNonlinearSolve ~/.julia/packages/OrdinaryDiffEqNonlinearSolve/doSPx/src/nlsolve.jl:144
┌ Warning: Verbosity toggle: newton_convergence 
│  Newton iteration failed with stale Jacobian, retrying with fresh Jacobian
└ @ OrdinaryDiffEqNonlinearSolve ~/.julia/packages/OrdinaryDiffEqNonlinearSolve/doSPx/src/nlsolve.jl:144
┌ Warning: Verbosity toggle: newton_convergence 
│  Newton iteration diverging: θ = Dual{ForwardDiff.Tag{PEtab.var"#302#303"{Bool, PEtab.PEtabODEProblemInfo{ODESolver, ODESolver, PEtab.PEtabODEProblemCache{Vector{Float64}, PreallocationTools.DiffCache{Vector{Float64}, Vector{Float64}}, Vector{Float64}, Matrix{Float64}, Dict{Symbol, PreallocationTools.DiffCache}, Dict{Symbol, PreallocationTools.DiffCache}, Dict{Symbol, PreallocationTools.DiffCache}, Vector{Float64}}}, PEtab.PEtabODEProblemInfo{ODESolver, ODESolver, PEtab.PEtabODEProblemCache{Vector{Float64}, PreallocationTools.DiffCache{Vector{Float64}, Vector{Float64}}, Vector{Float64}, Matrix{Float64}, Dict{Symbol, PreallocationTools.DiffCache}, Dict{Symbol, PreallocationTools.DiffCache}, Dict{Symbol, PreallocationTools.DiffCache}, Vector{Float64}}}, Vector{Float64}, Vector{Float64}, Vector{Float64}, PEtab.ModelInfo}, Float64}}(2.0967048879416232,0.0,0.0,0.0,0.0,0.0,0.0,0.0,0.0,0.0) > 2, ndz = 1.4280884482377525, ndzprev = 0.6811108499106592
└ @ OrdinaryDiffEqNonlinearSolve ~/.julia/packages/OrdinaryDiffEqNonlinearSolve/doSPx/src/nlsolve.jl:101
┌ Warning: Verbosity toggle: newton_convergence 
│  Newton iteration failed with stale Jacobian, retrying with fresh Jacobian
└ @ OrdinaryDiffEqNonlinearSolve ~/.julia/packages/OrdinaryDiffEqNonlinearSolve/doSPx/src/nlsolve.jl:144
┌ Warning: Verbosity toggle: newton_convergence 
│  Newton iteration diverging: θ = Dual{ForwardDiff.Tag{PEtab.var"#302#303"{Bool, PEtab.PEtabODEProblemInfo{ODESolver, ODESolver, PEtab.PEtabODEProblemCache{Vector{Float64}, PreallocationTools.DiffCache{Vector{Float64}, Vector{Float64}}, Vector{Float64}, Matrix{Float64}, Dict{Symbol, PreallocationTools.DiffCache}, Dict{Symbol, PreallocationTools.DiffCache}, Dict{Symbol, PreallocationTools.DiffCache}, Vector{Float64}}}, PEtab.PEtabODEProblemInfo{ODESolver, ODESolver, PEtab.PEtabODEProblemCache{Vector{Float64}, PreallocationTools.DiffCache{Vector{Float64}, Vector{Float64}}, Vector{Float64}, Matrix{Float64}, Dict{Symbol, PreallocationTools.DiffCache}, Dict{Symbol, PreallocationTools.DiffCache}, Dict{Symbol, PreallocationTools.DiffCache}, Vector{Float64}}}, Vector{Float64}, Vector{Float64}, Vector{Float64}, PEtab.ModelInfo}, Float64}}(2.2257885675011595,0.0,0.0,0.0,0.0,0.0,0.0,0.0,0.0,0.0) > 2, ndz = 0.3686548306917506, ndzprev = 0.1656288634394554
└ @ OrdinaryDiffEqNonlinearSolve ~/.julia/packages/OrdinaryDiffEqNonlinearSolve/doSPx/src/nlsolve.jl:101
┌ Warning: Verbosity toggle: newton_convergence 
│  Newton iteration failed with stale Jacobian, retrying with fresh Jacobian
└ @ OrdinaryDiffEqNonlinearSolve ~/.julia/packages/OrdinaryDiffEqNonlinearSolve/doSPx/src/nlsolve.jl:144
┌ Warning: Verbosity toggle: newton_convergence 
│  Newton iteration failed with stale Jacobian, retrying with fresh Jacobian
└ @ OrdinaryDiffEqNonlinearSolve ~/.julia/packages/OrdinaryDiffEqNonlinearSolve/doSPx/src/nlsolve.jl:144
┌ Warning: Verbosity toggle: newton_convergence 
│  Newton iteration failed with stale Jacobian, retrying with fresh Jacobian
└ @ OrdinaryDiffEqNonlinearSolve ~/.julia/packages/OrdinaryDiffEqNonlinearSolve/doSPx/src/nlsolve.jl:144
┌ Warning: Verbosity toggle: newton_convergence 
│  Newton iteration failed with stale Jacobian, retrying with fresh Jacobian
└ @ OrdinaryDiffEqNonlinearSolve ~/.julia/packages/OrdinaryDiffEqNonlinearSolve/doSPx/src/nlsolve.jl:144
┌ Warning: Verbosity toggle: newton_convergence 
│  Newton iteration failed with stale Jacobian, retrying with fresh Jacobian
└ @ OrdinaryDiffEqNonlinearSolve ~/.julia/packages/OrdinaryDiffEqNonlinearSolve/doSPx/src/nlsolve.jl:144
┌ Warning: Verbosity toggle: newton_convergence 
│  Newton iteration failed with stale Jacobian, retrying with fresh Jacobian
└ @ OrdinaryDiffEqNonlinearSolve ~/.julia/packages/OrdinaryDiffEqNonlinearSolve/doSPx/src/nlsolve.jl:144
┌ Warning: Verbosity toggle: newton_convergence 
│  Newton iteration failed with stale Jacobian, retrying with fresh Jacobian
└ @ OrdinaryDiffEqNonlinearSolve ~/.julia/packages/OrdinaryDiffEqNonlinearSolve/doSPx/src/nlsolve.jl:144
┌ Warning: Verbosity toggle: newton_convergence 
│  Newton iteration failed with stale Jacobian, retrying with fresh Jacobian
└ @ OrdinaryDiffEqNonlinearSolve ~/.julia/packages/OrdinaryDiffEqNonlinearSolve/doSPx/src/nlsolve.jl:144
┌ Warning: Verbosity toggle: newton_convergence 
│  Newton iteration failed with stale Jacobian, retrying with fresh Jacobian
└ @ OrdinaryDiffEqNonlinearSolve ~/.julia/packages/OrdinaryDiffEqNonlinearSolve/doSPx/src/nlsolve.jl:144
┌ Warning: Verbosity toggle: newton_convergence 
│  Newton iteration diverging: θ = Dual{ForwardDiff.Tag{PEtab.var"#302#303"{Bool, PEtab.PEtabODEProblemInfo{ODESolver, ODESolver, PEtab.PEtabODEProblemCache{Vector{Float64}, PreallocationTools.DiffCache{Vector{Float64}, Vector{Float64}}, Vector{Float64}, Matrix{Float64}, Dict{Symbol, PreallocationTools.DiffCache}, Dict{Symbol, PreallocationTools.DiffCache}, Dict{Symbol, PreallocationTools.DiffCache}, Vector{Float64}}}, PEtab.PEtabODEProblemInfo{ODESolver, ODESolver, PEtab.PEtabODEProblemCache{Vector{Float64}, PreallocationTools.DiffCache{Vector{Float64}, Vector{Float64}}, Vector{Float64}, Matrix{Float64}, Dict{Symbol, PreallocationTools.DiffCache}, Dict{Symbol, PreallocationTools.DiffCache}, Dict{Symbol, PreallocationTools.DiffCache}, Vector{Float64}}}, Vector{Float64}, Vector{Float64}, Vector{Float64}, PEtab.ModelInfo}, Float64}}(2.296915869233861,0.0,0.0,0.0,0.0,0.0,0.0,0.0,0.0,0.0) > 2, ndz = 0.613991134522399, ndzprev = 0.267311111715727
└ @ OrdinaryDiffEqNonlinearSolve ~/.julia/packages/OrdinaryDiffEqNonlinearSolve/doSPx/src/nlsolve.jl:101
┌ Warning: Verbosity toggle: newton_convergence 
│  Newton iteration failed with stale Jacobian, retrying with fresh Jacobian
└ @ OrdinaryDiffEqNonlinearSolve ~/.julia/packages/OrdinaryDiffEqNonlinearSolve/doSPx/src/nlsolve.jl:144
┌ Warning: Verbosity toggle: newton_convergence 
│  Newton iteration diverging: θ = Dual{ForwardDiff.Tag{PEtab.var"#302#303"{Bool, PEtab.PEtabODEProblemInfo{ODESolver, ODESolver, PEtab.PEtabODEProblemCache{Vector{Float64}, PreallocationTools.DiffCache{Vector{Float64}, Vector{Float64}}, Vector{Float64}, Matrix{Float64}, Dict{Symbol, PreallocationTools.DiffCache}, Dict{Symbol, PreallocationTools.DiffCache}, Dict{Symbol, PreallocationTools.DiffCache}, Vector{Float64}}}, PEtab.PEtabODEProblemInfo{ODESolver, ODESolver, PEtab.PEtabODEProblemCache{Vector{Float64}, PreallocationTools.DiffCache{Vector{Float64}, Vector{Float64}}, Vector{Float64}, Matrix{Float64}, Dict{Symbol, PreallocationTools.DiffCache}, Dict{Symbol, PreallocationTools.DiffCache}, Dict{Symbol, PreallocationTools.DiffCache}, Vector{Float64}}}, Vector{Float64}, Vector{Float64}, Vector{Float64}, PEtab.ModelInfo}, Float64}}(2.6705045350126047,0.0,0.0,0.0,0.0,0.0,0.0,0.0,0.0,0.0) > 2, ndz = 0.3939832272790691, ndzprev = 0.1475313829703755
└ @ OrdinaryDiffEqNonlinearSolve ~/.julia/packages/OrdinaryDiffEqNonlinearSolve/doSPx/src/nlsolve.jl:101
┌ Warning: Verbosity toggle: newton_convergence 
│  Newton iteration failed with stale Jacobian, retrying with fresh Jacobian
└ @ OrdinaryDiffEqNonlinearSolve ~/.julia/packages/OrdinaryDiffEqNonlinearSolve/doSPx/src/nlsolve.jl:144
┌ Warning: Verbosity toggle: newton_convergence 
│  Newton iteration failed with stale Jacobian, retrying with fresh Jacobian
└ @ OrdinaryDiffEqNonlinearSolve ~/.julia/packages/OrdinaryDiffEqNonlinearSolve/doSPx/src/nlsolve.jl:144
┌ Warning: Verbosity toggle: newton_convergence 
│  Newton iteration failed with stale Jacobian, retrying with fresh Jacobian
└ @ OrdinaryDiffEqNonlinearSolve ~/.julia/packages/OrdinaryDiffEqNonlinearSolve/doSPx/src/nlsolve.jl:144
┌ Warning: Verbosity toggle: newton_convergence 
│  Newton iteration failed with stale Jacobian, retrying with fresh Jacobian
└ @ OrdinaryDiffEqNonlinearSolve ~/.julia/packages/OrdinaryDiffEqNonlinearSolve/doSPx/src/nlsolve.jl:144
┌ Warning: Verbosity toggle: newton_convergence 
│  Newton iteration diverging: θ = Dual{ForwardDiff.Tag{PEtab.var"#302#303"{Bool, PEtab.PEtabODEProblemInfo{ODESolver, ODESolver, PEtab.PEtabODEProblemCache{Vector{Float64}, PreallocationTools.DiffCache{Vector{Float64}, Vector{Float64}}, Vector{Float64}, Matrix{Float64}, Dict{Symbol, PreallocationTools.DiffCache}, Dict{Symbol, PreallocationTools.DiffCache}, Dict{Symbol, PreallocationTools.DiffCache}, Vector{Float64}}}, PEtab.PEtabODEProblemInfo{ODESolver, ODESolver, PEtab.PEtabODEProblemCache{Vector{Float64}, PreallocationTools.DiffCache{Vector{Float64}, Vector{Float64}}, Vector{Float64}, Matrix{Float64}, Dict{Symbol, PreallocationTools.DiffCache}, Dict{Symbol, PreallocationTools.DiffCache}, Dict{Symbol, PreallocationTools.DiffCache}, Vector{Float64}}}, Vector{Float64}, Vector{Float64}, Vector{Float64}, PEtab.ModelInfo}, Float64}}(2.296915869233861,0.0,0.0,0.0,0.0,0.0,0.0,0.0,0.0,0.0) > 2, ndz = 0.613991134522399, ndzprev = 0.267311111715727
└ @ OrdinaryDiffEqNonlinearSolve ~/.julia/packages/OrdinaryDiffEqNonlinearSolve/doSPx/src/nlsolve.jl:101
┌ Warning: Verbosity toggle: newton_convergence 
│  Newton iteration failed with stale Jacobian, retrying with fresh Jacobian
└ @ OrdinaryDiffEqNonlinearSolve ~/.julia/packages/OrdinaryDiffEqNonlinearSolve/doSPx/src/nlsolve.jl:144
┌ Warning: Verbosity toggle: newton_convergence 
│  Newton iteration diverging: θ = Dual{ForwardDiff.Tag{PEtab.var"#302#303"{Bool, PEtab.PEtabODEProblemInfo{ODESolver, ODESolver, PEtab.PEtabODEProblemCache{Vector{Float64}, PreallocationTools.DiffCache{Vector{Float64}, Vector{Float64}}, Vector{Float64}, Matrix{Float64}, Dict{Symbol, PreallocationTools.DiffCache}, Dict{Symbol, PreallocationTools.DiffCache}, Dict{Symbol, PreallocationTools.DiffCache}, Vector{Float64}}}, PEtab.PEtabODEProblemInfo{ODESolver, ODESolver, PEtab.PEtabODEProblemCache{Vector{Float64}, PreallocationTools.DiffCache{Vector{Float64}, Vector{Float64}}, Vector{Float64}, Matrix{Float64}, Dict{Symbol, PreallocationTools.DiffCache}, Dict{Symbol, PreallocationTools.DiffCache}, Dict{Symbol, PreallocationTools.DiffCache}, Vector{Float64}}}, Vector{Float64}, Vector{Float64}, Vector{Float64}, PEtab.ModelInfo}, Float64}}(2.6705045350126047,0.0,0.0,0.0,0.0,0.0,0.0,0.0,0.0,0.0) > 2, ndz = 0.3939832272790691, ndzprev = 0.1475313829703755
└ @ OrdinaryDiffEqNonlinearSolve ~/.julia/packages/OrdinaryDiffEqNonlinearSolve/doSPx/src/nlsolve.jl:101
┌ Warning: Verbosity toggle: newton_convergence 
│  Newton iteration failed with stale Jacobian, retrying with fresh Jacobian
└ @ OrdinaryDiffEqNonlinearSolve ~/.julia/packages/OrdinaryDiffEqNonlinearSolve/doSPx/src/nlsolve.jl:144
┌ Warning: Verbosity toggle: newton_convergence 
│  Newton iteration failed with stale Jacobian, retrying with fresh Jacobian
└ @ OrdinaryDiffEqNonlinearSolve ~/.julia/packages/OrdinaryDiffEqNonlinearSolve/doSPx/src/nlsolve.jl:144
┌ Warning: Verbosity toggle: newton_convergence 
│  Newton iteration failed with stale Jacobian, retrying with fresh Jacobian
└ @ OrdinaryDiffEqNonlinearSolve ~/.julia/packages/OrdinaryDiffEqNonlinearSolve/doSPx/src/nlsolve.jl:144
┌ Warning: Verbosity toggle: newton_convergence 
│  Newton iteration failed with stale Jacobian, retrying with fresh Jacobian
└ @ OrdinaryDiffEqNonlinearSolve ~/.julia/packages/OrdinaryDiffEqNonlinearSolve/doSPx/src/nlsolve.jl:144
┌ Warning: Verbosity toggle: newton_convergence 
│  Newton iteration failed with stale Jacobian, retrying with fresh Jacobian
└ @ OrdinaryDiffEqNonlinearSolve ~/.julia/packages/OrdinaryDiffEqNonlinearSolve/doSPx/src/nlsolve.jl:144
┌ Warning: Verbosity toggle: newton_convergence 
│  Newton iteration failed with stale Jacobian, retrying with fresh Jacobian
└ @ OrdinaryDiffEqNonlinearSolve ~/.julia/packages/OrdinaryDiffEqNonlinearSolve/doSPx/src/nlsolve.jl:144
┌ Warning: Verbosity toggle: newton_convergence 
│  Newton iteration failed with stale Jacobian, retrying with fresh Jacobian
└ @ OrdinaryDiffEqNonlinearSolve ~/.julia/packages/OrdinaryDiffEqNonlinearSolve/doSPx/src/nlsolve.jl:144
┌ Warning: Verbosity toggle: newton_convergence 
│  Newton iteration diverging: θ = Dual{ForwardDiff.Tag{PEtab.var"#302#303"{Bool, PEtab.PEtabODEProblemInfo{ODESolver, ODESolver, PEtab.PEtabODEProblemCache{Vector{Float64}, PreallocationTools.DiffCache{Vector{Float64}, Vector{Float64}}, Vector{Float64}, Matrix{Float64}, Dict{Symbol, PreallocationTools.DiffCache}, Dict{Symbol, PreallocationTools.DiffCache}, Dict{Symbol, PreallocationTools.DiffCache}, Vector{Float64}}}, PEtab.PEtabODEProblemInfo{ODESolver, ODESolver, PEtab.PEtabODEProblemCache{Vector{Float64}, PreallocationTools.DiffCache{Vector{Float64}, Vector{Float64}}, Vector{Float64}, Matrix{Float64}, Dict{Symbol, PreallocationTools.DiffCache}, Dict{Symbol, PreallocationTools.DiffCache}, Dict{Symbol, PreallocationTools.DiffCache}, Vector{Float64}}}, Vector{Float64}, Vector{Float64}, Vector{Float64}, PEtab.ModelInfo}, Float64}}(2.047774290615477,0.0,0.0,0.0,0.0,0.0,0.0,0.0,0.0,0.0) > 2, ndz = 0.9823933871906141, ndzprev = 0.4797371427567571
└ @ OrdinaryDiffEqNonlinearSolve ~/.julia/packages/OrdinaryDiffEqNonlinearSolve/doSPx/src/nlsolve.jl:101
┌ Warning: Verbosity toggle: newton_convergence 
│  Newton iteration failed with stale Jacobian, retrying with fresh Jacobian
└ @ OrdinaryDiffEqNonlinearSolve ~/.julia/packages/OrdinaryDiffEqNonlinearSolve/doSPx/src/nlsolve.jl:144
┌ Warning: Verbosity toggle: newton_convergence 
│  Newton iteration failed with stale Jacobian, retrying with fresh Jacobian
└ @ OrdinaryDiffEqNonlinearSolve ~/.julia/packages/OrdinaryDiffEqNonlinearSolve/doSPx/src/nlsolve.jl:144
┌ Warning: Verbosity toggle: newton_convergence 
│  Newton iteration failed with stale Jacobian, retrying with fresh Jacobian
└ @ OrdinaryDiffEqNonlinearSolve ~/.julia/packages/OrdinaryDiffEqNonlinearSolve/doSPx/src/nlsolve.jl:144
┌ Warning: Verbosity toggle: newton_convergence 
│  Newton iteration failed with stale Jacobian, retrying with fresh Jacobian
└ @ OrdinaryDiffEqNonlinearSolve ~/.julia/packages/OrdinaryDiffEqNonlinearSolve/doSPx/src/nlsolve.jl:144
┌ Warning: Verbosity toggle: newton_convergence 
│  Newton iteration failed with stale Jacobian, retrying with fresh Jacobian
└ @ OrdinaryDiffEqNonlinearSolve ~/.julia/packages/OrdinaryDiffEqNonlinearSolve/doSPx/src/nlsolve.jl:144
┌ Warning: Verbosity toggle: newton_convergence 
│  Newton iteration diverging: θ = Dual{ForwardDiff.Tag{PEtab.var"#302#303"{Bool, PEtab.PEtabODEProblemInfo{ODESolver, ODESolver, PEtab.PEtabODEProblemCache{Vector{Float64}, PreallocationTools.DiffCache{Vector{Float64}, Vector{Float64}}, Vector{Float64}, Matrix{Float64}, Dict{Symbol, PreallocationTools.DiffCache}, Dict{Symbol, PreallocationTools.DiffCache}, Dict{Symbol, PreallocationTools.DiffCache}, Vector{Float64}}}, PEtab.PEtabODEProblemInfo{ODESolver, ODESolver, PEtab.PEtabODEProblemCache{Vector{Float64}, PreallocationTools.DiffCache{Vector{Float64}, Vector{Float64}}, Vector{Float64}, Matrix{Float64}, Dict{Symbol, PreallocationTools.DiffCache}, Dict{Symbol, PreallocationTools.DiffCache}, Dict{Symbol, PreallocationTools.DiffCache}, Vector{Float64}}}, Vector{Float64}, Vector{Float64}, Vector{Float64}, PEtab.ModelInfo}, Float64}}(2.047774290615477,0.0,0.0,0.0,0.0,0.0,0.0,0.0,0.0,0.0) > 2, ndz = 0.9823933871906141, ndzprev = 0.4797371427567571
└ @ OrdinaryDiffEqNonlinearSolve ~/.julia/packages/OrdinaryDiffEqNonlinearSolve/doSPx/src/nlsolve.jl:101
┌ Warning: Verbosity toggle: newton_convergence 
│  Newton iteration failed with stale Jacobian, retrying with fresh Jacobian
└ @ OrdinaryDiffEqNonlinearSolve ~/.julia/packages/OrdinaryDiffEqNonlinearSolve/doSPx/src/nlsolve.jl:144
┌ Warning: Verbosity toggle: newton_convergence 
│  Newton iteration failed with stale Jacobian, retrying with fresh Jacobian
└ @ OrdinaryDiffEqNonlinearSolve ~/.julia/packages/OrdinaryDiffEqNonlinearSolve/doSPx/src/nlsolve.jl:144
┌ Warning: Verbosity toggle: newton_convergence 
│  Newton iteration failed with stale Jacobian, retrying with fresh Jacobian
└ @ OrdinaryDiffEqNonlinearSolve ~/.julia/packages/OrdinaryDiffEqNonlinearSolve/doSPx/src/nlsolve.jl:144
┌ Warning: Verbosity toggle: newton_convergence 
│  Newton iteration failed with stale Jacobian, retrying with fresh Jacobian
└ @ OrdinaryDiffEqNonlinearSolve ~/.julia/packages/OrdinaryDiffEqNonlinearSolve/doSPx/src/nlsolve.jl:144
┌ Warning: Verbosity toggle: newton_convergence 
│  Newton iteration failed with stale Jacobian, retrying with fresh Jacobian
└ @ OrdinaryDiffEqNonlinearSolve ~/.julia/packages/OrdinaryDiffEqNonlinearSolve/doSPx/src/nlsolve.jl:144
┌ Warning: Verbosity toggle: newton_convergence 
│  Newton iteration failed with stale Jacobian, retrying with fresh Jacobian
└ @ OrdinaryDiffEqNonlinearSolve ~/.julia/packages/OrdinaryDiffEqNonlinearSolve/doSPx/src/nlsolve.jl:144
┌ Warning: Verbosity toggle: newton_convergence 
│  Newton iteration diverging: θ = 2.537709578887096 > 2, ndz = 1.4127664404769122, ndzprev = 0.5567092673766382
└ @ OrdinaryDiffEqNonlinearSolve ~/.julia/packages/OrdinaryDiffEqNonlinearSolve/doSPx/src/nlsolve.jl:101
┌ Warning: Verbosity toggle: newton_convergence 
│  Newton iteration failed with stale Jacobian, retrying with fresh Jacobian
└ @ OrdinaryDiffEqNonlinearSolve ~/.julia/packages/OrdinaryDiffEqNonlinearSolve/doSPx/src/nlsolve.jl:144
┌ Warning: Verbosity toggle: newton_convergence 
│  Newton iteration failed with stale Jacobian, retrying with fresh Jacobian
└ @ OrdinaryDiffEqNonlinearSolve ~/.julia/packages/OrdinaryDiffEqNonlinearSolve/doSPx/src/nlsolve.jl:144
┌ Warning: Verbosity toggle: newton_convergence 
│  Newton iteration failed with stale Jacobian, retrying with fresh Jacobian
└ @ OrdinaryDiffEqNonlinearSolve ~/.julia/packages/OrdinaryDiffEqNonlinearSolve/doSPx/src/nlsolve.jl:144
┌ Warning: Verbosity toggle: newton_convergence 
│  Newton iteration diverging: θ = 2.537709578887096 > 2, ndz = 1.4127664404769122, ndzprev = 0.5567092673766382
└ @ OrdinaryDiffEqNonlinearSolve ~/.julia/packages/OrdinaryDiffEqNonlinearSolve/doSPx/src/nlsolve.jl:101
┌ Warning: Verbosity toggle: newton_convergence 
│  Newton iteration failed with stale Jacobian, retrying with fresh Jacobian
└ @ OrdinaryDiffEqNonlinearSolve ~/.julia/packages/OrdinaryDiffEqNonlinearSolve/doSPx/src/nlsolve.jl:144
┌ Warning: Verbosity toggle: newton_convergence 
│  Newton iteration failed with stale Jacobian, retrying with fresh Jacobian
└ @ OrdinaryDiffEqNonlinearSolve ~/.julia/packages/OrdinaryDiffEqNonlinearSolve/doSPx/src/nlsolve.jl:144
┌ Warning: Verbosity toggle: newton_convergence 
│  Newton iteration failed with stale Jacobian, retrying with fresh Jacobian
└ @ OrdinaryDiffEqNonlinearSolve ~/.julia/packages/OrdinaryDiffEqNonlinearSolve/doSPx/src/nlsolve.jl:144
┌ Warning: Verbosity toggle: newton_convergence 
│  Newton iteration failed with stale Jacobian, retrying with fresh Jacobian
└ @ OrdinaryDiffEqNonlinearSolve ~/.julia/packages/OrdinaryDiffEqNonlinearSolve/doSPx/src/nlsolve.jl:144
┌ Warning: Verbosity toggle: newton_convergence 
│  Newton iteration failed with stale Jacobian, retrying with fresh Jacobian
└ @ OrdinaryDiffEqNonlinearSolve ~/.julia/packages/OrdinaryDiffEqNonlinearSolve/doSPx/src/nlsolve.jl:144
┌ Warning: Verbosity toggle: newton_convergence 
│  Newton iteration diverging: θ = Dual{ForwardDiff.Tag{PEtab.var"#_get_hess_gaussnewton##0#_get_hess_gaussnewton##1"{PEtab.PEtabODEProblemInfo{ODESolver, ODESolver, PEtab.PEtabODEProblemCache{Vector{Float64}, PreallocationTools.DiffCache{Vector{Float64}, Vector{Float64}}, Vector{Float64}, Matrix{Float64}, Dict{Symbol, PreallocationTools.DiffCache}, Dict{Symbol, PreallocationTools.DiffCache}, Dict{Symbol, PreallocationTools.DiffCache}, Vector{Float64}}}, PEtab.ModelInfo}, Float64}}(2.291032148125984,0.0,0.0,0.0,0.0,0.0,0.0,0.0,0.0,0.0) > 2, ndz = 1.4323952175446715, ndzprev = 0.6252182967909641
└ @ OrdinaryDiffEqNonlinearSolve ~/.julia/packages/OrdinaryDiffEqNonlinearSolve/doSPx/src/nlsolve.jl:101
┌ Warning: Verbosity toggle: newton_convergence 
│  Newton iteration failed with stale Jacobian, retrying with fresh Jacobian
└ @ OrdinaryDiffEqNonlinearSolve ~/.julia/packages/OrdinaryDiffEqNonlinearSolve/doSPx/src/nlsolve.jl:144
┌ Warning: Verbosity toggle: newton_convergence 
│  Newton iteration diverging: θ = Dual{ForwardDiff.Tag{PEtab.var"#_get_hess_gaussnewton##0#_get_hess_gaussnewton##1"{PEtab.PEtabODEProblemInfo{ODESolver, ODESolver, PEtab.PEtabODEProblemCache{Vector{Float64}, PreallocationTools.DiffCache{Vector{Float64}, Vector{Float64}}, Vector{Float64}, Matrix{Float64}, Dict{Symbol, PreallocationTools.DiffCache}, Dict{Symbol, PreallocationTools.DiffCache}, Dict{Symbol, PreallocationTools.DiffCache}, Vector{Float64}}}, PEtab.ModelInfo}, Float64}}(2.249818043615356,0.0,0.0,0.0,0.0,0.0,0.0,0.0,0.0,0.0) > 2, ndz = 0.3104809099776922, ndzprev = 0.13800267575361932
└ @ OrdinaryDiffEqNonlinearSolve ~/.julia/packages/OrdinaryDiffEqNonlinearSolve/doSPx/src/nlsolve.jl:101
┌ Warning: Verbosity toggle: newton_convergence 
│  Newton iteration failed with stale Jacobian, retrying with fresh Jacobian
└ @ OrdinaryDiffEqNonlinearSolve ~/.julia/packages/OrdinaryDiffEqNonlinearSolve/doSPx/src/nlsolve.jl:144
┌ Warning: Verbosity toggle: newton_convergence 
│  Newton iteration failed with stale Jacobian, retrying with fresh Jacobian
└ @ OrdinaryDiffEqNonlinearSolve ~/.julia/packages/OrdinaryDiffEqNonlinearSolve/doSPx/src/nlsolve.jl:144
┌ Warning: Verbosity toggle: newton_convergence 
│  Newton iteration failed with stale Jacobian, retrying with fresh Jacobian
└ @ OrdinaryDiffEqNonlinearSolve ~/.julia/packages/OrdinaryDiffEqNonlinearSolve/doSPx/src/nlsolve.jl:144
┌ Warning: Verbosity toggle: newton_convergence 
│  Newton iteration diverging: θ = Dual{ForwardDiff.Tag{PEtab.var"#_get_hess_gaussnewton##0#_get_hess_gaussnewton##1"{PEtab.PEtabODEProblemInfo{ODESolver, ODESolver, PEtab.PEtabODEProblemCache{Vector{Float64}, PreallocationTools.DiffCache{Vector{Float64}, Vector{Float64}}, Vector{Float64}, Matrix{Float64}, Dict{Symbol, PreallocationTools.DiffCache}, Dict{Symbol, PreallocationTools.DiffCache}, Dict{Symbol, PreallocationTools.DiffCache}, Vector{Float64}}}, PEtab.ModelInfo}, Float64}}(2.291032148125984,0.0,0.0,0.0,0.0,0.0,0.0,0.0,0.0,0.0) > 2, ndz = 1.4323952175446715, ndzprev = 0.6252182967909641
└ @ OrdinaryDiffEqNonlinearSolve ~/.julia/packages/OrdinaryDiffEqNonlinearSolve/doSPx/src/nlsolve.jl:101
┌ Warning: Verbosity toggle: newton_convergence 
│  Newton iteration failed with stale Jacobian, retrying with fresh Jacobian
└ @ OrdinaryDiffEqNonlinearSolve ~/.julia/packages/OrdinaryDiffEqNonlinearSolve/doSPx/src/nlsolve.jl:144
┌ Warning: Verbosity toggle: newton_convergence 
│  Newton iteration diverging: θ = Dual{ForwardDiff.Tag{PEtab.var"#_get_hess_gaussnewton##0#_get_hess_gaussnewton##1"{PEtab.PEtabODEProblemInfo{ODESolver, ODESolver, PEtab.PEtabODEProblemCache{Vector{Float64}, PreallocationTools.DiffCache{Vector{Float64}, Vector{Float64}}, Vector{Float64}, Matrix{Float64}, Dict{Symbol, PreallocationTools.DiffCache}, Dict{Symbol, PreallocationTools.DiffCache}, Dict{Symbol, PreallocationTools.DiffCache}, Vector{Float64}}}, PEtab.ModelInfo}, Float64}}(2.249818043615356,0.0,0.0,0.0,0.0,0.0,0.0,0.0,0.0,0.0) > 2, ndz = 0.3104809099776922, ndzprev = 0.13800267575361932
└ @ OrdinaryDiffEqNonlinearSolve ~/.julia/packages/OrdinaryDiffEqNonlinearSolve/doSPx/src/nlsolve.jl:101
┌ Warning: Verbosity toggle: newton_convergence 
│  Newton iteration failed with stale Jacobian, retrying with fresh Jacobian
└ @ OrdinaryDiffEqNonlinearSolve ~/.julia/packages/OrdinaryDiffEqNonlinearSolve/doSPx/src/nlsolve.jl:144
┌ Warning: Verbosity toggle: newton_convergence 
│  Newton iteration failed with stale Jacobian, retrying with fresh Jacobian
└ @ OrdinaryDiffEqNonlinearSolve ~/.julia/packages/OrdinaryDiffEqNonlinearSolve/doSPx/src/nlsolve.jl:144
┌ Warning: Verbosity toggle: newton_convergence 
│  Newton iteration failed with stale Jacobian, retrying with fresh Jacobian
└ @ OrdinaryDiffEqNonlinearSolve ~/.julia/packages/OrdinaryDiffEqNonlinearSolve/doSPx/src/nlsolve.jl:144
┌ Warning: Verbosity toggle: newton_convergence 
│  Newton iteration failed with stale Jacobian, retrying with fresh Jacobian
└ @ OrdinaryDiffEqNonlinearSolve ~/.julia/packages/OrdinaryDiffEqNonlinearSolve/doSPx/src/nlsolve.jl:144
┌ Warning: Verbosity toggle: newton_convergence 
│  Newton iteration failed with stale Jacobian, retrying with fresh Jacobian
└ @ OrdinaryDiffEqNonlinearSolve ~/.julia/packages/OrdinaryDiffEqNonlinearSolve/doSPx/src/nlsolve.jl:144
┌ Warning: Verbosity toggle: newton_convergence 
│  Newton iteration failed with stale Jacobian, retrying with fresh Jacobian
└ @ OrdinaryDiffEqNonlinearSolve ~/.julia/packages/OrdinaryDiffEqNonlinearSolve/doSPx/src/nlsolve.jl:144
┌ Warning: Verbosity toggle: newton_convergence 
│  Newton iteration failed with stale Jacobian, retrying with fresh Jacobian
└ @ OrdinaryDiffEqNonlinearSolve ~/.julia/packages/OrdinaryDiffEqNonlinearSolve/doSPx/src/nlsolve.jl:144
┌ Warning: Verbosity toggle: newton_convergence 
│  Newton iteration failed with stale Jacobian, retrying with fresh Jacobian
└ @ OrdinaryDiffEqNonlinearSolve ~/.julia/packages/OrdinaryDiffEqNonlinearSolve/doSPx/src/nlsolve.jl:144
┌ Warning: Verbosity toggle: newton_convergence 
│  Newton iteration failed with stale Jacobian, retrying with fresh Jacobian
└ @ OrdinaryDiffEqNonlinearSolve ~/.julia/packages/OrdinaryDiffEqNonlinearSolve/doSPx/src/nlsolve.jl:144
┌ Warning: Verbosity toggle: newton_convergence 
│  Newton iteration diverging: θ = Dual{ForwardDiff.Tag{PEtab.var"#_get_hess_gaussnewton##0#_get_hess_gaussnewton##1"{PEtab.PEtabODEProblemInfo{ODESolver, ODESolver, PEtab.PEtabODEProblemCache{Vector{Float64}, PreallocationTools.DiffCache{Vector{Float64}, Vector{Float64}}, Vector{Float64}, Matrix{Float64}, Dict{Symbol, PreallocationTools.DiffCache}, Dict{Symbol, PreallocationTools.DiffCache}, Dict{Symbol, PreallocationTools.DiffCache}, Vector{Float64}}}, PEtab.ModelInfo}, Float64}}(2.1493247409192318,0.0,0.0,0.0,0.0,0.0,0.0,0.0,0.0,0.0) > 2, ndz = 1.492483455714687, ndzprev = 0.694396443357543
└ @ OrdinaryDiffEqNonlinearSolve ~/.julia/packages/OrdinaryDiffEqNonlinearSolve/doSPx/src/nlsolve.jl:101
┌ Warning: Verbosity toggle: newton_convergence 
│  Newton iteration failed with stale Jacobian, retrying with fresh Jacobian
└ @ OrdinaryDiffEqNonlinearSolve ~/.julia/packages/OrdinaryDiffEqNonlinearSolve/doSPx/src/nlsolve.jl:144
┌ Warning: Verbosity toggle: newton_convergence 
│  Newton iteration failed with stale Jacobian, retrying with fresh Jacobian
└ @ OrdinaryDiffEqNonlinearSolve ~/.julia/packages/OrdinaryDiffEqNonlinearSolve/doSPx/src/nlsolve.jl:144
┌ Warning: Verbosity toggle: newton_convergence 
│  Newton iteration diverging: θ = Dual{ForwardDiff.Tag{PEtab.var"#_get_hess_gaussnewton##0#_get_hess_gaussnewton##1"{PEtab.PEtabODEProblemInfo{ODESolver, ODESolver, PEtab.PEtabODEProblemCache{Vector{Float64}, PreallocationTools.DiffCache{Vector{Float64}, Vector{Float64}}, Vector{Float64}, Matrix{Float64}, Dict{Symbol, PreallocationTools.DiffCache}, Dict{Symbol, PreallocationTools.DiffCache}, Dict{Symbol, PreallocationTools.DiffCache}, Vector{Float64}}}, PEtab.ModelInfo}, Float64}}(3.7902169202977314,0.0,0.0,0.0,0.0,0.0,0.0,0.0,0.0,0.0) > 2, ndz = 0.818458672447132, ndzprev = 0.21593979702429272
└ @ OrdinaryDiffEqNonlinearSolve ~/.julia/packages/OrdinaryDiffEqNonlinearSolve/doSPx/src/nlsolve.jl:101
┌ Warning: Verbosity toggle: newton_convergence 
│  Newton iteration failed with stale Jacobian, retrying with fresh Jacobian
└ @ OrdinaryDiffEqNonlinearSolve ~/.julia/packages/OrdinaryDiffEqNonlinearSolve/doSPx/src/nlsolve.jl:144
┌ Warning: Verbosity toggle: newton_convergence 
│  Newton iteration diverging: θ = Dual{ForwardDiff.Tag{PEtab.var"#_get_hess_gaussnewton##0#_get_hess_gaussnewton##1"{PEtab.PEtabODEProblemInfo{ODESolver, ODESolver, PEtab.PEtabODEProblemCache{Vector{Float64}, PreallocationTools.DiffCache{Vector{Float64}, Vector{Float64}}, Vector{Float64}, Matrix{Float64}, Dict{Symbol, PreallocationTools.DiffCache}, Dict{Symbol, PreallocationTools.DiffCache}, Dict{Symbol, PreallocationTools.DiffCache}, Vector{Float64}}}, PEtab.ModelInfo}, Float64}}(3.8595501169704947,0.0,0.0,0.0,0.0,0.0,0.0,0.0,0.0,0.0) > 2, ndz = 0.2144243439623202, ndzprev = 0.055556823324950086
└ @ OrdinaryDiffEqNonlinearSolve ~/.julia/packages/OrdinaryDiffEqNonlinearSolve/doSPx/src/nlsolve.jl:101
┌ Warning: Verbosity toggle: newton_convergence 
│  Newton iteration failed with stale Jacobian, retrying with fresh Jacobian
└ @ OrdinaryDiffEqNonlinearSolve ~/.julia/packages/OrdinaryDiffEqNonlinearSolve/doSPx/src/nlsolve.jl:144
┌ Warning: Verbosity toggle: newton_convergence 
│  Newton iteration failed with stale Jacobian, retrying with fresh Jacobian
└ @ OrdinaryDiffEqNonlinearSolve ~/.julia/packages/OrdinaryDiffEqNonlinearSolve/doSPx/src/nlsolve.jl:144
┌ Warning: Verbosity toggle: newton_convergence 
│  Newton iteration failed with stale Jacobian, retrying with fresh Jacobian
└ @ OrdinaryDiffEqNonlinearSolve ~/.julia/packages/OrdinaryDiffEqNonlinearSolve/doSPx/src/nlsolve.jl:144
┌ Warning: Verbosity toggle: newton_convergence 
│  Newton iteration failed with stale Jacobian, retrying with fresh Jacobian
└ @ OrdinaryDiffEqNonlinearSolve ~/.julia/packages/OrdinaryDiffEqNonlinearSolve/doSPx/src/nlsolve.jl:144
┌ Warning: Verbosity toggle: newton_convergence 
│  Newton iteration diverging: θ = Dual{ForwardDiff.Tag{PEtab.var"#_get_hess_gaussnewton##0#_get_hess_gaussnewton##1"{PEtab.PEtabODEProblemInfo{ODESolver, ODESolver, PEtab.PEtabODEProblemCache{Vector{Float64}, PreallocationTools.DiffCache{Vector{Float64}, Vector{Float64}}, Vector{Float64}, Matrix{Float64}, Dict{Symbol, PreallocationTools.DiffCache}, Dict{Symbol, PreallocationTools.DiffCache}, Dict{Symbol, PreallocationTools.DiffCache}, Vector{Float64}}}, PEtab.ModelInfo}, Float64}}(2.1493247409192318,0.0,0.0,0.0,0.0,0.0,0.0,0.0,0.0,0.0) > 2, ndz = 1.492483455714687, ndzprev = 0.694396443357543
└ @ OrdinaryDiffEqNonlinearSolve ~/.julia/packages/OrdinaryDiffEqNonlinearSolve/doSPx/src/nlsolve.jl:101
┌ Warning: Verbosity toggle: newton_convergence 
│  Newton iteration failed with stale Jacobian, retrying with fresh Jacobian
└ @ OrdinaryDiffEqNonlinearSolve ~/.julia/packages/OrdinaryDiffEqNonlinearSolve/doSPx/src/nlsolve.jl:144
┌ Warning: Verbosity toggle: newton_convergence 
│  Newton iteration failed with stale Jacobian, retrying with fresh Jacobian
└ @ OrdinaryDiffEqNonlinearSolve ~/.julia/packages/OrdinaryDiffEqNonlinearSolve/doSPx/src/nlsolve.jl:144
┌ Warning: Verbosity toggle: newton_convergence 
│  Newton iteration diverging: θ = Dual{ForwardDiff.Tag{PEtab.var"#_get_hess_gaussnewton##0#_get_hess_gaussnewton##1"{PEtab.PEtabODEProblemInfo{ODESolver, ODESolver, PEtab.PEtabODEProblemCache{Vector{Float64}, PreallocationTools.DiffCache{Vector{Float64}, Vector{Float64}}, Vector{Float64}, Matrix{Float64}, Dict{Symbol, PreallocationTools.DiffCache}, Dict{Symbol, PreallocationTools.DiffCache}, Dict{Symbol, PreallocationTools.DiffCache}, Vector{Float64}}}, PEtab.ModelInfo}, Float64}}(3.3294194505819625,0.0,0.0,0.0,0.0,0.0,0.0,0.0,0.0,0.0) > 2, ndz = 0.5286839836571123, ndzprev = 0.1587916426585126
└ @ OrdinaryDiffEqNonlinearSolve ~/.julia/packages/OrdinaryDiffEqNonlinearSolve/doSPx/src/nlsolve.jl:101
┌ Warning: Verbosity toggle: newton_convergence 
│  Newton iteration failed with stale Jacobian, retrying with fresh Jacobian
└ @ OrdinaryDiffEqNonlinearSolve ~/.julia/packages/OrdinaryDiffEqNonlinearSolve/doSPx/src/nlsolve.jl:144
┌ Warning: Verbosity toggle: newton_convergence 
│  Newton iteration diverging: θ = Dual{ForwardDiff.Tag{PEtab.var"#_get_hess_gaussnewton##0#_get_hess_gaussnewton##1"{PEtab.PEtabODEProblemInfo{ODESolver, ODESolver, PEtab.PEtabODEProblemCache{Vector{Float64}, PreallocationTools.DiffCache{Vector{Float64}, Vector{Float64}}, Vector{Float64}, Matrix{Float64}, Dict{Symbol, PreallocationTools.DiffCache}, Dict{Symbol, PreallocationTools.DiffCache}, Dict{Symbol, PreallocationTools.DiffCache}, Vector{Float64}}}, PEtab.ModelInfo}, Float64}}(3.7902169202977314,0.0,0.0,0.0,0.0,0.0,0.0,0.0,0.0,0.0) > 2, ndz = 0.818458672447132, ndzprev = 0.21593979702429272
└ @ OrdinaryDiffEqNonlinearSolve ~/.julia/packages/OrdinaryDiffEqNonlinearSolve/doSPx/src/nlsolve.jl:101
┌ Warning: Verbosity toggle: newton_convergence 
│  Newton iteration failed with stale Jacobian, retrying with fresh Jacobian
└ @ OrdinaryDiffEqNonlinearSolve ~/.julia/packages/OrdinaryDiffEqNonlinearSolve/doSPx/src/nlsolve.jl:144
┌ Warning: Verbosity toggle: newton_convergence 
│  Newton iteration diverging: θ = Dual{ForwardDiff.Tag{PEtab.var"#_get_hess_gaussnewton##0#_get_hess_gaussnewton##1"{PEtab.PEtabODEProblemInfo{ODESolver, ODESolver, PEtab.PEtabODEProblemCache{Vector{Float64}, PreallocationTools.DiffCache{Vector{Float64}, Vector{Float64}}, Vector{Float64}, Matrix{Float64}, Dict{Symbol, PreallocationTools.DiffCache}, Dict{Symbol, PreallocationTools.DiffCache}, Dict{Symbol, PreallocationTools.DiffCache}, Vector{Float64}}}, PEtab.ModelInfo}, Float64}}(3.7902169202977314,0.0,0.0,0.0,0.0,0.0,0.0,0.0,0.0,0.0) > 2, ndz = 0.818458672447132, ndzprev = 0.21593979702429272
└ @ OrdinaryDiffEqNonlinearSolve ~/.julia/packages/OrdinaryDiffEqNonlinearSolve/doSPx/src/nlsolve.jl:101
┌ Warning: Verbosity toggle: newton_convergence 
│  Newton iteration failed with stale Jacobian, retrying with fresh Jacobian
└ @ OrdinaryDiffEqNonlinearSolve ~/.julia/packages/OrdinaryDiffEqNonlinearSolve/doSPx/src/nlsolve.jl:144
┌ Warning: Verbosity toggle: newton_convergence 
│  Newton iteration diverging: θ = Dual{ForwardDiff.Tag{PEtab.var"#_get_hess_gaussnewton##0#_get_hess_gaussnewton##1"{PEtab.PEtabODEProblemInfo{ODESolver, ODESolver, PEtab.PEtabODEProblemCache{Vector{Float64}, PreallocationTools.DiffCache{Vector{Float64}, Vector{Float64}}, Vector{Float64}, Matrix{Float64}, Dict{Symbol, PreallocationTools.DiffCache}, Dict{Symbol, PreallocationTools.DiffCache}, Dict{Symbol, PreallocationTools.DiffCache}, Vector{Float64}}}, PEtab.ModelInfo}, Float64}}(3.8595501169704947,0.0,0.0,0.0,0.0,0.0,0.0,0.0,0.0,0.0) > 2, ndz = 0.2144243439623202, ndzprev = 0.055556823324950086
└ @ OrdinaryDiffEqNonlinearSolve ~/.julia/packages/OrdinaryDiffEqNonlinearSolve/doSPx/src/nlsolve.jl:101
┌ Warning: Verbosity toggle: newton_convergence 
│  Newton iteration failed with stale Jacobian, retrying with fresh Jacobian
└ @ OrdinaryDiffEqNonlinearSolve ~/.julia/packages/OrdinaryDiffEqNonlinearSolve/doSPx/src/nlsolve.jl:144
┌ Warning: Verbosity toggle: newton_convergence 
│  Newton iteration failed with stale Jacobian, retrying with fresh Jacobian
└ @ OrdinaryDiffEqNonlinearSolve ~/.julia/packages/OrdinaryDiffEqNonlinearSolve/doSPx/src/nlsolve.jl:144
┌ Warning: Verbosity toggle: newton_convergence 
│  Newton iteration failed with stale Jacobian, retrying with fresh Jacobian
└ @ OrdinaryDiffEqNonlinearSolve ~/.julia/packages/OrdinaryDiffEqNonlinearSolve/doSPx/src/nlsolve.jl:144
┌ Warning: Verbosity toggle: newton_convergence 
│  Newton iteration diverging: θ = Dual{ForwardDiff.Tag{PEtab.var"#_get_hess_gaussnewton##0#_get_hess_gaussnewton##1"{PEtab.PEtabODEProblemInfo{ODESolver, ODESolver, PEtab.PEtabODEProblemCache{Vector{Float64}, PreallocationTools.DiffCache{Vector{Float64}, Vector{Float64}}, Vector{Float64}, Matrix{Float64}, Dict{Symbol, PreallocationTools.DiffCache}, Dict{Symbol, PreallocationTools.DiffCache}, Dict{Symbol, PreallocationTools.DiffCache}, Vector{Float64}}}, PEtab.ModelInfo}, Float64}}(3.7902169202977314,0.0,0.0,0.0,0.0,0.0,0.0,0.0,0.0,0.0) > 2, ndz = 0.818458672447132, ndzprev = 0.21593979702429272
└ @ OrdinaryDiffEqNonlinearSolve ~/.julia/packages/OrdinaryDiffEqNonlinearSolve/doSPx/src/nlsolve.jl:101
┌ Warning: Verbosity toggle: newton_convergence 
│  Newton iteration failed with stale Jacobian, retrying with fresh Jacobian
└ @ OrdinaryDiffEqNonlinearSolve ~/.julia/packages/OrdinaryDiffEqNonlinearSolve/doSPx/src/nlsolve.jl:144
┌ Warning: Verbosity toggle: newton_convergence 
│  Newton iteration failed with stale Jacobian, retrying with fresh Jacobian
└ @ OrdinaryDiffEqNonlinearSolve ~/.julia/packages/OrdinaryDiffEqNonlinearSolve/doSPx/src/nlsolve.jl:144
┌ Warning: Verbosity toggle: newton_convergence 
│  Newton iteration failed with stale Jacobian, retrying with fresh Jacobian
└ @ OrdinaryDiffEqNonlinearSolve ~/.julia/packages/OrdinaryDiffEqNonlinearSolve/doSPx/src/nlsolve.jl:144
┌ Warning: Verbosity toggle: newton_convergence 
│  Newton iteration failed with stale Jacobian, retrying with fresh Jacobian
└ @ OrdinaryDiffEqNonlinearSolve ~/.julia/packages/OrdinaryDiffEqNonlinearSolve/doSPx/src/nlsolve.jl:144
┌ Warning: Verbosity toggle: newton_convergence 
│  Newton iteration failed with stale Jacobian, retrying with fresh Jacobian
└ @ OrdinaryDiffEqNonlinearSolve ~/.julia/packages/OrdinaryDiffEqNonlinearSolve/doSPx/src/nlsolve.jl:144
┌ Warning: Verbosity toggle: newton_convergence 
│  Newton iteration diverging: θ = Dual{ForwardDiff.Tag{PEtab.var"#_get_hess_gaussnewton##0#_get_hess_gaussnewton##1"{PEtab.PEtabODEProblemInfo{ODESolver, ODESolver, PEtab.PEtabODEProblemCache{Vector{Float64}, PreallocationTools.DiffCache{Vector{Float64}, Vector{Float64}}, Vector{Float64}, Matrix{Float64}, Dict{Symbol, PreallocationTools.DiffCache}, Dict{Symbol, PreallocationTools.DiffCache}, Dict{Symbol, PreallocationTools.DiffCache}, Vector{Float64}}}, PEtab.ModelInfo}, Float64}}(2.579558353856751,0.0,0.0,0.0,0.0,0.0,0.0,0.0,0.0,0.0) > 2, ndz = 1.8781525672923725, ndzprev = 0.7280907464195596
└ @ OrdinaryDiffEqNonlinearSolve ~/.julia/packages/OrdinaryDiffEqNonlinearSolve/doSPx/src/nlsolve.jl:101
┌ Warning: Verbosity toggle: newton_convergence 
│  Newton iteration failed with stale Jacobian, retrying with fresh Jacobian
└ @ OrdinaryDiffEqNonlinearSolve ~/.julia/packages/OrdinaryDiffEqNonlinearSolve/doSPx/src/nlsolve.jl:144
┌ Warning: Verbosity toggle: newton_convergence 
│  Newton iteration diverging: θ = Dual{ForwardDiff.Tag{PEtab.var"#_get_hess_gaussnewton##0#_get_hess_gaussnewton##1"{PEtab.PEtabODEProblemInfo{ODESolver, ODESolver, PEtab.PEtabODEProblemCache{Vector{Float64}, PreallocationTools.DiffCache{Vector{Float64}, Vector{Float64}}, Vector{Float64}, Matrix{Float64}, Dict{Symbol, PreallocationTools.DiffCache}, Dict{Symbol, PreallocationTools.DiffCache}, Dict{Symbol, PreallocationTools.DiffCache}, Vector{Float64}}}, PEtab.ModelInfo}, Float64}}(2.3019103958628646,0.0,0.0,0.0,0.0,0.0,0.0,0.0,0.0,0.0) > 2, ndz = 0.5767353398801863, ndzprev = 0.25054639004052054
└ @ OrdinaryDiffEqNonlinearSolve ~/.julia/packages/OrdinaryDiffEqNonlinearSolve/doSPx/src/nlsolve.jl:101
┌ Warning: Verbosity toggle: newton_convergence 
│  Newton iteration failed with stale Jacobian, retrying with fresh Jacobian
└ @ OrdinaryDiffEqNonlinearSolve ~/.julia/packages/OrdinaryDiffEqNonlinearSolve/doSPx/src/nlsolve.jl:144
┌ Warning: Verbosity toggle: newton_convergence 
│  Newton iteration diverging: θ = Dual{ForwardDiff.Tag{PEtab.var"#_get_hess_gaussnewton##0#_get_hess_gaussnewton##1"{PEtab.PEtabODEProblemInfo{ODESolver, ODESolver, PEtab.PEtabODEProblemCache{Vector{Float64}, PreallocationTools.DiffCache{Vector{Float64}, Vector{Float64}}, Vector{Float64}, Matrix{Float64}, Dict{Symbol, PreallocationTools.DiffCache}, Dict{Symbol, PreallocationTools.DiffCache}, Dict{Symbol, PreallocationTools.DiffCache}, Vector{Float64}}}, PEtab.ModelInfo}, Float64}}(2.490787401872817,0.0,0.0,0.0,0.0,0.0,0.0,0.0,0.0,0.0) > 2, ndz = 0.28407411815440503, ndzprev = 0.1140499257145794
└ @ OrdinaryDiffEqNonlinearSolve ~/.julia/packages/OrdinaryDiffEqNonlinearSolve/doSPx/src/nlsolve.jl:101
┌ Warning: Verbosity toggle: newton_convergence 
│  Newton iteration failed with stale Jacobian, retrying with fresh Jacobian
└ @ OrdinaryDiffEqNonlinearSolve ~/.julia/packages/OrdinaryDiffEqNonlinearSolve/doSPx/src/nlsolve.jl:144
┌ Warning: Verbosity toggle: newton_convergence 
│  Newton iteration failed with stale Jacobian, retrying with fresh Jacobian
└ @ OrdinaryDiffEqNonlinearSolve ~/.julia/packages/OrdinaryDiffEqNonlinearSolve/doSPx/src/nlsolve.jl:144
┌ Warning: Verbosity toggle: newton_convergence 
│  Newton iteration failed with stale Jacobian, retrying with fresh Jacobian
└ @ OrdinaryDiffEqNonlinearSolve ~/.julia/packages/OrdinaryDiffEqNonlinearSolve/doSPx/src/nlsolve.jl:144
┌ Warning: Verbosity toggle: newton_convergence 
│  Newton iteration failed with stale Jacobian, retrying with fresh Jacobian
└ @ OrdinaryDiffEqNonlinearSolve ~/.julia/packages/OrdinaryDiffEqNonlinearSolve/doSPx/src/nlsolve.jl:144
┌ Warning: Verbosity toggle: newton_convergence 
│  Newton iteration failed with stale Jacobian, retrying with fresh Jacobian
└ @ OrdinaryDiffEqNonlinearSolve ~/.julia/packages/OrdinaryDiffEqNonlinearSolve/doSPx/src/nlsolve.jl:144
┌ Warning: Verbosity toggle: newton_convergence 
│  Newton iteration diverging: θ = Dual{ForwardDiff.Tag{PEtab.var"#_get_hess_gaussnewton##0#_get_hess_gaussnewton##1"{PEtab.PEtabODEProblemInfo{ODESolver, ODESolver, PEtab.PEtabODEProblemCache{Vector{Float64}, PreallocationTools.DiffCache{Vector{Float64}, Vector{Float64}}, Vector{Float64}, Matrix{Float64}, Dict{Symbol, PreallocationTools.DiffCache}, Dict{Symbol, PreallocationTools.DiffCache}, Dict{Symbol, PreallocationTools.DiffCache}, Vector{Float64}}}, PEtab.ModelInfo}, Float64}}(2.579558353856751,0.0,0.0,0.0,0.0,0.0,0.0,0.0,0.0,0.0) > 2, ndz = 1.8781525672923725, ndzprev = 0.7280907464195596
└ @ OrdinaryDiffEqNonlinearSolve ~/.julia/packages/OrdinaryDiffEqNonlinearSolve/doSPx/src/nlsolve.jl:101
┌ Warning: Verbosity toggle: newton_convergence 
│  Newton iteration failed with stale Jacobian, retrying with fresh Jacobian
└ @ OrdinaryDiffEqNonlinearSolve ~/.julia/packages/OrdinaryDiffEqNonlinearSolve/doSPx/src/nlsolve.jl:144
┌ Warning: Verbosity toggle: newton_convergence 
│  Newton iteration diverging: θ = Dual{ForwardDiff.Tag{PEtab.var"#_get_hess_gaussnewton##0#_get_hess_gaussnewton##1"{PEtab.PEtabODEProblemInfo{ODESolver, ODESolver, PEtab.PEtabODEProblemCache{Vector{Float64}, PreallocationTools.DiffCache{Vector{Float64}, Vector{Float64}}, Vector{Float64}, Matrix{Float64}, Dict{Symbol, PreallocationTools.DiffCache}, Dict{Symbol, PreallocationTools.DiffCache}, Dict{Symbol, PreallocationTools.DiffCache}, Vector{Float64}}}, PEtab.ModelInfo}, Float64}}(2.3019103958628646,0.0,0.0,0.0,0.0,0.0,0.0,0.0,0.0,0.0) > 2, ndz = 0.5767353398801863, ndzprev = 0.25054639004052054
└ @ OrdinaryDiffEqNonlinearSolve ~/.julia/packages/OrdinaryDiffEqNonlinearSolve/doSPx/src/nlsolve.jl:101
┌ Warning: Verbosity toggle: newton_convergence 
│  Newton iteration failed with stale Jacobian, retrying with fresh Jacobian
└ @ OrdinaryDiffEqNonlinearSolve ~/.julia/packages/OrdinaryDiffEqNonlinearSolve/doSPx/src/nlsolve.jl:144
┌ Warning: Verbosity toggle: newton_convergence 
│  Newton iteration diverging: θ = Dual{ForwardDiff.Tag{PEtab.var"#_get_hess_gaussnewton##0#_get_hess_gaussnewton##1"{PEtab.PEtabODEProblemInfo{ODESolver, ODESolver, PEtab.PEtabODEProblemCache{Vector{Float64}, PreallocationTools.DiffCache{Vector{Float64}, Vector{Float64}}, Vector{Float64}, Matrix{Float64}, Dict{Symbol, PreallocationTools.DiffCache}, Dict{Symbol, PreallocationTools.DiffCache}, Dict{Symbol, PreallocationTools.DiffCache}, Vector{Float64}}}, PEtab.ModelInfo}, Float64}}(2.490787401872817,0.0,0.0,0.0,0.0,0.0,0.0,0.0,0.0,0.0) > 2, ndz = 0.28407411815440503, ndzprev = 0.1140499257145794
└ @ OrdinaryDiffEqNonlinearSolve ~/.julia/packages/OrdinaryDiffEqNonlinearSolve/doSPx/src/nlsolve.jl:101
┌ Warning: Verbosity toggle: newton_convergence 
│  Newton iteration failed with stale Jacobian, retrying with fresh Jacobian
└ @ OrdinaryDiffEqNonlinearSolve ~/.julia/packages/OrdinaryDiffEqNonlinearSolve/doSPx/src/nlsolve.jl:144
┌ Warning: Verbosity toggle: newton_convergence 
│  Newton iteration failed with stale Jacobian, retrying with fresh Jacobian
└ @ OrdinaryDiffEqNonlinearSolve ~/.julia/packages/OrdinaryDiffEqNonlinearSolve/doSPx/src/nlsolve.jl:144
┌ Warning: Verbosity toggle: newton_convergence 
│  Newton iteration failed with stale Jacobian, retrying with fresh Jacobian
└ @ OrdinaryDiffEqNonlinearSolve ~/.julia/packages/OrdinaryDiffEqNonlinearSolve/doSPx/src/nlsolve.jl:144
┌ Warning: Verbosity toggle: newton_convergence 
│  Newton iteration failed with stale Jacobian, retrying with fresh Jacobian
└ @ OrdinaryDiffEqNonlinearSolve ~/.julia/packages/OrdinaryDiffEqNonlinearSolve/doSPx/src/nlsolve.jl:144
┌ Warning: Verbosity toggle: newton_convergence 
│  Newton iteration failed with stale Jacobian, retrying with fresh Jacobian
└ @ OrdinaryDiffEqNonlinearSolve ~/.julia/packages/OrdinaryDiffEqNonlinearSolve/doSPx/src/nlsolve.jl:144
┌ Warning: Verbosity toggle: newton_convergence 
│  Newton iteration failed with stale Jacobian, retrying with fresh Jacobian
└ @ OrdinaryDiffEqNonlinearSolve ~/.julia/packages/OrdinaryDiffEqNonlinearSolve/doSPx/src/nlsolve.jl:144
┌ Warning: Verbosity toggle: newton_convergence 
│  Newton iteration diverging: θ = Dual{ForwardDiff.Tag{PEtab.var"#302#303"{Bool, PEtab.PEtabODEProblemInfo{ODESolver, ODESolver, PEtab.PEtabODEProblemCache{Vector{Float64}, PreallocationTools.DiffCache{Vector{Float64}, Vector{Float64}}, Vector{Float64}, Matrix{Float64}, Dict{Symbol, PreallocationTools.DiffCache}, Dict{Symbol, PreallocationTools.DiffCache}, Dict{Symbol, PreallocationTools.DiffCache}, Vector{Float64}}}, PEtab.PEtabODEProblemInfo{ODESolver, ODESolver, PEtab.PEtabODEProblemCache{Vector{Float64}, PreallocationTools.DiffCache{Vector{Float64}, Vector{Float64}}, Vector{Float64}, Matrix{Float64}, Dict{Symbol, PreallocationTools.DiffCache}, Dict{Symbol, PreallocationTools.DiffCache}, Dict{Symbol, PreallocationTools.DiffCache}, Vector{Float64}}}, Vector{Float64}, Vector{Float64}, Vector{Float64}, PEtab.ModelInfo}, Float64}}(2.096704637865821,0.0,0.0,0.0,0.0,0.0,0.0,0.0,0.0,0.0) > 2, ndz = 1.42808878132414, ndzprev = 0.6811110900092028
└ @ OrdinaryDiffEqNonlinearSolve ~/.julia/packages/OrdinaryDiffEqNonlinearSolve/doSPx/src/nlsolve.jl:101
┌ Warning: Verbosity toggle: newton_convergence 
│  Newton iteration failed with stale Jacobian, retrying with fresh Jacobian
└ @ OrdinaryDiffEqNonlinearSolve ~/.julia/packages/OrdinaryDiffEqNonlinearSolve/doSPx/src/nlsolve.jl:144
┌ Warning: Verbosity toggle: newton_convergence 
│  Newton iteration diverging: θ = Dual{ForwardDiff.Tag{PEtab.var"#302#303"{Bool, PEtab.PEtabODEProblemInfo{ODESolver, ODESolver, PEtab.PEtabODEProblemCache{Vector{Float64}, PreallocationTools.DiffCache{Vector{Float64}, Vector{Float64}}, Vector{Float64}, Matrix{Float64}, Dict{Symbol, PreallocationTools.DiffCache}, Dict{Symbol, PreallocationTools.DiffCache}, Dict{Symbol, PreallocationTools.DiffCache}, Vector{Float64}}}, PEtab.PEtabODEProblemInfo{ODESolver, ODESolver, PEtab.PEtabODEProblemCache{Vector{Float64}, PreallocationTools.DiffCache{Vector{Float64}, Vector{Float64}}, Vector{Float64}, Matrix{Float64}, Dict{Symbol, PreallocationTools.DiffCache}, Dict{Symbol, PreallocationTools.DiffCache}, Dict{Symbol, PreallocationTools.DiffCache}, Vector{Float64}}}, Vector{Float64}, Vector{Float64}, Vector{Float64}, PEtab.ModelInfo}, Float64}}(2.22578369634838,0.0,0.0,0.0,0.0,0.0,0.0,0.0,0.0,0.0) > 2, ndz = 0.3686543244334954, ndzprev = 0.16562899846840892
└ @ OrdinaryDiffEqNonlinearSolve ~/.julia/packages/OrdinaryDiffEqNonlinearSolve/doSPx/src/nlsolve.jl:101
┌ Warning: Verbosity toggle: newton_convergence 
│  Newton iteration failed with stale Jacobian, retrying with fresh Jacobian
└ @ OrdinaryDiffEqNonlinearSolve ~/.julia/packages/OrdinaryDiffEqNonlinearSolve/doSPx/src/nlsolve.jl:144
┌ Warning: Verbosity toggle: newton_convergence 
│  Newton iteration failed with stale Jacobian, retrying with fresh Jacobian
└ @ OrdinaryDiffEqNonlinearSolve ~/.julia/packages/OrdinaryDiffEqNonlinearSolve/doSPx/src/nlsolve.jl:144
┌ Warning: Verbosity toggle: newton_convergence 
│  Newton iteration failed with stale Jacobian, retrying with fresh Jacobian
└ @ OrdinaryDiffEqNonlinearSolve ~/.julia/packages/OrdinaryDiffEqNonlinearSolve/doSPx/src/nlsolve.jl:144
┌ Warning: Verbosity toggle: newton_convergence 
│  Newton iteration diverging: θ = Dual{ForwardDiff.Tag{PEtab.var"#302#303"{Bool, PEtab.PEtabODEProblemInfo{ODESolver, ODESolver, PEtab.PEtabODEProblemCache{Vector{Float64}, PreallocationTools.DiffCache{Vector{Float64}, Vector{Float64}}, Vector{Float64}, Matrix{Float64}, Dict{Symbol, PreallocationTools.DiffCache}, Dict{Symbol, PreallocationTools.DiffCache}, Dict{Symbol, PreallocationTools.DiffCache}, Vector{Float64}}}, PEtab.PEtabODEProblemInfo{ODESolver, ODESolver, PEtab.PEtabODEProblemCache{Vector{Float64}, PreallocationTools.DiffCache{Vector{Float64}, Vector{Float64}}, Vector{Float64}, Matrix{Float64}, Dict{Symbol, PreallocationTools.DiffCache}, Dict{Symbol, PreallocationTools.DiffCache}, Dict{Symbol, PreallocationTools.DiffCache}, Vector{Float64}}}, Vector{Float64}, Vector{Float64}, Vector{Float64}, PEtab.ModelInfo}, Float64}}(2.096704637865821,0.0,0.0,0.0,0.0,0.0,0.0,0.0,0.0,0.0) > 2, ndz = 1.42808878132414, ndzprev = 0.6811110900092028
└ @ OrdinaryDiffEqNonlinearSolve ~/.julia/packages/OrdinaryDiffEqNonlinearSolve/doSPx/src/nlsolve.jl:101
┌ Warning: Verbosity toggle: newton_convergence 
│  Newton iteration failed with stale Jacobian, retrying with fresh Jacobian
└ @ OrdinaryDiffEqNonlinearSolve ~/.julia/packages/OrdinaryDiffEqNonlinearSolve/doSPx/src/nlsolve.jl:144
┌ Warning: Verbosity toggle: newton_convergence 
│  Newton iteration diverging: θ = Dual{ForwardDiff.Tag{PEtab.var"#302#303"{Bool, PEtab.PEtabODEProblemInfo{ODESolver, ODESolver, PEtab.PEtabODEProblemCache{Vector{Float64}, PreallocationTools.DiffCache{Vector{Float64}, Vector{Float64}}, Vector{Float64}, Matrix{Float64}, Dict{Symbol, PreallocationTools.DiffCache}, Dict{Symbol, PreallocationTools.DiffCache}, Dict{Symbol, PreallocationTools.DiffCache}, Vector{Float64}}}, PEtab.PEtabODEProblemInfo{ODESolver, ODESolver, PEtab.PEtabODEProblemCache{Vector{Float64}, PreallocationTools.DiffCache{Vector{Float64}, Vector{Float64}}, Vector{Float64}, Matrix{Float64}, Dict{Symbol, PreallocationTools.DiffCache}, Dict{Symbol, PreallocationTools.DiffCache}, Dict{Symbol, PreallocationTools.DiffCache}, Vector{Float64}}}, Vector{Float64}, Vector{Float64}, Vector{Float64}, PEtab.ModelInfo}, Float64}}(2.22578369634838,0.0,0.0,0.0,0.0,0.0,0.0,0.0,0.0,0.0) > 2, ndz = 0.3686543244334954, ndzprev = 0.16562899846840892
└ @ OrdinaryDiffEqNonlinearSolve ~/.julia/packages/OrdinaryDiffEqNonlinearSolve/doSPx/src/nlsolve.jl:101
┌ Warning: Verbosity toggle: newton_convergence 
│  Newton iteration failed with stale Jacobian, retrying with fresh Jacobian
└ @ OrdinaryDiffEqNonlinearSolve ~/.julia/packages/OrdinaryDiffEqNonlinearSolve/doSPx/src/nlsolve.jl:144
┌ Warning: Verbosity toggle: newton_convergence 
│  Newton iteration failed with stale Jacobian, retrying with fresh Jacobian
└ @ OrdinaryDiffEqNonlinearSolve ~/.julia/packages/OrdinaryDiffEqNonlinearSolve/doSPx/src/nlsolve.jl:144
┌ Warning: Verbosity toggle: newton_convergence 
│  Newton iteration failed with stale Jacobian, retrying with fresh Jacobian
└ @ OrdinaryDiffEqNonlinearSolve ~/.julia/packages/OrdinaryDiffEqNonlinearSolve/doSPx/src/nlsolve.jl:144
┌ Warning: Verbosity toggle: newton_convergence 
│  Newton iteration failed with stale Jacobian, retrying with fresh Jacobian
└ @ OrdinaryDiffEqNonlinearSolve ~/.julia/packages/OrdinaryDiffEqNonlinearSolve/doSPx/src/nlsolve.jl:144
┌ Warning: Verbosity toggle: newton_convergence 
│  Newton iteration failed with stale Jacobian, retrying with fresh Jacobian
└ @ OrdinaryDiffEqNonlinearSolve ~/.julia/packages/OrdinaryDiffEqNonlinearSolve/doSPx/src/nlsolve.jl:144
┌ Warning: Verbosity toggle: newton_convergence 
│  Newton iteration failed with stale Jacobian, retrying with fresh Jacobian
└ @ OrdinaryDiffEqNonlinearSolve ~/.julia/packages/OrdinaryDiffEqNonlinearSolve/doSPx/src/nlsolve.jl:144
┌ Warning: Verbosity toggle: newton_convergence 
│  Newton iteration failed with stale Jacobian, retrying with fresh Jacobian
└ @ OrdinaryDiffEqNonlinearSolve ~/.julia/packages/OrdinaryDiffEqNonlinearSolve/doSPx/src/nlsolve.jl:144
┌ Warning: Verbosity toggle: newton_convergence 
│  Newton iteration failed with stale Jacobian, retrying with fresh Jacobian
└ @ OrdinaryDiffEqNonlinearSolve ~/.julia/packages/OrdinaryDiffEqNonlinearSolve/doSPx/src/nlsolve.jl:144
┌ Warning: Verbosity toggle: newton_convergence 
│  Newton iteration failed with stale Jacobian, retrying with fresh Jacobian
└ @ OrdinaryDiffEqNonlinearSolve ~/.julia/packages/OrdinaryDiffEqNonlinearSolve/doSPx/src/nlsolve.jl:144
┌ Warning: Verbosity toggle: newton_convergence 
│  Newton iteration diverging: θ = Dual{ForwardDiff.Tag{PEtab.var"#302#303"{Bool, PEtab.PEtabODEProblemInfo{ODESolver, ODESolver, PEtab.PEtabODEProblemCache{Vector{Float64}, PreallocationTools.DiffCache{Vector{Float64}, Vector{Float64}}, Vector{Float64}, Matrix{Float64}, Dict{Symbol, PreallocationTools.DiffCache}, Dict{Symbol, PreallocationTools.DiffCache}, Dict{Symbol, PreallocationTools.DiffCache}, Vector{Float64}}}, PEtab.PEtabODEProblemInfo{ODESolver, ODESolver, PEtab.PEtabODEProblemCache{Vector{Float64}, PreallocationTools.DiffCache{Vector{Float64}, Vector{Float64}}, Vector{Float64}, Matrix{Float64}, Dict{Symbol, PreallocationTools.DiffCache}, Dict{Symbol, PreallocationTools.DiffCache}, Dict{Symbol, PreallocationTools.DiffCache}, Vector{Float64}}}, Vector{Float64}, Vector{Float64}, Vector{Float64}, PEtab.ModelInfo}, Float64}}(2.2969171564330635,0.0,0.0,0.0,0.0,0.0,0.0,0.0,0.0,0.0) > 2, ndz = 0.6139916878204953, ndzprev = 0.2673112028010524
└ @ OrdinaryDiffEqNonlinearSolve ~/.julia/packages/OrdinaryDiffEqNonlinearSolve/doSPx/src/nlsolve.jl:101
┌ Warning: Verbosity toggle: newton_convergence 
│  Newton iteration failed with stale Jacobian, retrying with fresh Jacobian
└ @ OrdinaryDiffEqNonlinearSolve ~/.julia/packages/OrdinaryDiffEqNonlinearSolve/doSPx/src/nlsolve.jl:144
┌ Warning: Verbosity toggle: newton_convergence 
│  Newton iteration diverging: θ = Dual{ForwardDiff.Tag{PEtab.var"#302#303"{Bool, PEtab.PEtabODEProblemInfo{ODESolver, ODESolver, PEtab.PEtabODEProblemCache{Vector{Float64}, PreallocationTools.DiffCache{Vector{Float64}, Vector{Float64}}, Vector{Float64}, Matrix{Float64}, Dict{Symbol, PreallocationTools.DiffCache}, Dict{Symbol, PreallocationTools.DiffCache}, Dict{Symbol, PreallocationTools.DiffCache}, Vector{Float64}}}, PEtab.PEtabODEProblemInfo{ODESolver, ODESolver, PEtab.PEtabODEProblemCache{Vector{Float64}, PreallocationTools.DiffCache{Vector{Float64}, Vector{Float64}}, Vector{Float64}, Matrix{Float64}, Dict{Symbol, PreallocationTools.DiffCache}, Dict{Symbol, PreallocationTools.DiffCache}, Dict{Symbol, PreallocationTools.DiffCache}, Vector{Float64}}}, Vector{Float64}, Vector{Float64}, Vector{Float64}, PEtab.ModelInfo}, Float64}}(2.670503539244151,0.0,0.0,0.0,0.0,0.0,0.0,0.0,0.0,0.0) > 2, ndz = 0.39398294075707213, ndzprev = 0.14753133069001043
└ @ OrdinaryDiffEqNonlinearSolve ~/.julia/packages/OrdinaryDiffEqNonlinearSolve/doSPx/src/nlsolve.jl:101
┌ Warning: Verbosity toggle: newton_convergence 
│  Newton iteration failed with stale Jacobian, retrying with fresh Jacobian
└ @ OrdinaryDiffEqNonlinearSolve ~/.julia/packages/OrdinaryDiffEqNonlinearSolve/doSPx/src/nlsolve.jl:144
┌ Warning: Verbosity toggle: newton_convergence 
│  Newton iteration failed with stale Jacobian, retrying with fresh Jacobian
└ @ OrdinaryDiffEqNonlinearSolve ~/.julia/packages/OrdinaryDiffEqNonlinearSolve/doSPx/src/nlsolve.jl:144
┌ Warning: Verbosity toggle: newton_convergence 
│  Newton iteration failed with stale Jacobian, retrying with fresh Jacobian
└ @ OrdinaryDiffEqNonlinearSolve ~/.julia/packages/OrdinaryDiffEqNonlinearSolve/doSPx/src/nlsolve.jl:144
┌ Warning: Verbosity toggle: newton_convergence 
│  Newton iteration failed with stale Jacobian, retrying with fresh Jacobian
└ @ OrdinaryDiffEqNonlinearSolve ~/.julia/packages/OrdinaryDiffEqNonlinearSolve/doSPx/src/nlsolve.jl:144
┌ Warning: Verbosity toggle: newton_convergence 
│  Newton iteration diverging: θ = Dual{ForwardDiff.Tag{PEtab.var"#302#303"{Bool, PEtab.PEtabODEProblemInfo{ODESolver, ODESolver, PEtab.PEtabODEProblemCache{Vector{Float64}, PreallocationTools.DiffCache{Vector{Float64}, Vector{Float64}}, Vector{Float64}, Matrix{Float64}, Dict{Symbol, PreallocationTools.DiffCache}, Dict{Symbol, PreallocationTools.DiffCache}, Dict{Symbol, PreallocationTools.DiffCache}, Vector{Float64}}}, PEtab.PEtabODEProblemInfo{ODESolver, ODESolver, PEtab.PEtabODEProblemCache{Vector{Float64}, PreallocationTools.DiffCache{Vector{Float64}, Vector{Float64}}, Vector{Float64}, Matrix{Float64}, Dict{Symbol, PreallocationTools.DiffCache}, Dict{Symbol, PreallocationTools.DiffCache}, Dict{Symbol, PreallocationTools.DiffCache}, Vector{Float64}}}, Vector{Float64}, Vector{Float64}, Vector{Float64}, PEtab.ModelInfo}, Float64}}(2.2969171564330635,0.0,0.0,0.0,0.0,0.0,0.0,0.0,0.0,0.0) > 2, ndz = 0.6139916878204953, ndzprev = 0.2673112028010524
└ @ OrdinaryDiffEqNonlinearSolve ~/.julia/packages/OrdinaryDiffEqNonlinearSolve/doSPx/src/nlsolve.jl:101
┌ Warning: Verbosity toggle: newton_convergence 
│  Newton iteration failed with stale Jacobian, retrying with fresh Jacobian
└ @ OrdinaryDiffEqNonlinearSolve ~/.julia/packages/OrdinaryDiffEqNonlinearSolve/doSPx/src/nlsolve.jl:144
┌ Warning: Verbosity toggle: newton_convergence 
│  Newton iteration diverging: θ = Dual{ForwardDiff.Tag{PEtab.var"#302#303"{Bool, PEtab.PEtabODEProblemInfo{ODESolver, ODESolver, PEtab.PEtabODEProblemCache{Vector{Float64}, PreallocationTools.DiffCache{Vector{Float64}, Vector{Float64}}, Vector{Float64}, Matrix{Float64}, Dict{Symbol, PreallocationTools.DiffCache}, Dict{Symbol, PreallocationTools.DiffCache}, Dict{Symbol, PreallocationTools.DiffCache}, Vector{Float64}}}, PEtab.PEtabODEProblemInfo{ODESolver, ODESolver, PEtab.PEtabODEProblemCache{Vector{Float64}, PreallocationTools.DiffCache{Vector{Float64}, Vector{Float64}}, Vector{Float64}, Matrix{Float64}, Dict{Symbol, PreallocationTools.DiffCache}, Dict{Symbol, PreallocationTools.DiffCache}, Dict{Symbol, PreallocationTools.DiffCache}, Vector{Float64}}}, Vector{Float64}, Vector{Float64}, Vector{Float64}, PEtab.ModelInfo}, Float64}}(2.670503539244151,0.0,0.0,0.0,0.0,0.0,0.0,0.0,0.0,0.0) > 2, ndz = 0.39398294075707213, ndzprev = 0.14753133069001043
└ @ OrdinaryDiffEqNonlinearSolve ~/.julia/packages/OrdinaryDiffEqNonlinearSolve/doSPx/src/nlsolve.jl:101
┌ Warning: Verbosity toggle: newton_convergence 
│  Newton iteration failed with stale Jacobian, retrying with fresh Jacobian
└ @ OrdinaryDiffEqNonlinearSolve ~/.julia/packages/OrdinaryDiffEqNonlinearSolve/doSPx/src/nlsolve.jl:144
┌ Warning: Verbosity toggle: newton_convergence 
│  Newton iteration failed with stale Jacobian, retrying with fresh Jacobian
└ @ OrdinaryDiffEqNonlinearSolve ~/.julia/packages/OrdinaryDiffEqNonlinearSolve/doSPx/src/nlsolve.jl:144
┌ Warning: Verbosity toggle: newton_convergence 
│  Newton iteration failed with stale Jacobian, retrying with fresh Jacobian
└ @ OrdinaryDiffEqNonlinearSolve ~/.julia/packages/OrdinaryDiffEqNonlinearSolve/doSPx/src/nlsolve.jl:144
┌ Warning: Verbosity toggle: newton_convergence 
│  Newton iteration failed with stale Jacobian, retrying with fresh Jacobian
└ @ OrdinaryDiffEqNonlinearSolve ~/.julia/packages/OrdinaryDiffEqNonlinearSolve/doSPx/src/nlsolve.jl:144
┌ Warning: Verbosity toggle: newton_convergence 
│  Newton iteration failed with stale Jacobian, retrying with fresh Jacobian
└ @ OrdinaryDiffEqNonlinearSolve ~/.julia/packages/OrdinaryDiffEqNonlinearSolve/doSPx/src/nlsolve.jl:144
┌ Warning: Verbosity toggle: newton_convergence 
│  Newton iteration failed with stale Jacobian, retrying with fresh Jacobian
└ @ OrdinaryDiffEqNonlinearSolve ~/.julia/packages/OrdinaryDiffEqNonlinearSolve/doSPx/src/nlsolve.jl:144
┌ Warning: Verbosity toggle: newton_convergence 
│  Newton iteration diverging: θ = Dual{ForwardDiff.Tag{PEtab.var"#302#303"{Bool, PEtab.PEtabODEProblemInfo{ODESolver, ODESolver, PEtab.PEtabODEProblemCache{Vector{Float64}, PreallocationTools.DiffCache{Vector{Float64}, Vector{Float64}}, Vector{Float64}, Matrix{Float64}, Dict{Symbol, PreallocationTools.DiffCache}, Dict{Symbol, PreallocationTools.DiffCache}, Dict{Symbol, PreallocationTools.DiffCache}, Vector{Float64}}}, PEtab.PEtabODEProblemInfo{ODESolver, ODESolver, PEtab.PEtabODEProblemCache{Vector{Float64}, PreallocationTools.DiffCache{Vector{Float64}, Vector{Float64}}, Vector{Float64}, Matrix{Float64}, Dict{Symbol, PreallocationTools.DiffCache}, Dict{Symbol, PreallocationTools.DiffCache}, Dict{Symbol, PreallocationTools.DiffCache}, Vector{Float64}}}, Vector{Float64}, Vector{Float64}, Vector{Float64}, PEtab.ModelInfo}, Float64}}(2.0477750676891273,0.0,0.0,0.0,0.0,0.0,0.0,0.0,0.0,0.0) > 2, ndz = 0.982393834692524, ndzprev = 0.47973717924065534
└ @ OrdinaryDiffEqNonlinearSolve ~/.julia/packages/OrdinaryDiffEqNonlinearSolve/doSPx/src/nlsolve.jl:101
┌ Warning: Verbosity toggle: newton_convergence 
│  Newton iteration failed with stale Jacobian, retrying with fresh Jacobian
└ @ OrdinaryDiffEqNonlinearSolve ~/.julia/packages/OrdinaryDiffEqNonlinearSolve/doSPx/src/nlsolve.jl:144
┌ Warning: Verbosity toggle: newton_convergence 
│  Newton iteration failed with stale Jacobian, retrying with fresh Jacobian
└ @ OrdinaryDiffEqNonlinearSolve ~/.julia/packages/OrdinaryDiffEqNonlinearSolve/doSPx/src/nlsolve.jl:144
┌ Warning: Verbosity toggle: newton_convergence 
│  Newton iteration failed with stale Jacobian, retrying with fresh Jacobian
└ @ OrdinaryDiffEqNonlinearSolve ~/.julia/packages/OrdinaryDiffEqNonlinearSolve/doSPx/src/nlsolve.jl:144
┌ Warning: Verbosity toggle: newton_convergence 
│  Newton iteration failed with stale Jacobian, retrying with fresh Jacobian
└ @ OrdinaryDiffEqNonlinearSolve ~/.julia/packages/OrdinaryDiffEqNonlinearSolve/doSPx/src/nlsolve.jl:144
┌ Warning: Verbosity toggle: newton_convergence 
│  Newton iteration failed with stale Jacobian, retrying with fresh Jacobian
└ @ OrdinaryDiffEqNonlinearSolve ~/.julia/packages/OrdinaryDiffEqNonlinearSolve/doSPx/src/nlsolve.jl:144
┌ Warning: Verbosity toggle: newton_convergence 
│  Newton iteration diverging: θ = Dual{ForwardDiff.Tag{PEtab.var"#302#303"{Bool, PEtab.PEtabODEProblemInfo{ODESolver, ODESolver, PEtab.PEtabODEProblemCache{Vector{Float64}, PreallocationTools.DiffCache{Vector{Float64}, Vector{Float64}}, Vector{Float64}, Matrix{Float64}, Dict{Symbol, PreallocationTools.DiffCache}, Dict{Symbol, PreallocationTools.DiffCache}, Dict{Symbol, PreallocationTools.DiffCache}, Vector{Float64}}}, PEtab.PEtabODEProblemInfo{ODESolver, ODESolver, PEtab.PEtabODEProblemCache{Vector{Float64}, PreallocationTools.DiffCache{Vector{Float64}, Vector{Float64}}, Vector{Float64}, Matrix{Float64}, Dict{Symbol, PreallocationTools.DiffCache}, Dict{Symbol, PreallocationTools.DiffCache}, Dict{Symbol, PreallocationTools.DiffCache}, Vector{Float64}}}, Vector{Float64}, Vector{Float64}, Vector{Float64}, PEtab.ModelInfo}, Float64}}(2.0477750676891273,0.0,0.0,0.0,0.0,0.0,0.0,0.0,0.0,0.0) > 2, ndz = 0.982393834692524, ndzprev = 0.47973717924065534
└ @ OrdinaryDiffEqNonlinearSolve ~/.julia/packages/OrdinaryDiffEqNonlinearSolve/doSPx/src/nlsolve.jl:101
┌ Warning: Verbosity toggle: newton_convergence 
│  Newton iteration failed with stale Jacobian, retrying with fresh Jacobian
└ @ OrdinaryDiffEqNonlinearSolve ~/.julia/packages/OrdinaryDiffEqNonlinearSolve/doSPx/src/nlsolve.jl:144
┌ Warning: Verbosity toggle: newton_convergence 
│  Newton iteration failed with stale Jacobian, retrying with fresh Jacobian
└ @ OrdinaryDiffEqNonlinearSolve ~/.julia/packages/OrdinaryDiffEqNonlinearSolve/doSPx/src/nlsolve.jl:144
┌ Warning: Verbosity toggle: newton_convergence 
│  Newton iteration failed with stale Jacobian, retrying with fresh Jacobian
└ @ OrdinaryDiffEqNonlinearSolve ~/.julia/packages/OrdinaryDiffEqNonlinearSolve/doSPx/src/nlsolve.jl:144
┌ Warning: Verbosity toggle: newton_convergence 
│  Newton iteration failed with stale Jacobian, retrying with fresh Jacobian
└ @ OrdinaryDiffEqNonlinearSolve ~/.julia/packages/OrdinaryDiffEqNonlinearSolve/doSPx/src/nlsolve.jl:144
┌ Warning: Verbosity toggle: newton_convergence 
│  Newton iteration failed with stale Jacobian, retrying with fresh Jacobian
└ @ OrdinaryDiffEqNonlinearSolve ~/.julia/packages/OrdinaryDiffEqNonlinearSolve/doSPx/src/nlsolve.jl:144
┌ Warning: Verbosity toggle: newton_convergence 
│  Newton iteration failed with stale Jacobian, retrying with fresh Jacobian
└ @ OrdinaryDiffEqNonlinearSolve ~/.julia/packages/OrdinaryDiffEqNonlinearSolve/doSPx/src/nlsolve.jl:144
┌ Warning: Verbosity toggle: newton_convergence 
│  Newton iteration diverging: θ = 2.5377103266653576 > 2, ndz = 1.4127670852168568, ndzprev = 0.5567093573967062
└ @ OrdinaryDiffEqNonlinearSolve ~/.julia/packages/OrdinaryDiffEqNonlinearSolve/doSPx/src/nlsolve.jl:101
┌ Warning: Verbosity toggle: newton_convergence 
│  Newton iteration failed with stale Jacobian, retrying with fresh Jacobian
└ @ OrdinaryDiffEqNonlinearSolve ~/.julia/packages/OrdinaryDiffEqNonlinearSolve/doSPx/src/nlsolve.jl:144
┌ Warning: Verbosity toggle: newton_convergence 
│  Newton iteration failed with stale Jacobian, retrying with fresh Jacobian
└ @ OrdinaryDiffEqNonlinearSolve ~/.julia/packages/OrdinaryDiffEqNonlinearSolve/doSPx/src/nlsolve.jl:144
┌ Warning: Verbosity toggle: newton_convergence 
│  Newton iteration failed with stale Jacobian, retrying with fresh Jacobian
└ @ OrdinaryDiffEqNonlinearSolve ~/.julia/packages/OrdinaryDiffEqNonlinearSolve/doSPx/src/nlsolve.jl:144
┌ Warning: Verbosity toggle: newton_convergence 
│  Newton iteration diverging: θ = 2.5377103266653576 > 2, ndz = 1.4127670852168568, ndzprev = 0.5567093573967062
└ @ OrdinaryDiffEqNonlinearSolve ~/.julia/packages/OrdinaryDiffEqNonlinearSolve/doSPx/src/nlsolve.jl:101
┌ Warning: Verbosity toggle: newton_convergence 
│  Newton iteration failed with stale Jacobian, retrying with fresh Jacobian
└ @ OrdinaryDiffEqNonlinearSolve ~/.julia/packages/OrdinaryDiffEqNonlinearSolve/doSPx/src/nlsolve.jl:144
┌ Warning: Verbosity toggle: newton_convergence 
│  Newton iteration failed with stale Jacobian, retrying with fresh Jacobian
└ @ OrdinaryDiffEqNonlinearSolve ~/.julia/packages/OrdinaryDiffEqNonlinearSolve/doSPx/src/nlsolve.jl:144
┌ Warning: Verbosity toggle: newton_convergence 
│  Newton iteration failed with stale Jacobian, retrying with fresh Jacobian
└ @ OrdinaryDiffEqNonlinearSolve ~/.julia/packages/OrdinaryDiffEqNonlinearSolve/doSPx/src/nlsolve.jl:144
┌ Warning: Verbosity toggle: newton_convergence 
│  Newton iteration failed with stale Jacobian, retrying with fresh Jacobian
└ @ OrdinaryDiffEqNonlinearSolve ~/.julia/packages/OrdinaryDiffEqNonlinearSolve/doSPx/src/nlsolve.jl:144
┌ Warning: Verbosity toggle: newton_convergence 
│  Newton iteration failed with stale Jacobian, retrying with fresh Jacobian
└ @ OrdinaryDiffEqNonlinearSolve ~/.julia/packages/OrdinaryDiffEqNonlinearSolve/doSPx/src/nlsolve.jl:144
┌ Warning: Verbosity toggle: newton_convergence 
│  Newton iteration failed with stale Jacobian, retrying with fresh Jacobian
└ @ OrdinaryDiffEqNonlinearSolve ~/.julia/packages/OrdinaryDiffEqNonlinearSolve/doSPx/src/nlsolve.jl:144
┌ Warning: Verbosity toggle: newton_convergence 
│  Newton iteration diverging: θ = Dual{ForwardDiff.Tag{PEtab.var"#302#303"{Bool, PEtab.PEtabODEProblemInfo{ODESolver, ODESolver, PEtab.PEtabODEProblemCache{Vector{Float64}, PreallocationTools.DiffCache{Vector{Float64}, Vector{Float64}}, Vector{Float64}, Matrix{Float64}, Dict{Symbol, PreallocationTools.DiffCache}, Dict{Symbol, PreallocationTools.DiffCache}, Dict{Symbol, PreallocationTools.DiffCache}, Vector{Float64}}}, PEtab.PEtabODEProblemInfo{ODESolver, ODESolver, PEtab.PEtabODEProblemCache{Vector{Float64}, PreallocationTools.DiffCache{Vector{Float64}, Vector{Float64}}, Vector{Float64}, Matrix{Float64}, Dict{Symbol, PreallocationTools.DiffCache}, Dict{Symbol, PreallocationTools.DiffCache}, Dict{Symbol, PreallocationTools.DiffCache}, Vector{Float64}}}, Vector{Float64}, Vector{Float64}, Vector{Float64}, PEtab.ModelInfo}, Float64}}(2.0967047581387264,0.0,0.0,0.0,0.0,0.0,0.0,0.0,0.0,0.0) > 2, ndz = 1.42808861216693, ndzprev = 0.6811109702610987
└ @ OrdinaryDiffEqNonlinearSolve ~/.julia/packages/OrdinaryDiffEqNonlinearSolve/doSPx/src/nlsolve.jl:101
┌ Warning: Verbosity toggle: newton_convergence 
│  Newton iteration failed with stale Jacobian, retrying with fresh Jacobian
└ @ OrdinaryDiffEqNonlinearSolve ~/.julia/packages/OrdinaryDiffEqNonlinearSolve/doSPx/src/nlsolve.jl:144
┌ Warning: Verbosity toggle: newton_convergence 
│  Newton iteration diverging: θ = Dual{ForwardDiff.Tag{PEtab.var"#302#303"{Bool, PEtab.PEtabODEProblemInfo{ODESolver, ODESolver, PEtab.PEtabODEProblemCache{Vector{Float64}, PreallocationTools.DiffCache{Vector{Float64}, Vector{Float64}}, Vector{Float64}, Matrix{Float64}, Dict{Symbol, PreallocationTools.DiffCache}, Dict{Symbol, PreallocationTools.DiffCache}, Dict{Symbol, PreallocationTools.DiffCache}, Vector{Float64}}}, PEtab.PEtabODEProblemInfo{ODESolver, ODESolver, PEtab.PEtabODEProblemCache{Vector{Float64}, PreallocationTools.DiffCache{Vector{Float64}, Vector{Float64}}, Vector{Float64}, Matrix{Float64}, Dict{Symbol, PreallocationTools.DiffCache}, Dict{Symbol, PreallocationTools.DiffCache}, Dict{Symbol, PreallocationTools.DiffCache}, Vector{Float64}}}, Vector{Float64}, Vector{Float64}, Vector{Float64}, PEtab.ModelInfo}, Float64}}(2.2257874599756295,0.0,0.0,0.0,0.0,0.0,0.0,0.0,0.0,0.0) > 2, ndz = 0.3686546878939718, ndzprev = 0.1656288816983488
└ @ OrdinaryDiffEqNonlinearSolve ~/.julia/packages/OrdinaryDiffEqNonlinearSolve/doSPx/src/nlsolve.jl:101
┌ Warning: Verbosity toggle: newton_convergence 
│  Newton iteration failed with stale Jacobian, retrying with fresh Jacobian
└ @ OrdinaryDiffEqNonlinearSolve ~/.julia/packages/OrdinaryDiffEqNonlinearSolve/doSPx/src/nlsolve.jl:144
┌ Warning: Verbosity toggle: newton_convergence 
│  Newton iteration failed with stale Jacobian, retrying with fresh Jacobian
└ @ OrdinaryDiffEqNonlinearSolve ~/.julia/packages/OrdinaryDiffEqNonlinearSolve/doSPx/src/nlsolve.jl:144
┌ Warning: Verbosity toggle: newton_convergence 
│  Newton iteration failed with stale Jacobian, retrying with fresh Jacobian
└ @ OrdinaryDiffEqNonlinearSolve ~/.julia/packages/OrdinaryDiffEqNonlinearSolve/doSPx/src/nlsolve.jl:144
┌ Warning: Verbosity toggle: newton_convergence 
│  Newton iteration diverging: θ = Dual{ForwardDiff.Tag{PEtab.var"#302#303"{Bool, PEtab.PEtabODEProblemInfo{ODESolver, ODESolver, PEtab.PEtabODEProblemCache{Vector{Float64}, PreallocationTools.DiffCache{Vector{Float64}, Vector{Float64}}, Vector{Float64}, Matrix{Float64}, Dict{Symbol, PreallocationTools.DiffCache}, Dict{Symbol, PreallocationTools.DiffCache}, Dict{Symbol, PreallocationTools.DiffCache}, Vector{Float64}}}, PEtab.PEtabODEProblemInfo{ODESolver, ODESolver, PEtab.PEtabODEProblemCache{Vector{Float64}, PreallocationTools.DiffCache{Vector{Float64}, Vector{Float64}}, Vector{Float64}, Matrix{Float64}, Dict{Symbol, PreallocationTools.DiffCache}, Dict{Symbol, PreallocationTools.DiffCache}, Dict{Symbol, PreallocationTools.DiffCache}, Vector{Float64}}}, Vector{Float64}, Vector{Float64}, Vector{Float64}, PEtab.ModelInfo}, Float64}}(2.0967047581387264,0.0,0.0,0.0,0.0,0.0,0.0,0.0,0.0,0.0) > 2, ndz = 1.42808861216693, ndzprev = 0.6811109702610987
└ @ OrdinaryDiffEqNonlinearSolve ~/.julia/packages/OrdinaryDiffEqNonlinearSolve/doSPx/src/nlsolve.jl:101
┌ Warning: Verbosity toggle: newton_convergence 
│  Newton iteration failed with stale Jacobian, retrying with fresh Jacobian
└ @ OrdinaryDiffEqNonlinearSolve ~/.julia/packages/OrdinaryDiffEqNonlinearSolve/doSPx/src/nlsolve.jl:144
┌ Warning: Verbosity toggle: newton_convergence 
│  Newton iteration diverging: θ = Dual{ForwardDiff.Tag{PEtab.var"#302#303"{Bool, PEtab.PEtabODEProblemInfo{ODESolver, ODESolver, PEtab.PEtabODEProblemCache{Vector{Float64}, PreallocationTools.DiffCache{Vector{Float64}, Vector{Float64}}, Vector{Float64}, Matrix{Float64}, Dict{Symbol, PreallocationTools.DiffCache}, Dict{Symbol, PreallocationTools.DiffCache}, Dict{Symbol, PreallocationTools.DiffCache}, Vector{Float64}}}, PEtab.PEtabODEProblemInfo{ODESolver, ODESolver, PEtab.PEtabODEProblemCache{Vector{Float64}, PreallocationTools.DiffCache{Vector{Float64}, Vector{Float64}}, Vector{Float64}, Matrix{Float64}, Dict{Symbol, PreallocationTools.DiffCache}, Dict{Symbol, PreallocationTools.DiffCache}, Dict{Symbol, PreallocationTools.DiffCache}, Vector{Float64}}}, Vector{Float64}, Vector{Float64}, Vector{Float64}, PEtab.ModelInfo}, Float64}}(2.2257874599756295,0.0,0.0,0.0,0.0,0.0,0.0,0.0,0.0,0.0) > 2, ndz = 0.3686546878939718, ndzprev = 0.1656288816983488
└ @ OrdinaryDiffEqNonlinearSolve ~/.julia/packages/OrdinaryDiffEqNonlinearSolve/doSPx/src/nlsolve.jl:101
┌ Warning: Verbosity toggle: newton_convergence 
│  Newton iteration failed with stale Jacobian, retrying with fresh Jacobian
└ @ OrdinaryDiffEqNonlinearSolve ~/.julia/packages/OrdinaryDiffEqNonlinearSolve/doSPx/src/nlsolve.jl:144
┌ Warning: Verbosity toggle: newton_convergence 
│  Newton iteration failed with stale Jacobian, retrying with fresh Jacobian
└ @ OrdinaryDiffEqNonlinearSolve ~/.julia/packages/OrdinaryDiffEqNonlinearSolve/doSPx/src/nlsolve.jl:144
┌ Warning: Verbosity toggle: newton_convergence 
│  Newton iteration failed with stale Jacobian, retrying with fresh Jacobian
└ @ OrdinaryDiffEqNonlinearSolve ~/.julia/packages/OrdinaryDiffEqNonlinearSolve/doSPx/src/nlsolve.jl:144
┌ Warning: Verbosity toggle: newton_convergence 
│  Newton iteration failed with stale Jacobian, retrying with fresh Jacobian
└ @ OrdinaryDiffEqNonlinearSolve ~/.julia/packages/OrdinaryDiffEqNonlinearSolve/doSPx/src/nlsolve.jl:144
┌ Warning: Verbosity toggle: newton_convergence 
│  Newton iteration failed with stale Jacobian, retrying with fresh Jacobian
└ @ OrdinaryDiffEqNonlinearSolve ~/.julia/packages/OrdinaryDiffEqNonlinearSolve/doSPx/src/nlsolve.jl:144
┌ Warning: Verbosity toggle: newton_convergence 
│  Newton iteration failed with stale Jacobian, retrying with fresh Jacobian
└ @ OrdinaryDiffEqNonlinearSolve ~/.julia/packages/OrdinaryDiffEqNonlinearSolve/doSPx/src/nlsolve.jl:144
┌ Warning: Verbosity toggle: newton_convergence 
│  Newton iteration failed with stale Jacobian, retrying with fresh Jacobian
└ @ OrdinaryDiffEqNonlinearSolve ~/.julia/packages/OrdinaryDiffEqNonlinearSolve/doSPx/src/nlsolve.jl:144
┌ Warning: Verbosity toggle: newton_convergence 
│  Newton iteration failed with stale Jacobian, retrying with fresh Jacobian
└ @ OrdinaryDiffEqNonlinearSolve ~/.julia/packages/OrdinaryDiffEqNonlinearSolve/doSPx/src/nlsolve.jl:144
┌ Warning: Verbosity toggle: newton_convergence 
│  Newton iteration failed with stale Jacobian, retrying with fresh Jacobian
└ @ OrdinaryDiffEqNonlinearSolve ~/.julia/packages/OrdinaryDiffEqNonlinearSolve/doSPx/src/nlsolve.jl:144
┌ Warning: Verbosity toggle: newton_convergence 
│  Newton iteration diverging: θ = Dual{ForwardDiff.Tag{PEtab.var"#302#303"{Bool, PEtab.PEtabODEProblemInfo{ODESolver, ODESolver, PEtab.PEtabODEProblemCache{Vector{Float64}, PreallocationTools.DiffCache{Vector{Float64}, Vector{Float64}}, Vector{Float64}, Matrix{Float64}, Dict{Symbol, PreallocationTools.DiffCache}, Dict{Symbol, PreallocationTools.DiffCache}, Dict{Symbol, PreallocationTools.DiffCache}, Vector{Float64}}}, PEtab.PEtabODEProblemInfo{ODESolver, ODESolver, PEtab.PEtabODEProblemCache{Vector{Float64}, PreallocationTools.DiffCache{Vector{Float64}, Vector{Float64}}, Vector{Float64}, Matrix{Float64}, Dict{Symbol, PreallocationTools.DiffCache}, Dict{Symbol, PreallocationTools.DiffCache}, Dict{Symbol, PreallocationTools.DiffCache}, Vector{Float64}}}, Vector{Float64}, Vector{Float64}, Vector{Float64}, PEtab.ModelInfo}, Float64}}(2.296916384904321,0.0,0.0,0.0,0.0,0.0,0.0,0.0,0.0,0.0) > 2, ndz = 0.6139913532226807, ndzprev = 0.26731114691763447
└ @ OrdinaryDiffEqNonlinearSolve ~/.julia/packages/OrdinaryDiffEqNonlinearSolve/doSPx/src/nlsolve.jl:101
┌ Warning: Verbosity toggle: newton_convergence 
│  Newton iteration failed with stale Jacobian, retrying with fresh Jacobian
└ @ OrdinaryDiffEqNonlinearSolve ~/.julia/packages/OrdinaryDiffEqNonlinearSolve/doSPx/src/nlsolve.jl:144
┌ Warning: Verbosity toggle: newton_convergence 
│  Newton iteration diverging: θ = Dual{ForwardDiff.Tag{PEtab.var"#302#303"{Bool, PEtab.PEtabODEProblemInfo{ODESolver, ODESolver, PEtab.PEtabODEProblemCache{Vector{Float64}, PreallocationTools.DiffCache{Vector{Float64}, Vector{Float64}}, Vector{Float64}, Matrix{Float64}, Dict{Symbol, PreallocationTools.DiffCache}, Dict{Symbol, PreallocationTools.DiffCache}, Dict{Symbol, PreallocationTools.DiffCache}, Vector{Float64}}}, PEtab.PEtabODEProblemInfo{ODESolver, ODESolver, PEtab.PEtabODEProblemCache{Vector{Float64}, PreallocationTools.DiffCache{Vector{Float64}, Vector{Float64}}, Vector{Float64}, Matrix{Float64}, Dict{Symbol, PreallocationTools.DiffCache}, Dict{Symbol, PreallocationTools.DiffCache}, Dict{Symbol, PreallocationTools.DiffCache}, Vector{Float64}}}, Vector{Float64}, Vector{Float64}, Vector{Float64}, PEtab.ModelInfo}, Float64}}(2.6705046365611316,0.0,0.0,0.0,0.0,0.0,0.0,0.0,0.0,0.0) > 2, ndz = 0.393982954563449, ndzprev = 0.1475312752389712
└ @ OrdinaryDiffEqNonlinearSolve ~/.julia/packages/OrdinaryDiffEqNonlinearSolve/doSPx/src/nlsolve.jl:101
┌ Warning: Verbosity toggle: newton_convergence 
│  Newton iteration failed with stale Jacobian, retrying with fresh Jacobian
└ @ OrdinaryDiffEqNonlinearSolve ~/.julia/packages/OrdinaryDiffEqNonlinearSolve/doSPx/src/nlsolve.jl:144
┌ Warning: Verbosity toggle: newton_convergence 
│  Newton iteration failed with stale Jacobian, retrying with fresh Jacobian
└ @ OrdinaryDiffEqNonlinearSolve ~/.julia/packages/OrdinaryDiffEqNonlinearSolve/doSPx/src/nlsolve.jl:144
┌ Warning: Verbosity toggle: newton_convergence 
│  Newton iteration failed with stale Jacobian, retrying with fresh Jacobian
└ @ OrdinaryDiffEqNonlinearSolve ~/.julia/packages/OrdinaryDiffEqNonlinearSolve/doSPx/src/nlsolve.jl:144
┌ Warning: Verbosity toggle: newton_convergence 
│  Newton iteration failed with stale Jacobian, retrying with fresh Jacobian
└ @ OrdinaryDiffEqNonlinearSolve ~/.julia/packages/OrdinaryDiffEqNonlinearSolve/doSPx/src/nlsolve.jl:144
┌ Warning: Verbosity toggle: newton_convergence 
│  Newton iteration diverging: θ = Dual{ForwardDiff.Tag{PEtab.var"#302#303"{Bool, PEtab.PEtabODEProblemInfo{ODESolver, ODESolver, PEtab.PEtabODEProblemCache{Vector{Float64}, PreallocationTools.DiffCache{Vector{Float64}, Vector{Float64}}, Vector{Float64}, Matrix{Float64}, Dict{Symbol, PreallocationTools.DiffCache}, Dict{Symbol, PreallocationTools.DiffCache}, Dict{Symbol, PreallocationTools.DiffCache}, Vector{Float64}}}, PEtab.PEtabODEProblemInfo{ODESolver, ODESolver, PEtab.PEtabODEProblemCache{Vector{Float64}, PreallocationTools.DiffCache{Vector{Float64}, Vector{Float64}}, Vector{Float64}, Matrix{Float64}, Dict{Symbol, PreallocationTools.DiffCache}, Dict{Symbol, PreallocationTools.DiffCache}, Dict{Symbol, PreallocationTools.DiffCache}, Vector{Float64}}}, Vector{Float64}, Vector{Float64}, Vector{Float64}, PEtab.ModelInfo}, Float64}}(2.296916384904321,0.0,0.0,0.0,0.0,0.0,0.0,0.0,0.0,0.0) > 2, ndz = 0.6139913532226807, ndzprev = 0.26731114691763447
└ @ OrdinaryDiffEqNonlinearSolve ~/.julia/packages/OrdinaryDiffEqNonlinearSolve/doSPx/src/nlsolve.jl:101
┌ Warning: Verbosity toggle: newton_convergence 
│  Newton iteration failed with stale Jacobian, retrying with fresh Jacobian
└ @ OrdinaryDiffEqNonlinearSolve ~/.julia/packages/OrdinaryDiffEqNonlinearSolve/doSPx/src/nlsolve.jl:144
┌ Warning: Verbosity toggle: newton_convergence 
│  Newton iteration diverging: θ = Dual{ForwardDiff.Tag{PEtab.var"#302#303"{Bool, PEtab.PEtabODEProblemInfo{ODESolver, ODESolver, PEtab.PEtabODEProblemCache{Vector{Float64}, PreallocationTools.DiffCache{Vector{Float64}, Vector{Float64}}, Vector{Float64}, Matrix{Float64}, Dict{Symbol, PreallocationTools.DiffCache}, Dict{Symbol, PreallocationTools.DiffCache}, Dict{Symbol, PreallocationTools.DiffCache}, Vector{Float64}}}, PEtab.PEtabODEProblemInfo{ODESolver, ODESolver, PEtab.PEtabODEProblemCache{Vector{Float64}, PreallocationTools.DiffCache{Vector{Float64}, Vector{Float64}}, Vector{Float64}, Matrix{Float64}, Dict{Symbol, PreallocationTools.DiffCache}, Dict{Symbol, PreallocationTools.DiffCache}, Dict{Symbol, PreallocationTools.DiffCache}, Vector{Float64}}}, Vector{Float64}, Vector{Float64}, Vector{Float64}, PEtab.ModelInfo}, Float64}}(2.6705046365611316,0.0,0.0,0.0,0.0,0.0,0.0,0.0,0.0,0.0) > 2, ndz = 0.393982954563449, ndzprev = 0.1475312752389712
└ @ OrdinaryDiffEqNonlinearSolve ~/.julia/packages/OrdinaryDiffEqNonlinearSolve/doSPx/src/nlsolve.jl:101
┌ Warning: Verbosity toggle: newton_convergence 
│  Newton iteration failed with stale Jacobian, retrying with fresh Jacobian
└ @ OrdinaryDiffEqNonlinearSolve ~/.julia/packages/OrdinaryDiffEqNonlinearSolve/doSPx/src/nlsolve.jl:144
┌ Warning: Verbosity toggle: newton_convergence 
│  Newton iteration failed with stale Jacobian, retrying with fresh Jacobian
└ @ OrdinaryDiffEqNonlinearSolve ~/.julia/packages/OrdinaryDiffEqNonlinearSolve/doSPx/src/nlsolve.jl:144
┌ Warning: Verbosity toggle: newton_convergence 
│  Newton iteration failed with stale Jacobian, retrying with fresh Jacobian
└ @ OrdinaryDiffEqNonlinearSolve ~/.julia/packages/OrdinaryDiffEqNonlinearSolve/doSPx/src/nlsolve.jl:144
┌ Warning: Verbosity toggle: newton_convergence 
│  Newton iteration failed with stale Jacobian, retrying with fresh Jacobian
└ @ OrdinaryDiffEqNonlinearSolve ~/.julia/packages/OrdinaryDiffEqNonlinearSolve/doSPx/src/nlsolve.jl:144
┌ Warning: Verbosity toggle: newton_convergence 
│  Newton iteration failed with stale Jacobian, retrying with fresh Jacobian
└ @ OrdinaryDiffEqNonlinearSolve ~/.julia/packages/OrdinaryDiffEqNonlinearSolve/doSPx/src/nlsolve.jl:144
┌ Warning: Verbosity toggle: newton_convergence 
│  Newton iteration failed with stale Jacobian, retrying with fresh Jacobian
└ @ OrdinaryDiffEqNonlinearSolve ~/.julia/packages/OrdinaryDiffEqNonlinearSolve/doSPx/src/nlsolve.jl:144
┌ Warning: Verbosity toggle: newton_convergence 
│  Newton iteration diverging: θ = Dual{ForwardDiff.Tag{PEtab.var"#302#303"{Bool, PEtab.PEtabODEProblemInfo{ODESolver, ODESolver, PEtab.PEtabODEProblemCache{Vector{Float64}, PreallocationTools.DiffCache{Vector{Float64}, Vector{Float64}}, Vector{Float64}, Matrix{Float64}, Dict{Symbol, PreallocationTools.DiffCache}, Dict{Symbol, PreallocationTools.DiffCache}, Dict{Symbol, PreallocationTools.DiffCache}, Vector{Float64}}}, PEtab.PEtabODEProblemInfo{ODESolver, ODESolver, PEtab.PEtabODEProblemCache{Vector{Float64}, PreallocationTools.DiffCache{Vector{Float64}, Vector{Float64}}, Vector{Float64}, Matrix{Float64}, Dict{Symbol, PreallocationTools.DiffCache}, Dict{Symbol, PreallocationTools.DiffCache}, Dict{Symbol, PreallocationTools.DiffCache}, Vector{Float64}}}, Vector{Float64}, Vector{Float64}, Vector{Float64}, PEtab.ModelInfo}, Float64}}(2.047774667621507,0.0,0.0,0.0,0.0,0.0,0.0,0.0,0.0,0.0) > 2, ndz = 0.982393608892234, ndzprev = 0.4797371626992952
└ @ OrdinaryDiffEqNonlinearSolve ~/.julia/packages/OrdinaryDiffEqNonlinearSolve/doSPx/src/nlsolve.jl:101
┌ Warning: Verbosity toggle: newton_convergence 
│  Newton iteration failed with stale Jacobian, retrying with fresh Jacobian
└ @ OrdinaryDiffEqNonlinearSolve ~/.julia/packages/OrdinaryDiffEqNonlinearSolve/doSPx/src/nlsolve.jl:144
┌ Warning: Verbosity toggle: newton_convergence 
│  Newton iteration failed with stale Jacobian, retrying with fresh Jacobian
└ @ OrdinaryDiffEqNonlinearSolve ~/.julia/packages/OrdinaryDiffEqNonlinearSolve/doSPx/src/nlsolve.jl:144
┌ Warning: Verbosity toggle: newton_convergence 
│  Newton iteration failed with stale Jacobian, retrying with fresh Jacobian
└ @ OrdinaryDiffEqNonlinearSolve ~/.julia/packages/OrdinaryDiffEqNonlinearSolve/doSPx/src/nlsolve.jl:144
┌ Warning: Verbosity toggle: newton_convergence 
│  Newton iteration failed with stale Jacobian, retrying with fresh Jacobian
└ @ OrdinaryDiffEqNonlinearSolve ~/.julia/packages/OrdinaryDiffEqNonlinearSolve/doSPx/src/nlsolve.jl:144
┌ Warning: Verbosity toggle: newton_convergence 
│  Newton iteration failed with stale Jacobian, retrying with fresh Jacobian
└ @ OrdinaryDiffEqNonlinearSolve ~/.julia/packages/OrdinaryDiffEqNonlinearSolve/doSPx/src/nlsolve.jl:144
┌ Warning: Verbosity toggle: newton_convergence 
│  Newton iteration diverging: θ = Dual{ForwardDiff.Tag{PEtab.var"#302#303"{Bool, PEtab.PEtabODEProblemInfo{ODESolver, ODESolver, PEtab.PEtabODEProblemCache{Vector{Float64}, PreallocationTools.DiffCache{Vector{Float64}, Vector{Float64}}, Vector{Float64}, Matrix{Float64}, Dict{Symbol, PreallocationTools.DiffCache}, Dict{Symbol, PreallocationTools.DiffCache}, Dict{Symbol, PreallocationTools.DiffCache}, Vector{Float64}}}, PEtab.PEtabODEProblemInfo{ODESolver, ODESolver, PEtab.PEtabODEProblemCache{Vector{Float64}, PreallocationTools.DiffCache{Vector{Float64}, Vector{Float64}}, Vector{Float64}, Matrix{Float64}, Dict{Symbol, PreallocationTools.DiffCache}, Dict{Symbol, PreallocationTools.DiffCache}, Dict{Symbol, PreallocationTools.DiffCache}, Vector{Float64}}}, Vector{Float64}, Vector{Float64}, Vector{Float64}, PEtab.ModelInfo}, Float64}}(2.047774667621507,0.0,0.0,0.0,0.0,0.0,0.0,0.0,0.0,0.0) > 2, ndz = 0.982393608892234, ndzprev = 0.4797371626992952
└ @ OrdinaryDiffEqNonlinearSolve ~/.julia/packages/OrdinaryDiffEqNonlinearSolve/doSPx/src/nlsolve.jl:101
┌ Warning: Verbosity toggle: newton_convergence 
│  Newton iteration failed with stale Jacobian, retrying with fresh Jacobian
└ @ OrdinaryDiffEqNonlinearSolve ~/.julia/packages/OrdinaryDiffEqNonlinearSolve/doSPx/src/nlsolve.jl:144
┌ Warning: Verbosity toggle: newton_convergence 
│  Newton iteration failed with stale Jacobian, retrying with fresh Jacobian
└ @ OrdinaryDiffEqNonlinearSolve ~/.julia/packages/OrdinaryDiffEqNonlinearSolve/doSPx/src/nlsolve.jl:144
┌ Warning: Verbosity toggle: newton_convergence 
│  Newton iteration failed with stale Jacobian, retrying with fresh Jacobian
└ @ OrdinaryDiffEqNonlinearSolve ~/.julia/packages/OrdinaryDiffEqNonlinearSolve/doSPx/src/nlsolve.jl:144
┌ Warning: Verbosity toggle: newton_convergence 
│  Newton iteration failed with stale Jacobian, retrying with fresh Jacobian
└ @ OrdinaryDiffEqNonlinearSolve ~/.julia/packages/OrdinaryDiffEqNonlinearSolve/doSPx/src/nlsolve.jl:144
┌ Warning: Verbosity toggle: newton_convergence 
│  Newton iteration failed with stale Jacobian, retrying with fresh Jacobian
└ @ OrdinaryDiffEqNonlinearSolve ~/.julia/packages/OrdinaryDiffEqNonlinearSolve/doSPx/src/nlsolve.jl:144
┌ Warning: Verbosity toggle: newton_convergence 
│  Newton iteration failed with stale Jacobian, retrying with fresh Jacobian
└ @ OrdinaryDiffEqNonlinearSolve ~/.julia/packages/OrdinaryDiffEqNonlinearSolve/doSPx/src/nlsolve.jl:144
┌ Warning: Verbosity toggle: newton_convergence 
│  Newton iteration diverging: θ = 2.5377098270327907 > 2, ndz = 1.4127667932355918, ndzprev = 0.5567093519464615
└ @ OrdinaryDiffEqNonlinearSolve ~/.julia/packages/OrdinaryDiffEqNonlinearSolve/doSPx/src/nlsolve.jl:101
┌ Warning: Verbosity toggle: newton_convergence 
│  Newton iteration failed with stale Jacobian, retrying with fresh Jacobian
└ @ OrdinaryDiffEqNonlinearSolve ~/.julia/packages/OrdinaryDiffEqNonlinearSolve/doSPx/src/nlsolve.jl:144
┌ Warning: Verbosity toggle: newton_convergence 
│  Newton iteration failed with stale Jacobian, retrying with fresh Jacobian
└ @ OrdinaryDiffEqNonlinearSolve ~/.julia/packages/OrdinaryDiffEqNonlinearSolve/doSPx/src/nlsolve.jl:144
┌ Warning: Verbosity toggle: newton_convergence 
│  Newton iteration failed with stale Jacobian, retrying with fresh Jacobian
└ @ OrdinaryDiffEqNonlinearSolve ~/.julia/packages/OrdinaryDiffEqNonlinearSolve/doSPx/src/nlsolve.jl:144
┌ Warning: Verbosity toggle: newton_convergence 
│  Newton iteration diverging: θ = 2.5377098270327907 > 2, ndz = 1.4127667932355918, ndzprev = 0.5567093519464615
└ @ OrdinaryDiffEqNonlinearSolve ~/.julia/packages/OrdinaryDiffEqNonlinearSolve/doSPx/src/nlsolve.jl:101
┌ Warning: Verbosity toggle: newton_convergence 
│  Newton iteration failed with stale Jacobian, retrying with fresh Jacobian
└ @ OrdinaryDiffEqNonlinearSolve ~/.julia/packages/OrdinaryDiffEqNonlinearSolve/doSPx/src/nlsolve.jl:144
┌ Warning: Verbosity toggle: newton_convergence 
│  Newton iteration failed with stale Jacobian, retrying with fresh Jacobian
└ @ OrdinaryDiffEqNonlinearSolve ~/.julia/packages/OrdinaryDiffEqNonlinearSolve/doSPx/src/nlsolve.jl:144
┌ Warning: Verbosity toggle: newton_convergence 
│  Newton iteration failed with stale Jacobian, retrying with fresh Jacobian
└ @ OrdinaryDiffEqNonlinearSolve ~/.julia/packages/OrdinaryDiffEqNonlinearSolve/doSPx/src/nlsolve.jl:144
┌ Warning: Verbosity toggle: newton_convergence 
│  Newton iteration failed with stale Jacobian, retrying with fresh Jacobian
└ @ OrdinaryDiffEqNonlinearSolve ~/.julia/packages/OrdinaryDiffEqNonlinearSolve/doSPx/src/nlsolve.jl:144
┌ Warning: Verbosity toggle: newton_convergence 
│  Newton iteration failed with stale Jacobian, retrying with fresh Jacobian
└ @ OrdinaryDiffEqNonlinearSolve ~/.julia/packages/OrdinaryDiffEqNonlinearSolve/doSPx/src/nlsolve.jl:144
┌ Warning: Verbosity toggle: newton_convergence 
│  Newton iteration diverging: θ = Dual{ForwardDiff.Tag{PEtab.var"#_get_hess_gaussnewton##0#_get_hess_gaussnewton##1"{PEtab.PEtabODEProblemInfo{ODESolver, ODESolver, PEtab.PEtabODEProblemCache{Vector{Float64}, PreallocationTools.DiffCache{Vector{Float64}, Vector{Float64}}, Vector{Float64}, Matrix{Float64}, Dict{Symbol, PreallocationTools.DiffCache}, Dict{Symbol, PreallocationTools.DiffCache}, Dict{Symbol, PreallocationTools.DiffCache}, Vector{Float64}}}, PEtab.ModelInfo}, Float64}}(2.2910323253137235,0.0,0.0,0.0,0.0,0.0,0.0,0.0,0.0,0.0) > 2, ndz = 1.4323954779814208, ndzprev = 0.6252183621133652
└ @ OrdinaryDiffEqNonlinearSolve ~/.julia/packages/OrdinaryDiffEqNonlinearSolve/doSPx/src/nlsolve.jl:101
┌ Warning: Verbosity toggle: newton_convergence 
│  Newton iteration failed with stale Jacobian, retrying with fresh Jacobian
└ @ OrdinaryDiffEqNonlinearSolve ~/.julia/packages/OrdinaryDiffEqNonlinearSolve/doSPx/src/nlsolve.jl:144
┌ Warning: Verbosity toggle: newton_convergence 
│  Newton iteration diverging: θ = Dual{ForwardDiff.Tag{PEtab.var"#_get_hess_gaussnewton##0#_get_hess_gaussnewton##1"{PEtab.PEtabODEProblemInfo{ODESolver, ODESolver, PEtab.PEtabODEProblemCache{Vector{Float64}, PreallocationTools.DiffCache{Vector{Float64}, Vector{Float64}}, Vector{Float64}, Matrix{Float64}, Dict{Symbol, PreallocationTools.DiffCache}, Dict{Symbol, PreallocationTools.DiffCache}, Dict{Symbol, PreallocationTools.DiffCache}, Vector{Float64}}}, PEtab.ModelInfo}, Float64}}(2.249816288435074,0.0,0.0,0.0,0.0,0.0,0.0,0.0,0.0,0.0) > 2, ndz = 0.31048111777588, ndzprev = 0.13800287577784598
└ @ OrdinaryDiffEqNonlinearSolve ~/.julia/packages/OrdinaryDiffEqNonlinearSolve/doSPx/src/nlsolve.jl:101
┌ Warning: Verbosity toggle: newton_convergence 
│  Newton iteration failed with stale Jacobian, retrying with fresh Jacobian
└ @ OrdinaryDiffEqNonlinearSolve ~/.julia/packages/OrdinaryDiffEqNonlinearSolve/doSPx/src/nlsolve.jl:144
┌ Warning: Verbosity toggle: newton_convergence 
│  Newton iteration failed with stale Jacobian, retrying with fresh Jacobian
└ @ OrdinaryDiffEqNonlinearSolve ~/.julia/packages/OrdinaryDiffEqNonlinearSolve/doSPx/src/nlsolve.jl:144
┌ Warning: Verbosity toggle: newton_convergence 
│  Newton iteration failed with stale Jacobian, retrying with fresh Jacobian
└ @ OrdinaryDiffEqNonlinearSolve ~/.julia/packages/OrdinaryDiffEqNonlinearSolve/doSPx/src/nlsolve.jl:144
┌ Warning: Verbosity toggle: newton_convergence 
│  Newton iteration diverging: θ = Dual{ForwardDiff.Tag{PEtab.var"#_get_hess_gaussnewton##0#_get_hess_gaussnewton##1"{PEtab.PEtabODEProblemInfo{ODESolver, ODESolver, PEtab.PEtabODEProblemCache{Vector{Float64}, PreallocationTools.DiffCache{Vector{Float64}, Vector{Float64}}, Vector{Float64}, Matrix{Float64}, Dict{Symbol, PreallocationTools.DiffCache}, Dict{Symbol, PreallocationTools.DiffCache}, Dict{Symbol, PreallocationTools.DiffCache}, Vector{Float64}}}, PEtab.ModelInfo}, Float64}}(2.2910323253137235,0.0,0.0,0.0,0.0,0.0,0.0,0.0,0.0,0.0) > 2, ndz = 1.4323954779814208, ndzprev = 0.6252183621133652
└ @ OrdinaryDiffEqNonlinearSolve ~/.julia/packages/OrdinaryDiffEqNonlinearSolve/doSPx/src/nlsolve.jl:101
┌ Warning: Verbosity toggle: newton_convergence 
│  Newton iteration failed with stale Jacobian, retrying with fresh Jacobian
└ @ OrdinaryDiffEqNonlinearSolve ~/.julia/packages/OrdinaryDiffEqNonlinearSolve/doSPx/src/nlsolve.jl:144
┌ Warning: Verbosity toggle: newton_convergence 
│  Newton iteration diverging: θ = Dual{ForwardDiff.Tag{PEtab.var"#_get_hess_gaussnewton##0#_get_hess_gaussnewton##1"{PEtab.PEtabODEProblemInfo{ODESolver, ODESolver, PEtab.PEtabODEProblemCache{Vector{Float64}, PreallocationTools.DiffCache{Vector{Float64}, Vector{Float64}}, Vector{Float64}, Matrix{Float64}, Dict{Symbol, PreallocationTools.DiffCache}, Dict{Symbol, PreallocationTools.DiffCache}, Dict{Symbol, PreallocationTools.DiffCache}, Vector{Float64}}}, PEtab.ModelInfo}, Float64}}(2.249816288435074,0.0,0.0,0.0,0.0,0.0,0.0,0.0,0.0,0.0) > 2, ndz = 0.31048111777588, ndzprev = 0.13800287577784598
└ @ OrdinaryDiffEqNonlinearSolve ~/.julia/packages/OrdinaryDiffEqNonlinearSolve/doSPx/src/nlsolve.jl:101
┌ Warning: Verbosity toggle: newton_convergence 
│  Newton iteration failed with stale Jacobian, retrying with fresh Jacobian
└ @ OrdinaryDiffEqNonlinearSolve ~/.julia/packages/OrdinaryDiffEqNonlinearSolve/doSPx/src/nlsolve.jl:144
┌ Warning: Verbosity toggle: newton_convergence 
│  Newton iteration failed with stale Jacobian, retrying with fresh Jacobian
└ @ OrdinaryDiffEqNonlinearSolve ~/.julia/packages/OrdinaryDiffEqNonlinearSolve/doSPx/src/nlsolve.jl:144
┌ Warning: Verbosity toggle: newton_convergence 
│  Newton iteration failed with stale Jacobian, retrying with fresh Jacobian
└ @ OrdinaryDiffEqNonlinearSolve ~/.julia/packages/OrdinaryDiffEqNonlinearSolve/doSPx/src/nlsolve.jl:144
┌ Warning: Verbosity toggle: newton_convergence 
│  Newton iteration failed with stale Jacobian, retrying with fresh Jacobian
└ @ OrdinaryDiffEqNonlinearSolve ~/.julia/packages/OrdinaryDiffEqNonlinearSolve/doSPx/src/nlsolve.jl:144
┌ Warning: Verbosity toggle: newton_convergence 
│  Newton iteration failed with stale Jacobian, retrying with fresh Jacobian
└ @ OrdinaryDiffEqNonlinearSolve ~/.julia/packages/OrdinaryDiffEqNonlinearSolve/doSPx/src/nlsolve.jl:144
┌ Warning: Verbosity toggle: newton_convergence 
│  Newton iteration failed with stale Jacobian, retrying with fresh Jacobian
└ @ OrdinaryDiffEqNonlinearSolve ~/.julia/packages/OrdinaryDiffEqNonlinearSolve/doSPx/src/nlsolve.jl:144
┌ Warning: Verbosity toggle: newton_convergence 
│  Newton iteration failed with stale Jacobian, retrying with fresh Jacobian
└ @ OrdinaryDiffEqNonlinearSolve ~/.julia/packages/OrdinaryDiffEqNonlinearSolve/doSPx/src/nlsolve.jl:144
┌ Warning: Verbosity toggle: newton_convergence 
│  Newton iteration failed with stale Jacobian, retrying with fresh Jacobian
└ @ OrdinaryDiffEqNonlinearSolve ~/.julia/packages/OrdinaryDiffEqNonlinearSolve/doSPx/src/nlsolve.jl:144
┌ Warning: Verbosity toggle: newton_convergence 
│  Newton iteration failed with stale Jacobian, retrying with fresh Jacobian
└ @ OrdinaryDiffEqNonlinearSolve ~/.julia/packages/OrdinaryDiffEqNonlinearSolve/doSPx/src/nlsolve.jl:144
┌ Warning: Verbosity toggle: newton_convergence 
│  Newton iteration diverging: θ = Dual{ForwardDiff.Tag{PEtab.var"#_get_hess_gaussnewton##0#_get_hess_gaussnewton##1"{PEtab.PEtabODEProblemInfo{ODESolver, ODESolver, PEtab.PEtabODEProblemCache{Vector{Float64}, PreallocationTools.DiffCache{Vector{Float64}, Vector{Float64}}, Vector{Float64}, Matrix{Float64}, Dict{Symbol, PreallocationTools.DiffCache}, Dict{Symbol, PreallocationTools.DiffCache}, Dict{Symbol, PreallocationTools.DiffCache}, Vector{Float64}}}, PEtab.ModelInfo}, Float64}}(2.149325037636759,0.0,0.0,0.0,0.0,0.0,0.0,0.0,0.0,0.0) > 2, ndz = 1.4924836965960238, ndzprev = 0.694396459568093
└ @ OrdinaryDiffEqNonlinearSolve ~/.julia/packages/OrdinaryDiffEqNonlinearSolve/doSPx/src/nlsolve.jl:101
┌ Warning: Verbosity toggle: newton_convergence 
│  Newton iteration failed with stale Jacobian, retrying with fresh Jacobian
└ @ OrdinaryDiffEqNonlinearSolve ~/.julia/packages/OrdinaryDiffEqNonlinearSolve/doSPx/src/nlsolve.jl:144
┌ Warning: Verbosity toggle: newton_convergence 
│  Newton iteration failed with stale Jacobian, retrying with fresh Jacobian
└ @ OrdinaryDiffEqNonlinearSolve ~/.julia/packages/OrdinaryDiffEqNonlinearSolve/doSPx/src/nlsolve.jl:144
┌ Warning: Verbosity toggle: newton_convergence 
│  Newton iteration diverging: θ = Dual{ForwardDiff.Tag{PEtab.var"#_get_hess_gaussnewton##0#_get_hess_gaussnewton##1"{PEtab.PEtabODEProblemInfo{ODESolver, ODESolver, PEtab.PEtabODEProblemCache{Vector{Float64}, PreallocationTools.DiffCache{Vector{Float64}, Vector{Float64}}, Vector{Float64}, Matrix{Float64}, Dict{Symbol, PreallocationTools.DiffCache}, Dict{Symbol, PreallocationTools.DiffCache}, Dict{Symbol, PreallocationTools.DiffCache}, Vector{Float64}}}, PEtab.ModelInfo}, Float64}}(3.7902174091452725,0.0,0.0,0.0,0.0,0.0,0.0,0.0,0.0,0.0) > 2, ndz = 0.8184581190869356, ndzprev = 0.2159396231762613
└ @ OrdinaryDiffEqNonlinearSolve ~/.julia/packages/OrdinaryDiffEqNonlinearSolve/doSPx/src/nlsolve.jl:101
┌ Warning: Verbosity toggle: newton_convergence 
│  Newton iteration failed with stale Jacobian, retrying with fresh Jacobian
└ @ OrdinaryDiffEqNonlinearSolve ~/.julia/packages/OrdinaryDiffEqNonlinearSolve/doSPx/src/nlsolve.jl:144
┌ Warning: Verbosity toggle: newton_convergence 
│  Newton iteration diverging: θ = Dual{ForwardDiff.Tag{PEtab.var"#_get_hess_gaussnewton##0#_get_hess_gaussnewton##1"{PEtab.PEtabODEProblemInfo{ODESolver, ODESolver, PEtab.PEtabODEProblemCache{Vector{Float64}, PreallocationTools.DiffCache{Vector{Float64}, Vector{Float64}}, Vector{Float64}, Matrix{Float64}, Dict{Symbol, PreallocationTools.DiffCache}, Dict{Symbol, PreallocationTools.DiffCache}, Dict{Symbol, PreallocationTools.DiffCache}, Vector{Float64}}}, PEtab.ModelInfo}, Float64}}(3.859543155048596,0.0,0.0,0.0,0.0,0.0,0.0,0.0,0.0,0.0) > 2, ndz = 0.21442413402521868, ndzprev = 0.05555686914518224
└ @ OrdinaryDiffEqNonlinearSolve ~/.julia/packages/OrdinaryDiffEqNonlinearSolve/doSPx/src/nlsolve.jl:101
┌ Warning: Verbosity toggle: newton_convergence 
│  Newton iteration failed with stale Jacobian, retrying with fresh Jacobian
└ @ OrdinaryDiffEqNonlinearSolve ~/.julia/packages/OrdinaryDiffEqNonlinearSolve/doSPx/src/nlsolve.jl:144
┌ Warning: Verbosity toggle: newton_convergence 
│  Newton iteration failed with stale Jacobian, retrying with fresh Jacobian
└ @ OrdinaryDiffEqNonlinearSolve ~/.julia/packages/OrdinaryDiffEqNonlinearSolve/doSPx/src/nlsolve.jl:144
┌ Warning: Verbosity toggle: newton_convergence 
│  Newton iteration failed with stale Jacobian, retrying with fresh Jacobian
└ @ OrdinaryDiffEqNonlinearSolve ~/.julia/packages/OrdinaryDiffEqNonlinearSolve/doSPx/src/nlsolve.jl:144
┌ Warning: Verbosity toggle: newton_convergence 
│  Newton iteration failed with stale Jacobian, retrying with fresh Jacobian
└ @ OrdinaryDiffEqNonlinearSolve ~/.julia/packages/OrdinaryDiffEqNonlinearSolve/doSPx/src/nlsolve.jl:144
┌ Warning: Verbosity toggle: newton_convergence 
│  Newton iteration diverging: θ = Dual{ForwardDiff.Tag{PEtab.var"#_get_hess_gaussnewton##0#_get_hess_gaussnewton##1"{PEtab.PEtabODEProblemInfo{ODESolver, ODESolver, PEtab.PEtabODEProblemCache{Vector{Float64}, PreallocationTools.DiffCache{Vector{Float64}, Vector{Float64}}, Vector{Float64}, Matrix{Float64}, Dict{Symbol, PreallocationTools.DiffCache}, Dict{Symbol, PreallocationTools.DiffCache}, Dict{Symbol, PreallocationTools.DiffCache}, Vector{Float64}}}, PEtab.ModelInfo}, Float64}}(2.149325037636759,0.0,0.0,0.0,0.0,0.0,0.0,0.0,0.0,0.0) > 2, ndz = 1.4924836965960238, ndzprev = 0.694396459568093
└ @ OrdinaryDiffEqNonlinearSolve ~/.julia/packages/OrdinaryDiffEqNonlinearSolve/doSPx/src/nlsolve.jl:101
┌ Warning: Verbosity toggle: newton_convergence 
│  Newton iteration failed with stale Jacobian, retrying with fresh Jacobian
└ @ OrdinaryDiffEqNonlinearSolve ~/.julia/packages/OrdinaryDiffEqNonlinearSolve/doSPx/src/nlsolve.jl:144
┌ Warning: Verbosity toggle: newton_convergence 
│  Newton iteration failed with stale Jacobian, retrying with fresh Jacobian
└ @ OrdinaryDiffEqNonlinearSolve ~/.julia/packages/OrdinaryDiffEqNonlinearSolve/doSPx/src/nlsolve.jl:144
┌ Warning: Verbosity toggle: newton_convergence 
│  Newton iteration diverging: θ = Dual{ForwardDiff.Tag{PEtab.var"#_get_hess_gaussnewton##0#_get_hess_gaussnewton##1"{PEtab.PEtabODEProblemInfo{ODESolver, ODESolver, PEtab.PEtabODEProblemCache{Vector{Float64}, PreallocationTools.DiffCache{Vector{Float64}, Vector{Float64}}, Vector{Float64}, Matrix{Float64}, Dict{Symbol, PreallocationTools.DiffCache}, Dict{Symbol, PreallocationTools.DiffCache}, Dict{Symbol, PreallocationTools.DiffCache}, Vector{Float64}}}, PEtab.ModelInfo}, Float64}}(3.32939111957866,0.0,0.0,0.0,0.0,0.0,0.0,0.0,0.0,0.0) > 2, ndz = 0.5286834877328546, ndzprev = 0.15879284492107384
└ @ OrdinaryDiffEqNonlinearSolve ~/.julia/packages/OrdinaryDiffEqNonlinearSolve/doSPx/src/nlsolve.jl:101
┌ Warning: Verbosity toggle: newton_convergence 
│  Newton iteration failed with stale Jacobian, retrying with fresh Jacobian
└ @ OrdinaryDiffEqNonlinearSolve ~/.julia/packages/OrdinaryDiffEqNonlinearSolve/doSPx/src/nlsolve.jl:144
┌ Warning: Verbosity toggle: newton_convergence 
│  Newton iteration diverging: θ = Dual{ForwardDiff.Tag{PEtab.var"#_get_hess_gaussnewton##0#_get_hess_gaussnewton##1"{PEtab.PEtabODEProblemInfo{ODESolver, ODESolver, PEtab.PEtabODEProblemCache{Vector{Float64}, PreallocationTools.DiffCache{Vector{Float64}, Vector{Float64}}, Vector{Float64}, Matrix{Float64}, Dict{Symbol, PreallocationTools.DiffCache}, Dict{Symbol, PreallocationTools.DiffCache}, Dict{Symbol, PreallocationTools.DiffCache}, Vector{Float64}}}, PEtab.ModelInfo}, Float64}}(3.7902174091452725,0.0,0.0,0.0,0.0,0.0,0.0,0.0,0.0,0.0) > 2, ndz = 0.8184581190869356, ndzprev = 0.2159396231762613
└ @ OrdinaryDiffEqNonlinearSolve ~/.julia/packages/OrdinaryDiffEqNonlinearSolve/doSPx/src/nlsolve.jl:101
┌ Warning: Verbosity toggle: newton_convergence 
│  Newton iteration failed with stale Jacobian, retrying with fresh Jacobian
└ @ OrdinaryDiffEqNonlinearSolve ~/.julia/packages/OrdinaryDiffEqNonlinearSolve/doSPx/src/nlsolve.jl:144
┌ Warning: Verbosity toggle: newton_convergence 
│  Newton iteration diverging: θ = Dual{ForwardDiff.Tag{PEtab.var"#_get_hess_gaussnewton##0#_get_hess_gaussnewton##1"{PEtab.PEtabODEProblemInfo{ODESolver, ODESolver, PEtab.PEtabODEProblemCache{Vector{Float64}, PreallocationTools.DiffCache{Vector{Float64}, Vector{Float64}}, Vector{Float64}, Matrix{Float64}, Dict{Symbol, PreallocationTools.DiffCache}, Dict{Symbol, PreallocationTools.DiffCache}, Dict{Symbol, PreallocationTools.DiffCache}, Vector{Float64}}}, PEtab.ModelInfo}, Float64}}(3.7902174091452725,0.0,0.0,0.0,0.0,0.0,0.0,0.0,0.0,0.0) > 2, ndz = 0.8184581190869356, ndzprev = 0.2159396231762613
└ @ OrdinaryDiffEqNonlinearSolve ~/.julia/packages/OrdinaryDiffEqNonlinearSolve/doSPx/src/nlsolve.jl:101
┌ Warning: Verbosity toggle: newton_convergence 
│  Newton iteration failed with stale Jacobian, retrying with fresh Jacobian
└ @ OrdinaryDiffEqNonlinearSolve ~/.julia/packages/OrdinaryDiffEqNonlinearSolve/doSPx/src/nlsolve.jl:144
┌ Warning: Verbosity toggle: newton_convergence 
│  Newton iteration diverging: θ = Dual{ForwardDiff.Tag{PEtab.var"#_get_hess_gaussnewton##0#_get_hess_gaussnewton##1"{PEtab.PEtabODEProblemInfo{ODESolver, ODESolver, PEtab.PEtabODEProblemCache{Vector{Float64}, PreallocationTools.DiffCache{Vector{Float64}, Vector{Float64}}, Vector{Float64}, Matrix{Float64}, Dict{Symbol, PreallocationTools.DiffCache}, Dict{Symbol, PreallocationTools.DiffCache}, Dict{Symbol, PreallocationTools.DiffCache}, Vector{Float64}}}, PEtab.ModelInfo}, Float64}}(3.859543155048596,0.0,0.0,0.0,0.0,0.0,0.0,0.0,0.0,0.0) > 2, ndz = 0.21442413402521868, ndzprev = 0.05555686914518224
└ @ OrdinaryDiffEqNonlinearSolve ~/.julia/packages/OrdinaryDiffEqNonlinearSolve/doSPx/src/nlsolve.jl:101
┌ Warning: Verbosity toggle: newton_convergence 
│  Newton iteration failed with stale Jacobian, retrying with fresh Jacobian
└ @ OrdinaryDiffEqNonlinearSolve ~/.julia/packages/OrdinaryDiffEqNonlinearSolve/doSPx/src/nlsolve.jl:144
┌ Warning: Verbosity toggle: newton_convergence 
│  Newton iteration failed with stale Jacobian, retrying with fresh Jacobian
└ @ OrdinaryDiffEqNonlinearSolve ~/.julia/packages/OrdinaryDiffEqNonlinearSolve/doSPx/src/nlsolve.jl:144
┌ Warning: Verbosity toggle: newton_convergence 
│  Newton iteration failed with stale Jacobian, retrying with fresh Jacobian
└ @ OrdinaryDiffEqNonlinearSolve ~/.julia/packages/OrdinaryDiffEqNonlinearSolve/doSPx/src/nlsolve.jl:144
┌ Warning: Verbosity toggle: newton_convergence 
│  Newton iteration diverging: θ = Dual{ForwardDiff.Tag{PEtab.var"#_get_hess_gaussnewton##0#_get_hess_gaussnewton##1"{PEtab.PEtabODEProblemInfo{ODESolver, ODESolver, PEtab.PEtabODEProblemCache{Vector{Float64}, PreallocationTools.DiffCache{Vector{Float64}, Vector{Float64}}, Vector{Float64}, Matrix{Float64}, Dict{Symbol, PreallocationTools.DiffCache}, Dict{Symbol, PreallocationTools.DiffCache}, Dict{Symbol, PreallocationTools.DiffCache}, Vector{Float64}}}, PEtab.ModelInfo}, Float64}}(3.7902174091452725,0.0,0.0,0.0,0.0,0.0,0.0,0.0,0.0,0.0) > 2, ndz = 0.8184581190869356, ndzprev = 0.2159396231762613
└ @ OrdinaryDiffEqNonlinearSolve ~/.julia/packages/OrdinaryDiffEqNonlinearSolve/doSPx/src/nlsolve.jl:101
┌ Warning: Verbosity toggle: newton_convergence 
│  Newton iteration failed with stale Jacobian, retrying with fresh Jacobian
└ @ OrdinaryDiffEqNonlinearSolve ~/.julia/packages/OrdinaryDiffEqNonlinearSolve/doSPx/src/nlsolve.jl:144
┌ Warning: Verbosity toggle: newton_convergence 
│  Newton iteration failed with stale Jacobian, retrying with fresh Jacobian
└ @ OrdinaryDiffEqNonlinearSolve ~/.julia/packages/OrdinaryDiffEqNonlinearSolve/doSPx/src/nlsolve.jl:144
┌ Warning: Verbosity toggle: newton_convergence 
│  Newton iteration failed with stale Jacobian, retrying with fresh Jacobian
└ @ OrdinaryDiffEqNonlinearSolve ~/.julia/packages/OrdinaryDiffEqNonlinearSolve/doSPx/src/nlsolve.jl:144
┌ Warning: Verbosity toggle: newton_convergence 
│  Newton iteration failed with stale Jacobian, retrying with fresh Jacobian
└ @ OrdinaryDiffEqNonlinearSolve ~/.julia/packages/OrdinaryDiffEqNonlinearSolve/doSPx/src/nlsolve.jl:144
┌ Warning: Verbosity toggle: newton_convergence 
│  Newton iteration failed with stale Jacobian, retrying with fresh Jacobian
└ @ OrdinaryDiffEqNonlinearSolve ~/.julia/packages/OrdinaryDiffEqNonlinearSolve/doSPx/src/nlsolve.jl:144
┌ Warning: Verbosity toggle: newton_convergence 
│  Newton iteration diverging: θ = Dual{ForwardDiff.Tag{PEtab.var"#_get_hess_gaussnewton##0#_get_hess_gaussnewton##1"{PEtab.PEtabODEProblemInfo{ODESolver, ODESolver, PEtab.PEtabODEProblemCache{Vector{Float64}, PreallocationTools.DiffCache{Vector{Float64}, Vector{Float64}}, Vector{Float64}, Matrix{Float64}, Dict{Symbol, PreallocationTools.DiffCache}, Dict{Symbol, PreallocationTools.DiffCache}, Dict{Symbol, PreallocationTools.DiffCache}, Vector{Float64}}}, PEtab.ModelInfo}, Float64}}(2.5795584744185605,0.0,0.0,0.0,0.0,0.0,0.0,0.0,0.0,0.0) > 2, ndz = 1.8781528276803612, ndzprev = 0.7280908133333562
└ @ OrdinaryDiffEqNonlinearSolve ~/.julia/packages/OrdinaryDiffEqNonlinearSolve/doSPx/src/nlsolve.jl:101
┌ Warning: Verbosity toggle: newton_convergence 
│  Newton iteration failed with stale Jacobian, retrying with fresh Jacobian
└ @ OrdinaryDiffEqNonlinearSolve ~/.julia/packages/OrdinaryDiffEqNonlinearSolve/doSPx/src/nlsolve.jl:144
┌ Warning: Verbosity toggle: newton_convergence 
│  Newton iteration diverging: θ = Dual{ForwardDiff.Tag{PEtab.var"#_get_hess_gaussnewton##0#_get_hess_gaussnewton##1"{PEtab.PEtabODEProblemInfo{ODESolver, ODESolver, PEtab.PEtabODEProblemCache{Vector{Float64}, PreallocationTools.DiffCache{Vector{Float64}, Vector{Float64}}, Vector{Float64}, Matrix{Float64}, Dict{Symbol, PreallocationTools.DiffCache}, Dict{Symbol, PreallocationTools.DiffCache}, Dict{Symbol, PreallocationTools.DiffCache}, Vector{Float64}}}, PEtab.ModelInfo}, Float64}}(2.301910459039248,0.0,0.0,0.0,0.0,0.0,0.0,0.0,0.0,0.0) > 2, ndz = 0.5767353861522393, ndzprev = 0.2505464032658126
└ @ OrdinaryDiffEqNonlinearSolve ~/.julia/packages/OrdinaryDiffEqNonlinearSolve/doSPx/src/nlsolve.jl:101
┌ Warning: Verbosity toggle: newton_convergence 
│  Newton iteration failed with stale Jacobian, retrying with fresh Jacobian
└ @ OrdinaryDiffEqNonlinearSolve ~/.julia/packages/OrdinaryDiffEqNonlinearSolve/doSPx/src/nlsolve.jl:144
┌ Warning: Verbosity toggle: newton_convergence 
│  Newton iteration diverging: θ = Dual{ForwardDiff.Tag{PEtab.var"#_get_hess_gaussnewton##0#_get_hess_gaussnewton##1"{PEtab.PEtabODEProblemInfo{ODESolver, ODESolver, PEtab.PEtabODEProblemCache{Vector{Float64}, PreallocationTools.DiffCache{Vector{Float64}, Vector{Float64}}, Vector{Float64}, Matrix{Float64}, Dict{Symbol, PreallocationTools.DiffCache}, Dict{Symbol, PreallocationTools.DiffCache}, Dict{Symbol, PreallocationTools.DiffCache}, Vector{Float64}}}, PEtab.ModelInfo}, Float64}}(2.490787469712526,0.0,0.0,0.0,0.0,0.0,0.0,0.0,0.0,0.0) > 2, ndz = 0.2840741142452774, ndzprev = 0.11404992103885275
└ @ OrdinaryDiffEqNonlinearSolve ~/.julia/packages/OrdinaryDiffEqNonlinearSolve/doSPx/src/nlsolve.jl:101
┌ Warning: Verbosity toggle: newton_convergence 
│  Newton iteration failed with stale Jacobian, retrying with fresh Jacobian
└ @ OrdinaryDiffEqNonlinearSolve ~/.julia/packages/OrdinaryDiffEqNonlinearSolve/doSPx/src/nlsolve.jl:144
┌ Warning: Verbosity toggle: newton_convergence 
│  Newton iteration failed with stale Jacobian, retrying with fresh Jacobian
└ @ OrdinaryDiffEqNonlinearSolve ~/.julia/packages/OrdinaryDiffEqNonlinearSolve/doSPx/src/nlsolve.jl:144
┌ Warning: Verbosity toggle: newton_convergence 
│  Newton iteration failed with stale Jacobian, retrying with fresh Jacobian
└ @ OrdinaryDiffEqNonlinearSolve ~/.julia/packages/OrdinaryDiffEqNonlinearSolve/doSPx/src/nlsolve.jl:144
┌ Warning: Verbosity toggle: newton_convergence 
│  Newton iteration failed with stale Jacobian, retrying with fresh Jacobian
└ @ OrdinaryDiffEqNonlinearSolve ~/.julia/packages/OrdinaryDiffEqNonlinearSolve/doSPx/src/nlsolve.jl:144
┌ Warning: Verbosity toggle: newton_convergence 
│  Newton iteration failed with stale Jacobian, retrying with fresh Jacobian
└ @ OrdinaryDiffEqNonlinearSolve ~/.julia/packages/OrdinaryDiffEqNonlinearSolve/doSPx/src/nlsolve.jl:144
┌ Warning: Verbosity toggle: newton_convergence 
│  Newton iteration diverging: θ = Dual{ForwardDiff.Tag{PEtab.var"#_get_hess_gaussnewton##0#_get_hess_gaussnewton##1"{PEtab.PEtabODEProblemInfo{ODESolver, ODESolver, PEtab.PEtabODEProblemCache{Vector{Float64}, PreallocationTools.DiffCache{Vector{Float64}, Vector{Float64}}, Vector{Float64}, Matrix{Float64}, Dict{Symbol, PreallocationTools.DiffCache}, Dict{Symbol, PreallocationTools.DiffCache}, Dict{Symbol, PreallocationTools.DiffCache}, Vector{Float64}}}, PEtab.ModelInfo}, Float64}}(2.5795584744185605,0.0,0.0,0.0,0.0,0.0,0.0,0.0,0.0,0.0) > 2, ndz = 1.8781528276803612, ndzprev = 0.7280908133333562
└ @ OrdinaryDiffEqNonlinearSolve ~/.julia/packages/OrdinaryDiffEqNonlinearSolve/doSPx/src/nlsolve.jl:101
┌ Warning: Verbosity toggle: newton_convergence 
│  Newton iteration failed with stale Jacobian, retrying with fresh Jacobian
└ @ OrdinaryDiffEqNonlinearSolve ~/.julia/packages/OrdinaryDiffEqNonlinearSolve/doSPx/src/nlsolve.jl:144
┌ Warning: Verbosity toggle: newton_convergence 
│  Newton iteration diverging: θ = Dual{ForwardDiff.Tag{PEtab.var"#_get_hess_gaussnewton##0#_get_hess_gaussnewton##1"{PEtab.PEtabODEProblemInfo{ODESolver, ODESolver, PEtab.PEtabODEProblemCache{Vector{Float64}, PreallocationTools.DiffCache{Vector{Float64}, Vector{Float64}}, Vector{Float64}, Matrix{Float64}, Dict{Symbol, PreallocationTools.DiffCache}, Dict{Symbol, PreallocationTools.DiffCache}, Dict{Symbol, PreallocationTools.DiffCache}, Vector{Float64}}}, PEtab.ModelInfo}, Float64}}(2.301910459039248,0.0,0.0,0.0,0.0,0.0,0.0,0.0,0.0,0.0) > 2, ndz = 0.5767353861522393, ndzprev = 0.2505464032658126
└ @ OrdinaryDiffEqNonlinearSolve ~/.julia/packages/OrdinaryDiffEqNonlinearSolve/doSPx/src/nlsolve.jl:101
┌ Warning: Verbosity toggle: newton_convergence 
│  Newton iteration failed with stale Jacobian, retrying with fresh Jacobian
└ @ OrdinaryDiffEqNonlinearSolve ~/.julia/packages/OrdinaryDiffEqNonlinearSolve/doSPx/src/nlsolve.jl:144
┌ Warning: Verbosity toggle: newton_convergence 
│  Newton iteration diverging: θ = Dual{ForwardDiff.Tag{PEtab.var"#_get_hess_gaussnewton##0#_get_hess_gaussnewton##1"{PEtab.PEtabODEProblemInfo{ODESolver, ODESolver, PEtab.PEtabODEProblemCache{Vector{Float64}, PreallocationTools.DiffCache{Vector{Float64}, Vector{Float64}}, Vector{Float64}, Matrix{Float64}, Dict{Symbol, PreallocationTools.DiffCache}, Dict{Symbol, PreallocationTools.DiffCache}, Dict{Symbol, PreallocationTools.DiffCache}, Vector{Float64}}}, PEtab.ModelInfo}, Float64}}(2.490787469712526,0.0,0.0,0.0,0.0,0.0,0.0,0.0,0.0,0.0) > 2, ndz = 0.2840741142452774, ndzprev = 0.11404992103885275
└ @ OrdinaryDiffEqNonlinearSolve ~/.julia/packages/OrdinaryDiffEqNonlinearSolve/doSPx/src/nlsolve.jl:101
┌ Warning: Verbosity toggle: newton_convergence 
│  Newton iteration failed with stale Jacobian, retrying with fresh Jacobian
└ @ OrdinaryDiffEqNonlinearSolve ~/.julia/packages/OrdinaryDiffEqNonlinearSolve/doSPx/src/nlsolve.jl:144
┌ Warning: Verbosity toggle: newton_convergence 
│  Newton iteration failed with stale Jacobian, retrying with fresh Jacobian
└ @ OrdinaryDiffEqNonlinearSolve ~/.julia/packages/OrdinaryDiffEqNonlinearSolve/doSPx/src/nlsolve.jl:144
┌ Warning: Verbosity toggle: newton_convergence 
│  Newton iteration failed with stale Jacobian, retrying with fresh Jacobian
└ @ OrdinaryDiffEqNonlinearSolve ~/.julia/packages/OrdinaryDiffEqNonlinearSolve/doSPx/src/nlsolve.jl:144
┌ Warning: Verbosity toggle: newton_convergence 
│  Newton iteration failed with stale Jacobian, retrying with fresh Jacobian
└ @ OrdinaryDiffEqNonlinearSolve ~/.julia/packages/OrdinaryDiffEqNonlinearSolve/doSPx/src/nlsolve.jl:144
┌ Warning: Verbosity toggle: newton_convergence 
│  Newton iteration failed with stale Jacobian, retrying with fresh Jacobian
└ @ OrdinaryDiffEqNonlinearSolve ~/.julia/packages/OrdinaryDiffEqNonlinearSolve/doSPx/src/nlsolve.jl:144
┌ Warning: Verbosity toggle: newton_convergence 
│  Newton iteration failed with stale Jacobian, retrying with fresh Jacobian
└ @ OrdinaryDiffEqNonlinearSolve ~/.julia/packages/OrdinaryDiffEqNonlinearSolve/doSPx/src/nlsolve.jl:144
┌ Warning: Verbosity toggle: newton_convergence 
│  Newton iteration diverging: θ = Dual{ForwardDiff.Tag{PEtab.var"#302#303"{Bool, PEtab.PEtabODEProblemInfo{ODESolver, ODESolver, PEtab.PEtabODEProblemCache{Vector{Float64}, PreallocationTools.DiffCache{Vector{Float64}, Vector{Float64}}, Vector{Float64}, Matrix{Float64}, Dict{Symbol, PreallocationTools.DiffCache}, Dict{Symbol, PreallocationTools.DiffCache}, Dict{Symbol, PreallocationTools.DiffCache}, Vector{Float64}}}, PEtab.PEtabODEProblemInfo{ODESolver, ODESolver, PEtab.PEtabODEProblemCache{Vector{Float64}, PreallocationTools.DiffCache{Vector{Float64}, Vector{Float64}}, Vector{Float64}, Matrix{Float64}, Dict{Symbol, PreallocationTools.DiffCache}, Dict{Symbol, PreallocationTools.DiffCache}, Dict{Symbol, PreallocationTools.DiffCache}, Vector{Float64}}}, Vector{Float64}, Vector{Float64}, Vector{Float64}, PEtab.ModelInfo}, Float64}}(2.096704390728026,0.0,0.0,0.0,0.0,0.0,0.0,0.0,0.0,0.0) > 2, ndz = 1.4280889215064276, ndzprev = 0.6811112371499165
└ @ OrdinaryDiffEqNonlinearSolve ~/.julia/packages/OrdinaryDiffEqNonlinearSolve/doSPx/src/nlsolve.jl:101
┌ Warning: Verbosity toggle: newton_convergence 
│  Newton iteration failed with stale Jacobian, retrying with fresh Jacobian
└ @ OrdinaryDiffEqNonlinearSolve ~/.julia/packages/OrdinaryDiffEqNonlinearSolve/doSPx/src/nlsolve.jl:144
┌ Warning: Verbosity toggle: newton_convergence 
│  Newton iteration diverging: θ = Dual{ForwardDiff.Tag{PEtab.var"#302#303"{Bool, PEtab.PEtabODEProblemInfo{ODESolver, ODESolver, PEtab.PEtabODEProblemCache{Vector{Float64}, PreallocationTools.DiffCache{Vector{Float64}, Vector{Float64}}, Vector{Float64}, Matrix{Float64}, Dict{Symbol, PreallocationTools.DiffCache}, Dict{Symbol, PreallocationTools.DiffCache}, Dict{Symbol, PreallocationTools.DiffCache}, Vector{Float64}}}, PEtab.PEtabODEProblemInfo{ODESolver, ODESolver, PEtab.PEtabODEProblemCache{Vector{Float64}, PreallocationTools.DiffCache{Vector{Float64}, Vector{Float64}}, Vector{Float64}, Matrix{Float64}, Dict{Symbol, PreallocationTools.DiffCache}, Dict{Symbol, PreallocationTools.DiffCache}, Dict{Symbol, PreallocationTools.DiffCache}, Vector{Float64}}}, Vector{Float64}, Vector{Float64}, Vector{Float64}, PEtab.ModelInfo}, Float64}}(2.2257877416444325,0.0,0.0,0.0,0.0,0.0,0.0,0.0,0.0,0.0) > 2, ndz = 0.3686545366692549, ndzprev = 0.16562879279624818
└ @ OrdinaryDiffEqNonlinearSolve ~/.julia/packages/OrdinaryDiffEqNonlinearSolve/doSPx/src/nlsolve.jl:101
┌ Warning: Verbosity toggle: newton_convergence 
│  Newton iteration failed with stale Jacobian, retrying with fresh Jacobian
└ @ OrdinaryDiffEqNonlinearSolve ~/.julia/packages/OrdinaryDiffEqNonlinearSolve/doSPx/src/nlsolve.jl:144
┌ Warning: Verbosity toggle: newton_convergence 
│  Newton iteration failed with stale Jacobian, retrying with fresh Jacobian
└ @ OrdinaryDiffEqNonlinearSolve ~/.julia/packages/OrdinaryDiffEqNonlinearSolve/doSPx/src/nlsolve.jl:144
┌ Warning: Verbosity toggle: newton_convergence 
│  Newton iteration failed with stale Jacobian, retrying with fresh Jacobian
└ @ OrdinaryDiffEqNonlinearSolve ~/.julia/packages/OrdinaryDiffEqNonlinearSolve/doSPx/src/nlsolve.jl:144
┌ Warning: Verbosity toggle: newton_convergence 
│  Newton iteration diverging: θ = Dual{ForwardDiff.Tag{PEtab.var"#302#303"{Bool, PEtab.PEtabODEProblemInfo{ODESolver, ODESolver, PEtab.PEtabODEProblemCache{Vector{Float64}, PreallocationTools.DiffCache{Vector{Float64}, Vector{Float64}}, Vector{Float64}, Matrix{Float64}, Dict{Symbol, PreallocationTools.DiffCache}, Dict{Symbol, PreallocationTools.DiffCache}, Dict{Symbol, PreallocationTools.DiffCache}, Vector{Float64}}}, PEtab.PEtabODEProblemInfo{ODESolver, ODESolver, PEtab.PEtabODEProblemCache{Vector{Float64}, PreallocationTools.DiffCache{Vector{Float64}, Vector{Float64}}, Vector{Float64}, Matrix{Float64}, Dict{Symbol, PreallocationTools.DiffCache}, Dict{Symbol, PreallocationTools.DiffCache}, Dict{Symbol, PreallocationTools.DiffCache}, Vector{Float64}}}, Vector{Float64}, Vector{Float64}, Vector{Float64}, PEtab.ModelInfo}, Float64}}(2.096704390728026,0.0,0.0,0.0,0.0,0.0,0.0,0.0,0.0,0.0) > 2, ndz = 1.4280889215064276, ndzprev = 0.6811112371499165
└ @ OrdinaryDiffEqNonlinearSolve ~/.julia/packages/OrdinaryDiffEqNonlinearSolve/doSPx/src/nlsolve.jl:101
┌ Warning: Verbosity toggle: newton_convergence 
│  Newton iteration failed with stale Jacobian, retrying with fresh Jacobian
└ @ OrdinaryDiffEqNonlinearSolve ~/.julia/packages/OrdinaryDiffEqNonlinearSolve/doSPx/src/nlsolve.jl:144
┌ Warning: Verbosity toggle: newton_convergence 
│  Newton iteration diverging: θ = Dual{ForwardDiff.Tag{PEtab.var"#302#303"{Bool, PEtab.PEtabODEProblemInfo{ODESolver, ODESolver, PEtab.PEtabODEProblemCache{Vector{Float64}, PreallocationTools.DiffCache{Vector{Float64}, Vector{Float64}}, Vector{Float64}, Matrix{Float64}, Dict{Symbol, PreallocationTools.DiffCache}, Dict{Symbol, PreallocationTools.DiffCache}, Dict{Symbol, PreallocationTools.DiffCache}, Vector{Float64}}}, PEtab.PEtabODEProblemInfo{ODESolver, ODESolver, PEtab.PEtabODEProblemCache{Vector{Float64}, PreallocationTools.DiffCache{Vector{Float64}, Vector{Float64}}, Vector{Float64}, Matrix{Float64}, Dict{Symbol, PreallocationTools.DiffCache}, Dict{Symbol, PreallocationTools.DiffCache}, Dict{Symbol, PreallocationTools.DiffCache}, Vector{Float64}}}, Vector{Float64}, Vector{Float64}, Vector{Float64}, PEtab.ModelInfo}, Float64}}(2.2257877416444325,0.0,0.0,0.0,0.0,0.0,0.0,0.0,0.0,0.0) > 2, ndz = 0.3686545366692549, ndzprev = 0.16562879279624818
└ @ OrdinaryDiffEqNonlinearSolve ~/.julia/packages/OrdinaryDiffEqNonlinearSolve/doSPx/src/nlsolve.jl:101
┌ Warning: Verbosity toggle: newton_convergence 
│  Newton iteration failed with stale Jacobian, retrying with fresh Jacobian
└ @ OrdinaryDiffEqNonlinearSolve ~/.julia/packages/OrdinaryDiffEqNonlinearSolve/doSPx/src/nlsolve.jl:144
┌ Warning: Verbosity toggle: newton_convergence 
│  Newton iteration failed with stale Jacobian, retrying with fresh Jacobian
└ @ OrdinaryDiffEqNonlinearSolve ~/.julia/packages/OrdinaryDiffEqNonlinearSolve/doSPx/src/nlsolve.jl:144
┌ Warning: Verbosity toggle: newton_convergence 
│  Newton iteration failed with stale Jacobian, retrying with fresh Jacobian
└ @ OrdinaryDiffEqNonlinearSolve ~/.julia/packages/OrdinaryDiffEqNonlinearSolve/doSPx/src/nlsolve.jl:144
┌ Warning: Verbosity toggle: newton_convergence 
│  Newton iteration failed with stale Jacobian, retrying with fresh Jacobian
└ @ OrdinaryDiffEqNonlinearSolve ~/.julia/packages/OrdinaryDiffEqNonlinearSolve/doSPx/src/nlsolve.jl:144
┌ Warning: Verbosity toggle: newton_convergence 
│  Newton iteration failed with stale Jacobian, retrying with fresh Jacobian
└ @ OrdinaryDiffEqNonlinearSolve ~/.julia/packages/OrdinaryDiffEqNonlinearSolve/doSPx/src/nlsolve.jl:144
┌ Warning: Verbosity toggle: newton_convergence 
│  Newton iteration failed with stale Jacobian, retrying with fresh Jacobian
└ @ OrdinaryDiffEqNonlinearSolve ~/.julia/packages/OrdinaryDiffEqNonlinearSolve/doSPx/src/nlsolve.jl:144
┌ Warning: Verbosity toggle: newton_convergence 
│  Newton iteration failed with stale Jacobian, retrying with fresh Jacobian
└ @ OrdinaryDiffEqNonlinearSolve ~/.julia/packages/OrdinaryDiffEqNonlinearSolve/doSPx/src/nlsolve.jl:144
┌ Warning: Verbosity toggle: newton_convergence 
│  Newton iteration failed with stale Jacobian, retrying with fresh Jacobian
└ @ OrdinaryDiffEqNonlinearSolve ~/.julia/packages/OrdinaryDiffEqNonlinearSolve/doSPx/src/nlsolve.jl:144
┌ Warning: Verbosity toggle: newton_convergence 
│  Newton iteration failed with stale Jacobian, retrying with fresh Jacobian
└ @ OrdinaryDiffEqNonlinearSolve ~/.julia/packages/OrdinaryDiffEqNonlinearSolve/doSPx/src/nlsolve.jl:144
┌ Warning: Verbosity toggle: newton_convergence 
│  Newton iteration diverging: θ = Dual{ForwardDiff.Tag{PEtab.var"#302#303"{Bool, PEtab.PEtabODEProblemInfo{ODESolver, ODESolver, PEtab.PEtabODEProblemCache{Vector{Float64}, PreallocationTools.DiffCache{Vector{Float64}, Vector{Float64}}, Vector{Float64}, Matrix{Float64}, Dict{Symbol, PreallocationTools.DiffCache}, Dict{Symbol, PreallocationTools.DiffCache}, Dict{Symbol, PreallocationTools.DiffCache}, Vector{Float64}}}, PEtab.PEtabODEProblemInfo{ODESolver, ODESolver, PEtab.PEtabODEProblemCache{Vector{Float64}, PreallocationTools.DiffCache{Vector{Float64}, Vector{Float64}}, Vector{Float64}, Matrix{Float64}, Dict{Symbol, PreallocationTools.DiffCache}, Dict{Symbol, PreallocationTools.DiffCache}, Dict{Symbol, PreallocationTools.DiffCache}, Vector{Float64}}}, Vector{Float64}, Vector{Float64}, Vector{Float64}, PEtab.ModelInfo}, Float64}}(2.296917460397525,0.0,0.0,0.0,0.0,0.0,0.0,0.0,0.0,0.0) > 2, ndz = 0.6139918088526586, ndzprev = 0.2673112201195056
└ @ OrdinaryDiffEqNonlinearSolve ~/.julia/packages/OrdinaryDiffEqNonlinearSolve/doSPx/src/nlsolve.jl:101
┌ Warning: Verbosity toggle: newton_convergence 
│  Newton iteration failed with stale Jacobian, retrying with fresh Jacobian
└ @ OrdinaryDiffEqNonlinearSolve ~/.julia/packages/OrdinaryDiffEqNonlinearSolve/doSPx/src/nlsolve.jl:144
┌ Warning: Verbosity toggle: newton_convergence 
│  Newton iteration diverging: θ = Dual{ForwardDiff.Tag{PEtab.var"#302#303"{Bool, PEtab.PEtabODEProblemInfo{ODESolver, ODESolver, PEtab.PEtabODEProblemCache{Vector{Float64}, PreallocationTools.DiffCache{Vector{Float64}, Vector{Float64}}, Vector{Float64}, Matrix{Float64}, Dict{Symbol, PreallocationTools.DiffCache}, Dict{Symbol, PreallocationTools.DiffCache}, Dict{Symbol, PreallocationTools.DiffCache}, Vector{Float64}}}, PEtab.PEtabODEProblemInfo{ODESolver, ODESolver, PEtab.PEtabODEProblemCache{Vector{Float64}, PreallocationTools.DiffCache{Vector{Float64}, Vector{Float64}}, Vector{Float64}, Matrix{Float64}, Dict{Symbol, PreallocationTools.DiffCache}, Dict{Symbol, PreallocationTools.DiffCache}, Dict{Symbol, PreallocationTools.DiffCache}, Vector{Float64}}}, Vector{Float64}, Vector{Float64}, Vector{Float64}, PEtab.ModelInfo}, Float64}}(2.6705032467686167,0.0,0.0,0.0,0.0,0.0,0.0,0.0,0.0,0.0) > 2, ndz = 0.39398289169969475, ndzprev = 0.14753132847766615
└ @ OrdinaryDiffEqNonlinearSolve ~/.julia/packages/OrdinaryDiffEqNonlinearSolve/doSPx/src/nlsolve.jl:101
┌ Warning: Verbosity toggle: newton_convergence 
│  Newton iteration failed with stale Jacobian, retrying with fresh Jacobian
└ @ OrdinaryDiffEqNonlinearSolve ~/.julia/packages/OrdinaryDiffEqNonlinearSolve/doSPx/src/nlsolve.jl:144
┌ Warning: Verbosity toggle: newton_convergence 
│  Newton iteration failed with stale Jacobian, retrying with fresh Jacobian
└ @ OrdinaryDiffEqNonlinearSolve ~/.julia/packages/OrdinaryDiffEqNonlinearSolve/doSPx/src/nlsolve.jl:144
┌ Warning: Verbosity toggle: newton_convergence 
│  Newton iteration failed with stale Jacobian, retrying with fresh Jacobian
└ @ OrdinaryDiffEqNonlinearSolve ~/.julia/packages/OrdinaryDiffEqNonlinearSolve/doSPx/src/nlsolve.jl:144
┌ Warning: Verbosity toggle: newton_convergence 
│  Newton iteration failed with stale Jacobian, retrying with fresh Jacobian
└ @ OrdinaryDiffEqNonlinearSolve ~/.julia/packages/OrdinaryDiffEqNonlinearSolve/doSPx/src/nlsolve.jl:144
┌ Warning: Verbosity toggle: newton_convergence 
│  Newton iteration diverging: θ = Dual{ForwardDiff.Tag{PEtab.var"#302#303"{Bool, PEtab.PEtabODEProblemInfo{ODESolver, ODESolver, PEtab.PEtabODEProblemCache{Vector{Float64}, PreallocationTools.DiffCache{Vector{Float64}, Vector{Float64}}, Vector{Float64}, Matrix{Float64}, Dict{Symbol, PreallocationTools.DiffCache}, Dict{Symbol, PreallocationTools.DiffCache}, Dict{Symbol, PreallocationTools.DiffCache}, Vector{Float64}}}, PEtab.PEtabODEProblemInfo{ODESolver, ODESolver, PEtab.PEtabODEProblemCache{Vector{Float64}, PreallocationTools.DiffCache{Vector{Float64}, Vector{Float64}}, Vector{Float64}, Matrix{Float64}, Dict{Symbol, PreallocationTools.DiffCache}, Dict{Symbol, PreallocationTools.DiffCache}, Dict{Symbol, PreallocationTools.DiffCache}, Vector{Float64}}}, Vector{Float64}, Vector{Float64}, Vector{Float64}, PEtab.ModelInfo}, Float64}}(2.296917460397525,0.0,0.0,0.0,0.0,0.0,0.0,0.0,0.0,0.0) > 2, ndz = 0.6139918088526586, ndzprev = 0.2673112201195056
└ @ OrdinaryDiffEqNonlinearSolve ~/.julia/packages/OrdinaryDiffEqNonlinearSolve/doSPx/src/nlsolve.jl:101
┌ Warning: Verbosity toggle: newton_convergence 
│  Newton iteration failed with stale Jacobian, retrying with fresh Jacobian
└ @ OrdinaryDiffEqNonlinearSolve ~/.julia/packages/OrdinaryDiffEqNonlinearSolve/doSPx/src/nlsolve.jl:144
┌ Warning: Verbosity toggle: newton_convergence 
│  Newton iteration diverging: θ = Dual{ForwardDiff.Tag{PEtab.var"#302#303"{Bool, PEtab.PEtabODEProblemInfo{ODESolver, ODESolver, PEtab.PEtabODEProblemCache{Vector{Float64}, PreallocationTools.DiffCache{Vector{Float64}, Vector{Float64}}, Vector{Float64}, Matrix{Float64}, Dict{Symbol, PreallocationTools.DiffCache}, Dict{Symbol, PreallocationTools.DiffCache}, Dict{Symbol, PreallocationTools.DiffCache}, Vector{Float64}}}, PEtab.PEtabODEProblemInfo{ODESolver, ODESolver, PEtab.PEtabODEProblemCache{Vector{Float64}, PreallocationTools.DiffCache{Vector{Float64}, Vector{Float64}}, Vector{Float64}, Matrix{Float64}, Dict{Symbol, PreallocationTools.DiffCache}, Dict{Symbol, PreallocationTools.DiffCache}, Dict{Symbol, PreallocationTools.DiffCache}, Vector{Float64}}}, Vector{Float64}, Vector{Float64}, Vector{Float64}, PEtab.ModelInfo}, Float64}}(2.6705032467686167,0.0,0.0,0.0,0.0,0.0,0.0,0.0,0.0,0.0) > 2, ndz = 0.39398289169969475, ndzprev = 0.14753132847766615
└ @ OrdinaryDiffEqNonlinearSolve ~/.julia/packages/OrdinaryDiffEqNonlinearSolve/doSPx/src/nlsolve.jl:101
┌ Warning: Verbosity toggle: newton_convergence 
│  Newton iteration failed with stale Jacobian, retrying with fresh Jacobian
└ @ OrdinaryDiffEqNonlinearSolve ~/.julia/packages/OrdinaryDiffEqNonlinearSolve/doSPx/src/nlsolve.jl:144
┌ Warning: Verbosity toggle: newton_convergence 
│  Newton iteration failed with stale Jacobian, retrying with fresh Jacobian
└ @ OrdinaryDiffEqNonlinearSolve ~/.julia/packages/OrdinaryDiffEqNonlinearSolve/doSPx/src/nlsolve.jl:144
┌ Warning: Verbosity toggle: newton_convergence 
│  Newton iteration failed with stale Jacobian, retrying with fresh Jacobian
└ @ OrdinaryDiffEqNonlinearSolve ~/.julia/packages/OrdinaryDiffEqNonlinearSolve/doSPx/src/nlsolve.jl:144
┌ Warning: Verbosity toggle: newton_convergence 
│  Newton iteration failed with stale Jacobian, retrying with fresh Jacobian
└ @ OrdinaryDiffEqNonlinearSolve ~/.julia/packages/OrdinaryDiffEqNonlinearSolve/doSPx/src/nlsolve.jl:144
┌ Warning: Verbosity toggle: newton_convergence 
│  Newton iteration failed with stale Jacobian, retrying with fresh Jacobian
└ @ OrdinaryDiffEqNonlinearSolve ~/.julia/packages/OrdinaryDiffEqNonlinearSolve/doSPx/src/nlsolve.jl:144
┌ Warning: Verbosity toggle: newton_convergence 
│  Newton iteration failed with stale Jacobian, retrying with fresh Jacobian
└ @ OrdinaryDiffEqNonlinearSolve ~/.julia/packages/OrdinaryDiffEqNonlinearSolve/doSPx/src/nlsolve.jl:144
┌ Warning: Verbosity toggle: newton_convergence 
│  Newton iteration diverging: θ = Dual{ForwardDiff.Tag{PEtab.var"#302#303"{Bool, PEtab.PEtabODEProblemInfo{ODESolver, ODESolver, PEtab.PEtabODEProblemCache{Vector{Float64}, PreallocationTools.DiffCache{Vector{Float64}, Vector{Float64}}, Vector{Float64}, Matrix{Float64}, Dict{Symbol, PreallocationTools.DiffCache}, Dict{Symbol, PreallocationTools.DiffCache}, Dict{Symbol, PreallocationTools.DiffCache}, Vector{Float64}}}, PEtab.PEtabODEProblemInfo{ODESolver, ODESolver, PEtab.PEtabODEProblemCache{Vector{Float64}, PreallocationTools.DiffCache{Vector{Float64}, Vector{Float64}}, Vector{Float64}, Matrix{Float64}, Dict{Symbol, PreallocationTools.DiffCache}, Dict{Symbol, PreallocationTools.DiffCache}, Dict{Symbol, PreallocationTools.DiffCache}, Vector{Float64}}}, Vector{Float64}, Vector{Float64}, Vector{Float64}, PEtab.ModelInfo}, Float64}}(2.047775525695377,0.0,0.0,0.0,0.0,0.0,0.0,0.0,0.0,0.0) > 2, ndz = 0.9823940852573104, ndzprev = 0.47973719430195466
└ @ OrdinaryDiffEqNonlinearSolve ~/.julia/packages/OrdinaryDiffEqNonlinearSolve/doSPx/src/nlsolve.jl:101
┌ Warning: Verbosity toggle: newton_convergence 
│  Newton iteration failed with stale Jacobian, retrying with fresh Jacobian
└ @ OrdinaryDiffEqNonlinearSolve ~/.julia/packages/OrdinaryDiffEqNonlinearSolve/doSPx/src/nlsolve.jl:144
┌ Warning: Verbosity toggle: newton_convergence 
│  Newton iteration failed with stale Jacobian, retrying with fresh Jacobian
└ @ OrdinaryDiffEqNonlinearSolve ~/.julia/packages/OrdinaryDiffEqNonlinearSolve/doSPx/src/nlsolve.jl:144
┌ Warning: Verbosity toggle: newton_convergence 
│  Newton iteration failed with stale Jacobian, retrying with fresh Jacobian
└ @ OrdinaryDiffEqNonlinearSolve ~/.julia/packages/OrdinaryDiffEqNonlinearSolve/doSPx/src/nlsolve.jl:144
┌ Warning: Verbosity toggle: newton_convergence 
│  Newton iteration failed with stale Jacobian, retrying with fresh Jacobian
└ @ OrdinaryDiffEqNonlinearSolve ~/.julia/packages/OrdinaryDiffEqNonlinearSolve/doSPx/src/nlsolve.jl:144
┌ Warning: Verbosity toggle: newton_convergence 
│  Newton iteration failed with stale Jacobian, retrying with fresh Jacobian
└ @ OrdinaryDiffEqNonlinearSolve ~/.julia/packages/OrdinaryDiffEqNonlinearSolve/doSPx/src/nlsolve.jl:144
┌ Warning: Verbosity toggle: newton_convergence 
│  Newton iteration diverging: θ = Dual{ForwardDiff.Tag{PEtab.var"#302#303"{Bool, PEtab.PEtabODEProblemInfo{ODESolver, ODESolver, PEtab.PEtabODEProblemCache{Vector{Float64}, PreallocationTools.DiffCache{Vector{Float64}, Vector{Float64}}, Vector{Float64}, Matrix{Float64}, Dict{Symbol, PreallocationTools.DiffCache}, Dict{Symbol, PreallocationTools.DiffCache}, Dict{Symbol, PreallocationTools.DiffCache}, Vector{Float64}}}, PEtab.PEtabODEProblemInfo{ODESolver, ODESolver, PEtab.PEtabODEProblemCache{Vector{Float64}, PreallocationTools.DiffCache{Vector{Float64}, Vector{Float64}}, Vector{Float64}, Matrix{Float64}, Dict{Symbol, PreallocationTools.DiffCache}, Dict{Symbol, PreallocationTools.DiffCache}, Dict{Symbol, PreallocationTools.DiffCache}, Vector{Float64}}}, Vector{Float64}, Vector{Float64}, Vector{Float64}, PEtab.ModelInfo}, Float64}}(2.047775525695377,0.0,0.0,0.0,0.0,0.0,0.0,0.0,0.0,0.0) > 2, ndz = 0.9823940852573104, ndzprev = 0.47973719430195466
└ @ OrdinaryDiffEqNonlinearSolve ~/.julia/packages/OrdinaryDiffEqNonlinearSolve/doSPx/src/nlsolve.jl:101
┌ Warning: Verbosity toggle: newton_convergence 
│  Newton iteration failed with stale Jacobian, retrying with fresh Jacobian
└ @ OrdinaryDiffEqNonlinearSolve ~/.julia/packages/OrdinaryDiffEqNonlinearSolve/doSPx/src/nlsolve.jl:144
┌ Warning: Verbosity toggle: newton_convergence 
│  Newton iteration failed with stale Jacobian, retrying with fresh Jacobian
└ @ OrdinaryDiffEqNonlinearSolve ~/.julia/packages/OrdinaryDiffEqNonlinearSolve/doSPx/src/nlsolve.jl:144
┌ Warning: Verbosity toggle: newton_convergence 
│  Newton iteration failed with stale Jacobian, retrying with fresh Jacobian
└ @ OrdinaryDiffEqNonlinearSolve ~/.julia/packages/OrdinaryDiffEqNonlinearSolve/doSPx/src/nlsolve.jl:144
┌ Warning: Verbosity toggle: newton_convergence 
│  Newton iteration failed with stale Jacobian, retrying with fresh Jacobian
└ @ OrdinaryDiffEqNonlinearSolve ~/.julia/packages/OrdinaryDiffEqNonlinearSolve/doSPx/src/nlsolve.jl:144
┌ Warning: Verbosity toggle: newton_convergence 
│  Newton iteration failed with stale Jacobian, retrying with fresh Jacobian
└ @ OrdinaryDiffEqNonlinearSolve ~/.julia/packages/OrdinaryDiffEqNonlinearSolve/doSPx/src/nlsolve.jl:144
┌ Warning: Verbosity toggle: newton_convergence 
│  Newton iteration failed with stale Jacobian, retrying with fresh Jacobian
└ @ OrdinaryDiffEqNonlinearSolve ~/.julia/packages/OrdinaryDiffEqNonlinearSolve/doSPx/src/nlsolve.jl:144
┌ Warning: Verbosity toggle: newton_convergence 
│  Newton iteration diverging: θ = 2.5377107003467048 > 2, ndz = 1.4127674168211415, ndzprev = 0.5567094060911386
└ @ OrdinaryDiffEqNonlinearSolve ~/.julia/packages/OrdinaryDiffEqNonlinearSolve/doSPx/src/nlsolve.jl:101
┌ Warning: Verbosity toggle: newton_convergence 
│  Newton iteration failed with stale Jacobian, retrying with fresh Jacobian
└ @ OrdinaryDiffEqNonlinearSolve ~/.julia/packages/OrdinaryDiffEqNonlinearSolve/doSPx/src/nlsolve.jl:144
┌ Warning: Verbosity toggle: newton_convergence 
│  Newton iteration failed with stale Jacobian, retrying with fresh Jacobian
└ @ OrdinaryDiffEqNonlinearSolve ~/.julia/packages/OrdinaryDiffEqNonlinearSolve/doSPx/src/nlsolve.jl:144
┌ Warning: Verbosity toggle: newton_convergence 
│  Newton iteration failed with stale Jacobian, retrying with fresh Jacobian
└ @ OrdinaryDiffEqNonlinearSolve ~/.julia/packages/OrdinaryDiffEqNonlinearSolve/doSPx/src/nlsolve.jl:144
┌ Warning: Verbosity toggle: newton_convergence 
│  Newton iteration diverging: θ = 2.5377107003467048 > 2, ndz = 1.4127674168211415, ndzprev = 0.5567094060911386
└ @ OrdinaryDiffEqNonlinearSolve ~/.julia/packages/OrdinaryDiffEqNonlinearSolve/doSPx/src/nlsolve.jl:101
┌ Warning: Verbosity toggle: newton_convergence 
│  Newton iteration failed with stale Jacobian, retrying with fresh Jacobian
└ @ OrdinaryDiffEqNonlinearSolve ~/.julia/packages/OrdinaryDiffEqNonlinearSolve/doSPx/src/nlsolve.jl:144
┌ Warning: Verbosity toggle: newton_convergence 
│  Newton iteration failed with stale Jacobian, retrying with fresh Jacobian
└ @ OrdinaryDiffEqNonlinearSolve ~/.julia/packages/OrdinaryDiffEqNonlinearSolve/doSPx/src/nlsolve.jl:144
┌ Warning: Verbosity toggle: newton_convergence 
│  Newton iteration failed with stale Jacobian, retrying with fresh Jacobian
└ @ OrdinaryDiffEqNonlinearSolve ~/.julia/packages/OrdinaryDiffEqNonlinearSolve/doSPx/src/nlsolve.jl:144
┌ Warning: Verbosity toggle: newton_convergence 
│  Newton iteration failed with stale Jacobian, retrying with fresh Jacobian
└ @ OrdinaryDiffEqNonlinearSolve ~/.julia/packages/OrdinaryDiffEqNonlinearSolve/doSPx/src/nlsolve.jl:144
┌ Warning: Verbosity toggle: newton_convergence 
│  Newton iteration failed with stale Jacobian, retrying with fresh Jacobian
└ @ OrdinaryDiffEqNonlinearSolve ~/.julia/packages/OrdinaryDiffEqNonlinearSolve/doSPx/src/nlsolve.jl:144
┌ Warning: Verbosity toggle: newton_convergence 
│  Newton iteration failed with stale Jacobian, retrying with fresh Jacobian
└ @ OrdinaryDiffEqNonlinearSolve ~/.julia/packages/OrdinaryDiffEqNonlinearSolve/doSPx/src/nlsolve.jl:144
┌ Warning: Verbosity toggle: newton_convergence 
│  Newton iteration diverging: θ = Dual{ForwardDiff.Tag{PEtab.var"#302#303"{Bool, PEtab.PEtabODEProblemInfo{ODESolver, ODESolver, PEtab.PEtabODEProblemCache{Vector{Float64}, PreallocationTools.DiffCache{Vector{Float64}, Vector{Float64}}, Vector{Float64}, Matrix{Float64}, Dict{Symbol, PreallocationTools.DiffCache}, Dict{Symbol, PreallocationTools.DiffCache}, Dict{Symbol, PreallocationTools.DiffCache}, Vector{Float64}}}, PEtab.PEtabODEProblemInfo{ODESolver, ODESolver, PEtab.PEtabODEProblemCache{Vector{Float64}, PreallocationTools.DiffCache{Vector{Float64}, Vector{Float64}}, Vector{Float64}, Matrix{Float64}, Dict{Symbol, PreallocationTools.DiffCache}, Dict{Symbol, PreallocationTools.DiffCache}, Dict{Symbol, PreallocationTools.DiffCache}, Vector{Float64}}}, Vector{Float64}, Vector{Float64}, Vector{Float64}, PEtab.ModelInfo}, Float64}}(2.096704533623374,0.0,0.0,0.0,0.0,0.0,0.0,0.0,0.0,0.0) > 2, ndz = 1.4280887485673346, ndzprev = 0.6811111082491983
└ @ OrdinaryDiffEqNonlinearSolve ~/.julia/packages/OrdinaryDiffEqNonlinearSolve/doSPx/src/nlsolve.jl:101
┌ Warning: Verbosity toggle: newton_convergence 
│  Newton iteration failed with stale Jacobian, retrying with fresh Jacobian
└ @ OrdinaryDiffEqNonlinearSolve ~/.julia/packages/OrdinaryDiffEqNonlinearSolve/doSPx/src/nlsolve.jl:144
┌ Warning: Verbosity toggle: newton_convergence 
│  Newton iteration diverging: θ = Dual{ForwardDiff.Tag{PEtab.var"#302#303"{Bool, PEtab.PEtabODEProblemInfo{ODESolver, ODESolver, PEtab.PEtabODEProblemCache{Vector{Float64}, PreallocationTools.DiffCache{Vector{Float64}, Vector{Float64}}, Vector{Float64}, Matrix{Float64}, Dict{Symbol, PreallocationTools.DiffCache}, Dict{Symbol, PreallocationTools.DiffCache}, Dict{Symbol, PreallocationTools.DiffCache}, Vector{Float64}}}, PEtab.PEtabODEProblemInfo{ODESolver, ODESolver, PEtab.PEtabODEProblemCache{Vector{Float64}, PreallocationTools.DiffCache{Vector{Float64}, Vector{Float64}}, Vector{Float64}, Matrix{Float64}, Dict{Symbol, PreallocationTools.DiffCache}, Dict{Symbol, PreallocationTools.DiffCache}, Dict{Symbol, PreallocationTools.DiffCache}, Vector{Float64}}}, Vector{Float64}, Vector{Float64}, Vector{Float64}, PEtab.ModelInfo}, Float64}}(2.225784800203919,0.0,0.0,0.0,0.0,0.0,0.0,0.0,0.0,0.0) > 2, ndz = 0.36865432743838566, ndzprev = 0.16562891767641272
└ @ OrdinaryDiffEqNonlinearSolve ~/.julia/packages/OrdinaryDiffEqNonlinearSolve/doSPx/src/nlsolve.jl:101
┌ Warning: Verbosity toggle: newton_convergence 
│  Newton iteration failed with stale Jacobian, retrying with fresh Jacobian
└ @ OrdinaryDiffEqNonlinearSolve ~/.julia/packages/OrdinaryDiffEqNonlinearSolve/doSPx/src/nlsolve.jl:144
┌ Warning: Verbosity toggle: newton_convergence 
│  Newton iteration failed with stale Jacobian, retrying with fresh Jacobian
└ @ OrdinaryDiffEqNonlinearSolve ~/.julia/packages/OrdinaryDiffEqNonlinearSolve/doSPx/src/nlsolve.jl:144
┌ Warning: Verbosity toggle: newton_convergence 
│  Newton iteration failed with stale Jacobian, retrying with fresh Jacobian
└ @ OrdinaryDiffEqNonlinearSolve ~/.julia/packages/OrdinaryDiffEqNonlinearSolve/doSPx/src/nlsolve.jl:144
┌ Warning: Verbosity toggle: newton_convergence 
│  Newton iteration diverging: θ = Dual{ForwardDiff.Tag{PEtab.var"#302#303"{Bool, PEtab.PEtabODEProblemInfo{ODESolver, ODESolver, PEtab.PEtabODEProblemCache{Vector{Float64}, PreallocationTools.DiffCache{Vector{Float64}, Vector{Float64}}, Vector{Float64}, Matrix{Float64}, Dict{Symbol, PreallocationTools.DiffCache}, Dict{Symbol, PreallocationTools.DiffCache}, Dict{Symbol, PreallocationTools.DiffCache}, Vector{Float64}}}, PEtab.PEtabODEProblemInfo{ODESolver, ODESolver, PEtab.PEtabODEProblemCache{Vector{Float64}, PreallocationTools.DiffCache{Vector{Float64}, Vector{Float64}}, Vector{Float64}, Matrix{Float64}, Dict{Symbol, PreallocationTools.DiffCache}, Dict{Symbol, PreallocationTools.DiffCache}, Dict{Symbol, PreallocationTools.DiffCache}, Vector{Float64}}}, Vector{Float64}, Vector{Float64}, Vector{Float64}, PEtab.ModelInfo}, Float64}}(2.096704533623374,0.0,0.0,0.0,0.0,0.0,0.0,0.0,0.0,0.0) > 2, ndz = 1.4280887485673346, ndzprev = 0.6811111082491983
└ @ OrdinaryDiffEqNonlinearSolve ~/.julia/packages/OrdinaryDiffEqNonlinearSolve/doSPx/src/nlsolve.jl:101
┌ Warning: Verbosity toggle: newton_convergence 
│  Newton iteration failed with stale Jacobian, retrying with fresh Jacobian
└ @ OrdinaryDiffEqNonlinearSolve ~/.julia/packages/OrdinaryDiffEqNonlinearSolve/doSPx/src/nlsolve.jl:144
┌ Warning: Verbosity toggle: newton_convergence 
│  Newton iteration diverging: θ = Dual{ForwardDiff.Tag{PEtab.var"#302#303"{Bool, PEtab.PEtabODEProblemInfo{ODESolver, ODESolver, PEtab.PEtabODEProblemCache{Vector{Float64}, PreallocationTools.DiffCache{Vector{Float64}, Vector{Float64}}, Vector{Float64}, Matrix{Float64}, Dict{Symbol, PreallocationTools.DiffCache}, Dict{Symbol, PreallocationTools.DiffCache}, Dict{Symbol, PreallocationTools.DiffCache}, Vector{Float64}}}, PEtab.PEtabODEProblemInfo{ODESolver, ODESolver, PEtab.PEtabODEProblemCache{Vector{Float64}, PreallocationTools.DiffCache{Vector{Float64}, Vector{Float64}}, Vector{Float64}, Matrix{Float64}, Dict{Symbol, PreallocationTools.DiffCache}, Dict{Symbol, PreallocationTools.DiffCache}, Dict{Symbol, PreallocationTools.DiffCache}, Vector{Float64}}}, Vector{Float64}, Vector{Float64}, Vector{Float64}, PEtab.ModelInfo}, Float64}}(2.225784800203919,0.0,0.0,0.0,0.0,0.0,0.0,0.0,0.0,0.0) > 2, ndz = 0.36865432743838566, ndzprev = 0.16562891767641272
└ @ OrdinaryDiffEqNonlinearSolve ~/.julia/packages/OrdinaryDiffEqNonlinearSolve/doSPx/src/nlsolve.jl:101
┌ Warning: Verbosity toggle: newton_convergence 
│  Newton iteration failed with stale Jacobian, retrying with fresh Jacobian
└ @ OrdinaryDiffEqNonlinearSolve ~/.julia/packages/OrdinaryDiffEqNonlinearSolve/doSPx/src/nlsolve.jl:144
┌ Warning: Verbosity toggle: newton_convergence 
│  Newton iteration failed with stale Jacobian, retrying with fresh Jacobian
└ @ OrdinaryDiffEqNonlinearSolve ~/.julia/packages/OrdinaryDiffEqNonlinearSolve/doSPx/src/nlsolve.jl:144
┌ Warning: Verbosity toggle: newton_convergence 
│  Newton iteration failed with stale Jacobian, retrying with fresh Jacobian
└ @ OrdinaryDiffEqNonlinearSolve ~/.julia/packages/OrdinaryDiffEqNonlinearSolve/doSPx/src/nlsolve.jl:144
┌ Warning: Verbosity toggle: newton_convergence 
│  Newton iteration failed with stale Jacobian, retrying with fresh Jacobian
└ @ OrdinaryDiffEqNonlinearSolve ~/.julia/packages/OrdinaryDiffEqNonlinearSolve/doSPx/src/nlsolve.jl:144
┌ Warning: Verbosity toggle: newton_convergence 
│  Newton iteration failed with stale Jacobian, retrying with fresh Jacobian
└ @ OrdinaryDiffEqNonlinearSolve ~/.julia/packages/OrdinaryDiffEqNonlinearSolve/doSPx/src/nlsolve.jl:144
┌ Warning: Verbosity toggle: newton_convergence 
│  Newton iteration failed with stale Jacobian, retrying with fresh Jacobian
└ @ OrdinaryDiffEqNonlinearSolve ~/.julia/packages/OrdinaryDiffEqNonlinearSolve/doSPx/src/nlsolve.jl:144
┌ Warning: Verbosity toggle: newton_convergence 
│  Newton iteration failed with stale Jacobian, retrying with fresh Jacobian
└ @ OrdinaryDiffEqNonlinearSolve ~/.julia/packages/OrdinaryDiffEqNonlinearSolve/doSPx/src/nlsolve.jl:144
┌ Warning: Verbosity toggle: newton_convergence 
│  Newton iteration failed with stale Jacobian, retrying with fresh Jacobian
└ @ OrdinaryDiffEqNonlinearSolve ~/.julia/packages/OrdinaryDiffEqNonlinearSolve/doSPx/src/nlsolve.jl:144
┌ Warning: Verbosity toggle: newton_convergence 
│  Newton iteration failed with stale Jacobian, retrying with fresh Jacobian
└ @ OrdinaryDiffEqNonlinearSolve ~/.julia/packages/OrdinaryDiffEqNonlinearSolve/doSPx/src/nlsolve.jl:144
┌ Warning: Verbosity toggle: newton_convergence 
│  Newton iteration diverging: θ = Dual{ForwardDiff.Tag{PEtab.var"#302#303"{Bool, PEtab.PEtabODEProblemInfo{ODESolver, ODESolver, PEtab.PEtabODEProblemCache{Vector{Float64}, PreallocationTools.DiffCache{Vector{Float64}, Vector{Float64}}, Vector{Float64}, Matrix{Float64}, Dict{Symbol, PreallocationTools.DiffCache}, Dict{Symbol, PreallocationTools.DiffCache}, Dict{Symbol, PreallocationTools.DiffCache}, Vector{Float64}}}, PEtab.PEtabODEProblemInfo{ODESolver, ODESolver, PEtab.PEtabODEProblemCache{Vector{Float64}, PreallocationTools.DiffCache{Vector{Float64}, Vector{Float64}}, Vector{Float64}, Matrix{Float64}, Dict{Symbol, PreallocationTools.DiffCache}, Dict{Symbol, PreallocationTools.DiffCache}, Dict{Symbol, PreallocationTools.DiffCache}, Vector{Float64}}}, Vector{Float64}, Vector{Float64}, Vector{Float64}, PEtab.ModelInfo}, Float64}}(2.296916781439258,0.0,0.0,0.0,0.0,0.0,0.0,0.0,0.0,0.0) > 2, ndz = 0.6139914576679638, ndzprev = 0.267311146241543
└ @ OrdinaryDiffEqNonlinearSolve ~/.julia/packages/OrdinaryDiffEqNonlinearSolve/doSPx/src/nlsolve.jl:101
┌ Warning: Verbosity toggle: newton_convergence 
│  Newton iteration failed with stale Jacobian, retrying with fresh Jacobian
└ @ OrdinaryDiffEqNonlinearSolve ~/.julia/packages/OrdinaryDiffEqNonlinearSolve/doSPx/src/nlsolve.jl:144
┌ Warning: Verbosity toggle: newton_convergence 
│  Newton iteration diverging: θ = Dual{ForwardDiff.Tag{PEtab.var"#302#303"{Bool, PEtab.PEtabODEProblemInfo{ODESolver, ODESolver, PEtab.PEtabODEProblemCache{Vector{Float64}, PreallocationTools.DiffCache{Vector{Float64}, Vector{Float64}}, Vector{Float64}, Matrix{Float64}, Dict{Symbol, PreallocationTools.DiffCache}, Dict{Symbol, PreallocationTools.DiffCache}, Dict{Symbol, PreallocationTools.DiffCache}, Vector{Float64}}}, PEtab.PEtabODEProblemInfo{ODESolver, ODESolver, PEtab.PEtabODEProblemCache{Vector{Float64}, PreallocationTools.DiffCache{Vector{Float64}, Vector{Float64}}, Vector{Float64}, Matrix{Float64}, Dict{Symbol, PreallocationTools.DiffCache}, Dict{Symbol, PreallocationTools.DiffCache}, Dict{Symbol, PreallocationTools.DiffCache}, Vector{Float64}}}, Vector{Float64}, Vector{Float64}, Vector{Float64}, PEtab.ModelInfo}, Float64}}(2.6705028246815927,0.0,0.0,0.0,0.0,0.0,0.0,0.0,0.0,0.0) > 2, ndz = 0.39398287774605817, ndzprev = 0.14753134657067185
└ @ OrdinaryDiffEqNonlinearSolve ~/.julia/packages/OrdinaryDiffEqNonlinearSolve/doSPx/src/nlsolve.jl:101
┌ Warning: Verbosity toggle: newton_convergence 
│  Newton iteration failed with stale Jacobian, retrying with fresh Jacobian
└ @ OrdinaryDiffEqNonlinearSolve ~/.julia/packages/OrdinaryDiffEqNonlinearSolve/doSPx/src/nlsolve.jl:144
┌ Warning: Verbosity toggle: newton_convergence 
│  Newton iteration failed with stale Jacobian, retrying with fresh Jacobian
└ @ OrdinaryDiffEqNonlinearSolve ~/.julia/packages/OrdinaryDiffEqNonlinearSolve/doSPx/src/nlsolve.jl:144
┌ Warning: Verbosity toggle: newton_convergence 
│  Newton iteration failed with stale Jacobian, retrying with fresh Jacobian
└ @ OrdinaryDiffEqNonlinearSolve ~/.julia/packages/OrdinaryDiffEqNonlinearSolve/doSPx/src/nlsolve.jl:144
┌ Warning: Verbosity toggle: newton_convergence 
│  Newton iteration failed with stale Jacobian, retrying with fresh Jacobian
└ @ OrdinaryDiffEqNonlinearSolve ~/.julia/packages/OrdinaryDiffEqNonlinearSolve/doSPx/src/nlsolve.jl:144
┌ Warning: Verbosity toggle: newton_convergence 
│  Newton iteration diverging: θ = Dual{ForwardDiff.Tag{PEtab.var"#302#303"{Bool, PEtab.PEtabODEProblemInfo{ODESolver, ODESolver, PEtab.PEtabODEProblemCache{Vector{Float64}, PreallocationTools.DiffCache{Vector{Float64}, Vector{Float64}}, Vector{Float64}, Matrix{Float64}, Dict{Symbol, PreallocationTools.DiffCache}, Dict{Symbol, PreallocationTools.DiffCache}, Dict{Symbol, PreallocationTools.DiffCache}, Vector{Float64}}}, PEtab.PEtabODEProblemInfo{ODESolver, ODESolver, PEtab.PEtabODEProblemCache{Vector{Float64}, PreallocationTools.DiffCache{Vector{Float64}, Vector{Float64}}, Vector{Float64}, Matrix{Float64}, Dict{Symbol, PreallocationTools.DiffCache}, Dict{Symbol, PreallocationTools.DiffCache}, Dict{Symbol, PreallocationTools.DiffCache}, Vector{Float64}}}, Vector{Float64}, Vector{Float64}, Vector{Float64}, PEtab.ModelInfo}, Float64}}(2.296916781439258,0.0,0.0,0.0,0.0,0.0,0.0,0.0,0.0,0.0) > 2, ndz = 0.6139914576679638, ndzprev = 0.267311146241543
└ @ OrdinaryDiffEqNonlinearSolve ~/.julia/packages/OrdinaryDiffEqNonlinearSolve/doSPx/src/nlsolve.jl:101
┌ Warning: Verbosity toggle: newton_convergence 
│  Newton iteration failed with stale Jacobian, retrying with fresh Jacobian
└ @ OrdinaryDiffEqNonlinearSolve ~/.julia/packages/OrdinaryDiffEqNonlinearSolve/doSPx/src/nlsolve.jl:144
┌ Warning: Verbosity toggle: newton_convergence 
│  Newton iteration diverging: θ = Dual{ForwardDiff.Tag{PEtab.var"#302#303"{Bool, PEtab.PEtabODEProblemInfo{ODESolver, ODESolver, PEtab.PEtabODEProblemCache{Vector{Float64}, PreallocationTools.DiffCache{Vector{Float64}, Vector{Float64}}, Vector{Float64}, Matrix{Float64}, Dict{Symbol, PreallocationTools.DiffCache}, Dict{Symbol, PreallocationTools.DiffCache}, Dict{Symbol, PreallocationTools.DiffCache}, Vector{Float64}}}, PEtab.PEtabODEProblemInfo{ODESolver, ODESolver, PEtab.PEtabODEProblemCache{Vector{Float64}, PreallocationTools.DiffCache{Vector{Float64}, Vector{Float64}}, Vector{Float64}, Matrix{Float64}, Dict{Symbol, PreallocationTools.DiffCache}, Dict{Symbol, PreallocationTools.DiffCache}, Dict{Symbol, PreallocationTools.DiffCache}, Vector{Float64}}}, Vector{Float64}, Vector{Float64}, Vector{Float64}, PEtab.ModelInfo}, Float64}}(2.6705028246815927,0.0,0.0,0.0,0.0,0.0,0.0,0.0,0.0,0.0) > 2, ndz = 0.39398287774605817, ndzprev = 0.14753134657067185
└ @ OrdinaryDiffEqNonlinearSolve ~/.julia/packages/OrdinaryDiffEqNonlinearSolve/doSPx/src/nlsolve.jl:101
┌ Warning: Verbosity toggle: newton_convergence 
│  Newton iteration failed with stale Jacobian, retrying with fresh Jacobian
└ @ OrdinaryDiffEqNonlinearSolve ~/.julia/packages/OrdinaryDiffEqNonlinearSolve/doSPx/src/nlsolve.jl:144
┌ Warning: Verbosity toggle: newton_convergence 
│  Newton iteration failed with stale Jacobian, retrying with fresh Jacobian
└ @ OrdinaryDiffEqNonlinearSolve ~/.julia/packages/OrdinaryDiffEqNonlinearSolve/doSPx/src/nlsolve.jl:144
┌ Warning: Verbosity toggle: newton_convergence 
│  Newton iteration failed with stale Jacobian, retrying with fresh Jacobian
└ @ OrdinaryDiffEqNonlinearSolve ~/.julia/packages/OrdinaryDiffEqNonlinearSolve/doSPx/src/nlsolve.jl:144
┌ Warning: Verbosity toggle: newton_convergence 
│  Newton iteration failed with stale Jacobian, retrying with fresh Jacobian
└ @ OrdinaryDiffEqNonlinearSolve ~/.julia/packages/OrdinaryDiffEqNonlinearSolve/doSPx/src/nlsolve.jl:144
┌ Warning: Verbosity toggle: newton_convergence 
│  Newton iteration failed with stale Jacobian, retrying with fresh Jacobian
└ @ OrdinaryDiffEqNonlinearSolve ~/.julia/packages/OrdinaryDiffEqNonlinearSolve/doSPx/src/nlsolve.jl:144
┌ Warning: Verbosity toggle: newton_convergence 
│  Newton iteration failed with stale Jacobian, retrying with fresh Jacobian
└ @ OrdinaryDiffEqNonlinearSolve ~/.julia/packages/OrdinaryDiffEqNonlinearSolve/doSPx/src/nlsolve.jl:144
┌ Warning: Verbosity toggle: newton_convergence 
│  Newton iteration diverging: θ = Dual{ForwardDiff.Tag{PEtab.var"#302#303"{Bool, PEtab.PEtabODEProblemInfo{ODESolver, ODESolver, PEtab.PEtabODEProblemCache{Vector{Float64}, PreallocationTools.DiffCache{Vector{Float64}, Vector{Float64}}, Vector{Float64}, Matrix{Float64}, Dict{Symbol, PreallocationTools.DiffCache}, Dict{Symbol, PreallocationTools.DiffCache}, Dict{Symbol, PreallocationTools.DiffCache}, Vector{Float64}}}, PEtab.PEtabODEProblemInfo{ODESolver, ODESolver, PEtab.PEtabODEProblemCache{Vector{Float64}, PreallocationTools.DiffCache{Vector{Float64}, Vector{Float64}}, Vector{Float64}, Matrix{Float64}, Dict{Symbol, PreallocationTools.DiffCache}, Dict{Symbol, PreallocationTools.DiffCache}, Dict{Symbol, PreallocationTools.DiffCache}, Vector{Float64}}}, Vector{Float64}, Vector{Float64}, Vector{Float64}, PEtab.ModelInfo}, Float64}}(2.047775092613597,0.0,0.0,0.0,0.0,0.0,0.0,0.0,0.0,0.0) > 2, ndz = 0.9823938450109616, ndzprev = 0.4797371784403931
└ @ OrdinaryDiffEqNonlinearSolve ~/.julia/packages/OrdinaryDiffEqNonlinearSolve/doSPx/src/nlsolve.jl:101
┌ Warning: Verbosity toggle: newton_convergence 
│  Newton iteration failed with stale Jacobian, retrying with fresh Jacobian
└ @ OrdinaryDiffEqNonlinearSolve ~/.julia/packages/OrdinaryDiffEqNonlinearSolve/doSPx/src/nlsolve.jl:144
┌ Warning: Verbosity toggle: newton_convergence 
│  Newton iteration failed with stale Jacobian, retrying with fresh Jacobian
└ @ OrdinaryDiffEqNonlinearSolve ~/.julia/packages/OrdinaryDiffEqNonlinearSolve/doSPx/src/nlsolve.jl:144
┌ Warning: Verbosity toggle: newton_convergence 
│  Newton iteration failed with stale Jacobian, retrying with fresh Jacobian
└ @ OrdinaryDiffEqNonlinearSolve ~/.julia/packages/OrdinaryDiffEqNonlinearSolve/doSPx/src/nlsolve.jl:144
┌ Warning: Verbosity toggle: newton_convergence 
│  Newton iteration failed with stale Jacobian, retrying with fresh Jacobian
└ @ OrdinaryDiffEqNonlinearSolve ~/.julia/packages/OrdinaryDiffEqNonlinearSolve/doSPx/src/nlsolve.jl:144
┌ Warning: Verbosity toggle: newton_convergence 
│  Newton iteration failed with stale Jacobian, retrying with fresh Jacobian
└ @ OrdinaryDiffEqNonlinearSolve ~/.julia/packages/OrdinaryDiffEqNonlinearSolve/doSPx/src/nlsolve.jl:144
┌ Warning: Verbosity toggle: newton_convergence 
│  Newton iteration diverging: θ = Dual{ForwardDiff.Tag{PEtab.var"#302#303"{Bool, PEtab.PEtabODEProblemInfo{ODESolver, ODESolver, PEtab.PEtabODEProblemCache{Vector{Float64}, PreallocationTools.DiffCache{Vector{Float64}, Vector{Float64}}, Vector{Float64}, Matrix{Float64}, Dict{Symbol, PreallocationTools.DiffCache}, Dict{Symbol, PreallocationTools.DiffCache}, Dict{Symbol, PreallocationTools.DiffCache}, Vector{Float64}}}, PEtab.PEtabODEProblemInfo{ODESolver, ODESolver, PEtab.PEtabODEProblemCache{Vector{Float64}, PreallocationTools.DiffCache{Vector{Float64}, Vector{Float64}}, Vector{Float64}, Matrix{Float64}, Dict{Symbol, PreallocationTools.DiffCache}, Dict{Symbol, PreallocationTools.DiffCache}, Dict{Symbol, PreallocationTools.DiffCache}, Vector{Float64}}}, Vector{Float64}, Vector{Float64}, Vector{Float64}, PEtab.ModelInfo}, Float64}}(2.047775092613597,0.0,0.0,0.0,0.0,0.0,0.0,0.0,0.0,0.0) > 2, ndz = 0.9823938450109616, ndzprev = 0.4797371784403931
└ @ OrdinaryDiffEqNonlinearSolve ~/.julia/packages/OrdinaryDiffEqNonlinearSolve/doSPx/src/nlsolve.jl:101
┌ Warning: Verbosity toggle: newton_convergence 
│  Newton iteration failed with stale Jacobian, retrying with fresh Jacobian
└ @ OrdinaryDiffEqNonlinearSolve ~/.julia/packages/OrdinaryDiffEqNonlinearSolve/doSPx/src/nlsolve.jl:144
┌ Warning: Verbosity toggle: newton_convergence 
│  Newton iteration failed with stale Jacobian, retrying with fresh Jacobian
└ @ OrdinaryDiffEqNonlinearSolve ~/.julia/packages/OrdinaryDiffEqNonlinearSolve/doSPx/src/nlsolve.jl:144
┌ Warning: Verbosity toggle: newton_convergence 
│  Newton iteration failed with stale Jacobian, retrying with fresh Jacobian
└ @ OrdinaryDiffEqNonlinearSolve ~/.julia/packages/OrdinaryDiffEqNonlinearSolve/doSPx/src/nlsolve.jl:144
┌ Warning: Verbosity toggle: newton_convergence 
│  Newton iteration failed with stale Jacobian, retrying with fresh Jacobian
└ @ OrdinaryDiffEqNonlinearSolve ~/.julia/packages/OrdinaryDiffEqNonlinearSolve/doSPx/src/nlsolve.jl:144
┌ Warning: Verbosity toggle: newton_convergence 
│  Newton iteration failed with stale Jacobian, retrying with fresh Jacobian
└ @ OrdinaryDiffEqNonlinearSolve ~/.julia/packages/OrdinaryDiffEqNonlinearSolve/doSPx/src/nlsolve.jl:144
┌ Warning: Verbosity toggle: newton_convergence 
│  Newton iteration failed with stale Jacobian, retrying with fresh Jacobian
└ @ OrdinaryDiffEqNonlinearSolve ~/.julia/packages/OrdinaryDiffEqNonlinearSolve/doSPx/src/nlsolve.jl:144
┌ Warning: Verbosity toggle: newton_convergence 
│  Newton iteration diverging: θ = 2.537710286497713 > 2, ndz = 1.4127671191097881, ndzprev = 0.5567093795641835
└ @ OrdinaryDiffEqNonlinearSolve ~/.julia/packages/OrdinaryDiffEqNonlinearSolve/doSPx/src/nlsolve.jl:101
┌ Warning: Verbosity toggle: newton_convergence 
│  Newton iteration failed with stale Jacobian, retrying with fresh Jacobian
└ @ OrdinaryDiffEqNonlinearSolve ~/.julia/packages/OrdinaryDiffEqNonlinearSolve/doSPx/src/nlsolve.jl:144
┌ Warning: Verbosity toggle: newton_convergence 
│  Newton iteration failed with stale Jacobian, retrying with fresh Jacobian
└ @ OrdinaryDiffEqNonlinearSolve ~/.julia/packages/OrdinaryDiffEqNonlinearSolve/doSPx/src/nlsolve.jl:144
┌ Warning: Verbosity toggle: newton_convergence 
│  Newton iteration failed with stale Jacobian, retrying with fresh Jacobian
└ @ OrdinaryDiffEqNonlinearSolve ~/.julia/packages/OrdinaryDiffEqNonlinearSolve/doSPx/src/nlsolve.jl:144
┌ Warning: Verbosity toggle: newton_convergence 
│  Newton iteration diverging: θ = 2.537710286497713 > 2, ndz = 1.4127671191097881, ndzprev = 0.5567093795641835
└ @ OrdinaryDiffEqNonlinearSolve ~/.julia/packages/OrdinaryDiffEqNonlinearSolve/doSPx/src/nlsolve.jl:101
┌ Warning: Verbosity toggle: newton_convergence 
│  Newton iteration failed with stale Jacobian, retrying with fresh Jacobian
└ @ OrdinaryDiffEqNonlinearSolve ~/.julia/packages/OrdinaryDiffEqNonlinearSolve/doSPx/src/nlsolve.jl:144
┌ Warning: Verbosity toggle: newton_convergence 
│  Newton iteration failed with stale Jacobian, retrying with fresh Jacobian
└ @ OrdinaryDiffEqNonlinearSolve ~/.julia/packages/OrdinaryDiffEqNonlinearSolve/doSPx/src/nlsolve.jl:144
┌ Warning: Verbosity toggle: newton_convergence 
│  Newton iteration failed with stale Jacobian, retrying with fresh Jacobian
└ @ OrdinaryDiffEqNonlinearSolve ~/.julia/packages/OrdinaryDiffEqNonlinearSolve/doSPx/src/nlsolve.jl:144
┌ Warning: Verbosity toggle: newton_convergence 
│  Newton iteration failed with stale Jacobian, retrying with fresh Jacobian
└ @ OrdinaryDiffEqNonlinearSolve ~/.julia/packages/OrdinaryDiffEqNonlinearSolve/doSPx/src/nlsolve.jl:144
┌ Warning: Verbosity toggle: newton_convergence 
│  Newton iteration failed with stale Jacobian, retrying with fresh Jacobian
└ @ OrdinaryDiffEqNonlinearSolve ~/.julia/packages/OrdinaryDiffEqNonlinearSolve/doSPx/src/nlsolve.jl:144
┌ Warning: Verbosity toggle: newton_convergence 
│  Newton iteration diverging: θ = Dual{ForwardDiff.Tag{PEtab.var"#_get_hess_gaussnewton##0#_get_hess_gaussnewton##1"{PEtab.PEtabODEProblemInfo{ODESolver, ODESolver, PEtab.PEtabODEProblemCache{Vector{Float64}, PreallocationTools.DiffCache{Vector{Float64}, Vector{Float64}}, Vector{Float64}, Matrix{Float64}, Dict{Symbol, PreallocationTools.DiffCache}, Dict{Symbol, PreallocationTools.DiffCache}, Dict{Symbol, PreallocationTools.DiffCache}, Vector{Float64}}}, PEtab.ModelInfo}, Float64}}(2.291032485382807,0.0,0.0,0.0,0.0,0.0,0.0,0.0,0.0,0.0) > 2, ndz = 1.4323957152483047, ndzprev = 0.6252184219941197
└ @ OrdinaryDiffEqNonlinearSolve ~/.julia/packages/OrdinaryDiffEqNonlinearSolve/doSPx/src/nlsolve.jl:101
┌ Warning: Verbosity toggle: newton_convergence 
│  Newton iteration failed with stale Jacobian, retrying with fresh Jacobian
└ @ OrdinaryDiffEqNonlinearSolve ~/.julia/packages/OrdinaryDiffEqNonlinearSolve/doSPx/src/nlsolve.jl:144
┌ Warning: Verbosity toggle: newton_convergence 
│  Newton iteration diverging: θ = Dual{ForwardDiff.Tag{PEtab.var"#_get_hess_gaussnewton##0#_get_hess_gaussnewton##1"{PEtab.PEtabODEProblemInfo{ODESolver, ODESolver, PEtab.PEtabODEProblemCache{Vector{Float64}, PreallocationTools.DiffCache{Vector{Float64}, Vector{Float64}}, Vector{Float64}, Matrix{Float64}, Dict{Symbol, PreallocationTools.DiffCache}, Dict{Symbol, PreallocationTools.DiffCache}, Dict{Symbol, PreallocationTools.DiffCache}, Vector{Float64}}}, PEtab.ModelInfo}, Float64}}(2.249815062795703,0.0,0.0,0.0,0.0,0.0,0.0,0.0,0.0,0.0) > 2, ndz = 0.31048106797151215, ndzprev = 0.1380029288210458
└ @ OrdinaryDiffEqNonlinearSolve ~/.julia/packages/OrdinaryDiffEqNonlinearSolve/doSPx/src/nlsolve.jl:101
┌ Warning: Verbosity toggle: newton_convergence 
│  Newton iteration failed with stale Jacobian, retrying with fresh Jacobian
└ @ OrdinaryDiffEqNonlinearSolve ~/.julia/packages/OrdinaryDiffEqNonlinearSolve/doSPx/src/nlsolve.jl:144
┌ Warning: Verbosity toggle: newton_convergence 
│  Newton iteration failed with stale Jacobian, retrying with fresh Jacobian
└ @ OrdinaryDiffEqNonlinearSolve ~/.julia/packages/OrdinaryDiffEqNonlinearSolve/doSPx/src/nlsolve.jl:144
┌ Warning: Verbosity toggle: newton_convergence 
│  Newton iteration failed with stale Jacobian, retrying with fresh Jacobian
└ @ OrdinaryDiffEqNonlinearSolve ~/.julia/packages/OrdinaryDiffEqNonlinearSolve/doSPx/src/nlsolve.jl:144
┌ Warning: Verbosity toggle: newton_convergence 
│  Newton iteration diverging: θ = Dual{ForwardDiff.Tag{PEtab.var"#_get_hess_gaussnewton##0#_get_hess_gaussnewton##1"{PEtab.PEtabODEProblemInfo{ODESolver, ODESolver, PEtab.PEtabODEProblemCache{Vector{Float64}, PreallocationTools.DiffCache{Vector{Float64}, Vector{Float64}}, Vector{Float64}, Matrix{Float64}, Dict{Symbol, PreallocationTools.DiffCache}, Dict{Symbol, PreallocationTools.DiffCache}, Dict{Symbol, PreallocationTools.DiffCache}, Vector{Float64}}}, PEtab.ModelInfo}, Float64}}(2.291032485382807,0.0,0.0,0.0,0.0,0.0,0.0,0.0,0.0,0.0) > 2, ndz = 1.4323957152483047, ndzprev = 0.6252184219941197
└ @ OrdinaryDiffEqNonlinearSolve ~/.julia/packages/OrdinaryDiffEqNonlinearSolve/doSPx/src/nlsolve.jl:101
┌ Warning: Verbosity toggle: newton_convergence 
│  Newton iteration failed with stale Jacobian, retrying with fresh Jacobian
└ @ OrdinaryDiffEqNonlinearSolve ~/.julia/packages/OrdinaryDiffEqNonlinearSolve/doSPx/src/nlsolve.jl:144
┌ Warning: Verbosity toggle: newton_convergence 
│  Newton iteration diverging: θ = Dual{ForwardDiff.Tag{PEtab.var"#_get_hess_gaussnewton##0#_get_hess_gaussnewton##1"{PEtab.PEtabODEProblemInfo{ODESolver, ODESolver, PEtab.PEtabODEProblemCache{Vector{Float64}, PreallocationTools.DiffCache{Vector{Float64}, Vector{Float64}}, Vector{Float64}, Matrix{Float64}, Dict{Symbol, PreallocationTools.DiffCache}, Dict{Symbol, PreallocationTools.DiffCache}, Dict{Symbol, PreallocationTools.DiffCache}, Vector{Float64}}}, PEtab.ModelInfo}, Float64}}(2.249815062795703,0.0,0.0,0.0,0.0,0.0,0.0,0.0,0.0,0.0) > 2, ndz = 0.31048106797151215, ndzprev = 0.1380029288210458
└ @ OrdinaryDiffEqNonlinearSolve ~/.julia/packages/OrdinaryDiffEqNonlinearSolve/doSPx/src/nlsolve.jl:101
┌ Warning: Verbosity toggle: newton_convergence 
│  Newton iteration failed with stale Jacobian, retrying with fresh Jacobian
└ @ OrdinaryDiffEqNonlinearSolve ~/.julia/packages/OrdinaryDiffEqNonlinearSolve/doSPx/src/nlsolve.jl:144
┌ Warning: Verbosity toggle: newton_convergence 
│  Newton iteration failed with stale Jacobian, retrying with fresh Jacobian
└ @ OrdinaryDiffEqNonlinearSolve ~/.julia/packages/OrdinaryDiffEqNonlinearSolve/doSPx/src/nlsolve.jl:144
┌ Warning: Verbosity toggle: newton_convergence 
│  Newton iteration failed with stale Jacobian, retrying with fresh Jacobian
└ @ OrdinaryDiffEqNonlinearSolve ~/.julia/packages/OrdinaryDiffEqNonlinearSolve/doSPx/src/nlsolve.jl:144
┌ Warning: Verbosity toggle: newton_convergence 
│  Newton iteration failed with stale Jacobian, retrying with fresh Jacobian
└ @ OrdinaryDiffEqNonlinearSolve ~/.julia/packages/OrdinaryDiffEqNonlinearSolve/doSPx/src/nlsolve.jl:144
┌ Warning: Verbosity toggle: newton_convergence 
│  Newton iteration failed with stale Jacobian, retrying with fresh Jacobian
└ @ OrdinaryDiffEqNonlinearSolve ~/.julia/packages/OrdinaryDiffEqNonlinearSolve/doSPx/src/nlsolve.jl:144
┌ Warning: Verbosity toggle: newton_convergence 
│  Newton iteration failed with stale Jacobian, retrying with fresh Jacobian
└ @ OrdinaryDiffEqNonlinearSolve ~/.julia/packages/OrdinaryDiffEqNonlinearSolve/doSPx/src/nlsolve.jl:144
┌ Warning: Verbosity toggle: newton_convergence 
│  Newton iteration failed with stale Jacobian, retrying with fresh Jacobian
└ @ OrdinaryDiffEqNonlinearSolve ~/.julia/packages/OrdinaryDiffEqNonlinearSolve/doSPx/src/nlsolve.jl:144
┌ Warning: Verbosity toggle: newton_convergence 
│  Newton iteration failed with stale Jacobian, retrying with fresh Jacobian
└ @ OrdinaryDiffEqNonlinearSolve ~/.julia/packages/OrdinaryDiffEqNonlinearSolve/doSPx/src/nlsolve.jl:144
┌ Warning: Verbosity toggle: newton_convergence 
│  Newton iteration failed with stale Jacobian, retrying with fresh Jacobian
└ @ OrdinaryDiffEqNonlinearSolve ~/.julia/packages/OrdinaryDiffEqNonlinearSolve/doSPx/src/nlsolve.jl:144
┌ Warning: Verbosity toggle: newton_convergence 
│  Newton iteration diverging: θ = Dual{ForwardDiff.Tag{PEtab.var"#_get_hess_gaussnewton##0#_get_hess_gaussnewton##1"{PEtab.PEtabODEProblemInfo{ODESolver, ODESolver, PEtab.PEtabODEProblemCache{Vector{Float64}, PreallocationTools.DiffCache{Vector{Float64}, Vector{Float64}}, Vector{Float64}, Matrix{Float64}, Dict{Symbol, PreallocationTools.DiffCache}, Dict{Symbol, PreallocationTools.DiffCache}, Dict{Symbol, PreallocationTools.DiffCache}, Vector{Float64}}}, PEtab.ModelInfo}, Float64}}(2.149324556369542,0.0,0.0,0.0,0.0,0.0,0.0,0.0,0.0,0.0) > 2, ndz = 1.4924836335670388, ndzprev = 0.6943965857292472
└ @ OrdinaryDiffEqNonlinearSolve ~/.julia/packages/OrdinaryDiffEqNonlinearSolve/doSPx/src/nlsolve.jl:101
┌ Warning: Verbosity toggle: newton_convergence 
│  Newton iteration failed with stale Jacobian, retrying with fresh Jacobian
└ @ OrdinaryDiffEqNonlinearSolve ~/.julia/packages/OrdinaryDiffEqNonlinearSolve/doSPx/src/nlsolve.jl:144
┌ Warning: Verbosity toggle: newton_convergence 
│  Newton iteration failed with stale Jacobian, retrying with fresh Jacobian
└ @ OrdinaryDiffEqNonlinearSolve ~/.julia/packages/OrdinaryDiffEqNonlinearSolve/doSPx/src/nlsolve.jl:144
┌ Warning: Verbosity toggle: newton_convergence 
│  Newton iteration diverging: θ = Dual{ForwardDiff.Tag{PEtab.var"#_get_hess_gaussnewton##0#_get_hess_gaussnewton##1"{PEtab.PEtabODEProblemInfo{ODESolver, ODESolver, PEtab.PEtabODEProblemCache{Vector{Float64}, PreallocationTools.DiffCache{Vector{Float64}, Vector{Float64}}, Vector{Float64}, Matrix{Float64}, Dict{Symbol, PreallocationTools.DiffCache}, Dict{Symbol, PreallocationTools.DiffCache}, Dict{Symbol, PreallocationTools.DiffCache}, Vector{Float64}}}, PEtab.ModelInfo}, Float64}}(3.7902187495638557,0.0,0.0,0.0,0.0,0.0,0.0,0.0,0.0,0.0) > 2, ndz = 0.8184568996695778, ndzprev = 0.21593922508133823
└ @ OrdinaryDiffEqNonlinearSolve ~/.julia/packages/OrdinaryDiffEqNonlinearSolve/doSPx/src/nlsolve.jl:101
┌ Warning: Verbosity toggle: newton_convergence 
│  Newton iteration failed with stale Jacobian, retrying with fresh Jacobian
└ @ OrdinaryDiffEqNonlinearSolve ~/.julia/packages/OrdinaryDiffEqNonlinearSolve/doSPx/src/nlsolve.jl:144
┌ Warning: Verbosity toggle: newton_convergence 
│  Newton iteration diverging: θ = Dual{ForwardDiff.Tag{PEtab.var"#_get_hess_gaussnewton##0#_get_hess_gaussnewton##1"{PEtab.PEtabODEProblemInfo{ODESolver, ODESolver, PEtab.PEtabODEProblemCache{Vector{Float64}, PreallocationTools.DiffCache{Vector{Float64}, Vector{Float64}}, Vector{Float64}, Matrix{Float64}, Dict{Symbol, PreallocationTools.DiffCache}, Dict{Symbol, PreallocationTools.DiffCache}, Dict{Symbol, PreallocationTools.DiffCache}, Vector{Float64}}}, PEtab.ModelInfo}, Float64}}(3.8595551628129967,0.0,0.0,0.0,0.0,0.0,0.0,0.0,0.0,0.0) > 2, ndz = 0.214424016429441, ndzprev = 0.05555666582911599
└ @ OrdinaryDiffEqNonlinearSolve ~/.julia/packages/OrdinaryDiffEqNonlinearSolve/doSPx/src/nlsolve.jl:101
┌ Warning: Verbosity toggle: newton_convergence 
│  Newton iteration failed with stale Jacobian, retrying with fresh Jacobian
└ @ OrdinaryDiffEqNonlinearSolve ~/.julia/packages/OrdinaryDiffEqNonlinearSolve/doSPx/src/nlsolve.jl:144
┌ Warning: Verbosity toggle: newton_convergence 
│  Newton iteration failed with stale Jacobian, retrying with fresh Jacobian
└ @ OrdinaryDiffEqNonlinearSolve ~/.julia/packages/OrdinaryDiffEqNonlinearSolve/doSPx/src/nlsolve.jl:144
┌ Warning: Verbosity toggle: newton_convergence 
│  Newton iteration failed with stale Jacobian, retrying with fresh Jacobian
└ @ OrdinaryDiffEqNonlinearSolve ~/.julia/packages/OrdinaryDiffEqNonlinearSolve/doSPx/src/nlsolve.jl:144
┌ Warning: Verbosity toggle: newton_convergence 
│  Newton iteration failed with stale Jacobian, retrying with fresh Jacobian
└ @ OrdinaryDiffEqNonlinearSolve ~/.julia/packages/OrdinaryDiffEqNonlinearSolve/doSPx/src/nlsolve.jl:144
┌ Warning: Verbosity toggle: newton_convergence 
│  Newton iteration diverging: θ = Dual{ForwardDiff.Tag{PEtab.var"#_get_hess_gaussnewton##0#_get_hess_gaussnewton##1"{PEtab.PEtabODEProblemInfo{ODESolver, ODESolver, PEtab.PEtabODEProblemCache{Vector{Float64}, PreallocationTools.DiffCache{Vector{Float64}, Vector{Float64}}, Vector{Float64}, Matrix{Float64}, Dict{Symbol, PreallocationTools.DiffCache}, Dict{Symbol, PreallocationTools.DiffCache}, Dict{Symbol, PreallocationTools.DiffCache}, Vector{Float64}}}, PEtab.ModelInfo}, Float64}}(2.149324556369542,0.0,0.0,0.0,0.0,0.0,0.0,0.0,0.0,0.0) > 2, ndz = 1.4924836335670388, ndzprev = 0.6943965857292472
└ @ OrdinaryDiffEqNonlinearSolve ~/.julia/packages/OrdinaryDiffEqNonlinearSolve/doSPx/src/nlsolve.jl:101
┌ Warning: Verbosity toggle: newton_convergence 
│  Newton iteration failed with stale Jacobian, retrying with fresh Jacobian
└ @ OrdinaryDiffEqNonlinearSolve ~/.julia/packages/OrdinaryDiffEqNonlinearSolve/doSPx/src/nlsolve.jl:144
┌ Warning: Verbosity toggle: newton_convergence 
│  Newton iteration failed with stale Jacobian, retrying with fresh Jacobian
└ @ OrdinaryDiffEqNonlinearSolve ~/.julia/packages/OrdinaryDiffEqNonlinearSolve/doSPx/src/nlsolve.jl:144
┌ Warning: Verbosity toggle: newton_convergence 
│  Newton iteration diverging: θ = Dual{ForwardDiff.Tag{PEtab.var"#_get_hess_gaussnewton##0#_get_hess_gaussnewton##1"{PEtab.PEtabODEProblemInfo{ODESolver, ODESolver, PEtab.PEtabODEProblemCache{Vector{Float64}, PreallocationTools.DiffCache{Vector{Float64}, Vector{Float64}}, Vector{Float64}, Matrix{Float64}, Dict{Symbol, PreallocationTools.DiffCache}, Dict{Symbol, PreallocationTools.DiffCache}, Dict{Symbol, PreallocationTools.DiffCache}, Vector{Float64}}}, PEtab.ModelInfo}, Float64}}(3.3292820761994086,0.0,0.0,0.0,0.0,0.0,0.0,0.0,0.0,0.0) > 2, ndz = 0.5286815969144274, ndzprev = 0.15879747789888435
└ @ OrdinaryDiffEqNonlinearSolve ~/.julia/packages/OrdinaryDiffEqNonlinearSolve/doSPx/src/nlsolve.jl:101
┌ Warning: Verbosity toggle: newton_convergence 
│  Newton iteration failed with stale Jacobian, retrying with fresh Jacobian
└ @ OrdinaryDiffEqNonlinearSolve ~/.julia/packages/OrdinaryDiffEqNonlinearSolve/doSPx/src/nlsolve.jl:144
┌ Warning: Verbosity toggle: newton_convergence 
│  Newton iteration diverging: θ = Dual{ForwardDiff.Tag{PEtab.var"#_get_hess_gaussnewton##0#_get_hess_gaussnewton##1"{PEtab.PEtabODEProblemInfo{ODESolver, ODESolver, PEtab.PEtabODEProblemCache{Vector{Float64}, PreallocationTools.DiffCache{Vector{Float64}, Vector{Float64}}, Vector{Float64}, Matrix{Float64}, Dict{Symbol, PreallocationTools.DiffCache}, Dict{Symbol, PreallocationTools.DiffCache}, Dict{Symbol, PreallocationTools.DiffCache}, Vector{Float64}}}, PEtab.ModelInfo}, Float64}}(3.7902187495638557,0.0,0.0,0.0,0.0,0.0,0.0,0.0,0.0,0.0) > 2, ndz = 0.8184568996695778, ndzprev = 0.21593922508133823
└ @ OrdinaryDiffEqNonlinearSolve ~/.julia/packages/OrdinaryDiffEqNonlinearSolve/doSPx/src/nlsolve.jl:101
┌ Warning: Verbosity toggle: newton_convergence 
│  Newton iteration failed with stale Jacobian, retrying with fresh Jacobian
└ @ OrdinaryDiffEqNonlinearSolve ~/.julia/packages/OrdinaryDiffEqNonlinearSolve/doSPx/src/nlsolve.jl:144
┌ Warning: Verbosity toggle: newton_convergence 
│  Newton iteration diverging: θ = Dual{ForwardDiff.Tag{PEtab.var"#_get_hess_gaussnewton##0#_get_hess_gaussnewton##1"{PEtab.PEtabODEProblemInfo{ODESolver, ODESolver, PEtab.PEtabODEProblemCache{Vector{Float64}, PreallocationTools.DiffCache{Vector{Float64}, Vector{Float64}}, Vector{Float64}, Matrix{Float64}, Dict{Symbol, PreallocationTools.DiffCache}, Dict{Symbol, PreallocationTools.DiffCache}, Dict{Symbol, PreallocationTools.DiffCache}, Vector{Float64}}}, PEtab.ModelInfo}, Float64}}(3.7902187495638557,0.0,0.0,0.0,0.0,0.0,0.0,0.0,0.0,0.0) > 2, ndz = 0.8184568996695778, ndzprev = 0.21593922508133823
└ @ OrdinaryDiffEqNonlinearSolve ~/.julia/packages/OrdinaryDiffEqNonlinearSolve/doSPx/src/nlsolve.jl:101
┌ Warning: Verbosity toggle: newton_convergence 
│  Newton iteration failed with stale Jacobian, retrying with fresh Jacobian
└ @ OrdinaryDiffEqNonlinearSolve ~/.julia/packages/OrdinaryDiffEqNonlinearSolve/doSPx/src/nlsolve.jl:144
┌ Warning: Verbosity toggle: newton_convergence 
│  Newton iteration diverging: θ = Dual{ForwardDiff.Tag{PEtab.var"#_get_hess_gaussnewton##0#_get_hess_gaussnewton##1"{PEtab.PEtabODEProblemInfo{ODESolver, ODESolver, PEtab.PEtabODEProblemCache{Vector{Float64}, PreallocationTools.DiffCache{Vector{Float64}, Vector{Float64}}, Vector{Float64}, Matrix{Float64}, Dict{Symbol, PreallocationTools.DiffCache}, Dict{Symbol, PreallocationTools.DiffCache}, Dict{Symbol, PreallocationTools.DiffCache}, Vector{Float64}}}, PEtab.ModelInfo}, Float64}}(3.8595551628129967,0.0,0.0,0.0,0.0,0.0,0.0,0.0,0.0,0.0) > 2, ndz = 0.214424016429441, ndzprev = 0.05555666582911599
└ @ OrdinaryDiffEqNonlinearSolve ~/.julia/packages/OrdinaryDiffEqNonlinearSolve/doSPx/src/nlsolve.jl:101
┌ Warning: Verbosity toggle: newton_convergence 
│  Newton iteration failed with stale Jacobian, retrying with fresh Jacobian
└ @ OrdinaryDiffEqNonlinearSolve ~/.julia/packages/OrdinaryDiffEqNonlinearSolve/doSPx/src/nlsolve.jl:144
┌ Warning: Verbosity toggle: newton_convergence 
│  Newton iteration failed with stale Jacobian, retrying with fresh Jacobian
└ @ OrdinaryDiffEqNonlinearSolve ~/.julia/packages/OrdinaryDiffEqNonlinearSolve/doSPx/src/nlsolve.jl:144
┌ Warning: Verbosity toggle: newton_convergence 
│  Newton iteration failed with stale Jacobian, retrying with fresh Jacobian
└ @ OrdinaryDiffEqNonlinearSolve ~/.julia/packages/OrdinaryDiffEqNonlinearSolve/doSPx/src/nlsolve.jl:144
┌ Warning: Verbosity toggle: newton_convergence 
│  Newton iteration diverging: θ = Dual{ForwardDiff.Tag{PEtab.var"#_get_hess_gaussnewton##0#_get_hess_gaussnewton##1"{PEtab.PEtabODEProblemInfo{ODESolver, ODESolver, PEtab.PEtabODEProblemCache{Vector{Float64}, PreallocationTools.DiffCache{Vector{Float64}, Vector{Float64}}, Vector{Float64}, Matrix{Float64}, Dict{Symbol, PreallocationTools.DiffCache}, Dict{Symbol, PreallocationTools.DiffCache}, Dict{Symbol, PreallocationTools.DiffCache}, Vector{Float64}}}, PEtab.ModelInfo}, Float64}}(3.7902187495638557,0.0,0.0,0.0,0.0,0.0,0.0,0.0,0.0,0.0) > 2, ndz = 0.8184568996695778, ndzprev = 0.21593922508133823
└ @ OrdinaryDiffEqNonlinearSolve ~/.julia/packages/OrdinaryDiffEqNonlinearSolve/doSPx/src/nlsolve.jl:101
┌ Warning: Verbosity toggle: newton_convergence 
│  Newton iteration failed with stale Jacobian, retrying with fresh Jacobian
└ @ OrdinaryDiffEqNonlinearSolve ~/.julia/packages/OrdinaryDiffEqNonlinearSolve/doSPx/src/nlsolve.jl:144
┌ Warning: Verbosity toggle: newton_convergence 
│  Newton iteration failed with stale Jacobian, retrying with fresh Jacobian
└ @ OrdinaryDiffEqNonlinearSolve ~/.julia/packages/OrdinaryDiffEqNonlinearSolve/doSPx/src/nlsolve.jl:144
┌ Warning: Verbosity toggle: newton_convergence 
│  Newton iteration failed with stale Jacobian, retrying with fresh Jacobian
└ @ OrdinaryDiffEqNonlinearSolve ~/.julia/packages/OrdinaryDiffEqNonlinearSolve/doSPx/src/nlsolve.jl:144
┌ Warning: Verbosity toggle: newton_convergence 
│  Newton iteration failed with stale Jacobian, retrying with fresh Jacobian
└ @ OrdinaryDiffEqNonlinearSolve ~/.julia/packages/OrdinaryDiffEqNonlinearSolve/doSPx/src/nlsolve.jl:144
┌ Warning: Verbosity toggle: newton_convergence 
│  Newton iteration failed with stale Jacobian, retrying with fresh Jacobian
└ @ OrdinaryDiffEqNonlinearSolve ~/.julia/packages/OrdinaryDiffEqNonlinearSolve/doSPx/src/nlsolve.jl:144
┌ Warning: Verbosity toggle: newton_convergence 
│  Newton iteration diverging: θ = Dual{ForwardDiff.Tag{PEtab.var"#_get_hess_gaussnewton##0#_get_hess_gaussnewton##1"{PEtab.PEtabODEProblemInfo{ODESolver, ODESolver, PEtab.PEtabODEProblemCache{Vector{Float64}, PreallocationTools.DiffCache{Vector{Float64}, Vector{Float64}}, Vector{Float64}, Matrix{Float64}, Dict{Symbol, PreallocationTools.DiffCache}, Dict{Symbol, PreallocationTools.DiffCache}, Dict{Symbol, PreallocationTools.DiffCache}, Vector{Float64}}}, PEtab.ModelInfo}, Float64}}(2.5795595184853215,0.0,0.0,0.0,0.0,0.0,0.0,0.0,0.0,0.0) > 2, ndz = 1.8781531025406406, ndzprev = 0.7280906251945929
└ @ OrdinaryDiffEqNonlinearSolve ~/.julia/packages/OrdinaryDiffEqNonlinearSolve/doSPx/src/nlsolve.jl:101
┌ Warning: Verbosity toggle: newton_convergence 
│  Newton iteration failed with stale Jacobian, retrying with fresh Jacobian
└ @ OrdinaryDiffEqNonlinearSolve ~/.julia/packages/OrdinaryDiffEqNonlinearSolve/doSPx/src/nlsolve.jl:144
┌ Warning: Verbosity toggle: newton_convergence 
│  Newton iteration diverging: θ = Dual{ForwardDiff.Tag{PEtab.var"#_get_hess_gaussnewton##0#_get_hess_gaussnewton##1"{PEtab.PEtabODEProblemInfo{ODESolver, ODESolver, PEtab.PEtabODEProblemCache{Vector{Float64}, PreallocationTools.DiffCache{Vector{Float64}, Vector{Float64}}, Vector{Float64}, Matrix{Float64}, Dict{Symbol, PreallocationTools.DiffCache}, Dict{Symbol, PreallocationTools.DiffCache}, Dict{Symbol, PreallocationTools.DiffCache}, Vector{Float64}}}, PEtab.ModelInfo}, Float64}}(2.3019092206182084,0.0,0.0,0.0,0.0,0.0,0.0,0.0,0.0,0.0) > 2, ndz = 0.5767354032418055, ndzprev = 0.2505465454831948
└ @ OrdinaryDiffEqNonlinearSolve ~/.julia/packages/OrdinaryDiffEqNonlinearSolve/doSPx/src/nlsolve.jl:101
┌ Warning: Verbosity toggle: newton_convergence 
│  Newton iteration failed with stale Jacobian, retrying with fresh Jacobian
└ @ OrdinaryDiffEqNonlinearSolve ~/.julia/packages/OrdinaryDiffEqNonlinearSolve/doSPx/src/nlsolve.jl:144
┌ Warning: Verbosity toggle: newton_convergence 
│  Newton iteration diverging: θ = Dual{ForwardDiff.Tag{PEtab.var"#_get_hess_gaussnewton##0#_get_hess_gaussnewton##1"{PEtab.PEtabODEProblemInfo{ODESolver, ODESolver, PEtab.PEtabODEProblemCache{Vector{Float64}, PreallocationTools.DiffCache{Vector{Float64}, Vector{Float64}}, Vector{Float64}, Matrix{Float64}, Dict{Symbol, PreallocationTools.DiffCache}, Dict{Symbol, PreallocationTools.DiffCache}, Dict{Symbol, PreallocationTools.DiffCache}, Vector{Float64}}}, PEtab.ModelInfo}, Float64}}(2.4907873387696084,0.0,0.0,0.0,0.0,0.0,0.0,0.0,0.0,0.0) > 2, ndz = 0.2840741585457638, ndzprev = 0.11404994482029521
└ @ OrdinaryDiffEqNonlinearSolve ~/.julia/packages/OrdinaryDiffEqNonlinearSolve/doSPx/src/nlsolve.jl:101
┌ Warning: Verbosity toggle: newton_convergence 
│  Newton iteration failed with stale Jacobian, retrying with fresh Jacobian
└ @ OrdinaryDiffEqNonlinearSolve ~/.julia/packages/OrdinaryDiffEqNonlinearSolve/doSPx/src/nlsolve.jl:144
┌ Warning: Verbosity toggle: newton_convergence 
│  Newton iteration failed with stale Jacobian, retrying with fresh Jacobian
└ @ OrdinaryDiffEqNonlinearSolve ~/.julia/packages/OrdinaryDiffEqNonlinearSolve/doSPx/src/nlsolve.jl:144
┌ Warning: Verbosity toggle: newton_convergence 
│  Newton iteration failed with stale Jacobian, retrying with fresh Jacobian
└ @ OrdinaryDiffEqNonlinearSolve ~/.julia/packages/OrdinaryDiffEqNonlinearSolve/doSPx/src/nlsolve.jl:144
┌ Warning: Verbosity toggle: newton_convergence 
│  Newton iteration failed with stale Jacobian, retrying with fresh Jacobian
└ @ OrdinaryDiffEqNonlinearSolve ~/.julia/packages/OrdinaryDiffEqNonlinearSolve/doSPx/src/nlsolve.jl:144
┌ Warning: Verbosity toggle: newton_convergence 
│  Newton iteration failed with stale Jacobian, retrying with fresh Jacobian
└ @ OrdinaryDiffEqNonlinearSolve ~/.julia/packages/OrdinaryDiffEqNonlinearSolve/doSPx/src/nlsolve.jl:144
┌ Warning: Verbosity toggle: newton_convergence 
│  Newton iteration diverging: θ = Dual{ForwardDiff.Tag{PEtab.var"#_get_hess_gaussnewton##0#_get_hess_gaussnewton##1"{PEtab.PEtabODEProblemInfo{ODESolver, ODESolver, PEtab.PEtabODEProblemCache{Vector{Float64}, PreallocationTools.DiffCache{Vector{Float64}, Vector{Float64}}, Vector{Float64}, Matrix{Float64}, Dict{Symbol, PreallocationTools.DiffCache}, Dict{Symbol, PreallocationTools.DiffCache}, Dict{Symbol, PreallocationTools.DiffCache}, Vector{Float64}}}, PEtab.ModelInfo}, Float64}}(2.5795595184853215,0.0,0.0,0.0,0.0,0.0,0.0,0.0,0.0,0.0) > 2, ndz = 1.8781531025406406, ndzprev = 0.7280906251945929
└ @ OrdinaryDiffEqNonlinearSolve ~/.julia/packages/OrdinaryDiffEqNonlinearSolve/doSPx/src/nlsolve.jl:101
┌ Warning: Verbosity toggle: newton_convergence 
│  Newton iteration failed with stale Jacobian, retrying with fresh Jacobian
└ @ OrdinaryDiffEqNonlinearSolve ~/.julia/packages/OrdinaryDiffEqNonlinearSolve/doSPx/src/nlsolve.jl:144
┌ Warning: Verbosity toggle: newton_convergence 
│  Newton iteration diverging: θ = Dual{ForwardDiff.Tag{PEtab.var"#_get_hess_gaussnewton##0#_get_hess_gaussnewton##1"{PEtab.PEtabODEProblemInfo{ODESolver, ODESolver, PEtab.PEtabODEProblemCache{Vector{Float64}, PreallocationTools.DiffCache{Vector{Float64}, Vector{Float64}}, Vector{Float64}, Matrix{Float64}, Dict{Symbol, PreallocationTools.DiffCache}, Dict{Symbol, PreallocationTools.DiffCache}, Dict{Symbol, PreallocationTools.DiffCache}, Vector{Float64}}}, PEtab.ModelInfo}, Float64}}(2.3019092206182084,0.0,0.0,0.0,0.0,0.0,0.0,0.0,0.0,0.0) > 2, ndz = 0.5767354032418055, ndzprev = 0.2505465454831948
└ @ OrdinaryDiffEqNonlinearSolve ~/.julia/packages/OrdinaryDiffEqNonlinearSolve/doSPx/src/nlsolve.jl:101
┌ Warning: Verbosity toggle: newton_convergence 
│  Newton iteration failed with stale Jacobian, retrying with fresh Jacobian
└ @ OrdinaryDiffEqNonlinearSolve ~/.julia/packages/OrdinaryDiffEqNonlinearSolve/doSPx/src/nlsolve.jl:144
┌ Warning: Verbosity toggle: newton_convergence 
│  Newton iteration diverging: θ = Dual{ForwardDiff.Tag{PEtab.var"#_get_hess_gaussnewton##0#_get_hess_gaussnewton##1"{PEtab.PEtabODEProblemInfo{ODESolver, ODESolver, PEtab.PEtabODEProblemCache{Vector{Float64}, PreallocationTools.DiffCache{Vector{Float64}, Vector{Float64}}, Vector{Float64}, Matrix{Float64}, Dict{Symbol, PreallocationTools.DiffCache}, Dict{Symbol, PreallocationTools.DiffCache}, Dict{Symbol, PreallocationTools.DiffCache}, Vector{Float64}}}, PEtab.ModelInfo}, Float64}}(2.4907873387696084,0.0,0.0,0.0,0.0,0.0,0.0,0.0,0.0,0.0) > 2, ndz = 0.2840741585457638, ndzprev = 0.11404994482029521
└ @ OrdinaryDiffEqNonlinearSolve ~/.julia/packages/OrdinaryDiffEqNonlinearSolve/doSPx/src/nlsolve.jl:101
┌ Warning: Verbosity toggle: newton_convergence 
│  Newton iteration failed with stale Jacobian, retrying with fresh Jacobian
└ @ OrdinaryDiffEqNonlinearSolve ~/.julia/packages/OrdinaryDiffEqNonlinearSolve/doSPx/src/nlsolve.jl:144
┌ Warning: Verbosity toggle: newton_convergence 
│  Newton iteration failed with stale Jacobian, retrying with fresh Jacobian
└ @ OrdinaryDiffEqNonlinearSolve ~/.julia/packages/OrdinaryDiffEqNonlinearSolve/doSPx/src/nlsolve.jl:144
