┌ Warning: Verbosity toggle: newton_convergence 
│  Newton iteration failed with stale Jacobian, retrying with fresh Jacobian
└ @ OrdinaryDiffEqNonlinearSolve ~/.julia/packages/OrdinaryDiffEqNonlinearSolve/doSPx/src/nlsolve.jl:144
┌ Warning: Verbosity toggle: newton_convergence 
│  Newton iteration diverging: θ = 13.148980540832936 > 2, ndz = 0.37894176238277494, ndzprev = 0.028819098271992003
└ @ OrdinaryDiffEqNonlinearSolve ~/.julia/packages/OrdinaryDiffEqNonlinearSolve/doSPx/src/nlsolve.jl:101
┌ Warning: Verbosity toggle: newton_convergence 
│  Newton iteration failed with stale Jacobian, retrying with fresh Jacobian
└ @ OrdinaryDiffEqNonlinearSolve ~/.julia/packages/OrdinaryDiffEqNonlinearSolve/doSPx/src/nlsolve.jl:144
┌ Warning: Verbosity toggle: newton_convergence 
│  Newton iteration failed with stale Jacobian, retrying with fresh Jacobian
└ @ OrdinaryDiffEqNonlinearSolve ~/.julia/packages/OrdinaryDiffEqNonlinearSolve/doSPx/src/nlsolve.jl:144
┌ Warning: Verbosity toggle: newton_convergence 
│  Newton iteration failed with stale Jacobian, retrying with fresh Jacobian
└ @ OrdinaryDiffEqNonlinearSolve ~/.julia/packages/OrdinaryDiffEqNonlinearSolve/doSPx/src/nlsolve.jl:144
┌ Warning: Verbosity toggle: newton_convergence 
│  Newton iteration failed with stale Jacobian, retrying with fresh Jacobian
└ @ OrdinaryDiffEqNonlinearSolve ~/.julia/packages/OrdinaryDiffEqNonlinearSolve/doSPx/src/nlsolve.jl:144
┌ Warning: Verbosity toggle: newton_convergence 
│  Newton iteration failed with stale Jacobian, retrying with fresh Jacobian
└ @ OrdinaryDiffEqNonlinearSolve ~/.julia/packages/OrdinaryDiffEqNonlinearSolve/doSPx/src/nlsolve.jl:144
┌ Warning: Verbosity toggle: dt_epsilon 
│  Initial timestep too small (near machine epsilon), using default: dt = 0.0
└ @ OrdinaryDiffEqCore ~/.julia/packages/OrdinaryDiffEqCore/rnOL4/src/initdt.jl:196
┌ Warning: Verbosity toggle: dt_epsilon 
│  Initial timestep too small (near machine epsilon), using default: dt = 0.0
└ @ OrdinaryDiffEqCore ~/.julia/packages/OrdinaryDiffEqCore/rnOL4/src/initdt.jl:196
┌ Warning: Verbosity toggle: newton_convergence 
│  Newton iteration failed with stale Jacobian, retrying with fresh Jacobian
└ @ OrdinaryDiffEqNonlinearSolve ~/.julia/packages/OrdinaryDiffEqNonlinearSolve/doSPx/src/nlsolve.jl:144
┌ Warning: Verbosity toggle: newton_convergence 
│  Newton iteration diverging: θ = Dual{ForwardDiff.Tag{PEtab.var"#302#303"{Bool, PEtab.PEtabODEProblemInfo{ODESolver, ODESolver, PEtab.PEtabODEProblemCache{Vector{Float64}, PreallocationTools.DiffCache{Vector{Float64}, Vector{Float64}}, Vector{Float64}, Matrix{Float64}, Dict{Symbol, PreallocationTools.DiffCache}, Dict{Symbol, PreallocationTools.DiffCache}, Dict{Symbol, PreallocationTools.DiffCache}, Vector{Float64}}}, PEtab.PEtabODEProblemInfo{ODESolver, ODESolver, PEtab.PEtabODEProblemCache{Vector{Float64}, PreallocationTools.DiffCache{Vector{Float64}, Vector{Float64}}, Vector{Float64}, Matrix{Float64}, Dict{Symbol, PreallocationTools.DiffCache}, Dict{Symbol, PreallocationTools.DiffCache}, Dict{Symbol, PreallocationTools.DiffCache}, Vector{Float64}}}, Vector{Float64}, Vector{Float64}, Vector{Float64}, PEtab.ModelInfo}, Float64}}(5.848273992105571,0.0,0.0,0.0,0.0,0.0,0.0,0.0,0.0,0.0,0.0,0.0,0.0) > 2, ndz = 0.2997511305198691, ndzprev = 0.051254631866512274
└ @ OrdinaryDiffEqNonlinearSolve ~/.julia/packages/OrdinaryDiffEqNonlinearSolve/doSPx/src/nlsolve.jl:101
┌ Warning: Verbosity toggle: newton_convergence 
│  Newton iteration failed with stale Jacobian, retrying with fresh Jacobian
└ @ OrdinaryDiffEqNonlinearSolve ~/.julia/packages/OrdinaryDiffEqNonlinearSolve/doSPx/src/nlsolve.jl:144
┌ Warning: Verbosity toggle: newton_convergence 
│  Newton iteration failed with stale Jacobian, retrying with fresh Jacobian
└ @ OrdinaryDiffEqNonlinearSolve ~/.julia/packages/OrdinaryDiffEqNonlinearSolve/doSPx/src/nlsolve.jl:144
┌ Warning: Verbosity toggle: newton_convergence 
│  Newton iteration failed with stale Jacobian, retrying with fresh Jacobian
└ @ OrdinaryDiffEqNonlinearSolve ~/.julia/packages/OrdinaryDiffEqNonlinearSolve/doSPx/src/nlsolve.jl:144
┌ Warning: Verbosity toggle: newton_convergence 
│  Newton iteration failed with stale Jacobian, retrying with fresh Jacobian
└ @ OrdinaryDiffEqNonlinearSolve ~/.julia/packages/OrdinaryDiffEqNonlinearSolve/doSPx/src/nlsolve.jl:144
┌ Warning: Verbosity toggle: dt_epsilon 
│  Initial timestep too small (near machine epsilon), using default: dt = 0.0
└ @ OrdinaryDiffEqCore ~/.julia/packages/OrdinaryDiffEqCore/rnOL4/src/initdt.jl:196
┌ Warning: Verbosity toggle: dt_epsilon 
│  Initial timestep too small (near machine epsilon), using default: dt = 0.0
└ @ OrdinaryDiffEqCore ~/.julia/packages/OrdinaryDiffEqCore/rnOL4/src/initdt.jl:196
┌ Warning: Verbosity toggle: newton_convergence 
│  Newton iteration failed with stale Jacobian, retrying with fresh Jacobian
└ @ OrdinaryDiffEqNonlinearSolve ~/.julia/packages/OrdinaryDiffEqNonlinearSolve/doSPx/src/nlsolve.jl:144
┌ Warning: Verbosity toggle: newton_convergence 
│  Newton iteration diverging: θ = Dual{ForwardDiff.Tag{PEtab.var"#302#303"{Bool, PEtab.PEtabODEProblemInfo{ODESolver, ODESolver, PEtab.PEtabODEProblemCache{Vector{Float64}, PreallocationTools.DiffCache{Vector{Float64}, Vector{Float64}}, Vector{Float64}, Matrix{Float64}, Dict{Symbol, PreallocationTools.DiffCache}, Dict{Symbol, PreallocationTools.DiffCache}, Dict{Symbol, PreallocationTools.DiffCache}, Vector{Float64}}}, PEtab.PEtabODEProblemInfo{ODESolver, ODESolver, PEtab.PEtabODEProblemCache{Vector{Float64}, PreallocationTools.DiffCache{Vector{Float64}, Vector{Float64}}, Vector{Float64}, Matrix{Float64}, Dict{Symbol, PreallocationTools.DiffCache}, Dict{Symbol, PreallocationTools.DiffCache}, Dict{Symbol, PreallocationTools.DiffCache}, Vector{Float64}}}, Vector{Float64}, Vector{Float64}, Vector{Float64}, PEtab.ModelInfo}, Float64}}(3.209035684654071,0.0,0.0,0.0,0.0,0.0,0.0,0.0,0.0,0.0,0.0,0.0,0.0) > 2, ndz = 1.8763969224419752, ndzprev = 0.5847229843579156
└ @ OrdinaryDiffEqNonlinearSolve ~/.julia/packages/OrdinaryDiffEqNonlinearSolve/doSPx/src/nlsolve.jl:101
┌ Warning: Verbosity toggle: newton_convergence 
│  Newton iteration failed with stale Jacobian, retrying with fresh Jacobian
└ @ OrdinaryDiffEqNonlinearSolve ~/.julia/packages/OrdinaryDiffEqNonlinearSolve/doSPx/src/nlsolve.jl:144
┌ Warning: Verbosity toggle: newton_convergence 
│  Newton iteration failed with stale Jacobian, retrying with fresh Jacobian
└ @ OrdinaryDiffEqNonlinearSolve ~/.julia/packages/OrdinaryDiffEqNonlinearSolve/doSPx/src/nlsolve.jl:144
┌ Warning: Verbosity toggle: newton_convergence 
│  Newton iteration failed with stale Jacobian, retrying with fresh Jacobian
└ @ OrdinaryDiffEqNonlinearSolve ~/.julia/packages/OrdinaryDiffEqNonlinearSolve/doSPx/src/nlsolve.jl:144
┌ Warning: Verbosity toggle: newton_convergence 
│  Newton iteration failed with stale Jacobian, retrying with fresh Jacobian
└ @ OrdinaryDiffEqNonlinearSolve ~/.julia/packages/OrdinaryDiffEqNonlinearSolve/doSPx/src/nlsolve.jl:144
┌ Warning: Verbosity toggle: newton_convergence 
│  Newton iteration failed with stale Jacobian, retrying with fresh Jacobian
└ @ OrdinaryDiffEqNonlinearSolve ~/.julia/packages/OrdinaryDiffEqNonlinearSolve/doSPx/src/nlsolve.jl:144
┌ Warning: Verbosity toggle: dt_epsilon 
│  Initial timestep too small (near machine epsilon), using default: dt = 0.0
└ @ OrdinaryDiffEqCore ~/.julia/packages/OrdinaryDiffEqCore/rnOL4/src/initdt.jl:196
┌ Warning: Verbosity toggle: dt_epsilon 
│  Initial timestep too small (near machine epsilon), using default: dt = 0.0
└ @ OrdinaryDiffEqCore ~/.julia/packages/OrdinaryDiffEqCore/rnOL4/src/initdt.jl:196
┌ Warning: Verbosity toggle: newton_convergence 
│  Newton iteration failed with stale Jacobian, retrying with fresh Jacobian
└ @ OrdinaryDiffEqNonlinearSolve ~/.julia/packages/OrdinaryDiffEqNonlinearSolve/doSPx/src/nlsolve.jl:144
┌ Warning: Verbosity toggle: newton_convergence 
│  Newton iteration diverging: θ = Dual{ForwardDiff.Tag{PEtab.var"#302#303"{Bool, PEtab.PEtabODEProblemInfo{ODESolver, ODESolver, PEtab.PEtabODEProblemCache{Vector{Float64}, PreallocationTools.DiffCache{Vector{Float64}, Vector{Float64}}, Vector{Float64}, Matrix{Float64}, Dict{Symbol, PreallocationTools.DiffCache}, Dict{Symbol, PreallocationTools.DiffCache}, Dict{Symbol, PreallocationTools.DiffCache}, Vector{Float64}}}, PEtab.PEtabODEProblemInfo{ODESolver, ODESolver, PEtab.PEtabODEProblemCache{Vector{Float64}, PreallocationTools.DiffCache{Vector{Float64}, Vector{Float64}}, Vector{Float64}, Matrix{Float64}, Dict{Symbol, PreallocationTools.DiffCache}, Dict{Symbol, PreallocationTools.DiffCache}, Dict{Symbol, PreallocationTools.DiffCache}, Vector{Float64}}}, Vector{Float64}, Vector{Float64}, Vector{Float64}, PEtab.ModelInfo}, Float64}}(7.082784198770899,0.0,0.0,0.0,0.0,0.0,0.0,0.0,0.0,0.0,0.0,0.0,0.0) > 2, ndz = 1.2486947295956918, ndzprev = 0.17629998240132494
└ @ OrdinaryDiffEqNonlinearSolve ~/.julia/packages/OrdinaryDiffEqNonlinearSolve/doSPx/src/nlsolve.jl:101
┌ Warning: Verbosity toggle: newton_convergence 
│  Newton iteration failed with stale Jacobian, retrying with fresh Jacobian
└ @ OrdinaryDiffEqNonlinearSolve ~/.julia/packages/OrdinaryDiffEqNonlinearSolve/doSPx/src/nlsolve.jl:144
┌ Warning: Verbosity toggle: newton_convergence 
│  Newton iteration failed with stale Jacobian, retrying with fresh Jacobian
└ @ OrdinaryDiffEqNonlinearSolve ~/.julia/packages/OrdinaryDiffEqNonlinearSolve/doSPx/src/nlsolve.jl:144
┌ Warning: Verbosity toggle: newton_convergence 
│  Newton iteration failed with stale Jacobian, retrying with fresh Jacobian
└ @ OrdinaryDiffEqNonlinearSolve ~/.julia/packages/OrdinaryDiffEqNonlinearSolve/doSPx/src/nlsolve.jl:144
┌ Warning: Verbosity toggle: newton_convergence 
│  Newton iteration failed with stale Jacobian, retrying with fresh Jacobian
└ @ OrdinaryDiffEqNonlinearSolve ~/.julia/packages/OrdinaryDiffEqNonlinearSolve/doSPx/src/nlsolve.jl:144
┌ Warning: Verbosity toggle: dt_epsilon 
│  Initial timestep too small (near machine epsilon), using default: dt = 0.0
└ @ OrdinaryDiffEqCore ~/.julia/packages/OrdinaryDiffEqCore/rnOL4/src/initdt.jl:196
┌ Warning: Verbosity toggle: dt_epsilon 
│  Initial timestep too small (near machine epsilon), using default: dt = 0.0
└ @ OrdinaryDiffEqCore ~/.julia/packages/OrdinaryDiffEqCore/rnOL4/src/initdt.jl:196
┌ Warning: Verbosity toggle: newton_convergence 
│  Newton iteration failed with stale Jacobian, retrying with fresh Jacobian
└ @ OrdinaryDiffEqNonlinearSolve ~/.julia/packages/OrdinaryDiffEqNonlinearSolve/doSPx/src/nlsolve.jl:144
┌ Warning: Verbosity toggle: newton_convergence 
│  Newton iteration diverging: θ = Dual{ForwardDiff.Tag{PEtab.var"#302#303"{Bool, PEtab.PEtabODEProblemInfo{ODESolver, ODESolver, PEtab.PEtabODEProblemCache{Vector{Float64}, PreallocationTools.DiffCache{Vector{Float64}, Vector{Float64}}, Vector{Float64}, Matrix{Float64}, Dict{Symbol, PreallocationTools.DiffCache}, Dict{Symbol, PreallocationTools.DiffCache}, Dict{Symbol, PreallocationTools.DiffCache}, Vector{Float64}}}, PEtab.PEtabODEProblemInfo{ODESolver, ODESolver, PEtab.PEtabODEProblemCache{Vector{Float64}, PreallocationTools.DiffCache{Vector{Float64}, Vector{Float64}}, Vector{Float64}, Matrix{Float64}, Dict{Symbol, PreallocationTools.DiffCache}, Dict{Symbol, PreallocationTools.DiffCache}, Dict{Symbol, PreallocationTools.DiffCache}, Vector{Float64}}}, Vector{Float64}, Vector{Float64}, Vector{Float64}, PEtab.ModelInfo}, Float64}}(17.664238378116266,0.0,0.0,0.0,0.0,0.0,0.0,0.0,0.0,0.0,0.0,0.0,0.0) > 2, ndz = 0.4781992014316124, ndzprev = 0.027071600325776855
└ @ OrdinaryDiffEqNonlinearSolve ~/.julia/packages/OrdinaryDiffEqNonlinearSolve/doSPx/src/nlsolve.jl:101
┌ Warning: Verbosity toggle: newton_convergence 
│  Newton iteration failed with stale Jacobian, retrying with fresh Jacobian
└ @ OrdinaryDiffEqNonlinearSolve ~/.julia/packages/OrdinaryDiffEqNonlinearSolve/doSPx/src/nlsolve.jl:144
┌ Warning: Verbosity toggle: newton_convergence 
│  Newton iteration failed with stale Jacobian, retrying with fresh Jacobian
└ @ OrdinaryDiffEqNonlinearSolve ~/.julia/packages/OrdinaryDiffEqNonlinearSolve/doSPx/src/nlsolve.jl:144
┌ Warning: Verbosity toggle: newton_convergence 
│  Newton iteration failed with stale Jacobian, retrying with fresh Jacobian
└ @ OrdinaryDiffEqNonlinearSolve ~/.julia/packages/OrdinaryDiffEqNonlinearSolve/doSPx/src/nlsolve.jl:144
┌ Warning: Verbosity toggle: newton_convergence 
│  Newton iteration failed with stale Jacobian, retrying with fresh Jacobian
└ @ OrdinaryDiffEqNonlinearSolve ~/.julia/packages/OrdinaryDiffEqNonlinearSolve/doSPx/src/nlsolve.jl:144
┌ Warning: Verbosity toggle: newton_convergence 
│  Newton iteration failed with stale Jacobian, retrying with fresh Jacobian
└ @ OrdinaryDiffEqNonlinearSolve ~/.julia/packages/OrdinaryDiffEqNonlinearSolve/doSPx/src/nlsolve.jl:144
┌ Warning: Verbosity toggle: dt_epsilon 
│  Initial timestep too small (near machine epsilon), using default: dt = 0.0
└ @ OrdinaryDiffEqCore ~/.julia/packages/OrdinaryDiffEqCore/rnOL4/src/initdt.jl:196
┌ Warning: Verbosity toggle: dt_epsilon 
│  Initial timestep too small (near machine epsilon), using default: dt = 0.0
└ @ OrdinaryDiffEqCore ~/.julia/packages/OrdinaryDiffEqCore/rnOL4/src/initdt.jl:196
┌ Warning: Verbosity toggle: newton_convergence 
│  Newton iteration failed with stale Jacobian, retrying with fresh Jacobian
└ @ OrdinaryDiffEqNonlinearSolve ~/.julia/packages/OrdinaryDiffEqNonlinearSolve/doSPx/src/nlsolve.jl:144
┌ Warning: Verbosity toggle: newton_convergence 
│  Newton iteration diverging: θ = Dual{ForwardDiff.Tag{PEtab.var"#302#303"{Bool, PEtab.PEtabODEProblemInfo{ODESolver, ODESolver, PEtab.PEtabODEProblemCache{Vector{Float64}, PreallocationTools.DiffCache{Vector{Float64}, Vector{Float64}}, Vector{Float64}, Matrix{Float64}, Dict{Symbol, PreallocationTools.DiffCache}, Dict{Symbol, PreallocationTools.DiffCache}, Dict{Symbol, PreallocationTools.DiffCache}, Vector{Float64}}}, PEtab.PEtabODEProblemInfo{ODESolver, ODESolver, PEtab.PEtabODEProblemCache{Vector{Float64}, PreallocationTools.DiffCache{Vector{Float64}, Vector{Float64}}, Vector{Float64}, Matrix{Float64}, Dict{Symbol, PreallocationTools.DiffCache}, Dict{Symbol, PreallocationTools.DiffCache}, Dict{Symbol, PreallocationTools.DiffCache}, Vector{Float64}}}, Vector{Float64}, Vector{Float64}, Vector{Float64}, PEtab.ModelInfo}, Float64}}(11.913850425750821,0.0,0.0,0.0,0.0,0.0,0.0,0.0,0.0,0.0,0.0,0.0,0.0) > 2, ndz = 4.7499585430103926, ndzprev = 0.3986921417733886
└ @ OrdinaryDiffEqNonlinearSolve ~/.julia/packages/OrdinaryDiffEqNonlinearSolve/doSPx/src/nlsolve.jl:101
┌ Warning: Verbosity toggle: newton_convergence 
│  Newton iteration failed with stale Jacobian, retrying with fresh Jacobian
└ @ OrdinaryDiffEqNonlinearSolve ~/.julia/packages/OrdinaryDiffEqNonlinearSolve/doSPx/src/nlsolve.jl:144
┌ Warning: Verbosity toggle: newton_convergence 
│  Newton iteration failed with stale Jacobian, retrying with fresh Jacobian
└ @ OrdinaryDiffEqNonlinearSolve ~/.julia/packages/OrdinaryDiffEqNonlinearSolve/doSPx/src/nlsolve.jl:144
┌ Warning: Verbosity toggle: newton_convergence 
│  Newton iteration failed with stale Jacobian, retrying with fresh Jacobian
└ @ OrdinaryDiffEqNonlinearSolve ~/.julia/packages/OrdinaryDiffEqNonlinearSolve/doSPx/src/nlsolve.jl:144
┌ Warning: Verbosity toggle: newton_convergence 
│  Newton iteration failed with stale Jacobian, retrying with fresh Jacobian
└ @ OrdinaryDiffEqNonlinearSolve ~/.julia/packages/OrdinaryDiffEqNonlinearSolve/doSPx/src/nlsolve.jl:144
┌ Warning: Verbosity toggle: newton_convergence 
│  Newton iteration failed with stale Jacobian, retrying with fresh Jacobian
└ @ OrdinaryDiffEqNonlinearSolve ~/.julia/packages/OrdinaryDiffEqNonlinearSolve/doSPx/src/nlsolve.jl:144
┌ Warning: Verbosity toggle: dt_epsilon 
│  Initial timestep too small (near machine epsilon), using default: dt = 0.0
└ @ OrdinaryDiffEqCore ~/.julia/packages/OrdinaryDiffEqCore/rnOL4/src/initdt.jl:196
┌ Warning: Verbosity toggle: dt_epsilon 
│  Initial timestep too small (near machine epsilon), using default: dt = 0.0
└ @ OrdinaryDiffEqCore ~/.julia/packages/OrdinaryDiffEqCore/rnOL4/src/initdt.jl:196
┌ Warning: Verbosity toggle: newton_convergence 
│  Newton iteration failed with stale Jacobian, retrying with fresh Jacobian
└ @ OrdinaryDiffEqNonlinearSolve ~/.julia/packages/OrdinaryDiffEqNonlinearSolve/doSPx/src/nlsolve.jl:144
┌ Warning: Verbosity toggle: newton_convergence 
│  Newton iteration diverging: θ = Dual{ForwardDiff.Tag{PEtab.var"#_get_hess_gaussnewton##0#_get_hess_gaussnewton##1"{PEtab.PEtabODEProblemInfo{ODESolver, ODESolver, PEtab.PEtabODEProblemCache{Vector{Float64}, PreallocationTools.DiffCache{Vector{Float64}, Vector{Float64}}, Vector{Float64}, Matrix{Float64}, Dict{Symbol, PreallocationTools.DiffCache}, Dict{Symbol, PreallocationTools.DiffCache}, Dict{Symbol, PreallocationTools.DiffCache}, Vector{Float64}}}, PEtab.ModelInfo}, Float64}}(5.848273992105571,0.0,0.0,0.0,0.0,0.0,0.0,0.0,0.0,0.0,0.0,0.0,0.0) > 2, ndz = 0.2997511305198691, ndzprev = 0.051254631866512274
└ @ OrdinaryDiffEqNonlinearSolve ~/.julia/packages/OrdinaryDiffEqNonlinearSolve/doSPx/src/nlsolve.jl:101
┌ Warning: Verbosity toggle: newton_convergence 
│  Newton iteration failed with stale Jacobian, retrying with fresh Jacobian
└ @ OrdinaryDiffEqNonlinearSolve ~/.julia/packages/OrdinaryDiffEqNonlinearSolve/doSPx/src/nlsolve.jl:144
┌ Warning: Verbosity toggle: newton_convergence 
│  Newton iteration failed with stale Jacobian, retrying with fresh Jacobian
└ @ OrdinaryDiffEqNonlinearSolve ~/.julia/packages/OrdinaryDiffEqNonlinearSolve/doSPx/src/nlsolve.jl:144
┌ Warning: Verbosity toggle: newton_convergence 
│  Newton iteration failed with stale Jacobian, retrying with fresh Jacobian
└ @ OrdinaryDiffEqNonlinearSolve ~/.julia/packages/OrdinaryDiffEqNonlinearSolve/doSPx/src/nlsolve.jl:144
┌ Warning: Verbosity toggle: newton_convergence 
│  Newton iteration failed with stale Jacobian, retrying with fresh Jacobian
└ @ OrdinaryDiffEqNonlinearSolve ~/.julia/packages/OrdinaryDiffEqNonlinearSolve/doSPx/src/nlsolve.jl:144
┌ Warning: Verbosity toggle: dt_epsilon 
│  Initial timestep too small (near machine epsilon), using default: dt = 0.0
└ @ OrdinaryDiffEqCore ~/.julia/packages/OrdinaryDiffEqCore/rnOL4/src/initdt.jl:196
┌ Warning: Verbosity toggle: dt_epsilon 
│  Initial timestep too small (near machine epsilon), using default: dt = 0.0
└ @ OrdinaryDiffEqCore ~/.julia/packages/OrdinaryDiffEqCore/rnOL4/src/initdt.jl:196
┌ Warning: Verbosity toggle: newton_convergence 
│  Newton iteration failed with stale Jacobian, retrying with fresh Jacobian
└ @ OrdinaryDiffEqNonlinearSolve ~/.julia/packages/OrdinaryDiffEqNonlinearSolve/doSPx/src/nlsolve.jl:144
┌ Warning: Verbosity toggle: newton_convergence 
│  Newton iteration diverging: θ = Dual{ForwardDiff.Tag{PEtab.var"#_get_hess_gaussnewton##0#_get_hess_gaussnewton##1"{PEtab.PEtabODEProblemInfo{ODESolver, ODESolver, PEtab.PEtabODEProblemCache{Vector{Float64}, PreallocationTools.DiffCache{Vector{Float64}, Vector{Float64}}, Vector{Float64}, Matrix{Float64}, Dict{Symbol, PreallocationTools.DiffCache}, Dict{Symbol, PreallocationTools.DiffCache}, Dict{Symbol, PreallocationTools.DiffCache}, Vector{Float64}}}, PEtab.ModelInfo}, Float64}}(2.604032828092752,0.0,0.0,0.0,0.0,0.0,0.0,0.0,0.0,0.0,0.0,0.0,0.0) > 2, ndz = 1.2108993025326162, ndzprev = 0.46500923086269397
└ @ OrdinaryDiffEqNonlinearSolve ~/.julia/packages/OrdinaryDiffEqNonlinearSolve/doSPx/src/nlsolve.jl:101
┌ Warning: Verbosity toggle: newton_convergence 
│  Newton iteration failed with stale Jacobian, retrying with fresh Jacobian
└ @ OrdinaryDiffEqNonlinearSolve ~/.julia/packages/OrdinaryDiffEqNonlinearSolve/doSPx/src/nlsolve.jl:144
┌ Warning: Verbosity toggle: newton_convergence 
│  Newton iteration failed with stale Jacobian, retrying with fresh Jacobian
└ @ OrdinaryDiffEqNonlinearSolve ~/.julia/packages/OrdinaryDiffEqNonlinearSolve/doSPx/src/nlsolve.jl:144
┌ Warning: Verbosity toggle: newton_convergence 
│  Newton iteration failed with stale Jacobian, retrying with fresh Jacobian
└ @ OrdinaryDiffEqNonlinearSolve ~/.julia/packages/OrdinaryDiffEqNonlinearSolve/doSPx/src/nlsolve.jl:144
┌ Warning: Verbosity toggle: newton_convergence 
│  Newton iteration failed with stale Jacobian, retrying with fresh Jacobian
└ @ OrdinaryDiffEqNonlinearSolve ~/.julia/packages/OrdinaryDiffEqNonlinearSolve/doSPx/src/nlsolve.jl:144
┌ Warning: Verbosity toggle: newton_convergence 
│  Newton iteration failed with stale Jacobian, retrying with fresh Jacobian
└ @ OrdinaryDiffEqNonlinearSolve ~/.julia/packages/OrdinaryDiffEqNonlinearSolve/doSPx/src/nlsolve.jl:144
┌ Warning: Verbosity toggle: dt_epsilon 
│  Initial timestep too small (near machine epsilon), using default: dt = 0.0
└ @ OrdinaryDiffEqCore ~/.julia/packages/OrdinaryDiffEqCore/rnOL4/src/initdt.jl:196
┌ Warning: Verbosity toggle: dt_epsilon 
│  Initial timestep too small (near machine epsilon), using default: dt = 0.0
└ @ OrdinaryDiffEqCore ~/.julia/packages/OrdinaryDiffEqCore/rnOL4/src/initdt.jl:196
┌ Warning: Verbosity toggle: newton_convergence 
│  Newton iteration failed with stale Jacobian, retrying with fresh Jacobian
└ @ OrdinaryDiffEqNonlinearSolve ~/.julia/packages/OrdinaryDiffEqNonlinearSolve/doSPx/src/nlsolve.jl:144
┌ Warning: Verbosity toggle: newton_convergence 
│  Newton iteration diverging: θ = Dual{ForwardDiff.Tag{PEtab.var"#_get_hess_gaussnewton##0#_get_hess_gaussnewton##1"{PEtab.PEtabODEProblemInfo{ODESolver, ODESolver, PEtab.PEtabODEProblemCache{Vector{Float64}, PreallocationTools.DiffCache{Vector{Float64}, Vector{Float64}}, Vector{Float64}, Matrix{Float64}, Dict{Symbol, PreallocationTools.DiffCache}, Dict{Symbol, PreallocationTools.DiffCache}, Dict{Symbol, PreallocationTools.DiffCache}, Vector{Float64}}}, PEtab.ModelInfo}, Float64}}(13.384200885726125,0.0,0.0,0.0,0.0,0.0,0.0,0.0,0.0,0.0,0.0,0.0,0.0) > 2, ndz = 1.7800531903902919, ndzprev = 0.1329965984214021
└ @ OrdinaryDiffEqNonlinearSolve ~/.julia/packages/OrdinaryDiffEqNonlinearSolve/doSPx/src/nlsolve.jl:101
┌ Warning: Verbosity toggle: newton_convergence 
│  Newton iteration failed with stale Jacobian, retrying with fresh Jacobian
└ @ OrdinaryDiffEqNonlinearSolve ~/.julia/packages/OrdinaryDiffEqNonlinearSolve/doSPx/src/nlsolve.jl:144
┌ Warning: Verbosity toggle: newton_convergence 
│  Newton iteration failed with stale Jacobian, retrying with fresh Jacobian
└ @ OrdinaryDiffEqNonlinearSolve ~/.julia/packages/OrdinaryDiffEqNonlinearSolve/doSPx/src/nlsolve.jl:144
┌ Warning: Verbosity toggle: newton_convergence 
│  Newton iteration failed with stale Jacobian, retrying with fresh Jacobian
└ @ OrdinaryDiffEqNonlinearSolve ~/.julia/packages/OrdinaryDiffEqNonlinearSolve/doSPx/src/nlsolve.jl:144
┌ Warning: Verbosity toggle: newton_convergence 
│  Newton iteration failed with stale Jacobian, retrying with fresh Jacobian
└ @ OrdinaryDiffEqNonlinearSolve ~/.julia/packages/OrdinaryDiffEqNonlinearSolve/doSPx/src/nlsolve.jl:144
┌ Warning: Verbosity toggle: newton_convergence 
│  Newton iteration failed with stale Jacobian, retrying with fresh Jacobian
└ @ OrdinaryDiffEqNonlinearSolve ~/.julia/packages/OrdinaryDiffEqNonlinearSolve/doSPx/src/nlsolve.jl:144
┌ Warning: Verbosity toggle: dt_epsilon 
│  Initial timestep too small (near machine epsilon), using default: dt = 0.0
└ @ OrdinaryDiffEqCore ~/.julia/packages/OrdinaryDiffEqCore/rnOL4/src/initdt.jl:196
┌ Warning: Verbosity toggle: dt_epsilon 
│  Initial timestep too small (near machine epsilon), using default: dt = 0.0
└ @ OrdinaryDiffEqCore ~/.julia/packages/OrdinaryDiffEqCore/rnOL4/src/initdt.jl:196
┌ Warning: Verbosity toggle: newton_convergence 
│  Newton iteration diverging: θ = Dual{ForwardDiff.Tag{PEtab.var"#_get_hess_gaussnewton##0#_get_hess_gaussnewton##1"{PEtab.PEtabODEProblemInfo{ODESolver, ODESolver, PEtab.PEtabODEProblemCache{Vector{Float64}, PreallocationTools.DiffCache{Vector{Float64}, Vector{Float64}}, Vector{Float64}, Matrix{Float64}, Dict{Symbol, PreallocationTools.DiffCache}, Dict{Symbol, PreallocationTools.DiffCache}, Dict{Symbol, PreallocationTools.DiffCache}, Vector{Float64}}}, PEtab.ModelInfo}, Float64}}(2.0557914283504193,0.0,0.0,0.0,0.0,0.0,0.0,0.0,0.0,0.0,0.0,0.0,0.0) > 2, ndz = 0.400720235487209, ndzprev = 0.19492261226555924
└ @ OrdinaryDiffEqNonlinearSolve ~/.julia/packages/OrdinaryDiffEqNonlinearSolve/doSPx/src/nlsolve.jl:101
┌ Warning: Verbosity toggle: newton_convergence 
│  Newton iteration failed with stale Jacobian, retrying with fresh Jacobian
└ @ OrdinaryDiffEqNonlinearSolve ~/.julia/packages/OrdinaryDiffEqNonlinearSolve/doSPx/src/nlsolve.jl:144
┌ Warning: Verbosity toggle: newton_convergence 
│  Newton iteration diverging: θ = Dual{ForwardDiff.Tag{PEtab.var"#_get_hess_gaussnewton##0#_get_hess_gaussnewton##1"{PEtab.PEtabODEProblemInfo{ODESolver, ODESolver, PEtab.PEtabODEProblemCache{Vector{Float64}, PreallocationTools.DiffCache{Vector{Float64}, Vector{Float64}}, Vector{Float64}, Matrix{Float64}, Dict{Symbol, PreallocationTools.DiffCache}, Dict{Symbol, PreallocationTools.DiffCache}, Dict{Symbol, PreallocationTools.DiffCache}, Vector{Float64}}}, PEtab.ModelInfo}, Float64}}(2.2741393500035367,0.0,0.0,0.0,0.0,0.0,0.0,0.0,0.0,0.0,0.0,0.0,0.0) > 2, ndz = 1.7449564606446801, ndzprev = 0.7673041058992125
└ @ OrdinaryDiffEqNonlinearSolve ~/.julia/packages/OrdinaryDiffEqNonlinearSolve/doSPx/src/nlsolve.jl:101
┌ Warning: Verbosity toggle: newton_convergence 
│  Newton iteration failed with stale Jacobian, retrying with fresh Jacobian
└ @ OrdinaryDiffEqNonlinearSolve ~/.julia/packages/OrdinaryDiffEqNonlinearSolve/doSPx/src/nlsolve.jl:144
┌ Warning: Verbosity toggle: newton_convergence 
│  Newton iteration failed with stale Jacobian, retrying with fresh Jacobian
└ @ OrdinaryDiffEqNonlinearSolve ~/.julia/packages/OrdinaryDiffEqNonlinearSolve/doSPx/src/nlsolve.jl:144
┌ Warning: Verbosity toggle: newton_convergence 
│  Newton iteration failed with stale Jacobian, retrying with fresh Jacobian
└ @ OrdinaryDiffEqNonlinearSolve ~/.julia/packages/OrdinaryDiffEqNonlinearSolve/doSPx/src/nlsolve.jl:144
┌ Warning: Verbosity toggle: newton_convergence 
│  Newton iteration diverging: θ = Dual{ForwardDiff.Tag{PEtab.var"#_get_hess_gaussnewton##0#_get_hess_gaussnewton##1"{PEtab.PEtabODEProblemInfo{ODESolver, ODESolver, PEtab.PEtabODEProblemCache{Vector{Float64}, PreallocationTools.DiffCache{Vector{Float64}, Vector{Float64}}, Vector{Float64}, Matrix{Float64}, Dict{Symbol, PreallocationTools.DiffCache}, Dict{Symbol, PreallocationTools.DiffCache}, Dict{Symbol, PreallocationTools.DiffCache}, Vector{Float64}}}, PEtab.ModelInfo}, Float64}}(2.005533035695841,0.0,0.0,0.0,0.0,0.0,0.0,0.0,0.0,0.0,0.0,0.0,0.0) > 2, ndz = 0.22794788702500987, ndzprev = 0.11365950247033499
└ @ OrdinaryDiffEqNonlinearSolve ~/.julia/packages/OrdinaryDiffEqNonlinearSolve/doSPx/src/nlsolve.jl:101
┌ Warning: Verbosity toggle: newton_convergence 
│  Newton iteration failed with stale Jacobian, retrying with fresh Jacobian
└ @ OrdinaryDiffEqNonlinearSolve ~/.julia/packages/OrdinaryDiffEqNonlinearSolve/doSPx/src/nlsolve.jl:144
┌ Warning: Verbosity toggle: dt_epsilon 
│  Initial timestep too small (near machine epsilon), using default: dt = 0.0
└ @ OrdinaryDiffEqCore ~/.julia/packages/OrdinaryDiffEqCore/rnOL4/src/initdt.jl:196
┌ Warning: Verbosity toggle: dt_epsilon 
│  Initial timestep too small (near machine epsilon), using default: dt = 0.0
└ @ OrdinaryDiffEqCore ~/.julia/packages/OrdinaryDiffEqCore/rnOL4/src/initdt.jl:196
┌ Warning: Verbosity toggle: newton_convergence 
│  Newton iteration failed with stale Jacobian, retrying with fresh Jacobian
└ @ OrdinaryDiffEqNonlinearSolve ~/.julia/packages/OrdinaryDiffEqNonlinearSolve/doSPx/src/nlsolve.jl:144
┌ Warning: Verbosity toggle: newton_convergence 
│  Newton iteration diverging: θ = Dual{ForwardDiff.Tag{PEtab.var"#_get_hess_gaussnewton##0#_get_hess_gaussnewton##1"{PEtab.PEtabODEProblemInfo{ODESolver, ODESolver, PEtab.PEtabODEProblemCache{Vector{Float64}, PreallocationTools.DiffCache{Vector{Float64}, Vector{Float64}}, Vector{Float64}, Matrix{Float64}, Dict{Symbol, PreallocationTools.DiffCache}, Dict{Symbol, PreallocationTools.DiffCache}, Dict{Symbol, PreallocationTools.DiffCache}, Vector{Float64}}}, PEtab.ModelInfo}, Float64}}(2.6412152212952327,0.0,0.0,0.0,0.0,0.0,0.0,0.0,0.0,0.0,0.0,0.0,0.0) > 2, ndz = 0.17646533516169471, ndzprev = 0.06681217559966862
└ @ OrdinaryDiffEqNonlinearSolve ~/.julia/packages/OrdinaryDiffEqNonlinearSolve/doSPx/src/nlsolve.jl:101
┌ Warning: Verbosity toggle: newton_convergence 
│  Newton iteration failed with stale Jacobian, retrying with fresh Jacobian
└ @ OrdinaryDiffEqNonlinearSolve ~/.julia/packages/OrdinaryDiffEqNonlinearSolve/doSPx/src/nlsolve.jl:144
┌ Warning: Verbosity toggle: newton_convergence 
│  Newton iteration failed with stale Jacobian, retrying with fresh Jacobian
└ @ OrdinaryDiffEqNonlinearSolve ~/.julia/packages/OrdinaryDiffEqNonlinearSolve/doSPx/src/nlsolve.jl:144
┌ Warning: Verbosity toggle: newton_convergence 
│  Newton iteration failed with stale Jacobian, retrying with fresh Jacobian
└ @ OrdinaryDiffEqNonlinearSolve ~/.julia/packages/OrdinaryDiffEqNonlinearSolve/doSPx/src/nlsolve.jl:144
┌ Warning: Verbosity toggle: newton_convergence 
│  Newton iteration diverging: θ = Dual{ForwardDiff.Tag{PEtab.var"#_get_hess_gaussnewton##0#_get_hess_gaussnewton##1"{PEtab.PEtabODEProblemInfo{ODESolver, ODESolver, PEtab.PEtabODEProblemCache{Vector{Float64}, PreallocationTools.DiffCache{Vector{Float64}, Vector{Float64}}, Vector{Float64}, Matrix{Float64}, Dict{Symbol, PreallocationTools.DiffCache}, Dict{Symbol, PreallocationTools.DiffCache}, Dict{Symbol, PreallocationTools.DiffCache}, Vector{Float64}}}, PEtab.ModelInfo}, Float64}}(5.974760639001015,0.0,0.0,0.0,0.0,0.0,0.0,0.0,0.0,0.0,0.0,0.0,0.0) > 2, ndz = 5.637752396031039, ndzprev = 0.9435946871628444
└ @ OrdinaryDiffEqNonlinearSolve ~/.julia/packages/OrdinaryDiffEqNonlinearSolve/doSPx/src/nlsolve.jl:101
┌ Warning: Verbosity toggle: newton_convergence 
│  Newton iteration failed with stale Jacobian, retrying with fresh Jacobian
└ @ OrdinaryDiffEqNonlinearSolve ~/.julia/packages/OrdinaryDiffEqNonlinearSolve/doSPx/src/nlsolve.jl:144
┌ Warning: Verbosity toggle: newton_convergence 
│  Newton iteration diverging: θ = Dual{ForwardDiff.Tag{PEtab.var"#_get_hess_gaussnewton##0#_get_hess_gaussnewton##1"{PEtab.PEtabODEProblemInfo{ODESolver, ODESolver, PEtab.PEtabODEProblemCache{Vector{Float64}, PreallocationTools.DiffCache{Vector{Float64}, Vector{Float64}}, Vector{Float64}, Matrix{Float64}, Dict{Symbol, PreallocationTools.DiffCache}, Dict{Symbol, PreallocationTools.DiffCache}, Dict{Symbol, PreallocationTools.DiffCache}, Vector{Float64}}}, PEtab.ModelInfo}, Float64}}(2.068684499520828,0.0,0.0,0.0,0.0,0.0,0.0,0.0,0.0,0.0,0.0,0.0,0.0) > 2, ndz = 2.4016360580513347, ndzprev = 1.1609484474832332
└ @ OrdinaryDiffEqNonlinearSolve ~/.julia/packages/OrdinaryDiffEqNonlinearSolve/doSPx/src/nlsolve.jl:101
┌ Warning: Verbosity toggle: newton_convergence 
│  Newton iteration failed with stale Jacobian, retrying with fresh Jacobian
└ @ OrdinaryDiffEqNonlinearSolve ~/.julia/packages/OrdinaryDiffEqNonlinearSolve/doSPx/src/nlsolve.jl:144
┌ Warning: Verbosity toggle: newton_convergence 
│  Newton iteration diverging: θ = Dual{ForwardDiff.Tag{PEtab.var"#_get_hess_gaussnewton##0#_get_hess_gaussnewton##1"{PEtab.PEtabODEProblemInfo{ODESolver, ODESolver, PEtab.PEtabODEProblemCache{Vector{Float64}, PreallocationTools.DiffCache{Vector{Float64}, Vector{Float64}}, Vector{Float64}, Matrix{Float64}, Dict{Symbol, PreallocationTools.DiffCache}, Dict{Symbol, PreallocationTools.DiffCache}, Dict{Symbol, PreallocationTools.DiffCache}, Vector{Float64}}}, PEtab.ModelInfo}, Float64}}(2.2992450320897952,0.0,0.0,0.0,0.0,0.0,0.0,0.0,0.0,0.0,0.0,0.0,0.0) > 2, ndz = 0.780794491990933, ndzprev = 0.3395873345788052
└ @ OrdinaryDiffEqNonlinearSolve ~/.julia/packages/OrdinaryDiffEqNonlinearSolve/doSPx/src/nlsolve.jl:101
┌ Warning: Verbosity toggle: newton_convergence 
│  Newton iteration failed with stale Jacobian, retrying with fresh Jacobian
└ @ OrdinaryDiffEqNonlinearSolve ~/.julia/packages/OrdinaryDiffEqNonlinearSolve/doSPx/src/nlsolve.jl:144
┌ Warning: Verbosity toggle: newton_convergence 
│  Newton iteration failed with stale Jacobian, retrying with fresh Jacobian
└ @ OrdinaryDiffEqNonlinearSolve ~/.julia/packages/OrdinaryDiffEqNonlinearSolve/doSPx/src/nlsolve.jl:144
┌ Warning: Verbosity toggle: dt_epsilon 
│  Initial timestep too small (near machine epsilon), using default: dt = 0.0
└ @ OrdinaryDiffEqCore ~/.julia/packages/OrdinaryDiffEqCore/rnOL4/src/initdt.jl:196
┌ Warning: Verbosity toggle: dt_epsilon 
│  Initial timestep too small (near machine epsilon), using default: dt = 0.0
└ @ OrdinaryDiffEqCore ~/.julia/packages/OrdinaryDiffEqCore/rnOL4/src/initdt.jl:196
┌ Warning: Verbosity toggle: newton_convergence 
│  Newton iteration failed with stale Jacobian, retrying with fresh Jacobian
└ @ OrdinaryDiffEqNonlinearSolve ~/.julia/packages/OrdinaryDiffEqNonlinearSolve/doSPx/src/nlsolve.jl:144
┌ Warning: Verbosity toggle: newton_convergence 
│  Newton iteration diverging: θ = 13.148980540832936 > 2, ndz = 0.37894176238277494, ndzprev = 0.028819098271992003
└ @ OrdinaryDiffEqNonlinearSolve ~/.julia/packages/OrdinaryDiffEqNonlinearSolve/doSPx/src/nlsolve.jl:101
┌ Warning: Verbosity toggle: newton_convergence 
│  Newton iteration failed with stale Jacobian, retrying with fresh Jacobian
└ @ OrdinaryDiffEqNonlinearSolve ~/.julia/packages/OrdinaryDiffEqNonlinearSolve/doSPx/src/nlsolve.jl:144
┌ Warning: Verbosity toggle: newton_convergence 
│  Newton iteration failed with stale Jacobian, retrying with fresh Jacobian
└ @ OrdinaryDiffEqNonlinearSolve ~/.julia/packages/OrdinaryDiffEqNonlinearSolve/doSPx/src/nlsolve.jl:144
┌ Warning: Verbosity toggle: newton_convergence 
│  Newton iteration failed with stale Jacobian, retrying with fresh Jacobian
└ @ OrdinaryDiffEqNonlinearSolve ~/.julia/packages/OrdinaryDiffEqNonlinearSolve/doSPx/src/nlsolve.jl:144
┌ Warning: Verbosity toggle: newton_convergence 
│  Newton iteration failed with stale Jacobian, retrying with fresh Jacobian
└ @ OrdinaryDiffEqNonlinearSolve ~/.julia/packages/OrdinaryDiffEqNonlinearSolve/doSPx/src/nlsolve.jl:144
┌ Warning: Verbosity toggle: newton_convergence 
│  Newton iteration failed with stale Jacobian, retrying with fresh Jacobian
└ @ OrdinaryDiffEqNonlinearSolve ~/.julia/packages/OrdinaryDiffEqNonlinearSolve/doSPx/src/nlsolve.jl:144
┌ Warning: Verbosity toggle: dt_epsilon 
│  Initial timestep too small (near machine epsilon), using default: dt = 0.0
└ @ OrdinaryDiffEqCore ~/.julia/packages/OrdinaryDiffEqCore/rnOL4/src/initdt.jl:196
┌ Warning: Verbosity toggle: dt_epsilon 
│  Initial timestep too small (near machine epsilon), using default: dt = 0.0
└ @ OrdinaryDiffEqCore ~/.julia/packages/OrdinaryDiffEqCore/rnOL4/src/initdt.jl:196
┌ Warning: Verbosity toggle: newton_convergence 
│  Newton iteration failed with stale Jacobian, retrying with fresh Jacobian
└ @ OrdinaryDiffEqNonlinearSolve ~/.julia/packages/OrdinaryDiffEqNonlinearSolve/doSPx/src/nlsolve.jl:144
┌ Warning: Verbosity toggle: newton_convergence 
│  Newton iteration diverging: θ = Dual{ForwardDiff.Tag{PEtab.var"#302#303"{Bool, PEtab.PEtabODEProblemInfo{ODESolver, ODESolver, PEtab.PEtabODEProblemCache{Vector{Float64}, PreallocationTools.DiffCache{Vector{Float64}, Vector{Float64}}, Vector{Float64}, Matrix{Float64}, Dict{Symbol, PreallocationTools.DiffCache}, Dict{Symbol, PreallocationTools.DiffCache}, Dict{Symbol, PreallocationTools.DiffCache}, Vector{Float64}}}, PEtab.PEtabODEProblemInfo{ODESolver, ODESolver, PEtab.PEtabODEProblemCache{Vector{Float64}, PreallocationTools.DiffCache{Vector{Float64}, Vector{Float64}}, Vector{Float64}, Matrix{Float64}, Dict{Symbol, PreallocationTools.DiffCache}, Dict{Symbol, PreallocationTools.DiffCache}, Dict{Symbol, PreallocationTools.DiffCache}, Vector{Float64}}}, Vector{Float64}, Vector{Float64}, Vector{Float64}, PEtab.ModelInfo}, Float64}}(5.848273992105571,0.0,0.0,0.0,0.0,0.0,0.0,0.0,0.0,0.0,0.0,0.0,0.0) > 2, ndz = 0.2997511305198691, ndzprev = 0.051254631866512274
└ @ OrdinaryDiffEqNonlinearSolve ~/.julia/packages/OrdinaryDiffEqNonlinearSolve/doSPx/src/nlsolve.jl:101
┌ Warning: Verbosity toggle: newton_convergence 
│  Newton iteration failed with stale Jacobian, retrying with fresh Jacobian
└ @ OrdinaryDiffEqNonlinearSolve ~/.julia/packages/OrdinaryDiffEqNonlinearSolve/doSPx/src/nlsolve.jl:144
┌ Warning: Verbosity toggle: newton_convergence 
│  Newton iteration failed with stale Jacobian, retrying with fresh Jacobian
└ @ OrdinaryDiffEqNonlinearSolve ~/.julia/packages/OrdinaryDiffEqNonlinearSolve/doSPx/src/nlsolve.jl:144
┌ Warning: Verbosity toggle: newton_convergence 
│  Newton iteration failed with stale Jacobian, retrying with fresh Jacobian
└ @ OrdinaryDiffEqNonlinearSolve ~/.julia/packages/OrdinaryDiffEqNonlinearSolve/doSPx/src/nlsolve.jl:144
┌ Warning: Verbosity toggle: newton_convergence 
│  Newton iteration failed with stale Jacobian, retrying with fresh Jacobian
└ @ OrdinaryDiffEqNonlinearSolve ~/.julia/packages/OrdinaryDiffEqNonlinearSolve/doSPx/src/nlsolve.jl:144
┌ Warning: Verbosity toggle: dt_epsilon 
│  Initial timestep too small (near machine epsilon), using default: dt = 0.0
└ @ OrdinaryDiffEqCore ~/.julia/packages/OrdinaryDiffEqCore/rnOL4/src/initdt.jl:196
┌ Warning: Verbosity toggle: dt_epsilon 
│  Initial timestep too small (near machine epsilon), using default: dt = 0.0
└ @ OrdinaryDiffEqCore ~/.julia/packages/OrdinaryDiffEqCore/rnOL4/src/initdt.jl:196
┌ Warning: Verbosity toggle: newton_convergence 
│  Newton iteration failed with stale Jacobian, retrying with fresh Jacobian
└ @ OrdinaryDiffEqNonlinearSolve ~/.julia/packages/OrdinaryDiffEqNonlinearSolve/doSPx/src/nlsolve.jl:144
┌ Warning: Verbosity toggle: newton_convergence 
│  Newton iteration diverging: θ = Dual{ForwardDiff.Tag{PEtab.var"#302#303"{Bool, PEtab.PEtabODEProblemInfo{ODESolver, ODESolver, PEtab.PEtabODEProblemCache{Vector{Float64}, PreallocationTools.DiffCache{Vector{Float64}, Vector{Float64}}, Vector{Float64}, Matrix{Float64}, Dict{Symbol, PreallocationTools.DiffCache}, Dict{Symbol, PreallocationTools.DiffCache}, Dict{Symbol, PreallocationTools.DiffCache}, Vector{Float64}}}, PEtab.PEtabODEProblemInfo{ODESolver, ODESolver, PEtab.PEtabODEProblemCache{Vector{Float64}, PreallocationTools.DiffCache{Vector{Float64}, Vector{Float64}}, Vector{Float64}, Matrix{Float64}, Dict{Symbol, PreallocationTools.DiffCache}, Dict{Symbol, PreallocationTools.DiffCache}, Dict{Symbol, PreallocationTools.DiffCache}, Vector{Float64}}}, Vector{Float64}, Vector{Float64}, Vector{Float64}, PEtab.ModelInfo}, Float64}}(3.209035684654071,0.0,0.0,0.0,0.0,0.0,0.0,0.0,0.0,0.0,0.0,0.0,0.0) > 2, ndz = 1.8763969224419752, ndzprev = 0.5847229843579156
└ @ OrdinaryDiffEqNonlinearSolve ~/.julia/packages/OrdinaryDiffEqNonlinearSolve/doSPx/src/nlsolve.jl:101
┌ Warning: Verbosity toggle: newton_convergence 
│  Newton iteration failed with stale Jacobian, retrying with fresh Jacobian
└ @ OrdinaryDiffEqNonlinearSolve ~/.julia/packages/OrdinaryDiffEqNonlinearSolve/doSPx/src/nlsolve.jl:144
┌ Warning: Verbosity toggle: newton_convergence 
│  Newton iteration failed with stale Jacobian, retrying with fresh Jacobian
└ @ OrdinaryDiffEqNonlinearSolve ~/.julia/packages/OrdinaryDiffEqNonlinearSolve/doSPx/src/nlsolve.jl:144
┌ Warning: Verbosity toggle: newton_convergence 
│  Newton iteration failed with stale Jacobian, retrying with fresh Jacobian
└ @ OrdinaryDiffEqNonlinearSolve ~/.julia/packages/OrdinaryDiffEqNonlinearSolve/doSPx/src/nlsolve.jl:144
┌ Warning: Verbosity toggle: newton_convergence 
│  Newton iteration failed with stale Jacobian, retrying with fresh Jacobian
└ @ OrdinaryDiffEqNonlinearSolve ~/.julia/packages/OrdinaryDiffEqNonlinearSolve/doSPx/src/nlsolve.jl:144
┌ Warning: Verbosity toggle: newton_convergence 
│  Newton iteration failed with stale Jacobian, retrying with fresh Jacobian
└ @ OrdinaryDiffEqNonlinearSolve ~/.julia/packages/OrdinaryDiffEqNonlinearSolve/doSPx/src/nlsolve.jl:144
┌ Warning: Verbosity toggle: dt_epsilon 
│  Initial timestep too small (near machine epsilon), using default: dt = 0.0
└ @ OrdinaryDiffEqCore ~/.julia/packages/OrdinaryDiffEqCore/rnOL4/src/initdt.jl:196
┌ Warning: Verbosity toggle: dt_epsilon 
│  Initial timestep too small (near machine epsilon), using default: dt = 0.0
└ @ OrdinaryDiffEqCore ~/.julia/packages/OrdinaryDiffEqCore/rnOL4/src/initdt.jl:196
┌ Warning: Verbosity toggle: newton_convergence 
│  Newton iteration failed with stale Jacobian, retrying with fresh Jacobian
└ @ OrdinaryDiffEqNonlinearSolve ~/.julia/packages/OrdinaryDiffEqNonlinearSolve/doSPx/src/nlsolve.jl:144
┌ Warning: Verbosity toggle: newton_convergence 
│  Newton iteration diverging: θ = Dual{ForwardDiff.Tag{PEtab.var"#302#303"{Bool, PEtab.PEtabODEProblemInfo{ODESolver, ODESolver, PEtab.PEtabODEProblemCache{Vector{Float64}, PreallocationTools.DiffCache{Vector{Float64}, Vector{Float64}}, Vector{Float64}, Matrix{Float64}, Dict{Symbol, PreallocationTools.DiffCache}, Dict{Symbol, PreallocationTools.DiffCache}, Dict{Symbol, PreallocationTools.DiffCache}, Vector{Float64}}}, PEtab.PEtabODEProblemInfo{ODESolver, ODESolver, PEtab.PEtabODEProblemCache{Vector{Float64}, PreallocationTools.DiffCache{Vector{Float64}, Vector{Float64}}, Vector{Float64}, Matrix{Float64}, Dict{Symbol, PreallocationTools.DiffCache}, Dict{Symbol, PreallocationTools.DiffCache}, Dict{Symbol, PreallocationTools.DiffCache}, Vector{Float64}}}, Vector{Float64}, Vector{Float64}, Vector{Float64}, PEtab.ModelInfo}, Float64}}(7.082784198770899,0.0,0.0,0.0,0.0,0.0,0.0,0.0,0.0,0.0,0.0,0.0,0.0) > 2, ndz = 1.2486947295956918, ndzprev = 0.17629998240132494
└ @ OrdinaryDiffEqNonlinearSolve ~/.julia/packages/OrdinaryDiffEqNonlinearSolve/doSPx/src/nlsolve.jl:101
┌ Warning: Verbosity toggle: newton_convergence 
│  Newton iteration failed with stale Jacobian, retrying with fresh Jacobian
└ @ OrdinaryDiffEqNonlinearSolve ~/.julia/packages/OrdinaryDiffEqNonlinearSolve/doSPx/src/nlsolve.jl:144
┌ Warning: Verbosity toggle: newton_convergence 
│  Newton iteration failed with stale Jacobian, retrying with fresh Jacobian
└ @ OrdinaryDiffEqNonlinearSolve ~/.julia/packages/OrdinaryDiffEqNonlinearSolve/doSPx/src/nlsolve.jl:144
┌ Warning: Verbosity toggle: newton_convergence 
│  Newton iteration failed with stale Jacobian, retrying with fresh Jacobian
└ @ OrdinaryDiffEqNonlinearSolve ~/.julia/packages/OrdinaryDiffEqNonlinearSolve/doSPx/src/nlsolve.jl:144
┌ Warning: Verbosity toggle: newton_convergence 
│  Newton iteration failed with stale Jacobian, retrying with fresh Jacobian
└ @ OrdinaryDiffEqNonlinearSolve ~/.julia/packages/OrdinaryDiffEqNonlinearSolve/doSPx/src/nlsolve.jl:144
┌ Warning: Verbosity toggle: dt_epsilon 
│  Initial timestep too small (near machine epsilon), using default: dt = 0.0
└ @ OrdinaryDiffEqCore ~/.julia/packages/OrdinaryDiffEqCore/rnOL4/src/initdt.jl:196
┌ Warning: Verbosity toggle: dt_epsilon 
│  Initial timestep too small (near machine epsilon), using default: dt = 0.0
└ @ OrdinaryDiffEqCore ~/.julia/packages/OrdinaryDiffEqCore/rnOL4/src/initdt.jl:196
┌ Warning: Verbosity toggle: newton_convergence 
│  Newton iteration failed with stale Jacobian, retrying with fresh Jacobian
└ @ OrdinaryDiffEqNonlinearSolve ~/.julia/packages/OrdinaryDiffEqNonlinearSolve/doSPx/src/nlsolve.jl:144
┌ Warning: Verbosity toggle: newton_convergence 
│  Newton iteration diverging: θ = Dual{ForwardDiff.Tag{PEtab.var"#302#303"{Bool, PEtab.PEtabODEProblemInfo{ODESolver, ODESolver, PEtab.PEtabODEProblemCache{Vector{Float64}, PreallocationTools.DiffCache{Vector{Float64}, Vector{Float64}}, Vector{Float64}, Matrix{Float64}, Dict{Symbol, PreallocationTools.DiffCache}, Dict{Symbol, PreallocationTools.DiffCache}, Dict{Symbol, PreallocationTools.DiffCache}, Vector{Float64}}}, PEtab.PEtabODEProblemInfo{ODESolver, ODESolver, PEtab.PEtabODEProblemCache{Vector{Float64}, PreallocationTools.DiffCache{Vector{Float64}, Vector{Float64}}, Vector{Float64}, Matrix{Float64}, Dict{Symbol, PreallocationTools.DiffCache}, Dict{Symbol, PreallocationTools.DiffCache}, Dict{Symbol, PreallocationTools.DiffCache}, Vector{Float64}}}, Vector{Float64}, Vector{Float64}, Vector{Float64}, PEtab.ModelInfo}, Float64}}(17.664238378116266,0.0,0.0,0.0,0.0,0.0,0.0,0.0,0.0,0.0,0.0,0.0,0.0) > 2, ndz = 0.4781992014316124, ndzprev = 0.027071600325776855
└ @ OrdinaryDiffEqNonlinearSolve ~/.julia/packages/OrdinaryDiffEqNonlinearSolve/doSPx/src/nlsolve.jl:101
┌ Warning: Verbosity toggle: newton_convergence 
│  Newton iteration failed with stale Jacobian, retrying with fresh Jacobian
└ @ OrdinaryDiffEqNonlinearSolve ~/.julia/packages/OrdinaryDiffEqNonlinearSolve/doSPx/src/nlsolve.jl:144
┌ Warning: Verbosity toggle: newton_convergence 
│  Newton iteration failed with stale Jacobian, retrying with fresh Jacobian
└ @ OrdinaryDiffEqNonlinearSolve ~/.julia/packages/OrdinaryDiffEqNonlinearSolve/doSPx/src/nlsolve.jl:144
┌ Warning: Verbosity toggle: newton_convergence 
│  Newton iteration failed with stale Jacobian, retrying with fresh Jacobian
└ @ OrdinaryDiffEqNonlinearSolve ~/.julia/packages/OrdinaryDiffEqNonlinearSolve/doSPx/src/nlsolve.jl:144
┌ Warning: Verbosity toggle: newton_convergence 
│  Newton iteration failed with stale Jacobian, retrying with fresh Jacobian
└ @ OrdinaryDiffEqNonlinearSolve ~/.julia/packages/OrdinaryDiffEqNonlinearSolve/doSPx/src/nlsolve.jl:144
┌ Warning: Verbosity toggle: newton_convergence 
│  Newton iteration failed with stale Jacobian, retrying with fresh Jacobian
└ @ OrdinaryDiffEqNonlinearSolve ~/.julia/packages/OrdinaryDiffEqNonlinearSolve/doSPx/src/nlsolve.jl:144
┌ Warning: Verbosity toggle: dt_epsilon 
│  Initial timestep too small (near machine epsilon), using default: dt = 0.0
└ @ OrdinaryDiffEqCore ~/.julia/packages/OrdinaryDiffEqCore/rnOL4/src/initdt.jl:196
┌ Warning: Verbosity toggle: dt_epsilon 
│  Initial timestep too small (near machine epsilon), using default: dt = 0.0
└ @ OrdinaryDiffEqCore ~/.julia/packages/OrdinaryDiffEqCore/rnOL4/src/initdt.jl:196
┌ Warning: Verbosity toggle: newton_convergence 
│  Newton iteration failed with stale Jacobian, retrying with fresh Jacobian
└ @ OrdinaryDiffEqNonlinearSolve ~/.julia/packages/OrdinaryDiffEqNonlinearSolve/doSPx/src/nlsolve.jl:144
┌ Warning: Verbosity toggle: newton_convergence 
│  Newton iteration diverging: θ = Dual{ForwardDiff.Tag{PEtab.var"#302#303"{Bool, PEtab.PEtabODEProblemInfo{ODESolver, ODESolver, PEtab.PEtabODEProblemCache{Vector{Float64}, PreallocationTools.DiffCache{Vector{Float64}, Vector{Float64}}, Vector{Float64}, Matrix{Float64}, Dict{Symbol, PreallocationTools.DiffCache}, Dict{Symbol, PreallocationTools.DiffCache}, Dict{Symbol, PreallocationTools.DiffCache}, Vector{Float64}}}, PEtab.PEtabODEProblemInfo{ODESolver, ODESolver, PEtab.PEtabODEProblemCache{Vector{Float64}, PreallocationTools.DiffCache{Vector{Float64}, Vector{Float64}}, Vector{Float64}, Matrix{Float64}, Dict{Symbol, PreallocationTools.DiffCache}, Dict{Symbol, PreallocationTools.DiffCache}, Dict{Symbol, PreallocationTools.DiffCache}, Vector{Float64}}}, Vector{Float64}, Vector{Float64}, Vector{Float64}, PEtab.ModelInfo}, Float64}}(11.913850425750821,0.0,0.0,0.0,0.0,0.0,0.0,0.0,0.0,0.0,0.0,0.0,0.0) > 2, ndz = 4.7499585430103926, ndzprev = 0.3986921417733886
└ @ OrdinaryDiffEqNonlinearSolve ~/.julia/packages/OrdinaryDiffEqNonlinearSolve/doSPx/src/nlsolve.jl:101
┌ Warning: Verbosity toggle: newton_convergence 
│  Newton iteration failed with stale Jacobian, retrying with fresh Jacobian
└ @ OrdinaryDiffEqNonlinearSolve ~/.julia/packages/OrdinaryDiffEqNonlinearSolve/doSPx/src/nlsolve.jl:144
┌ Warning: Verbosity toggle: newton_convergence 
│  Newton iteration failed with stale Jacobian, retrying with fresh Jacobian
└ @ OrdinaryDiffEqNonlinearSolve ~/.julia/packages/OrdinaryDiffEqNonlinearSolve/doSPx/src/nlsolve.jl:144
┌ Warning: Verbosity toggle: newton_convergence 
│  Newton iteration failed with stale Jacobian, retrying with fresh Jacobian
└ @ OrdinaryDiffEqNonlinearSolve ~/.julia/packages/OrdinaryDiffEqNonlinearSolve/doSPx/src/nlsolve.jl:144
┌ Warning: Verbosity toggle: newton_convergence 
│  Newton iteration failed with stale Jacobian, retrying with fresh Jacobian
└ @ OrdinaryDiffEqNonlinearSolve ~/.julia/packages/OrdinaryDiffEqNonlinearSolve/doSPx/src/nlsolve.jl:144
┌ Warning: Verbosity toggle: newton_convergence 
│  Newton iteration failed with stale Jacobian, retrying with fresh Jacobian
└ @ OrdinaryDiffEqNonlinearSolve ~/.julia/packages/OrdinaryDiffEqNonlinearSolve/doSPx/src/nlsolve.jl:144
┌ Warning: Verbosity toggle: dt_epsilon 
│  Initial timestep too small (near machine epsilon), using default: dt = 0.0
└ @ OrdinaryDiffEqCore ~/.julia/packages/OrdinaryDiffEqCore/rnOL4/src/initdt.jl:196
┌ Warning: Verbosity toggle: dt_epsilon 
│  Initial timestep too small (near machine epsilon), using default: dt = 0.0
└ @ OrdinaryDiffEqCore ~/.julia/packages/OrdinaryDiffEqCore/rnOL4/src/initdt.jl:196
┌ Warning: Verbosity toggle: newton_convergence 
│  Newton iteration failed with stale Jacobian, retrying with fresh Jacobian
└ @ OrdinaryDiffEqNonlinearSolve ~/.julia/packages/OrdinaryDiffEqNonlinearSolve/doSPx/src/nlsolve.jl:144
┌ Warning: Verbosity toggle: newton_convergence 
│  Newton iteration diverging: θ = 13.148980540832936 > 2, ndz = 0.37894176238277494, ndzprev = 0.028819098271992003
└ @ OrdinaryDiffEqNonlinearSolve ~/.julia/packages/OrdinaryDiffEqNonlinearSolve/doSPx/src/nlsolve.jl:101
┌ Warning: Verbosity toggle: newton_convergence 
│  Newton iteration failed with stale Jacobian, retrying with fresh Jacobian
└ @ OrdinaryDiffEqNonlinearSolve ~/.julia/packages/OrdinaryDiffEqNonlinearSolve/doSPx/src/nlsolve.jl:144
┌ Warning: Verbosity toggle: newton_convergence 
│  Newton iteration failed with stale Jacobian, retrying with fresh Jacobian
└ @ OrdinaryDiffEqNonlinearSolve ~/.julia/packages/OrdinaryDiffEqNonlinearSolve/doSPx/src/nlsolve.jl:144
┌ Warning: Verbosity toggle: newton_convergence 
│  Newton iteration failed with stale Jacobian, retrying with fresh Jacobian
└ @ OrdinaryDiffEqNonlinearSolve ~/.julia/packages/OrdinaryDiffEqNonlinearSolve/doSPx/src/nlsolve.jl:144
┌ Warning: Verbosity toggle: newton_convergence 
│  Newton iteration failed with stale Jacobian, retrying with fresh Jacobian
└ @ OrdinaryDiffEqNonlinearSolve ~/.julia/packages/OrdinaryDiffEqNonlinearSolve/doSPx/src/nlsolve.jl:144
┌ Warning: Verbosity toggle: newton_convergence 
│  Newton iteration failed with stale Jacobian, retrying with fresh Jacobian
└ @ OrdinaryDiffEqNonlinearSolve ~/.julia/packages/OrdinaryDiffEqNonlinearSolve/doSPx/src/nlsolve.jl:144
┌ Warning: Verbosity toggle: dt_epsilon 
│  Initial timestep too small (near machine epsilon), using default: dt = 0.0
└ @ OrdinaryDiffEqCore ~/.julia/packages/OrdinaryDiffEqCore/rnOL4/src/initdt.jl:196
┌ Warning: Verbosity toggle: dt_epsilon 
│  Initial timestep too small (near machine epsilon), using default: dt = 0.0
└ @ OrdinaryDiffEqCore ~/.julia/packages/OrdinaryDiffEqCore/rnOL4/src/initdt.jl:196
┌ Warning: Verbosity toggle: newton_convergence 
│  Newton iteration failed with stale Jacobian, retrying with fresh Jacobian
└ @ OrdinaryDiffEqNonlinearSolve ~/.julia/packages/OrdinaryDiffEqNonlinearSolve/doSPx/src/nlsolve.jl:144
┌ Warning: Verbosity toggle: newton_convergence 
│  Newton iteration diverging: θ = Dual{ForwardDiff.Tag{PEtab.var"#_get_hess_gaussnewton##0#_get_hess_gaussnewton##1"{PEtab.PEtabODEProblemInfo{ODESolver, ODESolver, PEtab.PEtabODEProblemCache{Vector{Float64}, PreallocationTools.DiffCache{Vector{Float64}, Vector{Float64}}, Vector{Float64}, Matrix{Float64}, Dict{Symbol, PreallocationTools.DiffCache}, Dict{Symbol, PreallocationTools.DiffCache}, Dict{Symbol, PreallocationTools.DiffCache}, Vector{Float64}}}, PEtab.ModelInfo}, Float64}}(5.848273992105571,0.0,0.0,0.0,0.0,0.0,0.0,0.0,0.0,0.0,0.0,0.0,0.0) > 2, ndz = 0.2997511305198691, ndzprev = 0.051254631866512274
└ @ OrdinaryDiffEqNonlinearSolve ~/.julia/packages/OrdinaryDiffEqNonlinearSolve/doSPx/src/nlsolve.jl:101
┌ Warning: Verbosity toggle: newton_convergence 
│  Newton iteration failed with stale Jacobian, retrying with fresh Jacobian
└ @ OrdinaryDiffEqNonlinearSolve ~/.julia/packages/OrdinaryDiffEqNonlinearSolve/doSPx/src/nlsolve.jl:144
┌ Warning: Verbosity toggle: newton_convergence 
│  Newton iteration failed with stale Jacobian, retrying with fresh Jacobian
└ @ OrdinaryDiffEqNonlinearSolve ~/.julia/packages/OrdinaryDiffEqNonlinearSolve/doSPx/src/nlsolve.jl:144
┌ Warning: Verbosity toggle: newton_convergence 
│  Newton iteration failed with stale Jacobian, retrying with fresh Jacobian
└ @ OrdinaryDiffEqNonlinearSolve ~/.julia/packages/OrdinaryDiffEqNonlinearSolve/doSPx/src/nlsolve.jl:144
┌ Warning: Verbosity toggle: newton_convergence 
│  Newton iteration failed with stale Jacobian, retrying with fresh Jacobian
└ @ OrdinaryDiffEqNonlinearSolve ~/.julia/packages/OrdinaryDiffEqNonlinearSolve/doSPx/src/nlsolve.jl:144
┌ Warning: Verbosity toggle: dt_epsilon 
│  Initial timestep too small (near machine epsilon), using default: dt = 0.0
└ @ OrdinaryDiffEqCore ~/.julia/packages/OrdinaryDiffEqCore/rnOL4/src/initdt.jl:196
┌ Warning: Verbosity toggle: dt_epsilon 
│  Initial timestep too small (near machine epsilon), using default: dt = 0.0
└ @ OrdinaryDiffEqCore ~/.julia/packages/OrdinaryDiffEqCore/rnOL4/src/initdt.jl:196
┌ Warning: Verbosity toggle: newton_convergence 
│  Newton iteration failed with stale Jacobian, retrying with fresh Jacobian
└ @ OrdinaryDiffEqNonlinearSolve ~/.julia/packages/OrdinaryDiffEqNonlinearSolve/doSPx/src/nlsolve.jl:144
┌ Warning: Verbosity toggle: newton_convergence 
│  Newton iteration diverging: θ = Dual{ForwardDiff.Tag{PEtab.var"#_get_hess_gaussnewton##0#_get_hess_gaussnewton##1"{PEtab.PEtabODEProblemInfo{ODESolver, ODESolver, PEtab.PEtabODEProblemCache{Vector{Float64}, PreallocationTools.DiffCache{Vector{Float64}, Vector{Float64}}, Vector{Float64}, Matrix{Float64}, Dict{Symbol, PreallocationTools.DiffCache}, Dict{Symbol, PreallocationTools.DiffCache}, Dict{Symbol, PreallocationTools.DiffCache}, Vector{Float64}}}, PEtab.ModelInfo}, Float64}}(2.604032828092752,0.0,0.0,0.0,0.0,0.0,0.0,0.0,0.0,0.0,0.0,0.0,0.0) > 2, ndz = 1.2108993025326162, ndzprev = 0.46500923086269397
└ @ OrdinaryDiffEqNonlinearSolve ~/.julia/packages/OrdinaryDiffEqNonlinearSolve/doSPx/src/nlsolve.jl:101
┌ Warning: Verbosity toggle: newton_convergence 
│  Newton iteration failed with stale Jacobian, retrying with fresh Jacobian
└ @ OrdinaryDiffEqNonlinearSolve ~/.julia/packages/OrdinaryDiffEqNonlinearSolve/doSPx/src/nlsolve.jl:144
┌ Warning: Verbosity toggle: newton_convergence 
│  Newton iteration failed with stale Jacobian, retrying with fresh Jacobian
└ @ OrdinaryDiffEqNonlinearSolve ~/.julia/packages/OrdinaryDiffEqNonlinearSolve/doSPx/src/nlsolve.jl:144
┌ Warning: Verbosity toggle: newton_convergence 
│  Newton iteration failed with stale Jacobian, retrying with fresh Jacobian
└ @ OrdinaryDiffEqNonlinearSolve ~/.julia/packages/OrdinaryDiffEqNonlinearSolve/doSPx/src/nlsolve.jl:144
┌ Warning: Verbosity toggle: newton_convergence 
│  Newton iteration failed with stale Jacobian, retrying with fresh Jacobian
└ @ OrdinaryDiffEqNonlinearSolve ~/.julia/packages/OrdinaryDiffEqNonlinearSolve/doSPx/src/nlsolve.jl:144
┌ Warning: Verbosity toggle: newton_convergence 
│  Newton iteration failed with stale Jacobian, retrying with fresh Jacobian
└ @ OrdinaryDiffEqNonlinearSolve ~/.julia/packages/OrdinaryDiffEqNonlinearSolve/doSPx/src/nlsolve.jl:144
┌ Warning: Verbosity toggle: dt_epsilon 
│  Initial timestep too small (near machine epsilon), using default: dt = 0.0
└ @ OrdinaryDiffEqCore ~/.julia/packages/OrdinaryDiffEqCore/rnOL4/src/initdt.jl:196
┌ Warning: Verbosity toggle: dt_epsilon 
│  Initial timestep too small (near machine epsilon), using default: dt = 0.0
└ @ OrdinaryDiffEqCore ~/.julia/packages/OrdinaryDiffEqCore/rnOL4/src/initdt.jl:196
┌ Warning: Verbosity toggle: newton_convergence 
│  Newton iteration failed with stale Jacobian, retrying with fresh Jacobian
└ @ OrdinaryDiffEqNonlinearSolve ~/.julia/packages/OrdinaryDiffEqNonlinearSolve/doSPx/src/nlsolve.jl:144
┌ Warning: Verbosity toggle: newton_convergence 
│  Newton iteration diverging: θ = Dual{ForwardDiff.Tag{PEtab.var"#_get_hess_gaussnewton##0#_get_hess_gaussnewton##1"{PEtab.PEtabODEProblemInfo{ODESolver, ODESolver, PEtab.PEtabODEProblemCache{Vector{Float64}, PreallocationTools.DiffCache{Vector{Float64}, Vector{Float64}}, Vector{Float64}, Matrix{Float64}, Dict{Symbol, PreallocationTools.DiffCache}, Dict{Symbol, PreallocationTools.DiffCache}, Dict{Symbol, PreallocationTools.DiffCache}, Vector{Float64}}}, PEtab.ModelInfo}, Float64}}(13.384200885726125,0.0,0.0,0.0,0.0,0.0,0.0,0.0,0.0,0.0,0.0,0.0,0.0) > 2, ndz = 1.7800531903902919, ndzprev = 0.1329965984214021
└ @ OrdinaryDiffEqNonlinearSolve ~/.julia/packages/OrdinaryDiffEqNonlinearSolve/doSPx/src/nlsolve.jl:101
┌ Warning: Verbosity toggle: newton_convergence 
│  Newton iteration failed with stale Jacobian, retrying with fresh Jacobian
└ @ OrdinaryDiffEqNonlinearSolve ~/.julia/packages/OrdinaryDiffEqNonlinearSolve/doSPx/src/nlsolve.jl:144
┌ Warning: Verbosity toggle: newton_convergence 
│  Newton iteration failed with stale Jacobian, retrying with fresh Jacobian
└ @ OrdinaryDiffEqNonlinearSolve ~/.julia/packages/OrdinaryDiffEqNonlinearSolve/doSPx/src/nlsolve.jl:144
┌ Warning: Verbosity toggle: newton_convergence 
│  Newton iteration failed with stale Jacobian, retrying with fresh Jacobian
└ @ OrdinaryDiffEqNonlinearSolve ~/.julia/packages/OrdinaryDiffEqNonlinearSolve/doSPx/src/nlsolve.jl:144
┌ Warning: Verbosity toggle: newton_convergence 
│  Newton iteration failed with stale Jacobian, retrying with fresh Jacobian
└ @ OrdinaryDiffEqNonlinearSolve ~/.julia/packages/OrdinaryDiffEqNonlinearSolve/doSPx/src/nlsolve.jl:144
┌ Warning: Verbosity toggle: newton_convergence 
│  Newton iteration failed with stale Jacobian, retrying with fresh Jacobian
└ @ OrdinaryDiffEqNonlinearSolve ~/.julia/packages/OrdinaryDiffEqNonlinearSolve/doSPx/src/nlsolve.jl:144
┌ Warning: Verbosity toggle: dt_epsilon 
│  Initial timestep too small (near machine epsilon), using default: dt = 0.0
└ @ OrdinaryDiffEqCore ~/.julia/packages/OrdinaryDiffEqCore/rnOL4/src/initdt.jl:196
┌ Warning: Verbosity toggle: dt_epsilon 
│  Initial timestep too small (near machine epsilon), using default: dt = 0.0
└ @ OrdinaryDiffEqCore ~/.julia/packages/OrdinaryDiffEqCore/rnOL4/src/initdt.jl:196
┌ Warning: Verbosity toggle: newton_convergence 
│  Newton iteration diverging: θ = Dual{ForwardDiff.Tag{PEtab.var"#_get_hess_gaussnewton##0#_get_hess_gaussnewton##1"{PEtab.PEtabODEProblemInfo{ODESolver, ODESolver, PEtab.PEtabODEProblemCache{Vector{Float64}, PreallocationTools.DiffCache{Vector{Float64}, Vector{Float64}}, Vector{Float64}, Matrix{Float64}, Dict{Symbol, PreallocationTools.DiffCache}, Dict{Symbol, PreallocationTools.DiffCache}, Dict{Symbol, PreallocationTools.DiffCache}, Vector{Float64}}}, PEtab.ModelInfo}, Float64}}(2.0557914283504193,0.0,0.0,0.0,0.0,0.0,0.0,0.0,0.0,0.0,0.0,0.0,0.0) > 2, ndz = 0.400720235487209, ndzprev = 0.19492261226555924
└ @ OrdinaryDiffEqNonlinearSolve ~/.julia/packages/OrdinaryDiffEqNonlinearSolve/doSPx/src/nlsolve.jl:101
┌ Warning: Verbosity toggle: newton_convergence 
│  Newton iteration failed with stale Jacobian, retrying with fresh Jacobian
└ @ OrdinaryDiffEqNonlinearSolve ~/.julia/packages/OrdinaryDiffEqNonlinearSolve/doSPx/src/nlsolve.jl:144
┌ Warning: Verbosity toggle: newton_convergence 
│  Newton iteration diverging: θ = Dual{ForwardDiff.Tag{PEtab.var"#_get_hess_gaussnewton##0#_get_hess_gaussnewton##1"{PEtab.PEtabODEProblemInfo{ODESolver, ODESolver, PEtab.PEtabODEProblemCache{Vector{Float64}, PreallocationTools.DiffCache{Vector{Float64}, Vector{Float64}}, Vector{Float64}, Matrix{Float64}, Dict{Symbol, PreallocationTools.DiffCache}, Dict{Symbol, PreallocationTools.DiffCache}, Dict{Symbol, PreallocationTools.DiffCache}, Vector{Float64}}}, PEtab.ModelInfo}, Float64}}(2.2741393500035367,0.0,0.0,0.0,0.0,0.0,0.0,0.0,0.0,0.0,0.0,0.0,0.0) > 2, ndz = 1.7449564606446801, ndzprev = 0.7673041058992125
└ @ OrdinaryDiffEqNonlinearSolve ~/.julia/packages/OrdinaryDiffEqNonlinearSolve/doSPx/src/nlsolve.jl:101
┌ Warning: Verbosity toggle: newton_convergence 
│  Newton iteration failed with stale Jacobian, retrying with fresh Jacobian
└ @ OrdinaryDiffEqNonlinearSolve ~/.julia/packages/OrdinaryDiffEqNonlinearSolve/doSPx/src/nlsolve.jl:144
┌ Warning: Verbosity toggle: newton_convergence 
│  Newton iteration failed with stale Jacobian, retrying with fresh Jacobian
└ @ OrdinaryDiffEqNonlinearSolve ~/.julia/packages/OrdinaryDiffEqNonlinearSolve/doSPx/src/nlsolve.jl:144
┌ Warning: Verbosity toggle: newton_convergence 
│  Newton iteration failed with stale Jacobian, retrying with fresh Jacobian
└ @ OrdinaryDiffEqNonlinearSolve ~/.julia/packages/OrdinaryDiffEqNonlinearSolve/doSPx/src/nlsolve.jl:144
┌ Warning: Verbosity toggle: newton_convergence 
│  Newton iteration diverging: θ = Dual{ForwardDiff.Tag{PEtab.var"#_get_hess_gaussnewton##0#_get_hess_gaussnewton##1"{PEtab.PEtabODEProblemInfo{ODESolver, ODESolver, PEtab.PEtabODEProblemCache{Vector{Float64}, PreallocationTools.DiffCache{Vector{Float64}, Vector{Float64}}, Vector{Float64}, Matrix{Float64}, Dict{Symbol, PreallocationTools.DiffCache}, Dict{Symbol, PreallocationTools.DiffCache}, Dict{Symbol, PreallocationTools.DiffCache}, Vector{Float64}}}, PEtab.ModelInfo}, Float64}}(2.005533035695841,0.0,0.0,0.0,0.0,0.0,0.0,0.0,0.0,0.0,0.0,0.0,0.0) > 2, ndz = 0.22794788702500987, ndzprev = 0.11365950247033499
└ @ OrdinaryDiffEqNonlinearSolve ~/.julia/packages/OrdinaryDiffEqNonlinearSolve/doSPx/src/nlsolve.jl:101
┌ Warning: Verbosity toggle: newton_convergence 
│  Newton iteration failed with stale Jacobian, retrying with fresh Jacobian
└ @ OrdinaryDiffEqNonlinearSolve ~/.julia/packages/OrdinaryDiffEqNonlinearSolve/doSPx/src/nlsolve.jl:144
┌ Warning: Verbosity toggle: dt_epsilon 
│  Initial timestep too small (near machine epsilon), using default: dt = 0.0
└ @ OrdinaryDiffEqCore ~/.julia/packages/OrdinaryDiffEqCore/rnOL4/src/initdt.jl:196
┌ Warning: Verbosity toggle: dt_epsilon 
│  Initial timestep too small (near machine epsilon), using default: dt = 0.0
└ @ OrdinaryDiffEqCore ~/.julia/packages/OrdinaryDiffEqCore/rnOL4/src/initdt.jl:196
┌ Warning: Verbosity toggle: newton_convergence 
│  Newton iteration failed with stale Jacobian, retrying with fresh Jacobian
└ @ OrdinaryDiffEqNonlinearSolve ~/.julia/packages/OrdinaryDiffEqNonlinearSolve/doSPx/src/nlsolve.jl:144
┌ Warning: Verbosity toggle: newton_convergence 
│  Newton iteration diverging: θ = Dual{ForwardDiff.Tag{PEtab.var"#_get_hess_gaussnewton##0#_get_hess_gaussnewton##1"{PEtab.PEtabODEProblemInfo{ODESolver, ODESolver, PEtab.PEtabODEProblemCache{Vector{Float64}, PreallocationTools.DiffCache{Vector{Float64}, Vector{Float64}}, Vector{Float64}, Matrix{Float64}, Dict{Symbol, PreallocationTools.DiffCache}, Dict{Symbol, PreallocationTools.DiffCache}, Dict{Symbol, PreallocationTools.DiffCache}, Vector{Float64}}}, PEtab.ModelInfo}, Float64}}(2.6412152212952327,0.0,0.0,0.0,0.0,0.0,0.0,0.0,0.0,0.0,0.0,0.0,0.0) > 2, ndz = 0.17646533516169471, ndzprev = 0.06681217559966862
└ @ OrdinaryDiffEqNonlinearSolve ~/.julia/packages/OrdinaryDiffEqNonlinearSolve/doSPx/src/nlsolve.jl:101
┌ Warning: Verbosity toggle: newton_convergence 
│  Newton iteration failed with stale Jacobian, retrying with fresh Jacobian
└ @ OrdinaryDiffEqNonlinearSolve ~/.julia/packages/OrdinaryDiffEqNonlinearSolve/doSPx/src/nlsolve.jl:144
┌ Warning: Verbosity toggle: newton_convergence 
│  Newton iteration failed with stale Jacobian, retrying with fresh Jacobian
└ @ OrdinaryDiffEqNonlinearSolve ~/.julia/packages/OrdinaryDiffEqNonlinearSolve/doSPx/src/nlsolve.jl:144
┌ Warning: Verbosity toggle: newton_convergence 
│  Newton iteration failed with stale Jacobian, retrying with fresh Jacobian
└ @ OrdinaryDiffEqNonlinearSolve ~/.julia/packages/OrdinaryDiffEqNonlinearSolve/doSPx/src/nlsolve.jl:144
┌ Warning: Verbosity toggle: newton_convergence 
│  Newton iteration diverging: θ = Dual{ForwardDiff.Tag{PEtab.var"#_get_hess_gaussnewton##0#_get_hess_gaussnewton##1"{PEtab.PEtabODEProblemInfo{ODESolver, ODESolver, PEtab.PEtabODEProblemCache{Vector{Float64}, PreallocationTools.DiffCache{Vector{Float64}, Vector{Float64}}, Vector{Float64}, Matrix{Float64}, Dict{Symbol, PreallocationTools.DiffCache}, Dict{Symbol, PreallocationTools.DiffCache}, Dict{Symbol, PreallocationTools.DiffCache}, Vector{Float64}}}, PEtab.ModelInfo}, Float64}}(5.974760639001015,0.0,0.0,0.0,0.0,0.0,0.0,0.0,0.0,0.0,0.0,0.0,0.0) > 2, ndz = 5.637752396031039, ndzprev = 0.9435946871628444
└ @ OrdinaryDiffEqNonlinearSolve ~/.julia/packages/OrdinaryDiffEqNonlinearSolve/doSPx/src/nlsolve.jl:101
┌ Warning: Verbosity toggle: newton_convergence 
│  Newton iteration failed with stale Jacobian, retrying with fresh Jacobian
└ @ OrdinaryDiffEqNonlinearSolve ~/.julia/packages/OrdinaryDiffEqNonlinearSolve/doSPx/src/nlsolve.jl:144
┌ Warning: Verbosity toggle: newton_convergence 
│  Newton iteration diverging: θ = Dual{ForwardDiff.Tag{PEtab.var"#_get_hess_gaussnewton##0#_get_hess_gaussnewton##1"{PEtab.PEtabODEProblemInfo{ODESolver, ODESolver, PEtab.PEtabODEProblemCache{Vector{Float64}, PreallocationTools.DiffCache{Vector{Float64}, Vector{Float64}}, Vector{Float64}, Matrix{Float64}, Dict{Symbol, PreallocationTools.DiffCache}, Dict{Symbol, PreallocationTools.DiffCache}, Dict{Symbol, PreallocationTools.DiffCache}, Vector{Float64}}}, PEtab.ModelInfo}, Float64}}(2.068684499520828,0.0,0.0,0.0,0.0,0.0,0.0,0.0,0.0,0.0,0.0,0.0,0.0) > 2, ndz = 2.4016360580513347, ndzprev = 1.1609484474832332
└ @ OrdinaryDiffEqNonlinearSolve ~/.julia/packages/OrdinaryDiffEqNonlinearSolve/doSPx/src/nlsolve.jl:101
┌ Warning: Verbosity toggle: newton_convergence 
│  Newton iteration failed with stale Jacobian, retrying with fresh Jacobian
└ @ OrdinaryDiffEqNonlinearSolve ~/.julia/packages/OrdinaryDiffEqNonlinearSolve/doSPx/src/nlsolve.jl:144
┌ Warning: Verbosity toggle: newton_convergence 
│  Newton iteration diverging: θ = Dual{ForwardDiff.Tag{PEtab.var"#_get_hess_gaussnewton##0#_get_hess_gaussnewton##1"{PEtab.PEtabODEProblemInfo{ODESolver, ODESolver, PEtab.PEtabODEProblemCache{Vector{Float64}, PreallocationTools.DiffCache{Vector{Float64}, Vector{Float64}}, Vector{Float64}, Matrix{Float64}, Dict{Symbol, PreallocationTools.DiffCache}, Dict{Symbol, PreallocationTools.DiffCache}, Dict{Symbol, PreallocationTools.DiffCache}, Vector{Float64}}}, PEtab.ModelInfo}, Float64}}(2.2992450320897952,0.0,0.0,0.0,0.0,0.0,0.0,0.0,0.0,0.0,0.0,0.0,0.0) > 2, ndz = 0.780794491990933, ndzprev = 0.3395873345788052
└ @ OrdinaryDiffEqNonlinearSolve ~/.julia/packages/OrdinaryDiffEqNonlinearSolve/doSPx/src/nlsolve.jl:101
┌ Warning: Verbosity toggle: newton_convergence 
│  Newton iteration failed with stale Jacobian, retrying with fresh Jacobian
└ @ OrdinaryDiffEqNonlinearSolve ~/.julia/packages/OrdinaryDiffEqNonlinearSolve/doSPx/src/nlsolve.jl:144
┌ Warning: Verbosity toggle: newton_convergence 
│  Newton iteration failed with stale Jacobian, retrying with fresh Jacobian
└ @ OrdinaryDiffEqNonlinearSolve ~/.julia/packages/OrdinaryDiffEqNonlinearSolve/doSPx/src/nlsolve.jl:144
┌ Warning: Verbosity toggle: dt_epsilon 
│  Initial timestep too small (near machine epsilon), using default: dt = 0.0
└ @ OrdinaryDiffEqCore ~/.julia/packages/OrdinaryDiffEqCore/rnOL4/src/initdt.jl:196
┌ Warning: Verbosity toggle: dt_epsilon 
│  Initial timestep too small (near machine epsilon), using default: dt = 0.0
└ @ OrdinaryDiffEqCore ~/.julia/packages/OrdinaryDiffEqCore/rnOL4/src/initdt.jl:196
┌ Warning: Verbosity toggle: newton_convergence 
│  Newton iteration failed with stale Jacobian, retrying with fresh Jacobian
└ @ OrdinaryDiffEqNonlinearSolve ~/.julia/packages/OrdinaryDiffEqNonlinearSolve/doSPx/src/nlsolve.jl:144
┌ Warning: Verbosity toggle: newton_convergence 
│  Newton iteration diverging: θ = Dual{ForwardDiff.Tag{PEtab.var"#302#303"{Bool, PEtab.PEtabODEProblemInfo{ODESolver, ODESolver, PEtab.PEtabODEProblemCache{Vector{Float64}, PreallocationTools.DiffCache{Vector{Float64}, Vector{Float64}}, Vector{Float64}, Matrix{Float64}, Dict{Symbol, PreallocationTools.DiffCache}, Dict{Symbol, PreallocationTools.DiffCache}, Dict{Symbol, PreallocationTools.DiffCache}, Vector{Float64}}}, PEtab.PEtabODEProblemInfo{ODESolver, ODESolver, PEtab.PEtabODEProblemCache{Vector{Float64}, PreallocationTools.DiffCache{Vector{Float64}, Vector{Float64}}, Vector{Float64}, Matrix{Float64}, Dict{Symbol, PreallocationTools.DiffCache}, Dict{Symbol, PreallocationTools.DiffCache}, Dict{Symbol, PreallocationTools.DiffCache}, Vector{Float64}}}, Vector{Float64}, Vector{Float64}, Vector{Float64}, PEtab.ModelInfo}, Float64}}(9.285240376967836,0.0,0.0,0.0,0.0,0.0,0.0,0.0,0.0,0.0,0.0,0.0,0.0) > 2, ndz = 0.5596894000000511, ndzprev = 0.06027731940988498
└ @ OrdinaryDiffEqNonlinearSolve ~/.julia/packages/OrdinaryDiffEqNonlinearSolve/doSPx/src/nlsolve.jl:101
┌ Warning: Verbosity toggle: newton_convergence 
│  Newton iteration failed with stale Jacobian, retrying with fresh Jacobian
└ @ OrdinaryDiffEqNonlinearSolve ~/.julia/packages/OrdinaryDiffEqNonlinearSolve/doSPx/src/nlsolve.jl:144
┌ Warning: Verbosity toggle: newton_convergence 
│  Newton iteration failed with stale Jacobian, retrying with fresh Jacobian
└ @ OrdinaryDiffEqNonlinearSolve ~/.julia/packages/OrdinaryDiffEqNonlinearSolve/doSPx/src/nlsolve.jl:144
┌ Warning: Verbosity toggle: newton_convergence 
│  Newton iteration failed with stale Jacobian, retrying with fresh Jacobian
└ @ OrdinaryDiffEqNonlinearSolve ~/.julia/packages/OrdinaryDiffEqNonlinearSolve/doSPx/src/nlsolve.jl:144
┌ Warning: Verbosity toggle: newton_convergence 
│  Newton iteration failed with stale Jacobian, retrying with fresh Jacobian
└ @ OrdinaryDiffEqNonlinearSolve ~/.julia/packages/OrdinaryDiffEqNonlinearSolve/doSPx/src/nlsolve.jl:144
┌ Warning: Verbosity toggle: dt_epsilon 
│  Initial timestep too small (near machine epsilon), using default: dt = 0.0
└ @ OrdinaryDiffEqCore ~/.julia/packages/OrdinaryDiffEqCore/rnOL4/src/initdt.jl:196
┌ Warning: Verbosity toggle: dt_epsilon 
│  Initial timestep too small (near machine epsilon), using default: dt = 0.0
└ @ OrdinaryDiffEqCore ~/.julia/packages/OrdinaryDiffEqCore/rnOL4/src/initdt.jl:196
┌ Warning: Verbosity toggle: newton_convergence 
│  Newton iteration failed with stale Jacobian, retrying with fresh Jacobian
└ @ OrdinaryDiffEqNonlinearSolve ~/.julia/packages/OrdinaryDiffEqNonlinearSolve/doSPx/src/nlsolve.jl:144
┌ Warning: Verbosity toggle: newton_convergence 
│  Newton iteration diverging: θ = Dual{ForwardDiff.Tag{PEtab.var"#302#303"{Bool, PEtab.PEtabODEProblemInfo{ODESolver, ODESolver, PEtab.PEtabODEProblemCache{Vector{Float64}, PreallocationTools.DiffCache{Vector{Float64}, Vector{Float64}}, Vector{Float64}, Matrix{Float64}, Dict{Symbol, PreallocationTools.DiffCache}, Dict{Symbol, PreallocationTools.DiffCache}, Dict{Symbol, PreallocationTools.DiffCache}, Vector{Float64}}}, PEtab.PEtabODEProblemInfo{ODESolver, ODESolver, PEtab.PEtabODEProblemCache{Vector{Float64}, PreallocationTools.DiffCache{Vector{Float64}, Vector{Float64}}, Vector{Float64}, Matrix{Float64}, Dict{Symbol, PreallocationTools.DiffCache}, Dict{Symbol, PreallocationTools.DiffCache}, Dict{Symbol, PreallocationTools.DiffCache}, Vector{Float64}}}, Vector{Float64}, Vector{Float64}, Vector{Float64}, PEtab.ModelInfo}, Float64}}(7.241049679072209,0.0,0.0,0.0,0.0,0.0,0.0,0.0,0.0,0.0,0.0,0.0,0.0) > 2, ndz = 1.4016408802269311, ndzprev = 0.1935687424266536
└ @ OrdinaryDiffEqNonlinearSolve ~/.julia/packages/OrdinaryDiffEqNonlinearSolve/doSPx/src/nlsolve.jl:101
┌ Warning: Verbosity toggle: newton_convergence 
│  Newton iteration failed with stale Jacobian, retrying with fresh Jacobian
└ @ OrdinaryDiffEqNonlinearSolve ~/.julia/packages/OrdinaryDiffEqNonlinearSolve/doSPx/src/nlsolve.jl:144
┌ Warning: Verbosity toggle: newton_convergence 
│  Newton iteration failed with stale Jacobian, retrying with fresh Jacobian
└ @ OrdinaryDiffEqNonlinearSolve ~/.julia/packages/OrdinaryDiffEqNonlinearSolve/doSPx/src/nlsolve.jl:144
┌ Warning: Verbosity toggle: newton_convergence 
│  Newton iteration failed with stale Jacobian, retrying with fresh Jacobian
└ @ OrdinaryDiffEqNonlinearSolve ~/.julia/packages/OrdinaryDiffEqNonlinearSolve/doSPx/src/nlsolve.jl:144
┌ Warning: Verbosity toggle: newton_convergence 
│  Newton iteration failed with stale Jacobian, retrying with fresh Jacobian
└ @ OrdinaryDiffEqNonlinearSolve ~/.julia/packages/OrdinaryDiffEqNonlinearSolve/doSPx/src/nlsolve.jl:144
┌ Warning: Verbosity toggle: newton_convergence 
│  Newton iteration failed with stale Jacobian, retrying with fresh Jacobian
└ @ OrdinaryDiffEqNonlinearSolve ~/.julia/packages/OrdinaryDiffEqNonlinearSolve/doSPx/src/nlsolve.jl:144
┌ Warning: Verbosity toggle: dt_epsilon 
│  Initial timestep too small (near machine epsilon), using default: dt = 0.0
└ @ OrdinaryDiffEqCore ~/.julia/packages/OrdinaryDiffEqCore/rnOL4/src/initdt.jl:196
┌ Warning: Verbosity toggle: dt_epsilon 
│  Initial timestep too small (near machine epsilon), using default: dt = 0.0
└ @ OrdinaryDiffEqCore ~/.julia/packages/OrdinaryDiffEqCore/rnOL4/src/initdt.jl:196
┌ Warning: Verbosity toggle: newton_convergence 
│  Newton iteration failed with stale Jacobian, retrying with fresh Jacobian
└ @ OrdinaryDiffEqNonlinearSolve ~/.julia/packages/OrdinaryDiffEqNonlinearSolve/doSPx/src/nlsolve.jl:144
┌ Warning: Verbosity toggle: newton_convergence 
│  Newton iteration diverging: θ = Dual{ForwardDiff.Tag{PEtab.var"#302#303"{Bool, PEtab.PEtabODEProblemInfo{ODESolver, ODESolver, PEtab.PEtabODEProblemCache{Vector{Float64}, PreallocationTools.DiffCache{Vector{Float64}, Vector{Float64}}, Vector{Float64}, Matrix{Float64}, Dict{Symbol, PreallocationTools.DiffCache}, Dict{Symbol, PreallocationTools.DiffCache}, Dict{Symbol, PreallocationTools.DiffCache}, Vector{Float64}}}, PEtab.PEtabODEProblemInfo{ODESolver, ODESolver, PEtab.PEtabODEProblemCache{Vector{Float64}, PreallocationTools.DiffCache{Vector{Float64}, Vector{Float64}}, Vector{Float64}, Matrix{Float64}, Dict{Symbol, PreallocationTools.DiffCache}, Dict{Symbol, PreallocationTools.DiffCache}, Dict{Symbol, PreallocationTools.DiffCache}, Vector{Float64}}}, Vector{Float64}, Vector{Float64}, Vector{Float64}, PEtab.ModelInfo}, Float64}}(13.458131087531754,0.0,0.0,0.0,0.0,0.0,0.0,0.0,0.0,0.0,0.0,0.0,0.0) > 2, ndz = 2.7343803248471925, ndzprev = 0.20317682351752772
└ @ OrdinaryDiffEqNonlinearSolve ~/.julia/packages/OrdinaryDiffEqNonlinearSolve/doSPx/src/nlsolve.jl:101
┌ Warning: Verbosity toggle: newton_convergence 
│  Newton iteration failed with stale Jacobian, retrying with fresh Jacobian
└ @ OrdinaryDiffEqNonlinearSolve ~/.julia/packages/OrdinaryDiffEqNonlinearSolve/doSPx/src/nlsolve.jl:144
┌ Warning: Verbosity toggle: newton_convergence 
│  Newton iteration failed with stale Jacobian, retrying with fresh Jacobian
└ @ OrdinaryDiffEqNonlinearSolve ~/.julia/packages/OrdinaryDiffEqNonlinearSolve/doSPx/src/nlsolve.jl:144
┌ Warning: Verbosity toggle: newton_convergence 
│  Newton iteration failed with stale Jacobian, retrying with fresh Jacobian
└ @ OrdinaryDiffEqNonlinearSolve ~/.julia/packages/OrdinaryDiffEqNonlinearSolve/doSPx/src/nlsolve.jl:144
┌ Warning: Verbosity toggle: newton_convergence 
│  Newton iteration failed with stale Jacobian, retrying with fresh Jacobian
└ @ OrdinaryDiffEqNonlinearSolve ~/.julia/packages/OrdinaryDiffEqNonlinearSolve/doSPx/src/nlsolve.jl:144
┌ Warning: Verbosity toggle: dt_epsilon 
│  Initial timestep too small (near machine epsilon), using default: dt = 0.0
└ @ OrdinaryDiffEqCore ~/.julia/packages/OrdinaryDiffEqCore/rnOL4/src/initdt.jl:196
┌ Warning: Verbosity toggle: dt_epsilon 
│  Initial timestep too small (near machine epsilon), using default: dt = 0.0
└ @ OrdinaryDiffEqCore ~/.julia/packages/OrdinaryDiffEqCore/rnOL4/src/initdt.jl:196
┌ Warning: Verbosity toggle: newton_convergence 
│  Newton iteration failed with stale Jacobian, retrying with fresh Jacobian
└ @ OrdinaryDiffEqNonlinearSolve ~/.julia/packages/OrdinaryDiffEqNonlinearSolve/doSPx/src/nlsolve.jl:144
┌ Warning: Verbosity toggle: newton_convergence 
│  Newton iteration diverging: θ = Dual{ForwardDiff.Tag{PEtab.var"#302#303"{Bool, PEtab.PEtabODEProblemInfo{ODESolver, ODESolver, PEtab.PEtabODEProblemCache{Vector{Float64}, PreallocationTools.DiffCache{Vector{Float64}, Vector{Float64}}, Vector{Float64}, Matrix{Float64}, Dict{Symbol, PreallocationTools.DiffCache}, Dict{Symbol, PreallocationTools.DiffCache}, Dict{Symbol, PreallocationTools.DiffCache}, Vector{Float64}}}, PEtab.PEtabODEProblemInfo{ODESolver, ODESolver, PEtab.PEtabODEProblemCache{Vector{Float64}, PreallocationTools.DiffCache{Vector{Float64}, Vector{Float64}}, Vector{Float64}, Matrix{Float64}, Dict{Symbol, PreallocationTools.DiffCache}, Dict{Symbol, PreallocationTools.DiffCache}, Dict{Symbol, PreallocationTools.DiffCache}, Vector{Float64}}}, Vector{Float64}, Vector{Float64}, Vector{Float64}, PEtab.ModelInfo}, Float64}}(3.0271864926759746,0.0,0.0,0.0,0.0,0.0,0.0,0.0,0.0,0.0,0.0,0.0,0.0) > 2, ndz = 1.8722917535261014, ndzprev = 0.6184923717306334
└ @ OrdinaryDiffEqNonlinearSolve ~/.julia/packages/OrdinaryDiffEqNonlinearSolve/doSPx/src/nlsolve.jl:101
┌ Warning: Verbosity toggle: newton_convergence 
│  Newton iteration failed with stale Jacobian, retrying with fresh Jacobian
└ @ OrdinaryDiffEqNonlinearSolve ~/.julia/packages/OrdinaryDiffEqNonlinearSolve/doSPx/src/nlsolve.jl:144
┌ Warning: Verbosity toggle: newton_convergence 
│  Newton iteration failed with stale Jacobian, retrying with fresh Jacobian
└ @ OrdinaryDiffEqNonlinearSolve ~/.julia/packages/OrdinaryDiffEqNonlinearSolve/doSPx/src/nlsolve.jl:144
┌ Warning: Verbosity toggle: newton_convergence 
│  Newton iteration failed with stale Jacobian, retrying with fresh Jacobian
└ @ OrdinaryDiffEqNonlinearSolve ~/.julia/packages/OrdinaryDiffEqNonlinearSolve/doSPx/src/nlsolve.jl:144
┌ Warning: Verbosity toggle: newton_convergence 
│  Newton iteration failed with stale Jacobian, retrying with fresh Jacobian
└ @ OrdinaryDiffEqNonlinearSolve ~/.julia/packages/OrdinaryDiffEqNonlinearSolve/doSPx/src/nlsolve.jl:144
┌ Warning: Verbosity toggle: newton_convergence 
│  Newton iteration failed with stale Jacobian, retrying with fresh Jacobian
└ @ OrdinaryDiffEqNonlinearSolve ~/.julia/packages/OrdinaryDiffEqNonlinearSolve/doSPx/src/nlsolve.jl:144
┌ Warning: Verbosity toggle: dt_epsilon 
│  Initial timestep too small (near machine epsilon), using default: dt = 0.0
└ @ OrdinaryDiffEqCore ~/.julia/packages/OrdinaryDiffEqCore/rnOL4/src/initdt.jl:196
┌ Warning: Verbosity toggle: dt_epsilon 
│  Initial timestep too small (near machine epsilon), using default: dt = 0.0
└ @ OrdinaryDiffEqCore ~/.julia/packages/OrdinaryDiffEqCore/rnOL4/src/initdt.jl:196
┌ Warning: Verbosity toggle: newton_convergence 
│  Newton iteration failed with stale Jacobian, retrying with fresh Jacobian
└ @ OrdinaryDiffEqNonlinearSolve ~/.julia/packages/OrdinaryDiffEqNonlinearSolve/doSPx/src/nlsolve.jl:144
┌ Warning: Verbosity toggle: newton_convergence 
│  Newton iteration diverging: θ = Dual{ForwardDiff.Tag{PEtab.var"#302#303"{Bool, PEtab.PEtabODEProblemInfo{ODESolver, ODESolver, PEtab.PEtabODEProblemCache{Vector{Float64}, PreallocationTools.DiffCache{Vector{Float64}, Vector{Float64}}, Vector{Float64}, Matrix{Float64}, Dict{Symbol, PreallocationTools.DiffCache}, Dict{Symbol, PreallocationTools.DiffCache}, Dict{Symbol, PreallocationTools.DiffCache}, Vector{Float64}}}, PEtab.PEtabODEProblemInfo{ODESolver, ODESolver, PEtab.PEtabODEProblemCache{Vector{Float64}, PreallocationTools.DiffCache{Vector{Float64}, Vector{Float64}}, Vector{Float64}, Matrix{Float64}, Dict{Symbol, PreallocationTools.DiffCache}, Dict{Symbol, PreallocationTools.DiffCache}, Dict{Symbol, PreallocationTools.DiffCache}, Vector{Float64}}}, Vector{Float64}, Vector{Float64}, Vector{Float64}, PEtab.ModelInfo}, Float64}}(9.619384361167246,0.0,0.0,0.0,0.0,0.0,0.0,0.0,0.0,0.0,0.0,0.0,0.0) > 2, ndz = 2.797279721268191, ndzprev = 0.29079612751109163
└ @ OrdinaryDiffEqNonlinearSolve ~/.julia/packages/OrdinaryDiffEqNonlinearSolve/doSPx/src/nlsolve.jl:101
┌ Warning: Verbosity toggle: newton_convergence 
│  Newton iteration failed with stale Jacobian, retrying with fresh Jacobian
└ @ OrdinaryDiffEqNonlinearSolve ~/.julia/packages/OrdinaryDiffEqNonlinearSolve/doSPx/src/nlsolve.jl:144
┌ Warning: Verbosity toggle: newton_convergence 
│  Newton iteration failed with stale Jacobian, retrying with fresh Jacobian
└ @ OrdinaryDiffEqNonlinearSolve ~/.julia/packages/OrdinaryDiffEqNonlinearSolve/doSPx/src/nlsolve.jl:144
┌ Warning: Verbosity toggle: newton_convergence 
│  Newton iteration failed with stale Jacobian, retrying with fresh Jacobian
└ @ OrdinaryDiffEqNonlinearSolve ~/.julia/packages/OrdinaryDiffEqNonlinearSolve/doSPx/src/nlsolve.jl:144
┌ Warning: Verbosity toggle: newton_convergence 
│  Newton iteration failed with stale Jacobian, retrying with fresh Jacobian
└ @ OrdinaryDiffEqNonlinearSolve ~/.julia/packages/OrdinaryDiffEqNonlinearSolve/doSPx/src/nlsolve.jl:144
┌ Warning: Verbosity toggle: newton_convergence 
│  Newton iteration failed with stale Jacobian, retrying with fresh Jacobian
└ @ OrdinaryDiffEqNonlinearSolve ~/.julia/packages/OrdinaryDiffEqNonlinearSolve/doSPx/src/nlsolve.jl:144
┌ Warning: Verbosity toggle: dt_epsilon 
│  Initial timestep too small (near machine epsilon), using default: dt = 0.0
└ @ OrdinaryDiffEqCore ~/.julia/packages/OrdinaryDiffEqCore/rnOL4/src/initdt.jl:196
┌ Warning: Verbosity toggle: dt_epsilon 
│  Initial timestep too small (near machine epsilon), using default: dt = 0.0
└ @ OrdinaryDiffEqCore ~/.julia/packages/OrdinaryDiffEqCore/rnOL4/src/initdt.jl:196
┌ Warning: Verbosity toggle: newton_convergence 
│  Newton iteration failed with stale Jacobian, retrying with fresh Jacobian
└ @ OrdinaryDiffEqNonlinearSolve ~/.julia/packages/OrdinaryDiffEqNonlinearSolve/doSPx/src/nlsolve.jl:144
┌ Warning: Verbosity toggle: newton_convergence 
│  Newton iteration diverging: θ = 4.448088816576627 > 2, ndz = 0.28567442572315527, ndzprev = 0.06422408308452308
└ @ OrdinaryDiffEqNonlinearSolve ~/.julia/packages/OrdinaryDiffEqNonlinearSolve/doSPx/src/nlsolve.jl:101
┌ Warning: Verbosity toggle: newton_convergence 
│  Newton iteration failed with stale Jacobian, retrying with fresh Jacobian
└ @ OrdinaryDiffEqNonlinearSolve ~/.julia/packages/OrdinaryDiffEqNonlinearSolve/doSPx/src/nlsolve.jl:144
┌ Warning: Verbosity toggle: newton_convergence 
│  Newton iteration failed with stale Jacobian, retrying with fresh Jacobian
└ @ OrdinaryDiffEqNonlinearSolve ~/.julia/packages/OrdinaryDiffEqNonlinearSolve/doSPx/src/nlsolve.jl:144
┌ Warning: Verbosity toggle: newton_convergence 
│  Newton iteration failed with stale Jacobian, retrying with fresh Jacobian
└ @ OrdinaryDiffEqNonlinearSolve ~/.julia/packages/OrdinaryDiffEqNonlinearSolve/doSPx/src/nlsolve.jl:144
┌ Warning: Verbosity toggle: newton_convergence 
│  Newton iteration failed with stale Jacobian, retrying with fresh Jacobian
└ @ OrdinaryDiffEqNonlinearSolve ~/.julia/packages/OrdinaryDiffEqNonlinearSolve/doSPx/src/nlsolve.jl:144
┌ Warning: Verbosity toggle: newton_convergence 
│  Newton iteration failed with stale Jacobian, retrying with fresh Jacobian
└ @ OrdinaryDiffEqNonlinearSolve ~/.julia/packages/OrdinaryDiffEqNonlinearSolve/doSPx/src/nlsolve.jl:144
┌ Warning: Verbosity toggle: dt_epsilon 
│  Initial timestep too small (near machine epsilon), using default: dt = 0.0
└ @ OrdinaryDiffEqCore ~/.julia/packages/OrdinaryDiffEqCore/rnOL4/src/initdt.jl:196
┌ Warning: Verbosity toggle: dt_epsilon 
│  Initial timestep too small (near machine epsilon), using default: dt = 0.0
└ @ OrdinaryDiffEqCore ~/.julia/packages/OrdinaryDiffEqCore/rnOL4/src/initdt.jl:196
┌ Warning: Verbosity toggle: newton_convergence 
│  Newton iteration failed with stale Jacobian, retrying with fresh Jacobian
└ @ OrdinaryDiffEqNonlinearSolve ~/.julia/packages/OrdinaryDiffEqNonlinearSolve/doSPx/src/nlsolve.jl:144
┌ Warning: Verbosity toggle: newton_convergence 
│  Newton iteration diverging: θ = Dual{ForwardDiff.Tag{PEtab.var"#_get_hess_gaussnewton##0#_get_hess_gaussnewton##1"{PEtab.PEtabODEProblemInfo{ODESolver, ODESolver, PEtab.PEtabODEProblemCache{Vector{Float64}, PreallocationTools.DiffCache{Vector{Float64}, Vector{Float64}}, Vector{Float64}, Matrix{Float64}, Dict{Symbol, PreallocationTools.DiffCache}, Dict{Symbol, PreallocationTools.DiffCache}, Dict{Symbol, PreallocationTools.DiffCache}, Vector{Float64}}}, PEtab.ModelInfo}, Float64}}(9.285240376967836,0.0,0.0,0.0,0.0,0.0,0.0,0.0,0.0,0.0,0.0,0.0,0.0) > 2, ndz = 0.5596894000000511, ndzprev = 0.06027731940988498
└ @ OrdinaryDiffEqNonlinearSolve ~/.julia/packages/OrdinaryDiffEqNonlinearSolve/doSPx/src/nlsolve.jl:101
┌ Warning: Verbosity toggle: newton_convergence 
│  Newton iteration failed with stale Jacobian, retrying with fresh Jacobian
└ @ OrdinaryDiffEqNonlinearSolve ~/.julia/packages/OrdinaryDiffEqNonlinearSolve/doSPx/src/nlsolve.jl:144
┌ Warning: Verbosity toggle: newton_convergence 
│  Newton iteration failed with stale Jacobian, retrying with fresh Jacobian
└ @ OrdinaryDiffEqNonlinearSolve ~/.julia/packages/OrdinaryDiffEqNonlinearSolve/doSPx/src/nlsolve.jl:144
┌ Warning: Verbosity toggle: newton_convergence 
│  Newton iteration failed with stale Jacobian, retrying with fresh Jacobian
└ @ OrdinaryDiffEqNonlinearSolve ~/.julia/packages/OrdinaryDiffEqNonlinearSolve/doSPx/src/nlsolve.jl:144
┌ Warning: Verbosity toggle: newton_convergence 
│  Newton iteration failed with stale Jacobian, retrying with fresh Jacobian
└ @ OrdinaryDiffEqNonlinearSolve ~/.julia/packages/OrdinaryDiffEqNonlinearSolve/doSPx/src/nlsolve.jl:144
┌ Warning: Verbosity toggle: dt_epsilon 
│  Initial timestep too small (near machine epsilon), using default: dt = 0.0
└ @ OrdinaryDiffEqCore ~/.julia/packages/OrdinaryDiffEqCore/rnOL4/src/initdt.jl:196
┌ Warning: Verbosity toggle: dt_epsilon 
│  Initial timestep too small (near machine epsilon), using default: dt = 0.0
└ @ OrdinaryDiffEqCore ~/.julia/packages/OrdinaryDiffEqCore/rnOL4/src/initdt.jl:196
┌ Warning: Verbosity toggle: newton_convergence 
│  Newton iteration failed with stale Jacobian, retrying with fresh Jacobian
└ @ OrdinaryDiffEqNonlinearSolve ~/.julia/packages/OrdinaryDiffEqNonlinearSolve/doSPx/src/nlsolve.jl:144
┌ Warning: Verbosity toggle: newton_convergence 
│  Newton iteration diverging: θ = Dual{ForwardDiff.Tag{PEtab.var"#_get_hess_gaussnewton##0#_get_hess_gaussnewton##1"{PEtab.PEtabODEProblemInfo{ODESolver, ODESolver, PEtab.PEtabODEProblemCache{Vector{Float64}, PreallocationTools.DiffCache{Vector{Float64}, Vector{Float64}}, Vector{Float64}, Matrix{Float64}, Dict{Symbol, PreallocationTools.DiffCache}, Dict{Symbol, PreallocationTools.DiffCache}, Dict{Symbol, PreallocationTools.DiffCache}, Vector{Float64}}}, PEtab.ModelInfo}, Float64}}(3.726930339904622,0.0,0.0,0.0,0.0,0.0,0.0,0.0,0.0,0.0,0.0,0.0,0.0) > 2, ndz = 2.2189135560462567, ndzprev = 0.5953729621098961
└ @ OrdinaryDiffEqNonlinearSolve ~/.julia/packages/OrdinaryDiffEqNonlinearSolve/doSPx/src/nlsolve.jl:101
┌ Warning: Verbosity toggle: newton_convergence 
│  Newton iteration failed with stale Jacobian, retrying with fresh Jacobian
└ @ OrdinaryDiffEqNonlinearSolve ~/.julia/packages/OrdinaryDiffEqNonlinearSolve/doSPx/src/nlsolve.jl:144
┌ Warning: Verbosity toggle: newton_convergence 
│  Newton iteration failed with stale Jacobian, retrying with fresh Jacobian
└ @ OrdinaryDiffEqNonlinearSolve ~/.julia/packages/OrdinaryDiffEqNonlinearSolve/doSPx/src/nlsolve.jl:144
┌ Warning: Verbosity toggle: newton_convergence 
│  Newton iteration failed with stale Jacobian, retrying with fresh Jacobian
└ @ OrdinaryDiffEqNonlinearSolve ~/.julia/packages/OrdinaryDiffEqNonlinearSolve/doSPx/src/nlsolve.jl:144
┌ Warning: Verbosity toggle: newton_convergence 
│  Newton iteration failed with stale Jacobian, retrying with fresh Jacobian
└ @ OrdinaryDiffEqNonlinearSolve ~/.julia/packages/OrdinaryDiffEqNonlinearSolve/doSPx/src/nlsolve.jl:144
┌ Warning: Verbosity toggle: newton_convergence 
│  Newton iteration failed with stale Jacobian, retrying with fresh Jacobian
└ @ OrdinaryDiffEqNonlinearSolve ~/.julia/packages/OrdinaryDiffEqNonlinearSolve/doSPx/src/nlsolve.jl:144
┌ Warning: Verbosity toggle: dt_epsilon 
│  Initial timestep too small (near machine epsilon), using default: dt = 0.0
└ @ OrdinaryDiffEqCore ~/.julia/packages/OrdinaryDiffEqCore/rnOL4/src/initdt.jl:196
┌ Warning: Verbosity toggle: dt_epsilon 
│  Initial timestep too small (near machine epsilon), using default: dt = 0.0
└ @ OrdinaryDiffEqCore ~/.julia/packages/OrdinaryDiffEqCore/rnOL4/src/initdt.jl:196
┌ Warning: Verbosity toggle: newton_convergence 
│  Newton iteration failed with stale Jacobian, retrying with fresh Jacobian
└ @ OrdinaryDiffEqNonlinearSolve ~/.julia/packages/OrdinaryDiffEqNonlinearSolve/doSPx/src/nlsolve.jl:144
┌ Warning: Verbosity toggle: newton_convergence 
│  Newton iteration diverging: θ = Dual{ForwardDiff.Tag{PEtab.var"#_get_hess_gaussnewton##0#_get_hess_gaussnewton##1"{PEtab.PEtabODEProblemInfo{ODESolver, ODESolver, PEtab.PEtabODEProblemCache{Vector{Float64}, PreallocationTools.DiffCache{Vector{Float64}, Vector{Float64}}, Vector{Float64}, Matrix{Float64}, Dict{Symbol, PreallocationTools.DiffCache}, Dict{Symbol, PreallocationTools.DiffCache}, Dict{Symbol, PreallocationTools.DiffCache}, Vector{Float64}}}, PEtab.ModelInfo}, Float64}}(11.265213294339766,0.0,0.0,0.0,0.0,0.0,0.0,0.0,0.0,0.0,0.0,0.0,0.0) > 2, ndz = 1.4285943330326105, ndzprev = 0.12681467236402982
└ @ OrdinaryDiffEqNonlinearSolve ~/.julia/packages/OrdinaryDiffEqNonlinearSolve/doSPx/src/nlsolve.jl:101
┌ Warning: Verbosity toggle: newton_convergence 
│  Newton iteration failed with stale Jacobian, retrying with fresh Jacobian
└ @ OrdinaryDiffEqNonlinearSolve ~/.julia/packages/OrdinaryDiffEqNonlinearSolve/doSPx/src/nlsolve.jl:144
┌ Warning: Verbosity toggle: newton_convergence 
│  Newton iteration failed with stale Jacobian, retrying with fresh Jacobian
└ @ OrdinaryDiffEqNonlinearSolve ~/.julia/packages/OrdinaryDiffEqNonlinearSolve/doSPx/src/nlsolve.jl:144
┌ Warning: Verbosity toggle: newton_convergence 
│  Newton iteration failed with stale Jacobian, retrying with fresh Jacobian
└ @ OrdinaryDiffEqNonlinearSolve ~/.julia/packages/OrdinaryDiffEqNonlinearSolve/doSPx/src/nlsolve.jl:144
┌ Warning: Verbosity toggle: newton_convergence 
│  Newton iteration failed with stale Jacobian, retrying with fresh Jacobian
└ @ OrdinaryDiffEqNonlinearSolve ~/.julia/packages/OrdinaryDiffEqNonlinearSolve/doSPx/src/nlsolve.jl:144
┌ Warning: Verbosity toggle: newton_convergence 
│  Newton iteration failed with stale Jacobian, retrying with fresh Jacobian
└ @ OrdinaryDiffEqNonlinearSolve ~/.julia/packages/OrdinaryDiffEqNonlinearSolve/doSPx/src/nlsolve.jl:144
┌ Warning: Verbosity toggle: dt_epsilon 
│  Initial timestep too small (near machine epsilon), using default: dt = 0.0
└ @ OrdinaryDiffEqCore ~/.julia/packages/OrdinaryDiffEqCore/rnOL4/src/initdt.jl:196
┌ Warning: Verbosity toggle: dt_epsilon 
│  Initial timestep too small (near machine epsilon), using default: dt = 0.0
└ @ OrdinaryDiffEqCore ~/.julia/packages/OrdinaryDiffEqCore/rnOL4/src/initdt.jl:196
┌ Warning: Verbosity toggle: newton_convergence 
│  Newton iteration failed with stale Jacobian, retrying with fresh Jacobian
└ @ OrdinaryDiffEqNonlinearSolve ~/.julia/packages/OrdinaryDiffEqNonlinearSolve/doSPx/src/nlsolve.jl:144
┌ Warning: Verbosity toggle: newton_convergence 
│  Newton iteration diverging: θ = Dual{ForwardDiff.Tag{PEtab.var"#_get_hess_gaussnewton##0#_get_hess_gaussnewton##1"{PEtab.PEtabODEProblemInfo{ODESolver, ODESolver, PEtab.PEtabODEProblemCache{Vector{Float64}, PreallocationTools.DiffCache{Vector{Float64}, Vector{Float64}}, Vector{Float64}, Matrix{Float64}, Dict{Symbol, PreallocationTools.DiffCache}, Dict{Symbol, PreallocationTools.DiffCache}, Dict{Symbol, PreallocationTools.DiffCache}, Vector{Float64}}}, PEtab.ModelInfo}, Float64}}(16.019793839659886,0.0,0.0,0.0,0.0,0.0,0.0,0.0,0.0,0.0,0.0,0.0,0.0) > 2, ndz = 0.23343917442688844, ndzprev = 0.014571921259621187
└ @ OrdinaryDiffEqNonlinearSolve ~/.julia/packages/OrdinaryDiffEqNonlinearSolve/doSPx/src/nlsolve.jl:101
┌ Warning: Verbosity toggle: newton_convergence 
│  Newton iteration failed with stale Jacobian, retrying with fresh Jacobian
└ @ OrdinaryDiffEqNonlinearSolve ~/.julia/packages/OrdinaryDiffEqNonlinearSolve/doSPx/src/nlsolve.jl:144
┌ Warning: Verbosity toggle: newton_convergence 
│  Newton iteration failed with stale Jacobian, retrying with fresh Jacobian
└ @ OrdinaryDiffEqNonlinearSolve ~/.julia/packages/OrdinaryDiffEqNonlinearSolve/doSPx/src/nlsolve.jl:144
┌ Warning: Verbosity toggle: newton_convergence 
│  Newton iteration failed with stale Jacobian, retrying with fresh Jacobian
└ @ OrdinaryDiffEqNonlinearSolve ~/.julia/packages/OrdinaryDiffEqNonlinearSolve/doSPx/src/nlsolve.jl:144
┌ Warning: Verbosity toggle: newton_convergence 
│  Newton iteration diverging: θ = Dual{ForwardDiff.Tag{PEtab.var"#_get_hess_gaussnewton##0#_get_hess_gaussnewton##1"{PEtab.PEtabODEProblemInfo{ODESolver, ODESolver, PEtab.PEtabODEProblemCache{Vector{Float64}, PreallocationTools.DiffCache{Vector{Float64}, Vector{Float64}}, Vector{Float64}, Matrix{Float64}, Dict{Symbol, PreallocationTools.DiffCache}, Dict{Symbol, PreallocationTools.DiffCache}, Dict{Symbol, PreallocationTools.DiffCache}, Vector{Float64}}}, PEtab.ModelInfo}, Float64}}(3.4188089126305288,0.0,0.0,0.0,0.0,0.0,0.0,0.0,0.0,0.0,0.0,0.0,0.0) > 2, ndz = 0.21538981253849418, ndzprev = 0.06300141892773034
└ @ OrdinaryDiffEqNonlinearSolve ~/.julia/packages/OrdinaryDiffEqNonlinearSolve/doSPx/src/nlsolve.jl:101
┌ Warning: Verbosity toggle: newton_convergence 
│  Newton iteration failed with stale Jacobian, retrying with fresh Jacobian
└ @ OrdinaryDiffEqNonlinearSolve ~/.julia/packages/OrdinaryDiffEqNonlinearSolve/doSPx/src/nlsolve.jl:144
┌ Warning: Verbosity toggle: dt_epsilon 
│  Initial timestep too small (near machine epsilon), using default: dt = 0.0
└ @ OrdinaryDiffEqCore ~/.julia/packages/OrdinaryDiffEqCore/rnOL4/src/initdt.jl:196
┌ Warning: Verbosity toggle: dt_epsilon 
│  Initial timestep too small (near machine epsilon), using default: dt = 0.0
└ @ OrdinaryDiffEqCore ~/.julia/packages/OrdinaryDiffEqCore/rnOL4/src/initdt.jl:196
┌ Warning: Verbosity toggle: newton_convergence 
│  Newton iteration failed with stale Jacobian, retrying with fresh Jacobian
└ @ OrdinaryDiffEqNonlinearSolve ~/.julia/packages/OrdinaryDiffEqNonlinearSolve/doSPx/src/nlsolve.jl:144
┌ Warning: Verbosity toggle: newton_convergence 
│  Newton iteration diverging: θ = Dual{ForwardDiff.Tag{PEtab.var"#_get_hess_gaussnewton##0#_get_hess_gaussnewton##1"{PEtab.PEtabODEProblemInfo{ODESolver, ODESolver, PEtab.PEtabODEProblemCache{Vector{Float64}, PreallocationTools.DiffCache{Vector{Float64}, Vector{Float64}}, Vector{Float64}, Matrix{Float64}, Dict{Symbol, PreallocationTools.DiffCache}, Dict{Symbol, PreallocationTools.DiffCache}, Dict{Symbol, PreallocationTools.DiffCache}, Vector{Float64}}}, PEtab.ModelInfo}, Float64}}(2.0583019692078914,0.0,0.0,0.0,0.0,0.0,0.0,0.0,0.0,0.0,0.0,0.0,0.0) > 2, ndz = 1.0367772467036076, ndzprev = 0.5037051230644242
└ @ OrdinaryDiffEqNonlinearSolve ~/.julia/packages/OrdinaryDiffEqNonlinearSolve/doSPx/src/nlsolve.jl:101
┌ Warning: Verbosity toggle: newton_convergence 
│  Newton iteration failed with stale Jacobian, retrying with fresh Jacobian
└ @ OrdinaryDiffEqNonlinearSolve ~/.julia/packages/OrdinaryDiffEqNonlinearSolve/doSPx/src/nlsolve.jl:144
┌ Warning: Verbosity toggle: newton_convergence 
│  Newton iteration failed with stale Jacobian, retrying with fresh Jacobian
└ @ OrdinaryDiffEqNonlinearSolve ~/.julia/packages/OrdinaryDiffEqNonlinearSolve/doSPx/src/nlsolve.jl:144
┌ Warning: Verbosity toggle: newton_convergence 
│  Newton iteration diverging: θ = Dual{ForwardDiff.Tag{PEtab.var"#_get_hess_gaussnewton##0#_get_hess_gaussnewton##1"{PEtab.PEtabODEProblemInfo{ODESolver, ODESolver, PEtab.PEtabODEProblemCache{Vector{Float64}, PreallocationTools.DiffCache{Vector{Float64}, Vector{Float64}}, Vector{Float64}, Matrix{Float64}, Dict{Symbol, PreallocationTools.DiffCache}, Dict{Symbol, PreallocationTools.DiffCache}, Dict{Symbol, PreallocationTools.DiffCache}, Vector{Float64}}}, PEtab.ModelInfo}, Float64}}(3.395973945943908,0.0,0.0,0.0,0.0,0.0,0.0,0.0,0.0,0.0,0.0,0.0,0.0) > 2, ndz = 0.22890969756230836, ndzprev = 0.06740619957809574
└ @ OrdinaryDiffEqNonlinearSolve ~/.julia/packages/OrdinaryDiffEqNonlinearSolve/doSPx/src/nlsolve.jl:101
┌ Warning: Verbosity toggle: newton_convergence 
│  Newton iteration failed with stale Jacobian, retrying with fresh Jacobian
└ @ OrdinaryDiffEqNonlinearSolve ~/.julia/packages/OrdinaryDiffEqNonlinearSolve/doSPx/src/nlsolve.jl:144
┌ Warning: Verbosity toggle: newton_convergence 
│  Newton iteration diverging: θ = Dual{ForwardDiff.Tag{PEtab.var"#_get_hess_gaussnewton##0#_get_hess_gaussnewton##1"{PEtab.PEtabODEProblemInfo{ODESolver, ODESolver, PEtab.PEtabODEProblemCache{Vector{Float64}, PreallocationTools.DiffCache{Vector{Float64}, Vector{Float64}}, Vector{Float64}, Matrix{Float64}, Dict{Symbol, PreallocationTools.DiffCache}, Dict{Symbol, PreallocationTools.DiffCache}, Dict{Symbol, PreallocationTools.DiffCache}, Vector{Float64}}}, PEtab.ModelInfo}, Float64}}(2.3064619169126725,0.0,0.0,0.0,0.0,0.0,0.0,0.0,0.0,0.0,0.0,0.0,0.0) > 2, ndz = 0.2502818816219407, ndzprev = 0.10851333802075384
└ @ OrdinaryDiffEqNonlinearSolve ~/.julia/packages/OrdinaryDiffEqNonlinearSolve/doSPx/src/nlsolve.jl:101
┌ Warning: Verbosity toggle: newton_convergence 
│  Newton iteration failed with stale Jacobian, retrying with fresh Jacobian
└ @ OrdinaryDiffEqNonlinearSolve ~/.julia/packages/OrdinaryDiffEqNonlinearSolve/doSPx/src/nlsolve.jl:144
┌ Warning: Verbosity toggle: newton_convergence 
│  Newton iteration diverging: θ = Dual{ForwardDiff.Tag{PEtab.var"#_get_hess_gaussnewton##0#_get_hess_gaussnewton##1"{PEtab.PEtabODEProblemInfo{ODESolver, ODESolver, PEtab.PEtabODEProblemCache{Vector{Float64}, PreallocationTools.DiffCache{Vector{Float64}, Vector{Float64}}, Vector{Float64}, Matrix{Float64}, Dict{Symbol, PreallocationTools.DiffCache}, Dict{Symbol, PreallocationTools.DiffCache}, Dict{Symbol, PreallocationTools.DiffCache}, Vector{Float64}}}, PEtab.ModelInfo}, Float64}}(3.30982176315901,0.0,0.0,0.0,0.0,0.0,0.0,0.0,0.0,0.0,0.0,0.0,0.0) > 2, ndz = 0.2937796815766297, ndzprev = 0.08875997035448702
└ @ OrdinaryDiffEqNonlinearSolve ~/.julia/packages/OrdinaryDiffEqNonlinearSolve/doSPx/src/nlsolve.jl:101
┌ Warning: Verbosity toggle: newton_convergence 
│  Newton iteration failed with stale Jacobian, retrying with fresh Jacobian
└ @ OrdinaryDiffEqNonlinearSolve ~/.julia/packages/OrdinaryDiffEqNonlinearSolve/doSPx/src/nlsolve.jl:144
┌ Warning: Verbosity toggle: newton_convergence 
│  Newton iteration failed with stale Jacobian, retrying with fresh Jacobian
└ @ OrdinaryDiffEqNonlinearSolve ~/.julia/packages/OrdinaryDiffEqNonlinearSolve/doSPx/src/nlsolve.jl:144
┌ Warning: Verbosity toggle: dt_epsilon 
│  Initial timestep too small (near machine epsilon), using default: dt = 0.0
└ @ OrdinaryDiffEqCore ~/.julia/packages/OrdinaryDiffEqCore/rnOL4/src/initdt.jl:196
┌ Warning: Verbosity toggle: dt_epsilon 
│  Initial timestep too small (near machine epsilon), using default: dt = 0.0
└ @ OrdinaryDiffEqCore ~/.julia/packages/OrdinaryDiffEqCore/rnOL4/src/initdt.jl:196
┌ Warning: Verbosity toggle: newton_convergence 
│  Newton iteration failed with stale Jacobian, retrying with fresh Jacobian
└ @ OrdinaryDiffEqNonlinearSolve ~/.julia/packages/OrdinaryDiffEqNonlinearSolve/doSPx/src/nlsolve.jl:144
┌ Warning: Verbosity toggle: newton_convergence 
│  Newton iteration diverging: θ = Dual{ForwardDiff.Tag{PEtab.var"#302#303"{Bool, PEtab.PEtabODEProblemInfo{ODESolver, ODESolver, PEtab.PEtabODEProblemCache{Vector{Float64}, PreallocationTools.DiffCache{Vector{Float64}, Vector{Float64}}, Vector{Float64}, Matrix{Float64}, Dict{Symbol, PreallocationTools.DiffCache}, Dict{Symbol, PreallocationTools.DiffCache}, Dict{Symbol, PreallocationTools.DiffCache}, Vector{Float64}}}, PEtab.PEtabODEProblemInfo{ODESolver, ODESolver, PEtab.PEtabODEProblemCache{Vector{Float64}, PreallocationTools.DiffCache{Vector{Float64}, Vector{Float64}}, Vector{Float64}, Matrix{Float64}, Dict{Symbol, PreallocationTools.DiffCache}, Dict{Symbol, PreallocationTools.DiffCache}, Dict{Symbol, PreallocationTools.DiffCache}, Vector{Float64}}}, Vector{Float64}, Vector{Float64}, Vector{Float64}, PEtab.ModelInfo}, Float64}}(4.033699336868533,0.0,0.0,0.0,0.0,0.0,0.0,0.0,0.0,0.0,0.0,0.0,0.0) > 2, ndz = 0.20924829050887278, ndzprev = 0.05187503406521065
└ @ OrdinaryDiffEqNonlinearSolve ~/.julia/packages/OrdinaryDiffEqNonlinearSolve/doSPx/src/nlsolve.jl:101
┌ Warning: Verbosity toggle: newton_convergence 
│  Newton iteration failed with stale Jacobian, retrying with fresh Jacobian
└ @ OrdinaryDiffEqNonlinearSolve ~/.julia/packages/OrdinaryDiffEqNonlinearSolve/doSPx/src/nlsolve.jl:144
┌ Warning: Verbosity toggle: newton_convergence 
│  Newton iteration failed with stale Jacobian, retrying with fresh Jacobian
└ @ OrdinaryDiffEqNonlinearSolve ~/.julia/packages/OrdinaryDiffEqNonlinearSolve/doSPx/src/nlsolve.jl:144
┌ Warning: Verbosity toggle: newton_convergence 
│  Newton iteration failed with stale Jacobian, retrying with fresh Jacobian
└ @ OrdinaryDiffEqNonlinearSolve ~/.julia/packages/OrdinaryDiffEqNonlinearSolve/doSPx/src/nlsolve.jl:144
┌ Warning: Verbosity toggle: newton_convergence 
│  Newton iteration failed with stale Jacobian, retrying with fresh Jacobian
└ @ OrdinaryDiffEqNonlinearSolve ~/.julia/packages/OrdinaryDiffEqNonlinearSolve/doSPx/src/nlsolve.jl:144
┌ Warning: Verbosity toggle: dt_epsilon 
│  Initial timestep too small (near machine epsilon), using default: dt = 0.0
└ @ OrdinaryDiffEqCore ~/.julia/packages/OrdinaryDiffEqCore/rnOL4/src/initdt.jl:196
┌ Warning: Verbosity toggle: dt_epsilon 
│  Initial timestep too small (near machine epsilon), using default: dt = 0.0
└ @ OrdinaryDiffEqCore ~/.julia/packages/OrdinaryDiffEqCore/rnOL4/src/initdt.jl:196
┌ Warning: Verbosity toggle: newton_convergence 
│  Newton iteration failed with stale Jacobian, retrying with fresh Jacobian
└ @ OrdinaryDiffEqNonlinearSolve ~/.julia/packages/OrdinaryDiffEqNonlinearSolve/doSPx/src/nlsolve.jl:144
┌ Warning: Verbosity toggle: newton_convergence 
│  Newton iteration diverging: θ = Dual{ForwardDiff.Tag{PEtab.var"#302#303"{Bool, PEtab.PEtabODEProblemInfo{ODESolver, ODESolver, PEtab.PEtabODEProblemCache{Vector{Float64}, PreallocationTools.DiffCache{Vector{Float64}, Vector{Float64}}, Vector{Float64}, Matrix{Float64}, Dict{Symbol, PreallocationTools.DiffCache}, Dict{Symbol, PreallocationTools.DiffCache}, Dict{Symbol, PreallocationTools.DiffCache}, Vector{Float64}}}, PEtab.PEtabODEProblemInfo{ODESolver, ODESolver, PEtab.PEtabODEProblemCache{Vector{Float64}, PreallocationTools.DiffCache{Vector{Float64}, Vector{Float64}}, Vector{Float64}, Matrix{Float64}, Dict{Symbol, PreallocationTools.DiffCache}, Dict{Symbol, PreallocationTools.DiffCache}, Dict{Symbol, PreallocationTools.DiffCache}, Vector{Float64}}}, Vector{Float64}, Vector{Float64}, Vector{Float64}, PEtab.ModelInfo}, Float64}}(2.714723218120671,0.0,0.0,0.0,0.0,0.0,0.0,0.0,0.0,0.0,0.0,0.0,0.0) > 2, ndz = 0.882776621055694, ndzprev = 0.3251810774531984
└ @ OrdinaryDiffEqNonlinearSolve ~/.julia/packages/OrdinaryDiffEqNonlinearSolve/doSPx/src/nlsolve.jl:101
┌ Warning: Verbosity toggle: newton_convergence 
│  Newton iteration failed with stale Jacobian, retrying with fresh Jacobian
└ @ OrdinaryDiffEqNonlinearSolve ~/.julia/packages/OrdinaryDiffEqNonlinearSolve/doSPx/src/nlsolve.jl:144
┌ Warning: Verbosity toggle: newton_convergence 
│  Newton iteration failed with stale Jacobian, retrying with fresh Jacobian
└ @ OrdinaryDiffEqNonlinearSolve ~/.julia/packages/OrdinaryDiffEqNonlinearSolve/doSPx/src/nlsolve.jl:144
┌ Warning: Verbosity toggle: newton_convergence 
│  Newton iteration failed with stale Jacobian, retrying with fresh Jacobian
└ @ OrdinaryDiffEqNonlinearSolve ~/.julia/packages/OrdinaryDiffEqNonlinearSolve/doSPx/src/nlsolve.jl:144
┌ Warning: Verbosity toggle: newton_convergence 
│  Newton iteration failed with stale Jacobian, retrying with fresh Jacobian
└ @ OrdinaryDiffEqNonlinearSolve ~/.julia/packages/OrdinaryDiffEqNonlinearSolve/doSPx/src/nlsolve.jl:144
┌ Warning: Verbosity toggle: newton_convergence 
│  Newton iteration failed with stale Jacobian, retrying with fresh Jacobian
└ @ OrdinaryDiffEqNonlinearSolve ~/.julia/packages/OrdinaryDiffEqNonlinearSolve/doSPx/src/nlsolve.jl:144
┌ Warning: Verbosity toggle: dt_epsilon 
│  Initial timestep too small (near machine epsilon), using default: dt = 0.0
└ @ OrdinaryDiffEqCore ~/.julia/packages/OrdinaryDiffEqCore/rnOL4/src/initdt.jl:196
┌ Warning: Verbosity toggle: dt_epsilon 
│  Initial timestep too small (near machine epsilon), using default: dt = 0.0
└ @ OrdinaryDiffEqCore ~/.julia/packages/OrdinaryDiffEqCore/rnOL4/src/initdt.jl:196
┌ Warning: Verbosity toggle: newton_convergence 
│  Newton iteration failed with stale Jacobian, retrying with fresh Jacobian
└ @ OrdinaryDiffEqNonlinearSolve ~/.julia/packages/OrdinaryDiffEqNonlinearSolve/doSPx/src/nlsolve.jl:144
┌ Warning: Verbosity toggle: newton_convergence 
│  Newton iteration diverging: θ = Dual{ForwardDiff.Tag{PEtab.var"#302#303"{Bool, PEtab.PEtabODEProblemInfo{ODESolver, ODESolver, PEtab.PEtabODEProblemCache{Vector{Float64}, PreallocationTools.DiffCache{Vector{Float64}, Vector{Float64}}, Vector{Float64}, Matrix{Float64}, Dict{Symbol, PreallocationTools.DiffCache}, Dict{Symbol, PreallocationTools.DiffCache}, Dict{Symbol, PreallocationTools.DiffCache}, Vector{Float64}}}, PEtab.PEtabODEProblemInfo{ODESolver, ODESolver, PEtab.PEtabODEProblemCache{Vector{Float64}, PreallocationTools.DiffCache{Vector{Float64}, Vector{Float64}}, Vector{Float64}, Matrix{Float64}, Dict{Symbol, PreallocationTools.DiffCache}, Dict{Symbol, PreallocationTools.DiffCache}, Dict{Symbol, PreallocationTools.DiffCache}, Vector{Float64}}}, Vector{Float64}, Vector{Float64}, Vector{Float64}, PEtab.ModelInfo}, Float64}}(15.326180217402673,0.0,0.0,0.0,0.0,0.0,0.0,0.0,0.0,0.0,0.0,0.0,0.0) > 2, ndz = 2.3950061311912942, ndzprev = 0.156268952682143
└ @ OrdinaryDiffEqNonlinearSolve ~/.julia/packages/OrdinaryDiffEqNonlinearSolve/doSPx/src/nlsolve.jl:101
┌ Warning: Verbosity toggle: newton_convergence 
│  Newton iteration failed with stale Jacobian, retrying with fresh Jacobian
└ @ OrdinaryDiffEqNonlinearSolve ~/.julia/packages/OrdinaryDiffEqNonlinearSolve/doSPx/src/nlsolve.jl:144
┌ Warning: Verbosity toggle: newton_convergence 
│  Newton iteration failed with stale Jacobian, retrying with fresh Jacobian
└ @ OrdinaryDiffEqNonlinearSolve ~/.julia/packages/OrdinaryDiffEqNonlinearSolve/doSPx/src/nlsolve.jl:144
┌ Warning: Verbosity toggle: newton_convergence 
│  Newton iteration failed with stale Jacobian, retrying with fresh Jacobian
└ @ OrdinaryDiffEqNonlinearSolve ~/.julia/packages/OrdinaryDiffEqNonlinearSolve/doSPx/src/nlsolve.jl:144
┌ Warning: Verbosity toggle: newton_convergence 
│  Newton iteration failed with stale Jacobian, retrying with fresh Jacobian
└ @ OrdinaryDiffEqNonlinearSolve ~/.julia/packages/OrdinaryDiffEqNonlinearSolve/doSPx/src/nlsolve.jl:144
┌ Warning: Verbosity toggle: dt_epsilon 
│  Initial timestep too small (near machine epsilon), using default: dt = 0.0
└ @ OrdinaryDiffEqCore ~/.julia/packages/OrdinaryDiffEqCore/rnOL4/src/initdt.jl:196
┌ Warning: Verbosity toggle: dt_epsilon 
│  Initial timestep too small (near machine epsilon), using default: dt = 0.0
└ @ OrdinaryDiffEqCore ~/.julia/packages/OrdinaryDiffEqCore/rnOL4/src/initdt.jl:196
┌ Warning: Verbosity toggle: newton_convergence 
│  Newton iteration failed with stale Jacobian, retrying with fresh Jacobian
└ @ OrdinaryDiffEqNonlinearSolve ~/.julia/packages/OrdinaryDiffEqNonlinearSolve/doSPx/src/nlsolve.jl:144
┌ Warning: Verbosity toggle: newton_convergence 
│  Newton iteration diverging: θ = Dual{ForwardDiff.Tag{PEtab.var"#302#303"{Bool, PEtab.PEtabODEProblemInfo{ODESolver, ODESolver, PEtab.PEtabODEProblemCache{Vector{Float64}, PreallocationTools.DiffCache{Vector{Float64}, Vector{Float64}}, Vector{Float64}, Matrix{Float64}, Dict{Symbol, PreallocationTools.DiffCache}, Dict{Symbol, PreallocationTools.DiffCache}, Dict{Symbol, PreallocationTools.DiffCache}, Vector{Float64}}}, PEtab.PEtabODEProblemInfo{ODESolver, ODESolver, PEtab.PEtabODEProblemCache{Vector{Float64}, PreallocationTools.DiffCache{Vector{Float64}, Vector{Float64}}, Vector{Float64}, Matrix{Float64}, Dict{Symbol, PreallocationTools.DiffCache}, Dict{Symbol, PreallocationTools.DiffCache}, Dict{Symbol, PreallocationTools.DiffCache}, Vector{Float64}}}, Vector{Float64}, Vector{Float64}, Vector{Float64}, PEtab.ModelInfo}, Float64}}(3.913577758556825,0.0,0.0,0.0,0.0,0.0,0.0,0.0,0.0,0.0,0.0,0.0,0.0) > 2, ndz = 2.434743595721074, ndzprev = 0.6221273080361415
└ @ OrdinaryDiffEqNonlinearSolve ~/.julia/packages/OrdinaryDiffEqNonlinearSolve/doSPx/src/nlsolve.jl:101
┌ Warning: Verbosity toggle: newton_convergence 
│  Newton iteration failed with stale Jacobian, retrying with fresh Jacobian
└ @ OrdinaryDiffEqNonlinearSolve ~/.julia/packages/OrdinaryDiffEqNonlinearSolve/doSPx/src/nlsolve.jl:144
┌ Warning: Verbosity toggle: newton_convergence 
│  Newton iteration failed with stale Jacobian, retrying with fresh Jacobian
└ @ OrdinaryDiffEqNonlinearSolve ~/.julia/packages/OrdinaryDiffEqNonlinearSolve/doSPx/src/nlsolve.jl:144
┌ Warning: Verbosity toggle: newton_convergence 
│  Newton iteration failed with stale Jacobian, retrying with fresh Jacobian
└ @ OrdinaryDiffEqNonlinearSolve ~/.julia/packages/OrdinaryDiffEqNonlinearSolve/doSPx/src/nlsolve.jl:144
┌ Warning: Verbosity toggle: newton_convergence 
│  Newton iteration failed with stale Jacobian, retrying with fresh Jacobian
└ @ OrdinaryDiffEqNonlinearSolve ~/.julia/packages/OrdinaryDiffEqNonlinearSolve/doSPx/src/nlsolve.jl:144
┌ Warning: Verbosity toggle: newton_convergence 
│  Newton iteration failed with stale Jacobian, retrying with fresh Jacobian
└ @ OrdinaryDiffEqNonlinearSolve ~/.julia/packages/OrdinaryDiffEqNonlinearSolve/doSPx/src/nlsolve.jl:144
┌ Warning: Verbosity toggle: dt_epsilon 
│  Initial timestep too small (near machine epsilon), using default: dt = 0.0
└ @ OrdinaryDiffEqCore ~/.julia/packages/OrdinaryDiffEqCore/rnOL4/src/initdt.jl:196
┌ Warning: Verbosity toggle: dt_epsilon 
│  Initial timestep too small (near machine epsilon), using default: dt = 0.0
└ @ OrdinaryDiffEqCore ~/.julia/packages/OrdinaryDiffEqCore/rnOL4/src/initdt.jl:196
┌ Warning: Verbosity toggle: newton_convergence 
│  Newton iteration failed with stale Jacobian, retrying with fresh Jacobian
└ @ OrdinaryDiffEqNonlinearSolve ~/.julia/packages/OrdinaryDiffEqNonlinearSolve/doSPx/src/nlsolve.jl:144
┌ Warning: Verbosity toggle: newton_convergence 
│  Newton iteration diverging: θ = Dual{ForwardDiff.Tag{PEtab.var"#302#303"{Bool, PEtab.PEtabODEProblemInfo{ODESolver, ODESolver, PEtab.PEtabODEProblemCache{Vector{Float64}, PreallocationTools.DiffCache{Vector{Float64}, Vector{Float64}}, Vector{Float64}, Matrix{Float64}, Dict{Symbol, PreallocationTools.DiffCache}, Dict{Symbol, PreallocationTools.DiffCache}, Dict{Symbol, PreallocationTools.DiffCache}, Vector{Float64}}}, PEtab.PEtabODEProblemInfo{ODESolver, ODESolver, PEtab.PEtabODEProblemCache{Vector{Float64}, PreallocationTools.DiffCache{Vector{Float64}, Vector{Float64}}, Vector{Float64}, Matrix{Float64}, Dict{Symbol, PreallocationTools.DiffCache}, Dict{Symbol, PreallocationTools.DiffCache}, Dict{Symbol, PreallocationTools.DiffCache}, Vector{Float64}}}, Vector{Float64}, Vector{Float64}, Vector{Float64}, PEtab.ModelInfo}, Float64}}(14.872425684721177,0.0,0.0,0.0,0.0,0.0,0.0,0.0,0.0,0.0,0.0,0.0,0.0) > 2, ndz = 1.7289447007185508, ndzprev = 0.11625169541070492
└ @ OrdinaryDiffEqNonlinearSolve ~/.julia/packages/OrdinaryDiffEqNonlinearSolve/doSPx/src/nlsolve.jl:101
┌ Warning: Verbosity toggle: newton_convergence 
│  Newton iteration failed with stale Jacobian, retrying with fresh Jacobian
└ @ OrdinaryDiffEqNonlinearSolve ~/.julia/packages/OrdinaryDiffEqNonlinearSolve/doSPx/src/nlsolve.jl:144
┌ Warning: Verbosity toggle: newton_convergence 
│  Newton iteration failed with stale Jacobian, retrying with fresh Jacobian
└ @ OrdinaryDiffEqNonlinearSolve ~/.julia/packages/OrdinaryDiffEqNonlinearSolve/doSPx/src/nlsolve.jl:144
┌ Warning: Verbosity toggle: newton_convergence 
│  Newton iteration failed with stale Jacobian, retrying with fresh Jacobian
└ @ OrdinaryDiffEqNonlinearSolve ~/.julia/packages/OrdinaryDiffEqNonlinearSolve/doSPx/src/nlsolve.jl:144
┌ Warning: Verbosity toggle: newton_convergence 
│  Newton iteration failed with stale Jacobian, retrying with fresh Jacobian
└ @ OrdinaryDiffEqNonlinearSolve ~/.julia/packages/OrdinaryDiffEqNonlinearSolve/doSPx/src/nlsolve.jl:144
┌ Warning: Verbosity toggle: newton_convergence 
│  Newton iteration failed with stale Jacobian, retrying with fresh Jacobian
└ @ OrdinaryDiffEqNonlinearSolve ~/.julia/packages/OrdinaryDiffEqNonlinearSolve/doSPx/src/nlsolve.jl:144
┌ Warning: Verbosity toggle: dt_epsilon 
│  Initial timestep too small (near machine epsilon), using default: dt = 0.0
└ @ OrdinaryDiffEqCore ~/.julia/packages/OrdinaryDiffEqCore/rnOL4/src/initdt.jl:196
┌ Warning: Verbosity toggle: dt_epsilon 
│  Initial timestep too small (near machine epsilon), using default: dt = 0.0
└ @ OrdinaryDiffEqCore ~/.julia/packages/OrdinaryDiffEqCore/rnOL4/src/initdt.jl:196
┌ Warning: Verbosity toggle: newton_convergence 
│  Newton iteration failed with stale Jacobian, retrying with fresh Jacobian
└ @ OrdinaryDiffEqNonlinearSolve ~/.julia/packages/OrdinaryDiffEqNonlinearSolve/doSPx/src/nlsolve.jl:144
┌ Warning: Verbosity toggle: newton_convergence 
│  Newton iteration diverging: θ = 2.514405687583162 > 2, ndz = 0.15485252829529056, ndzprev = 0.061586135069609346
└ @ OrdinaryDiffEqNonlinearSolve ~/.julia/packages/OrdinaryDiffEqNonlinearSolve/doSPx/src/nlsolve.jl:101
┌ Warning: Verbosity toggle: newton_convergence 
│  Newton iteration failed with stale Jacobian, retrying with fresh Jacobian
└ @ OrdinaryDiffEqNonlinearSolve ~/.julia/packages/OrdinaryDiffEqNonlinearSolve/doSPx/src/nlsolve.jl:144
┌ Warning: Verbosity toggle: newton_convergence 
│  Newton iteration failed with stale Jacobian, retrying with fresh Jacobian
└ @ OrdinaryDiffEqNonlinearSolve ~/.julia/packages/OrdinaryDiffEqNonlinearSolve/doSPx/src/nlsolve.jl:144
┌ Warning: Verbosity toggle: newton_convergence 
│  Newton iteration failed with stale Jacobian, retrying with fresh Jacobian
└ @ OrdinaryDiffEqNonlinearSolve ~/.julia/packages/OrdinaryDiffEqNonlinearSolve/doSPx/src/nlsolve.jl:144
┌ Warning: Verbosity toggle: newton_convergence 
│  Newton iteration failed with stale Jacobian, retrying with fresh Jacobian
└ @ OrdinaryDiffEqNonlinearSolve ~/.julia/packages/OrdinaryDiffEqNonlinearSolve/doSPx/src/nlsolve.jl:144
┌ Warning: Verbosity toggle: newton_convergence 
│  Newton iteration failed with stale Jacobian, retrying with fresh Jacobian
└ @ OrdinaryDiffEqNonlinearSolve ~/.julia/packages/OrdinaryDiffEqNonlinearSolve/doSPx/src/nlsolve.jl:144
┌ Warning: Verbosity toggle: dt_epsilon 
│  Initial timestep too small (near machine epsilon), using default: dt = 0.0
└ @ OrdinaryDiffEqCore ~/.julia/packages/OrdinaryDiffEqCore/rnOL4/src/initdt.jl:196
┌ Warning: Verbosity toggle: dt_epsilon 
│  Initial timestep too small (near machine epsilon), using default: dt = 0.0
└ @ OrdinaryDiffEqCore ~/.julia/packages/OrdinaryDiffEqCore/rnOL4/src/initdt.jl:196
┌ Warning: Verbosity toggle: newton_convergence 
│  Newton iteration failed with stale Jacobian, retrying with fresh Jacobian
└ @ OrdinaryDiffEqNonlinearSolve ~/.julia/packages/OrdinaryDiffEqNonlinearSolve/doSPx/src/nlsolve.jl:144
┌ Warning: Verbosity toggle: newton_convergence 
│  Newton iteration diverging: θ = Dual{ForwardDiff.Tag{PEtab.var"#_get_hess_gaussnewton##0#_get_hess_gaussnewton##1"{PEtab.PEtabODEProblemInfo{ODESolver, ODESolver, PEtab.PEtabODEProblemCache{Vector{Float64}, PreallocationTools.DiffCache{Vector{Float64}, Vector{Float64}}, Vector{Float64}, Matrix{Float64}, Dict{Symbol, PreallocationTools.DiffCache}, Dict{Symbol, PreallocationTools.DiffCache}, Dict{Symbol, PreallocationTools.DiffCache}, Vector{Float64}}}, PEtab.ModelInfo}, Float64}}(4.033699336868533,0.0,0.0,0.0,0.0,0.0,0.0,0.0,0.0,0.0,0.0,0.0,0.0) > 2, ndz = 0.20924829050887278, ndzprev = 0.05187503406521065
└ @ OrdinaryDiffEqNonlinearSolve ~/.julia/packages/OrdinaryDiffEqNonlinearSolve/doSPx/src/nlsolve.jl:101
┌ Warning: Verbosity toggle: newton_convergence 
│  Newton iteration failed with stale Jacobian, retrying with fresh Jacobian
└ @ OrdinaryDiffEqNonlinearSolve ~/.julia/packages/OrdinaryDiffEqNonlinearSolve/doSPx/src/nlsolve.jl:144
┌ Warning: Verbosity toggle: newton_convergence 
│  Newton iteration failed with stale Jacobian, retrying with fresh Jacobian
└ @ OrdinaryDiffEqNonlinearSolve ~/.julia/packages/OrdinaryDiffEqNonlinearSolve/doSPx/src/nlsolve.jl:144
┌ Warning: Verbosity toggle: newton_convergence 
│  Newton iteration failed with stale Jacobian, retrying with fresh Jacobian
└ @ OrdinaryDiffEqNonlinearSolve ~/.julia/packages/OrdinaryDiffEqNonlinearSolve/doSPx/src/nlsolve.jl:144
┌ Warning: Verbosity toggle: newton_convergence 
│  Newton iteration failed with stale Jacobian, retrying with fresh Jacobian
└ @ OrdinaryDiffEqNonlinearSolve ~/.julia/packages/OrdinaryDiffEqNonlinearSolve/doSPx/src/nlsolve.jl:144
┌ Warning: Verbosity toggle: dt_epsilon 
│  Initial timestep too small (near machine epsilon), using default: dt = 0.0
└ @ OrdinaryDiffEqCore ~/.julia/packages/OrdinaryDiffEqCore/rnOL4/src/initdt.jl:196
┌ Warning: Verbosity toggle: dt_epsilon 
│  Initial timestep too small (near machine epsilon), using default: dt = 0.0
└ @ OrdinaryDiffEqCore ~/.julia/packages/OrdinaryDiffEqCore/rnOL4/src/initdt.jl:196
┌ Warning: Verbosity toggle: newton_convergence 
│  Newton iteration failed with stale Jacobian, retrying with fresh Jacobian
└ @ OrdinaryDiffEqNonlinearSolve ~/.julia/packages/OrdinaryDiffEqNonlinearSolve/doSPx/src/nlsolve.jl:144
┌ Warning: Verbosity toggle: newton_convergence 
│  Newton iteration diverging: θ = Dual{ForwardDiff.Tag{PEtab.var"#_get_hess_gaussnewton##0#_get_hess_gaussnewton##1"{PEtab.PEtabODEProblemInfo{ODESolver, ODESolver, PEtab.PEtabODEProblemCache{Vector{Float64}, PreallocationTools.DiffCache{Vector{Float64}, Vector{Float64}}, Vector{Float64}, Matrix{Float64}, Dict{Symbol, PreallocationTools.DiffCache}, Dict{Symbol, PreallocationTools.DiffCache}, Dict{Symbol, PreallocationTools.DiffCache}, Vector{Float64}}}, PEtab.ModelInfo}, Float64}}(2.8382768106562413,0.0,0.0,0.0,0.0,0.0,0.0,0.0,0.0,0.0,0.0,0.0,0.0) > 2, ndz = 1.6659919091787998, ndzprev = 0.5869730193065996
└ @ OrdinaryDiffEqNonlinearSolve ~/.julia/packages/OrdinaryDiffEqNonlinearSolve/doSPx/src/nlsolve.jl:101
┌ Warning: Verbosity toggle: newton_convergence 
│  Newton iteration failed with stale Jacobian, retrying with fresh Jacobian
└ @ OrdinaryDiffEqNonlinearSolve ~/.julia/packages/OrdinaryDiffEqNonlinearSolve/doSPx/src/nlsolve.jl:144
┌ Warning: Verbosity toggle: newton_convergence 
│  Newton iteration failed with stale Jacobian, retrying with fresh Jacobian
└ @ OrdinaryDiffEqNonlinearSolve ~/.julia/packages/OrdinaryDiffEqNonlinearSolve/doSPx/src/nlsolve.jl:144
┌ Warning: Verbosity toggle: newton_convergence 
│  Newton iteration failed with stale Jacobian, retrying with fresh Jacobian
└ @ OrdinaryDiffEqNonlinearSolve ~/.julia/packages/OrdinaryDiffEqNonlinearSolve/doSPx/src/nlsolve.jl:144
┌ Warning: Verbosity toggle: newton_convergence 
│  Newton iteration failed with stale Jacobian, retrying with fresh Jacobian
└ @ OrdinaryDiffEqNonlinearSolve ~/.julia/packages/OrdinaryDiffEqNonlinearSolve/doSPx/src/nlsolve.jl:144
┌ Warning: Verbosity toggle: newton_convergence 
│  Newton iteration failed with stale Jacobian, retrying with fresh Jacobian
└ @ OrdinaryDiffEqNonlinearSolve ~/.julia/packages/OrdinaryDiffEqNonlinearSolve/doSPx/src/nlsolve.jl:144
┌ Warning: Verbosity toggle: dt_epsilon 
│  Initial timestep too small (near machine epsilon), using default: dt = 0.0
└ @ OrdinaryDiffEqCore ~/.julia/packages/OrdinaryDiffEqCore/rnOL4/src/initdt.jl:196
┌ Warning: Verbosity toggle: dt_epsilon 
│  Initial timestep too small (near machine epsilon), using default: dt = 0.0
└ @ OrdinaryDiffEqCore ~/.julia/packages/OrdinaryDiffEqCore/rnOL4/src/initdt.jl:196
┌ Warning: Verbosity toggle: newton_convergence 
│  Newton iteration failed with stale Jacobian, retrying with fresh Jacobian
└ @ OrdinaryDiffEqNonlinearSolve ~/.julia/packages/OrdinaryDiffEqNonlinearSolve/doSPx/src/nlsolve.jl:144
┌ Warning: Verbosity toggle: newton_convergence 
│  Newton iteration diverging: θ = Dual{ForwardDiff.Tag{PEtab.var"#_get_hess_gaussnewton##0#_get_hess_gaussnewton##1"{PEtab.PEtabODEProblemInfo{ODESolver, ODESolver, PEtab.PEtabODEProblemCache{Vector{Float64}, PreallocationTools.DiffCache{Vector{Float64}, Vector{Float64}}, Vector{Float64}, Matrix{Float64}, Dict{Symbol, PreallocationTools.DiffCache}, Dict{Symbol, PreallocationTools.DiffCache}, Dict{Symbol, PreallocationTools.DiffCache}, Vector{Float64}}}, PEtab.ModelInfo}, Float64}}(14.112476898101757,0.0,0.0,0.0,0.0,0.0,0.0,0.0,0.0,0.0,0.0,0.0,0.0) > 2, ndz = 2.212146843614469, ndzprev = 0.15675114011432117
└ @ OrdinaryDiffEqNonlinearSolve ~/.julia/packages/OrdinaryDiffEqNonlinearSolve/doSPx/src/nlsolve.jl:101
┌ Warning: Verbosity toggle: newton_convergence 
│  Newton iteration failed with stale Jacobian, retrying with fresh Jacobian
└ @ OrdinaryDiffEqNonlinearSolve ~/.julia/packages/OrdinaryDiffEqNonlinearSolve/doSPx/src/nlsolve.jl:144
┌ Warning: Verbosity toggle: newton_convergence 
│  Newton iteration failed with stale Jacobian, retrying with fresh Jacobian
└ @ OrdinaryDiffEqNonlinearSolve ~/.julia/packages/OrdinaryDiffEqNonlinearSolve/doSPx/src/nlsolve.jl:144
┌ Warning: Verbosity toggle: newton_convergence 
│  Newton iteration failed with stale Jacobian, retrying with fresh Jacobian
└ @ OrdinaryDiffEqNonlinearSolve ~/.julia/packages/OrdinaryDiffEqNonlinearSolve/doSPx/src/nlsolve.jl:144
┌ Warning: Verbosity toggle: newton_convergence 
│  Newton iteration failed with stale Jacobian, retrying with fresh Jacobian
└ @ OrdinaryDiffEqNonlinearSolve ~/.julia/packages/OrdinaryDiffEqNonlinearSolve/doSPx/src/nlsolve.jl:144
┌ Warning: Verbosity toggle: newton_convergence 
│  Newton iteration failed with stale Jacobian, retrying with fresh Jacobian
└ @ OrdinaryDiffEqNonlinearSolve ~/.julia/packages/OrdinaryDiffEqNonlinearSolve/doSPx/src/nlsolve.jl:144
┌ Warning: Verbosity toggle: dt_epsilon 
│  Initial timestep too small (near machine epsilon), using default: dt = 0.0
└ @ OrdinaryDiffEqCore ~/.julia/packages/OrdinaryDiffEqCore/rnOL4/src/initdt.jl:196
┌ Warning: Verbosity toggle: dt_epsilon 
│  Initial timestep too small (near machine epsilon), using default: dt = 0.0
└ @ OrdinaryDiffEqCore ~/.julia/packages/OrdinaryDiffEqCore/rnOL4/src/initdt.jl:196
┌ Warning: Verbosity toggle: newton_convergence 
│  Newton iteration failed with stale Jacobian, retrying with fresh Jacobian
└ @ OrdinaryDiffEqNonlinearSolve ~/.julia/packages/OrdinaryDiffEqNonlinearSolve/doSPx/src/nlsolve.jl:144
┌ Warning: Verbosity toggle: newton_convergence 
│  Newton iteration diverging: θ = Dual{ForwardDiff.Tag{PEtab.var"#_get_hess_gaussnewton##0#_get_hess_gaussnewton##1"{PEtab.PEtabODEProblemInfo{ODESolver, ODESolver, PEtab.PEtabODEProblemCache{Vector{Float64}, PreallocationTools.DiffCache{Vector{Float64}, Vector{Float64}}, Vector{Float64}, Matrix{Float64}, Dict{Symbol, PreallocationTools.DiffCache}, Dict{Symbol, PreallocationTools.DiffCache}, Dict{Symbol, PreallocationTools.DiffCache}, Vector{Float64}}}, PEtab.ModelInfo}, Float64}}(13.64368669111552,0.0,0.0,0.0,0.0,0.0,0.0,0.0,0.0,0.0,0.0,0.0,0.0) > 2, ndz = 0.1857587472332655, ndzprev = 0.013614996550325923
└ @ OrdinaryDiffEqNonlinearSolve ~/.julia/packages/OrdinaryDiffEqNonlinearSolve/doSPx/src/nlsolve.jl:101
┌ Warning: Verbosity toggle: newton_convergence 
│  Newton iteration failed with stale Jacobian, retrying with fresh Jacobian
└ @ OrdinaryDiffEqNonlinearSolve ~/.julia/packages/OrdinaryDiffEqNonlinearSolve/doSPx/src/nlsolve.jl:144
┌ Warning: Verbosity toggle: newton_convergence 
│  Newton iteration failed with stale Jacobian, retrying with fresh Jacobian
└ @ OrdinaryDiffEqNonlinearSolve ~/.julia/packages/OrdinaryDiffEqNonlinearSolve/doSPx/src/nlsolve.jl:144
┌ Warning: Verbosity toggle: newton_convergence 
│  Newton iteration failed with stale Jacobian, retrying with fresh Jacobian
└ @ OrdinaryDiffEqNonlinearSolve ~/.julia/packages/OrdinaryDiffEqNonlinearSolve/doSPx/src/nlsolve.jl:144
┌ Warning: Verbosity toggle: newton_convergence 
│  Newton iteration diverging: θ = Dual{ForwardDiff.Tag{PEtab.var"#_get_hess_gaussnewton##0#_get_hess_gaussnewton##1"{PEtab.PEtabODEProblemInfo{ODESolver, ODESolver, PEtab.PEtabODEProblemCache{Vector{Float64}, PreallocationTools.DiffCache{Vector{Float64}, Vector{Float64}}, Vector{Float64}, Matrix{Float64}, Dict{Symbol, PreallocationTools.DiffCache}, Dict{Symbol, PreallocationTools.DiffCache}, Dict{Symbol, PreallocationTools.DiffCache}, Vector{Float64}}}, PEtab.ModelInfo}, Float64}}(3.417679774619104,0.0,0.0,0.0,0.0,0.0,0.0,0.0,0.0,0.0,0.0,0.0,0.0) > 2, ndz = 0.21540458746842686, ndzprev = 0.06302655651594316
└ @ OrdinaryDiffEqNonlinearSolve ~/.julia/packages/OrdinaryDiffEqNonlinearSolve/doSPx/src/nlsolve.jl:101
┌ Warning: Verbosity toggle: newton_convergence 
│  Newton iteration failed with stale Jacobian, retrying with fresh Jacobian
└ @ OrdinaryDiffEqNonlinearSolve ~/.julia/packages/OrdinaryDiffEqNonlinearSolve/doSPx/src/nlsolve.jl:144
┌ Warning: Verbosity toggle: dt_epsilon 
│  Initial timestep too small (near machine epsilon), using default: dt = 0.0
└ @ OrdinaryDiffEqCore ~/.julia/packages/OrdinaryDiffEqCore/rnOL4/src/initdt.jl:196
┌ Warning: Verbosity toggle: dt_epsilon 
│  Initial timestep too small (near machine epsilon), using default: dt = 0.0
└ @ OrdinaryDiffEqCore ~/.julia/packages/OrdinaryDiffEqCore/rnOL4/src/initdt.jl:196
┌ Warning: Verbosity toggle: newton_convergence 
│  Newton iteration failed with stale Jacobian, retrying with fresh Jacobian
└ @ OrdinaryDiffEqNonlinearSolve ~/.julia/packages/OrdinaryDiffEqNonlinearSolve/doSPx/src/nlsolve.jl:144
┌ Warning: Verbosity toggle: newton_convergence 
│  Newton iteration diverging: θ = Dual{ForwardDiff.Tag{PEtab.var"#_get_hess_gaussnewton##0#_get_hess_gaussnewton##1"{PEtab.PEtabODEProblemInfo{ODESolver, ODESolver, PEtab.PEtabODEProblemCache{Vector{Float64}, PreallocationTools.DiffCache{Vector{Float64}, Vector{Float64}}, Vector{Float64}, Matrix{Float64}, Dict{Symbol, PreallocationTools.DiffCache}, Dict{Symbol, PreallocationTools.DiffCache}, Dict{Symbol, PreallocationTools.DiffCache}, Vector{Float64}}}, PEtab.ModelInfo}, Float64}}(2.02705559199796,0.0,0.0,0.0,0.0,0.0,0.0,0.0,0.0,0.0,0.0,0.0,0.0) > 2, ndz = 0.2247723359411574, ndzprev = 0.11088612311792168
└ @ OrdinaryDiffEqNonlinearSolve ~/.julia/packages/OrdinaryDiffEqNonlinearSolve/doSPx/src/nlsolve.jl:101
┌ Warning: Verbosity toggle: newton_convergence 
│  Newton iteration failed with stale Jacobian, retrying with fresh Jacobian
└ @ OrdinaryDiffEqNonlinearSolve ~/.julia/packages/OrdinaryDiffEqNonlinearSolve/doSPx/src/nlsolve.jl:144
┌ Warning: Verbosity toggle: newton_convergence 
│  Newton iteration failed with stale Jacobian, retrying with fresh Jacobian
└ @ OrdinaryDiffEqNonlinearSolve ~/.julia/packages/OrdinaryDiffEqNonlinearSolve/doSPx/src/nlsolve.jl:144
┌ Warning: Verbosity toggle: newton_convergence 
│  Newton iteration diverging: θ = Dual{ForwardDiff.Tag{PEtab.var"#_get_hess_gaussnewton##0#_get_hess_gaussnewton##1"{PEtab.PEtabODEProblemInfo{ODESolver, ODESolver, PEtab.PEtabODEProblemCache{Vector{Float64}, PreallocationTools.DiffCache{Vector{Float64}, Vector{Float64}}, Vector{Float64}, Matrix{Float64}, Dict{Symbol, PreallocationTools.DiffCache}, Dict{Symbol, PreallocationTools.DiffCache}, Dict{Symbol, PreallocationTools.DiffCache}, Vector{Float64}}}, PEtab.ModelInfo}, Float64}}(3.174756081910824,0.0,0.0,0.0,0.0,0.0,0.0,0.0,0.0,0.0,0.0,0.0,0.0) > 2, ndz = 0.5200419199576711, ndzprev = 0.16380531497231374
└ @ OrdinaryDiffEqNonlinearSolve ~/.julia/packages/OrdinaryDiffEqNonlinearSolve/doSPx/src/nlsolve.jl:101
┌ Warning: Verbosity toggle: newton_convergence 
│  Newton iteration failed with stale Jacobian, retrying with fresh Jacobian
└ @ OrdinaryDiffEqNonlinearSolve ~/.julia/packages/OrdinaryDiffEqNonlinearSolve/doSPx/src/nlsolve.jl:144
┌ Warning: Verbosity toggle: newton_convergence 
│  Newton iteration diverging: θ = Dual{ForwardDiff.Tag{PEtab.var"#_get_hess_gaussnewton##0#_get_hess_gaussnewton##1"{PEtab.PEtabODEProblemInfo{ODESolver, ODESolver, PEtab.PEtabODEProblemCache{Vector{Float64}, PreallocationTools.DiffCache{Vector{Float64}, Vector{Float64}}, Vector{Float64}, Matrix{Float64}, Dict{Symbol, PreallocationTools.DiffCache}, Dict{Symbol, PreallocationTools.DiffCache}, Dict{Symbol, PreallocationTools.DiffCache}, Vector{Float64}}}, PEtab.ModelInfo}, Float64}}(5.276075264416656,0.0,0.0,0.0,0.0,0.0,0.0,0.0,0.0,0.0,0.0,0.0,0.0) > 2, ndz = 0.10812999447021128, ndzprev = 0.020494399539648447
└ @ OrdinaryDiffEqNonlinearSolve ~/.julia/packages/OrdinaryDiffEqNonlinearSolve/doSPx/src/nlsolve.jl:101
┌ Warning: Verbosity toggle: newton_convergence 
│  Newton iteration failed with stale Jacobian, retrying with fresh Jacobian
└ @ OrdinaryDiffEqNonlinearSolve ~/.julia/packages/OrdinaryDiffEqNonlinearSolve/doSPx/src/nlsolve.jl:144
┌ Warning: Verbosity toggle: newton_convergence 
│  Newton iteration diverging: θ = Dual{ForwardDiff.Tag{PEtab.var"#_get_hess_gaussnewton##0#_get_hess_gaussnewton##1"{PEtab.PEtabODEProblemInfo{ODESolver, ODESolver, PEtab.PEtabODEProblemCache{Vector{Float64}, PreallocationTools.DiffCache{Vector{Float64}, Vector{Float64}}, Vector{Float64}, Matrix{Float64}, Dict{Symbol, PreallocationTools.DiffCache}, Dict{Symbol, PreallocationTools.DiffCache}, Dict{Symbol, PreallocationTools.DiffCache}, Vector{Float64}}}, PEtab.ModelInfo}, Float64}}(2.102280407109357,0.0,0.0,0.0,0.0,0.0,0.0,0.0,0.0,0.0,0.0,0.0,0.0) > 2, ndz = 0.11477443238347702, ndzprev = 0.05459520623192807
└ @ OrdinaryDiffEqNonlinearSolve ~/.julia/packages/OrdinaryDiffEqNonlinearSolve/doSPx/src/nlsolve.jl:101
┌ Warning: Verbosity toggle: newton_convergence 
│  Newton iteration failed with stale Jacobian, retrying with fresh Jacobian
└ @ OrdinaryDiffEqNonlinearSolve ~/.julia/packages/OrdinaryDiffEqNonlinearSolve/doSPx/src/nlsolve.jl:144
┌ Warning: Verbosity toggle: newton_convergence 
│  Newton iteration diverging: θ = Dual{ForwardDiff.Tag{PEtab.var"#_get_hess_gaussnewton##0#_get_hess_gaussnewton##1"{PEtab.PEtabODEProblemInfo{ODESolver, ODESolver, PEtab.PEtabODEProblemCache{Vector{Float64}, PreallocationTools.DiffCache{Vector{Float64}, Vector{Float64}}, Vector{Float64}, Matrix{Float64}, Dict{Symbol, PreallocationTools.DiffCache}, Dict{Symbol, PreallocationTools.DiffCache}, Dict{Symbol, PreallocationTools.DiffCache}, Vector{Float64}}}, PEtab.ModelInfo}, Float64}}(2.027460328455523,0.0,0.0,0.0,0.0,0.0,0.0,0.0,0.0,0.0,0.0,0.0,0.0) > 2, ndz = 0.28047903784918005, ndzprev = 0.13834008681335982
└ @ OrdinaryDiffEqNonlinearSolve ~/.julia/packages/OrdinaryDiffEqNonlinearSolve/doSPx/src/nlsolve.jl:101
┌ Warning: Verbosity toggle: newton_convergence 
│  Newton iteration failed with stale Jacobian, retrying with fresh Jacobian
└ @ OrdinaryDiffEqNonlinearSolve ~/.julia/packages/OrdinaryDiffEqNonlinearSolve/doSPx/src/nlsolve.jl:144
┌ Warning: Verbosity toggle: newton_convergence 
│  Newton iteration failed with stale Jacobian, retrying with fresh Jacobian
└ @ OrdinaryDiffEqNonlinearSolve ~/.julia/packages/OrdinaryDiffEqNonlinearSolve/doSPx/src/nlsolve.jl:144
┌ Warning: Verbosity toggle: dt_epsilon 
│  Initial timestep too small (near machine epsilon), using default: dt = 0.0
└ @ OrdinaryDiffEqCore ~/.julia/packages/OrdinaryDiffEqCore/rnOL4/src/initdt.jl:196
┌ Warning: Verbosity toggle: dt_epsilon 
│  Initial timestep too small (near machine epsilon), using default: dt = 0.0
└ @ OrdinaryDiffEqCore ~/.julia/packages/OrdinaryDiffEqCore/rnOL4/src/initdt.jl:196
┌ Warning: Verbosity toggle: newton_convergence 
│  Newton iteration failed with stale Jacobian, retrying with fresh Jacobian
└ @ OrdinaryDiffEqNonlinearSolve ~/.julia/packages/OrdinaryDiffEqNonlinearSolve/doSPx/src/nlsolve.jl:144
┌ Warning: Verbosity toggle: newton_convergence 
│  Newton iteration diverging: θ = Dual{ForwardDiff.Tag{PEtab.var"#302#303"{Bool, PEtab.PEtabODEProblemInfo{ODESolver, ODESolver, PEtab.PEtabODEProblemCache{Vector{Float64}, PreallocationTools.DiffCache{Vector{Float64}, Vector{Float64}}, Vector{Float64}, Matrix{Float64}, Dict{Symbol, PreallocationTools.DiffCache}, Dict{Symbol, PreallocationTools.DiffCache}, Dict{Symbol, PreallocationTools.DiffCache}, Vector{Float64}}}, PEtab.PEtabODEProblemInfo{ODESolver, ODESolver, PEtab.PEtabODEProblemCache{Vector{Float64}, PreallocationTools.DiffCache{Vector{Float64}, Vector{Float64}}, Vector{Float64}, Matrix{Float64}, Dict{Symbol, PreallocationTools.DiffCache}, Dict{Symbol, PreallocationTools.DiffCache}, Dict{Symbol, PreallocationTools.DiffCache}, Vector{Float64}}}, Vector{Float64}, Vector{Float64}, Vector{Float64}, PEtab.ModelInfo}, Float64}}(3.3849520694066255,0.0,0.0,0.0,0.0,0.0,0.0,0.0,0.0,0.0,0.0,0.0,0.0) > 2, ndz = 0.17574610797346016, ndzprev = 0.05191982171974094
└ @ OrdinaryDiffEqNonlinearSolve ~/.julia/packages/OrdinaryDiffEqNonlinearSolve/doSPx/src/nlsolve.jl:101
┌ Warning: Verbosity toggle: newton_convergence 
│  Newton iteration failed with stale Jacobian, retrying with fresh Jacobian
└ @ OrdinaryDiffEqNonlinearSolve ~/.julia/packages/OrdinaryDiffEqNonlinearSolve/doSPx/src/nlsolve.jl:144
┌ Warning: Verbosity toggle: newton_convergence 
│  Newton iteration failed with stale Jacobian, retrying with fresh Jacobian
└ @ OrdinaryDiffEqNonlinearSolve ~/.julia/packages/OrdinaryDiffEqNonlinearSolve/doSPx/src/nlsolve.jl:144
┌ Warning: Verbosity toggle: newton_convergence 
│  Newton iteration failed with stale Jacobian, retrying with fresh Jacobian
└ @ OrdinaryDiffEqNonlinearSolve ~/.julia/packages/OrdinaryDiffEqNonlinearSolve/doSPx/src/nlsolve.jl:144
┌ Warning: Verbosity toggle: newton_convergence 
│  Newton iteration failed with stale Jacobian, retrying with fresh Jacobian
└ @ OrdinaryDiffEqNonlinearSolve ~/.julia/packages/OrdinaryDiffEqNonlinearSolve/doSPx/src/nlsolve.jl:144
┌ Warning: Verbosity toggle: dt_epsilon 
│  Initial timestep too small (near machine epsilon), using default: dt = 0.0
└ @ OrdinaryDiffEqCore ~/.julia/packages/OrdinaryDiffEqCore/rnOL4/src/initdt.jl:196
┌ Warning: Verbosity toggle: dt_epsilon 
│  Initial timestep too small (near machine epsilon), using default: dt = 0.0
└ @ OrdinaryDiffEqCore ~/.julia/packages/OrdinaryDiffEqCore/rnOL4/src/initdt.jl:196
┌ Warning: Verbosity toggle: newton_convergence 
│  Newton iteration failed with stale Jacobian, retrying with fresh Jacobian
└ @ OrdinaryDiffEqNonlinearSolve ~/.julia/packages/OrdinaryDiffEqNonlinearSolve/doSPx/src/nlsolve.jl:144
┌ Warning: Verbosity toggle: newton_convergence 
│  Newton iteration diverging: θ = Dual{ForwardDiff.Tag{PEtab.var"#302#303"{Bool, PEtab.PEtabODEProblemInfo{ODESolver, ODESolver, PEtab.PEtabODEProblemCache{Vector{Float64}, PreallocationTools.DiffCache{Vector{Float64}, Vector{Float64}}, Vector{Float64}, Matrix{Float64}, Dict{Symbol, PreallocationTools.DiffCache}, Dict{Symbol, PreallocationTools.DiffCache}, Dict{Symbol, PreallocationTools.DiffCache}, Vector{Float64}}}, PEtab.PEtabODEProblemInfo{ODESolver, ODESolver, PEtab.PEtabODEProblemCache{Vector{Float64}, PreallocationTools.DiffCache{Vector{Float64}, Vector{Float64}}, Vector{Float64}, Matrix{Float64}, Dict{Symbol, PreallocationTools.DiffCache}, Dict{Symbol, PreallocationTools.DiffCache}, Dict{Symbol, PreallocationTools.DiffCache}, Vector{Float64}}}, Vector{Float64}, Vector{Float64}, Vector{Float64}, PEtab.ModelInfo}, Float64}}(12.650829918542662,0.0,0.0,0.0,0.0,0.0,0.0,0.0,0.0,0.0,0.0,0.0,0.0) > 2, ndz = 4.9826608731810325, ndzprev = 0.39386039534669676
└ @ OrdinaryDiffEqNonlinearSolve ~/.julia/packages/OrdinaryDiffEqNonlinearSolve/doSPx/src/nlsolve.jl:101
┌ Warning: Verbosity toggle: newton_convergence 
│  Newton iteration failed with stale Jacobian, retrying with fresh Jacobian
└ @ OrdinaryDiffEqNonlinearSolve ~/.julia/packages/OrdinaryDiffEqNonlinearSolve/doSPx/src/nlsolve.jl:144
┌ Warning: Verbosity toggle: newton_convergence 
│  Newton iteration failed with stale Jacobian, retrying with fresh Jacobian
└ @ OrdinaryDiffEqNonlinearSolve ~/.julia/packages/OrdinaryDiffEqNonlinearSolve/doSPx/src/nlsolve.jl:144
┌ Warning: Verbosity toggle: newton_convergence 
│  Newton iteration failed with stale Jacobian, retrying with fresh Jacobian
└ @ OrdinaryDiffEqNonlinearSolve ~/.julia/packages/OrdinaryDiffEqNonlinearSolve/doSPx/src/nlsolve.jl:144
┌ Warning: Verbosity toggle: newton_convergence 
│  Newton iteration failed with stale Jacobian, retrying with fresh Jacobian
└ @ OrdinaryDiffEqNonlinearSolve ~/.julia/packages/OrdinaryDiffEqNonlinearSolve/doSPx/src/nlsolve.jl:144
┌ Warning: Verbosity toggle: newton_convergence 
│  Newton iteration failed with stale Jacobian, retrying with fresh Jacobian
└ @ OrdinaryDiffEqNonlinearSolve ~/.julia/packages/OrdinaryDiffEqNonlinearSolve/doSPx/src/nlsolve.jl:144
┌ Warning: Verbosity toggle: dt_epsilon 
│  Initial timestep too small (near machine epsilon), using default: dt = 0.0
└ @ OrdinaryDiffEqCore ~/.julia/packages/OrdinaryDiffEqCore/rnOL4/src/initdt.jl:196
┌ Warning: Verbosity toggle: dt_epsilon 
│  Initial timestep too small (near machine epsilon), using default: dt = 0.0
└ @ OrdinaryDiffEqCore ~/.julia/packages/OrdinaryDiffEqCore/rnOL4/src/initdt.jl:196
┌ Warning: Verbosity toggle: newton_convergence 
│  Newton iteration failed with stale Jacobian, retrying with fresh Jacobian
└ @ OrdinaryDiffEqNonlinearSolve ~/.julia/packages/OrdinaryDiffEqNonlinearSolve/doSPx/src/nlsolve.jl:144
┌ Warning: Verbosity toggle: newton_convergence 
│  Newton iteration diverging: θ = Dual{ForwardDiff.Tag{PEtab.var"#302#303"{Bool, PEtab.PEtabODEProblemInfo{ODESolver, ODESolver, PEtab.PEtabODEProblemCache{Vector{Float64}, PreallocationTools.DiffCache{Vector{Float64}, Vector{Float64}}, Vector{Float64}, Matrix{Float64}, Dict{Symbol, PreallocationTools.DiffCache}, Dict{Symbol, PreallocationTools.DiffCache}, Dict{Symbol, PreallocationTools.DiffCache}, Vector{Float64}}}, PEtab.PEtabODEProblemInfo{ODESolver, ODESolver, PEtab.PEtabODEProblemCache{Vector{Float64}, PreallocationTools.DiffCache{Vector{Float64}, Vector{Float64}}, Vector{Float64}, Matrix{Float64}, Dict{Symbol, PreallocationTools.DiffCache}, Dict{Symbol, PreallocationTools.DiffCache}, Dict{Symbol, PreallocationTools.DiffCache}, Vector{Float64}}}, Vector{Float64}, Vector{Float64}, Vector{Float64}, PEtab.ModelInfo}, Float64}}(12.133620756213213,0.0,0.0,0.0,0.0,0.0,0.0,0.0,0.0,0.0,0.0,0.0,0.0) > 2, ndz = 2.225208504217502, ndzprev = 0.18339196097570862
└ @ OrdinaryDiffEqNonlinearSolve ~/.julia/packages/OrdinaryDiffEqNonlinearSolve/doSPx/src/nlsolve.jl:101
┌ Warning: Verbosity toggle: newton_convergence 
│  Newton iteration failed with stale Jacobian, retrying with fresh Jacobian
└ @ OrdinaryDiffEqNonlinearSolve ~/.julia/packages/OrdinaryDiffEqNonlinearSolve/doSPx/src/nlsolve.jl:144
┌ Warning: Verbosity toggle: newton_convergence 
│  Newton iteration failed with stale Jacobian, retrying with fresh Jacobian
└ @ OrdinaryDiffEqNonlinearSolve ~/.julia/packages/OrdinaryDiffEqNonlinearSolve/doSPx/src/nlsolve.jl:144
┌ Warning: Verbosity toggle: newton_convergence 
│  Newton iteration failed with stale Jacobian, retrying with fresh Jacobian
└ @ OrdinaryDiffEqNonlinearSolve ~/.julia/packages/OrdinaryDiffEqNonlinearSolve/doSPx/src/nlsolve.jl:144
┌ Warning: Verbosity toggle: newton_convergence 
│  Newton iteration failed with stale Jacobian, retrying with fresh Jacobian
└ @ OrdinaryDiffEqNonlinearSolve ~/.julia/packages/OrdinaryDiffEqNonlinearSolve/doSPx/src/nlsolve.jl:144
┌ Warning: Verbosity toggle: dt_epsilon 
│  Initial timestep too small (near machine epsilon), using default: dt = 0.0
└ @ OrdinaryDiffEqCore ~/.julia/packages/OrdinaryDiffEqCore/rnOL4/src/initdt.jl:196
┌ Warning: Verbosity toggle: dt_epsilon 
│  Initial timestep too small (near machine epsilon), using default: dt = 0.0
└ @ OrdinaryDiffEqCore ~/.julia/packages/OrdinaryDiffEqCore/rnOL4/src/initdt.jl:196
┌ Warning: Verbosity toggle: newton_convergence 
│  Newton iteration failed with stale Jacobian, retrying with fresh Jacobian
└ @ OrdinaryDiffEqNonlinearSolve ~/.julia/packages/OrdinaryDiffEqNonlinearSolve/doSPx/src/nlsolve.jl:144
┌ Warning: Verbosity toggle: newton_convergence 
│  Newton iteration diverging: θ = Dual{ForwardDiff.Tag{PEtab.var"#302#303"{Bool, PEtab.PEtabODEProblemInfo{ODESolver, ODESolver, PEtab.PEtabODEProblemCache{Vector{Float64}, PreallocationTools.DiffCache{Vector{Float64}, Vector{Float64}}, Vector{Float64}, Matrix{Float64}, Dict{Symbol, PreallocationTools.DiffCache}, Dict{Symbol, PreallocationTools.DiffCache}, Dict{Symbol, PreallocationTools.DiffCache}, Vector{Float64}}}, PEtab.PEtabODEProblemInfo{ODESolver, ODESolver, PEtab.PEtabODEProblemCache{Vector{Float64}, PreallocationTools.DiffCache{Vector{Float64}, Vector{Float64}}, Vector{Float64}, Matrix{Float64}, Dict{Symbol, PreallocationTools.DiffCache}, Dict{Symbol, PreallocationTools.DiffCache}, Dict{Symbol, PreallocationTools.DiffCache}, Vector{Float64}}}, Vector{Float64}, Vector{Float64}, Vector{Float64}, PEtab.ModelInfo}, Float64}}(18.358618684439257,0.0,0.0,0.0,0.0,0.0,0.0,0.0,0.0,0.0,0.0,0.0,0.0) > 2, ndz = 18.543233834044536, ndzprev = 1.0100560479401295
└ @ OrdinaryDiffEqNonlinearSolve ~/.julia/packages/OrdinaryDiffEqNonlinearSolve/doSPx/src/nlsolve.jl:101
┌ Warning: Verbosity toggle: newton_convergence 
│  Newton iteration failed with stale Jacobian, retrying with fresh Jacobian
└ @ OrdinaryDiffEqNonlinearSolve ~/.julia/packages/OrdinaryDiffEqNonlinearSolve/doSPx/src/nlsolve.jl:144
┌ Warning: Verbosity toggle: newton_convergence 
│  Newton iteration failed with stale Jacobian, retrying with fresh Jacobian
└ @ OrdinaryDiffEqNonlinearSolve ~/.julia/packages/OrdinaryDiffEqNonlinearSolve/doSPx/src/nlsolve.jl:144
┌ Warning: Verbosity toggle: newton_convergence 
│  Newton iteration failed with stale Jacobian, retrying with fresh Jacobian
└ @ OrdinaryDiffEqNonlinearSolve ~/.julia/packages/OrdinaryDiffEqNonlinearSolve/doSPx/src/nlsolve.jl:144
┌ Warning: Verbosity toggle: newton_convergence 
│  Newton iteration failed with stale Jacobian, retrying with fresh Jacobian
└ @ OrdinaryDiffEqNonlinearSolve ~/.julia/packages/OrdinaryDiffEqNonlinearSolve/doSPx/src/nlsolve.jl:144
┌ Warning: Verbosity toggle: newton_convergence 
│  Newton iteration failed with stale Jacobian, retrying with fresh Jacobian
└ @ OrdinaryDiffEqNonlinearSolve ~/.julia/packages/OrdinaryDiffEqNonlinearSolve/doSPx/src/nlsolve.jl:144
┌ Warning: Verbosity toggle: dt_epsilon 
│  Initial timestep too small (near machine epsilon), using default: dt = 0.0
└ @ OrdinaryDiffEqCore ~/.julia/packages/OrdinaryDiffEqCore/rnOL4/src/initdt.jl:196
┌ Warning: Verbosity toggle: dt_epsilon 
│  Initial timestep too small (near machine epsilon), using default: dt = 0.0
└ @ OrdinaryDiffEqCore ~/.julia/packages/OrdinaryDiffEqCore/rnOL4/src/initdt.jl:196
┌ Warning: Verbosity toggle: newton_convergence 
│  Newton iteration failed with stale Jacobian, retrying with fresh Jacobian
└ @ OrdinaryDiffEqNonlinearSolve ~/.julia/packages/OrdinaryDiffEqNonlinearSolve/doSPx/src/nlsolve.jl:144
┌ Warning: Verbosity toggle: newton_convergence 
│  Newton iteration diverging: θ = Dual{ForwardDiff.Tag{PEtab.var"#302#303"{Bool, PEtab.PEtabODEProblemInfo{ODESolver, ODESolver, PEtab.PEtabODEProblemCache{Vector{Float64}, PreallocationTools.DiffCache{Vector{Float64}, Vector{Float64}}, Vector{Float64}, Matrix{Float64}, Dict{Symbol, PreallocationTools.DiffCache}, Dict{Symbol, PreallocationTools.DiffCache}, Dict{Symbol, PreallocationTools.DiffCache}, Vector{Float64}}}, PEtab.PEtabODEProblemInfo{ODESolver, ODESolver, PEtab.PEtabODEProblemCache{Vector{Float64}, PreallocationTools.DiffCache{Vector{Float64}, Vector{Float64}}, Vector{Float64}, Matrix{Float64}, Dict{Symbol, PreallocationTools.DiffCache}, Dict{Symbol, PreallocationTools.DiffCache}, Dict{Symbol, PreallocationTools.DiffCache}, Vector{Float64}}}, Vector{Float64}, Vector{Float64}, Vector{Float64}, PEtab.ModelInfo}, Float64}}(15.709402331864116,0.0,0.0,0.0,0.0,0.0,0.0,0.0,0.0,0.0,0.0,0.0,0.0) > 2, ndz = 2.674031609774471, ndzprev = 0.17021854512890078
└ @ OrdinaryDiffEqNonlinearSolve ~/.julia/packages/OrdinaryDiffEqNonlinearSolve/doSPx/src/nlsolve.jl:101
┌ Warning: Verbosity toggle: newton_convergence 
│  Newton iteration failed with stale Jacobian, retrying with fresh Jacobian
└ @ OrdinaryDiffEqNonlinearSolve ~/.julia/packages/OrdinaryDiffEqNonlinearSolve/doSPx/src/nlsolve.jl:144
┌ Warning: Verbosity toggle: newton_convergence 
│  Newton iteration failed with stale Jacobian, retrying with fresh Jacobian
└ @ OrdinaryDiffEqNonlinearSolve ~/.julia/packages/OrdinaryDiffEqNonlinearSolve/doSPx/src/nlsolve.jl:144
┌ Warning: Verbosity toggle: newton_convergence 
│  Newton iteration failed with stale Jacobian, retrying with fresh Jacobian
└ @ OrdinaryDiffEqNonlinearSolve ~/.julia/packages/OrdinaryDiffEqNonlinearSolve/doSPx/src/nlsolve.jl:144
┌ Warning: Verbosity toggle: newton_convergence 
│  Newton iteration failed with stale Jacobian, retrying with fresh Jacobian
└ @ OrdinaryDiffEqNonlinearSolve ~/.julia/packages/OrdinaryDiffEqNonlinearSolve/doSPx/src/nlsolve.jl:144
┌ Warning: Verbosity toggle: newton_convergence 
│  Newton iteration failed with stale Jacobian, retrying with fresh Jacobian
└ @ OrdinaryDiffEqNonlinearSolve ~/.julia/packages/OrdinaryDiffEqNonlinearSolve/doSPx/src/nlsolve.jl:144
┌ Warning: Verbosity toggle: dt_epsilon 
│  Initial timestep too small (near machine epsilon), using default: dt = 0.0
└ @ OrdinaryDiffEqCore ~/.julia/packages/OrdinaryDiffEqCore/rnOL4/src/initdt.jl:196
┌ Warning: Verbosity toggle: dt_epsilon 
│  Initial timestep too small (near machine epsilon), using default: dt = 0.0
└ @ OrdinaryDiffEqCore ~/.julia/packages/OrdinaryDiffEqCore/rnOL4/src/initdt.jl:196
┌ Warning: Verbosity toggle: newton_convergence 
│  Newton iteration failed with stale Jacobian, retrying with fresh Jacobian
└ @ OrdinaryDiffEqNonlinearSolve ~/.julia/packages/OrdinaryDiffEqNonlinearSolve/doSPx/src/nlsolve.jl:144
┌ Warning: Verbosity toggle: newton_convergence 
│  Newton iteration diverging: θ = 5.256542810991576 > 2, ndz = 0.3160116331898422, ndzprev = 0.06011777028221918
└ @ OrdinaryDiffEqNonlinearSolve ~/.julia/packages/OrdinaryDiffEqNonlinearSolve/doSPx/src/nlsolve.jl:101
┌ Warning: Verbosity toggle: newton_convergence 
│  Newton iteration failed with stale Jacobian, retrying with fresh Jacobian
└ @ OrdinaryDiffEqNonlinearSolve ~/.julia/packages/OrdinaryDiffEqNonlinearSolve/doSPx/src/nlsolve.jl:144
┌ Warning: Verbosity toggle: newton_convergence 
│  Newton iteration failed with stale Jacobian, retrying with fresh Jacobian
└ @ OrdinaryDiffEqNonlinearSolve ~/.julia/packages/OrdinaryDiffEqNonlinearSolve/doSPx/src/nlsolve.jl:144
┌ Warning: Verbosity toggle: newton_convergence 
│  Newton iteration failed with stale Jacobian, retrying with fresh Jacobian
└ @ OrdinaryDiffEqNonlinearSolve ~/.julia/packages/OrdinaryDiffEqNonlinearSolve/doSPx/src/nlsolve.jl:144
┌ Warning: Verbosity toggle: newton_convergence 
│  Newton iteration failed with stale Jacobian, retrying with fresh Jacobian
└ @ OrdinaryDiffEqNonlinearSolve ~/.julia/packages/OrdinaryDiffEqNonlinearSolve/doSPx/src/nlsolve.jl:144
┌ Warning: Verbosity toggle: newton_convergence 
│  Newton iteration failed with stale Jacobian, retrying with fresh Jacobian
└ @ OrdinaryDiffEqNonlinearSolve ~/.julia/packages/OrdinaryDiffEqNonlinearSolve/doSPx/src/nlsolve.jl:144
┌ Warning: Verbosity toggle: dt_epsilon 
│  Initial timestep too small (near machine epsilon), using default: dt = 0.0
└ @ OrdinaryDiffEqCore ~/.julia/packages/OrdinaryDiffEqCore/rnOL4/src/initdt.jl:196
┌ Warning: Verbosity toggle: dt_epsilon 
│  Initial timestep too small (near machine epsilon), using default: dt = 0.0
└ @ OrdinaryDiffEqCore ~/.julia/packages/OrdinaryDiffEqCore/rnOL4/src/initdt.jl:196
┌ Warning: Verbosity toggle: newton_convergence 
│  Newton iteration failed with stale Jacobian, retrying with fresh Jacobian
└ @ OrdinaryDiffEqNonlinearSolve ~/.julia/packages/OrdinaryDiffEqNonlinearSolve/doSPx/src/nlsolve.jl:144
┌ Warning: Verbosity toggle: newton_convergence 
│  Newton iteration diverging: θ = Dual{ForwardDiff.Tag{PEtab.var"#302#303"{Bool, PEtab.PEtabODEProblemInfo{ODESolver, ODESolver, PEtab.PEtabODEProblemCache{Vector{Float64}, PreallocationTools.DiffCache{Vector{Float64}, Vector{Float64}}, Vector{Float64}, Matrix{Float64}, Dict{Symbol, PreallocationTools.DiffCache}, Dict{Symbol, PreallocationTools.DiffCache}, Dict{Symbol, PreallocationTools.DiffCache}, Vector{Float64}}}, PEtab.PEtabODEProblemInfo{ODESolver, ODESolver, PEtab.PEtabODEProblemCache{Vector{Float64}, PreallocationTools.DiffCache{Vector{Float64}, Vector{Float64}}, Vector{Float64}, Matrix{Float64}, Dict{Symbol, PreallocationTools.DiffCache}, Dict{Symbol, PreallocationTools.DiffCache}, Dict{Symbol, PreallocationTools.DiffCache}, Vector{Float64}}}, Vector{Float64}, Vector{Float64}, Vector{Float64}, PEtab.ModelInfo}, Float64}}(8.661006667045507,0.0,0.0,0.0,0.0,0.0,0.0,0.0,0.0,0.0,0.0,0.0,0.0) > 2, ndz = 0.578518394786279, ndzprev = 0.06679574523219095
└ @ OrdinaryDiffEqNonlinearSolve ~/.julia/packages/OrdinaryDiffEqNonlinearSolve/doSPx/src/nlsolve.jl:101
┌ Warning: Verbosity toggle: newton_convergence 
│  Newton iteration failed with stale Jacobian, retrying with fresh Jacobian
└ @ OrdinaryDiffEqNonlinearSolve ~/.julia/packages/OrdinaryDiffEqNonlinearSolve/doSPx/src/nlsolve.jl:144
┌ Warning: Verbosity toggle: newton_convergence 
│  Newton iteration failed with stale Jacobian, retrying with fresh Jacobian
└ @ OrdinaryDiffEqNonlinearSolve ~/.julia/packages/OrdinaryDiffEqNonlinearSolve/doSPx/src/nlsolve.jl:144
┌ Warning: Verbosity toggle: newton_convergence 
│  Newton iteration failed with stale Jacobian, retrying with fresh Jacobian
└ @ OrdinaryDiffEqNonlinearSolve ~/.julia/packages/OrdinaryDiffEqNonlinearSolve/doSPx/src/nlsolve.jl:144
┌ Warning: Verbosity toggle: newton_convergence 
│  Newton iteration failed with stale Jacobian, retrying with fresh Jacobian
└ @ OrdinaryDiffEqNonlinearSolve ~/.julia/packages/OrdinaryDiffEqNonlinearSolve/doSPx/src/nlsolve.jl:144
┌ Warning: Verbosity toggle: dt_epsilon 
│  Initial timestep too small (near machine epsilon), using default: dt = 0.0
└ @ OrdinaryDiffEqCore ~/.julia/packages/OrdinaryDiffEqCore/rnOL4/src/initdt.jl:196
┌ Warning: Verbosity toggle: dt_epsilon 
│  Initial timestep too small (near machine epsilon), using default: dt = 0.0
└ @ OrdinaryDiffEqCore ~/.julia/packages/OrdinaryDiffEqCore/rnOL4/src/initdt.jl:196
┌ Warning: Verbosity toggle: newton_convergence 
│  Newton iteration failed with stale Jacobian, retrying with fresh Jacobian
└ @ OrdinaryDiffEqNonlinearSolve ~/.julia/packages/OrdinaryDiffEqNonlinearSolve/doSPx/src/nlsolve.jl:144
┌ Warning: Verbosity toggle: newton_convergence 
│  Newton iteration diverging: θ = Dual{ForwardDiff.Tag{PEtab.var"#302#303"{Bool, PEtab.PEtabODEProblemInfo{ODESolver, ODESolver, PEtab.PEtabODEProblemCache{Vector{Float64}, PreallocationTools.DiffCache{Vector{Float64}, Vector{Float64}}, Vector{Float64}, Matrix{Float64}, Dict{Symbol, PreallocationTools.DiffCache}, Dict{Symbol, PreallocationTools.DiffCache}, Dict{Symbol, PreallocationTools.DiffCache}, Vector{Float64}}}, PEtab.PEtabODEProblemInfo{ODESolver, ODESolver, PEtab.PEtabODEProblemCache{Vector{Float64}, PreallocationTools.DiffCache{Vector{Float64}, Vector{Float64}}, Vector{Float64}, Matrix{Float64}, Dict{Symbol, PreallocationTools.DiffCache}, Dict{Symbol, PreallocationTools.DiffCache}, Dict{Symbol, PreallocationTools.DiffCache}, Vector{Float64}}}, Vector{Float64}, Vector{Float64}, Vector{Float64}, PEtab.ModelInfo}, Float64}}(2.4697055555400604,0.0,0.0,0.0,0.0,0.0,0.0,0.0,0.0,0.0,0.0,0.0,0.0) > 2, ndz = 0.8099807884642459, ndzprev = 0.3279665410507303
└ @ OrdinaryDiffEqNonlinearSolve ~/.julia/packages/OrdinaryDiffEqNonlinearSolve/doSPx/src/nlsolve.jl:101
┌ Warning: Verbosity toggle: newton_convergence 
│  Newton iteration failed with stale Jacobian, retrying with fresh Jacobian
└ @ OrdinaryDiffEqNonlinearSolve ~/.julia/packages/OrdinaryDiffEqNonlinearSolve/doSPx/src/nlsolve.jl:144
┌ Warning: Verbosity toggle: newton_convergence 
│  Newton iteration failed with stale Jacobian, retrying with fresh Jacobian
└ @ OrdinaryDiffEqNonlinearSolve ~/.julia/packages/OrdinaryDiffEqNonlinearSolve/doSPx/src/nlsolve.jl:144
┌ Warning: Verbosity toggle: newton_convergence 
│  Newton iteration failed with stale Jacobian, retrying with fresh Jacobian
└ @ OrdinaryDiffEqNonlinearSolve ~/.julia/packages/OrdinaryDiffEqNonlinearSolve/doSPx/src/nlsolve.jl:144
┌ Warning: Verbosity toggle: newton_convergence 
│  Newton iteration failed with stale Jacobian, retrying with fresh Jacobian
└ @ OrdinaryDiffEqNonlinearSolve ~/.julia/packages/OrdinaryDiffEqNonlinearSolve/doSPx/src/nlsolve.jl:144
┌ Warning: Verbosity toggle: newton_convergence 
│  Newton iteration failed with stale Jacobian, retrying with fresh Jacobian
└ @ OrdinaryDiffEqNonlinearSolve ~/.julia/packages/OrdinaryDiffEqNonlinearSolve/doSPx/src/nlsolve.jl:144
┌ Warning: Verbosity toggle: dt_epsilon 
│  Initial timestep too small (near machine epsilon), using default: dt = 0.0
└ @ OrdinaryDiffEqCore ~/.julia/packages/OrdinaryDiffEqCore/rnOL4/src/initdt.jl:196
┌ Warning: Verbosity toggle: dt_epsilon 
│  Initial timestep too small (near machine epsilon), using default: dt = 0.0
└ @ OrdinaryDiffEqCore ~/.julia/packages/OrdinaryDiffEqCore/rnOL4/src/initdt.jl:196
┌ Warning: Verbosity toggle: newton_convergence 
│  Newton iteration failed with stale Jacobian, retrying with fresh Jacobian
└ @ OrdinaryDiffEqNonlinearSolve ~/.julia/packages/OrdinaryDiffEqNonlinearSolve/doSPx/src/nlsolve.jl:144
┌ Warning: Verbosity toggle: newton_convergence 
│  Newton iteration diverging: θ = Dual{ForwardDiff.Tag{PEtab.var"#302#303"{Bool, PEtab.PEtabODEProblemInfo{ODESolver, ODESolver, PEtab.PEtabODEProblemCache{Vector{Float64}, PreallocationTools.DiffCache{Vector{Float64}, Vector{Float64}}, Vector{Float64}, Matrix{Float64}, Dict{Symbol, PreallocationTools.DiffCache}, Dict{Symbol, PreallocationTools.DiffCache}, Dict{Symbol, PreallocationTools.DiffCache}, Vector{Float64}}}, PEtab.PEtabODEProblemInfo{ODESolver, ODESolver, PEtab.PEtabODEProblemCache{Vector{Float64}, PreallocationTools.DiffCache{Vector{Float64}, Vector{Float64}}, Vector{Float64}, Matrix{Float64}, Dict{Symbol, PreallocationTools.DiffCache}, Dict{Symbol, PreallocationTools.DiffCache}, Dict{Symbol, PreallocationTools.DiffCache}, Vector{Float64}}}, Vector{Float64}, Vector{Float64}, Vector{Float64}, PEtab.ModelInfo}, Float64}}(9.390176450187253,0.0,0.0,0.0,0.0,0.0,0.0,0.0,0.0,0.0,0.0,0.0,0.0) > 2, ndz = 1.4961572050567118, ndzprev = 0.15933217155114016
└ @ OrdinaryDiffEqNonlinearSolve ~/.julia/packages/OrdinaryDiffEqNonlinearSolve/doSPx/src/nlsolve.jl:101
┌ Warning: Verbosity toggle: newton_convergence 
│  Newton iteration failed with stale Jacobian, retrying with fresh Jacobian
└ @ OrdinaryDiffEqNonlinearSolve ~/.julia/packages/OrdinaryDiffEqNonlinearSolve/doSPx/src/nlsolve.jl:144
┌ Warning: Verbosity toggle: newton_convergence 
│  Newton iteration failed with stale Jacobian, retrying with fresh Jacobian
└ @ OrdinaryDiffEqNonlinearSolve ~/.julia/packages/OrdinaryDiffEqNonlinearSolve/doSPx/src/nlsolve.jl:144
┌ Warning: Verbosity toggle: newton_convergence 
│  Newton iteration failed with stale Jacobian, retrying with fresh Jacobian
└ @ OrdinaryDiffEqNonlinearSolve ~/.julia/packages/OrdinaryDiffEqNonlinearSolve/doSPx/src/nlsolve.jl:144
┌ Warning: Verbosity toggle: newton_convergence 
│  Newton iteration failed with stale Jacobian, retrying with fresh Jacobian
└ @ OrdinaryDiffEqNonlinearSolve ~/.julia/packages/OrdinaryDiffEqNonlinearSolve/doSPx/src/nlsolve.jl:144
┌ Warning: Verbosity toggle: dt_epsilon 
│  Initial timestep too small (near machine epsilon), using default: dt = 0.0
└ @ OrdinaryDiffEqCore ~/.julia/packages/OrdinaryDiffEqCore/rnOL4/src/initdt.jl:196
┌ Warning: Verbosity toggle: dt_epsilon 
│  Initial timestep too small (near machine epsilon), using default: dt = 0.0
└ @ OrdinaryDiffEqCore ~/.julia/packages/OrdinaryDiffEqCore/rnOL4/src/initdt.jl:196
┌ Warning: Verbosity toggle: newton_convergence 
│  Newton iteration failed with stale Jacobian, retrying with fresh Jacobian
└ @ OrdinaryDiffEqNonlinearSolve ~/.julia/packages/OrdinaryDiffEqNonlinearSolve/doSPx/src/nlsolve.jl:144
┌ Warning: Verbosity toggle: newton_convergence 
│  Newton iteration diverging: θ = Dual{ForwardDiff.Tag{PEtab.var"#302#303"{Bool, PEtab.PEtabODEProblemInfo{ODESolver, ODESolver, PEtab.PEtabODEProblemCache{Vector{Float64}, PreallocationTools.DiffCache{Vector{Float64}, Vector{Float64}}, Vector{Float64}, Matrix{Float64}, Dict{Symbol, PreallocationTools.DiffCache}, Dict{Symbol, PreallocationTools.DiffCache}, Dict{Symbol, PreallocationTools.DiffCache}, Vector{Float64}}}, PEtab.PEtabODEProblemInfo{ODESolver, ODESolver, PEtab.PEtabODEProblemCache{Vector{Float64}, PreallocationTools.DiffCache{Vector{Float64}, Vector{Float64}}, Vector{Float64}, Matrix{Float64}, Dict{Symbol, PreallocationTools.DiffCache}, Dict{Symbol, PreallocationTools.DiffCache}, Dict{Symbol, PreallocationTools.DiffCache}, Vector{Float64}}}, Vector{Float64}, Vector{Float64}, Vector{Float64}, PEtab.ModelInfo}, Float64}}(2.951737154076742,0.0,0.0,0.0,0.0,0.0,0.0,0.0,0.0,0.0,0.0,0.0,0.0) > 2, ndz = 1.82732154100761, ndzprev = 0.6190664837767942
└ @ OrdinaryDiffEqNonlinearSolve ~/.julia/packages/OrdinaryDiffEqNonlinearSolve/doSPx/src/nlsolve.jl:101
┌ Warning: Verbosity toggle: newton_convergence 
│  Newton iteration failed with stale Jacobian, retrying with fresh Jacobian
└ @ OrdinaryDiffEqNonlinearSolve ~/.julia/packages/OrdinaryDiffEqNonlinearSolve/doSPx/src/nlsolve.jl:144
┌ Warning: Verbosity toggle: newton_convergence 
│  Newton iteration failed with stale Jacobian, retrying with fresh Jacobian
└ @ OrdinaryDiffEqNonlinearSolve ~/.julia/packages/OrdinaryDiffEqNonlinearSolve/doSPx/src/nlsolve.jl:144
┌ Warning: Verbosity toggle: newton_convergence 
│  Newton iteration failed with stale Jacobian, retrying with fresh Jacobian
└ @ OrdinaryDiffEqNonlinearSolve ~/.julia/packages/OrdinaryDiffEqNonlinearSolve/doSPx/src/nlsolve.jl:144
┌ Warning: Verbosity toggle: newton_convergence 
│  Newton iteration failed with stale Jacobian, retrying with fresh Jacobian
└ @ OrdinaryDiffEqNonlinearSolve ~/.julia/packages/OrdinaryDiffEqNonlinearSolve/doSPx/src/nlsolve.jl:144
┌ Warning: Verbosity toggle: newton_convergence 
│  Newton iteration failed with stale Jacobian, retrying with fresh Jacobian
└ @ OrdinaryDiffEqNonlinearSolve ~/.julia/packages/OrdinaryDiffEqNonlinearSolve/doSPx/src/nlsolve.jl:144
┌ Warning: Verbosity toggle: dt_epsilon 
│  Initial timestep too small (near machine epsilon), using default: dt = 0.0
└ @ OrdinaryDiffEqCore ~/.julia/packages/OrdinaryDiffEqCore/rnOL4/src/initdt.jl:196
┌ Warning: Verbosity toggle: dt_epsilon 
│  Initial timestep too small (near machine epsilon), using default: dt = 0.0
└ @ OrdinaryDiffEqCore ~/.julia/packages/OrdinaryDiffEqCore/rnOL4/src/initdt.jl:196
┌ Warning: Verbosity toggle: newton_convergence 
│  Newton iteration failed with stale Jacobian, retrying with fresh Jacobian
└ @ OrdinaryDiffEqNonlinearSolve ~/.julia/packages/OrdinaryDiffEqNonlinearSolve/doSPx/src/nlsolve.jl:144
┌ Warning: Verbosity toggle: newton_convergence 
│  Newton iteration diverging: θ = Dual{ForwardDiff.Tag{PEtab.var"#302#303"{Bool, PEtab.PEtabODEProblemInfo{ODESolver, ODESolver, PEtab.PEtabODEProblemCache{Vector{Float64}, PreallocationTools.DiffCache{Vector{Float64}, Vector{Float64}}, Vector{Float64}, Matrix{Float64}, Dict{Symbol, PreallocationTools.DiffCache}, Dict{Symbol, PreallocationTools.DiffCache}, Dict{Symbol, PreallocationTools.DiffCache}, Vector{Float64}}}, PEtab.PEtabODEProblemInfo{ODESolver, ODESolver, PEtab.PEtabODEProblemCache{Vector{Float64}, PreallocationTools.DiffCache{Vector{Float64}, Vector{Float64}}, Vector{Float64}, Matrix{Float64}, Dict{Symbol, PreallocationTools.DiffCache}, Dict{Symbol, PreallocationTools.DiffCache}, Dict{Symbol, PreallocationTools.DiffCache}, Vector{Float64}}}, Vector{Float64}, Vector{Float64}, Vector{Float64}, PEtab.ModelInfo}, Float64}}(15.560461594784266,0.0,0.0,0.0,0.0,0.0,0.0,0.0,0.0,0.0,0.0,0.0,0.0) > 2, ndz = 2.339273440343501, ndzprev = 0.15033445030497075
└ @ OrdinaryDiffEqNonlinearSolve ~/.julia/packages/OrdinaryDiffEqNonlinearSolve/doSPx/src/nlsolve.jl:101
┌ Warning: Verbosity toggle: newton_convergence 
│  Newton iteration failed with stale Jacobian, retrying with fresh Jacobian
└ @ OrdinaryDiffEqNonlinearSolve ~/.julia/packages/OrdinaryDiffEqNonlinearSolve/doSPx/src/nlsolve.jl:144
┌ Warning: Verbosity toggle: newton_convergence 
│  Newton iteration failed with stale Jacobian, retrying with fresh Jacobian
└ @ OrdinaryDiffEqNonlinearSolve ~/.julia/packages/OrdinaryDiffEqNonlinearSolve/doSPx/src/nlsolve.jl:144
┌ Warning: Verbosity toggle: newton_convergence 
│  Newton iteration failed with stale Jacobian, retrying with fresh Jacobian
└ @ OrdinaryDiffEqNonlinearSolve ~/.julia/packages/OrdinaryDiffEqNonlinearSolve/doSPx/src/nlsolve.jl:144
┌ Warning: Verbosity toggle: newton_convergence 
│  Newton iteration failed with stale Jacobian, retrying with fresh Jacobian
└ @ OrdinaryDiffEqNonlinearSolve ~/.julia/packages/OrdinaryDiffEqNonlinearSolve/doSPx/src/nlsolve.jl:144
┌ Warning: Verbosity toggle: newton_convergence 
│  Newton iteration failed with stale Jacobian, retrying with fresh Jacobian
└ @ OrdinaryDiffEqNonlinearSolve ~/.julia/packages/OrdinaryDiffEqNonlinearSolve/doSPx/src/nlsolve.jl:144
┌ Warning: Verbosity toggle: dt_epsilon 
│  Initial timestep too small (near machine epsilon), using default: dt = 0.0
└ @ OrdinaryDiffEqCore ~/.julia/packages/OrdinaryDiffEqCore/rnOL4/src/initdt.jl:196
┌ Warning: Verbosity toggle: dt_epsilon 
│  Initial timestep too small (near machine epsilon), using default: dt = 0.0
└ @ OrdinaryDiffEqCore ~/.julia/packages/OrdinaryDiffEqCore/rnOL4/src/initdt.jl:196
┌ Warning: Verbosity toggle: newton_convergence 
│  Newton iteration failed with stale Jacobian, retrying with fresh Jacobian
└ @ OrdinaryDiffEqNonlinearSolve ~/.julia/packages/OrdinaryDiffEqNonlinearSolve/doSPx/src/nlsolve.jl:144
┌ Warning: Verbosity toggle: newton_convergence 
│  Newton iteration diverging: θ = 14.212413817335309 > 2, ndz = 0.8040334602447079, ndzprev = 0.056572618175809386
└ @ OrdinaryDiffEqNonlinearSolve ~/.julia/packages/OrdinaryDiffEqNonlinearSolve/doSPx/src/nlsolve.jl:101
┌ Warning: Verbosity toggle: newton_convergence 
│  Newton iteration failed with stale Jacobian, retrying with fresh Jacobian
└ @ OrdinaryDiffEqNonlinearSolve ~/.julia/packages/OrdinaryDiffEqNonlinearSolve/doSPx/src/nlsolve.jl:144
┌ Warning: Verbosity toggle: newton_convergence 
│  Newton iteration failed with stale Jacobian, retrying with fresh Jacobian
└ @ OrdinaryDiffEqNonlinearSolve ~/.julia/packages/OrdinaryDiffEqNonlinearSolve/doSPx/src/nlsolve.jl:144
┌ Warning: Verbosity toggle: newton_convergence 
│  Newton iteration failed with stale Jacobian, retrying with fresh Jacobian
└ @ OrdinaryDiffEqNonlinearSolve ~/.julia/packages/OrdinaryDiffEqNonlinearSolve/doSPx/src/nlsolve.jl:144
┌ Warning: Verbosity toggle: newton_convergence 
│  Newton iteration failed with stale Jacobian, retrying with fresh Jacobian
└ @ OrdinaryDiffEqNonlinearSolve ~/.julia/packages/OrdinaryDiffEqNonlinearSolve/doSPx/src/nlsolve.jl:144
┌ Warning: Verbosity toggle: newton_convergence 
│  Newton iteration failed with stale Jacobian, retrying with fresh Jacobian
└ @ OrdinaryDiffEqNonlinearSolve ~/.julia/packages/OrdinaryDiffEqNonlinearSolve/doSPx/src/nlsolve.jl:144
┌ Warning: Verbosity toggle: dt_epsilon 
│  Initial timestep too small (near machine epsilon), using default: dt = 0.0
└ @ OrdinaryDiffEqCore ~/.julia/packages/OrdinaryDiffEqCore/rnOL4/src/initdt.jl:196
┌ Warning: Verbosity toggle: dt_epsilon 
│  Initial timestep too small (near machine epsilon), using default: dt = 0.0
└ @ OrdinaryDiffEqCore ~/.julia/packages/OrdinaryDiffEqCore/rnOL4/src/initdt.jl:196
┌ Warning: Verbosity toggle: newton_convergence 
│  Newton iteration failed with stale Jacobian, retrying with fresh Jacobian
└ @ OrdinaryDiffEqNonlinearSolve ~/.julia/packages/OrdinaryDiffEqNonlinearSolve/doSPx/src/nlsolve.jl:144
┌ Warning: Verbosity toggle: newton_convergence 
│  Newton iteration diverging: θ = Dual{ForwardDiff.Tag{PEtab.var"#302#303"{Bool, PEtab.PEtabODEProblemInfo{ODESolver, ODESolver, PEtab.PEtabODEProblemCache{Vector{Float64}, PreallocationTools.DiffCache{Vector{Float64}, Vector{Float64}}, Vector{Float64}, Matrix{Float64}, Dict{Symbol, PreallocationTools.DiffCache}, Dict{Symbol, PreallocationTools.DiffCache}, Dict{Symbol, PreallocationTools.DiffCache}, Vector{Float64}}}, PEtab.PEtabODEProblemInfo{ODESolver, ODESolver, PEtab.PEtabODEProblemCache{Vector{Float64}, PreallocationTools.DiffCache{Vector{Float64}, Vector{Float64}}, Vector{Float64}, Matrix{Float64}, Dict{Symbol, PreallocationTools.DiffCache}, Dict{Symbol, PreallocationTools.DiffCache}, Dict{Symbol, PreallocationTools.DiffCache}, Vector{Float64}}}, Vector{Float64}, Vector{Float64}, Vector{Float64}, PEtab.ModelInfo}, Float64}}(8.712253990366637,0.0,0.0,0.0,0.0,0.0,0.0,0.0,0.0,0.0,0.0,0.0,0.0) > 2, ndz = 0.5367580656793596, ndzprev = 0.06160955204851313
└ @ OrdinaryDiffEqNonlinearSolve ~/.julia/packages/OrdinaryDiffEqNonlinearSolve/doSPx/src/nlsolve.jl:101
┌ Warning: Verbosity toggle: newton_convergence 
│  Newton iteration failed with stale Jacobian, retrying with fresh Jacobian
└ @ OrdinaryDiffEqNonlinearSolve ~/.julia/packages/OrdinaryDiffEqNonlinearSolve/doSPx/src/nlsolve.jl:144
┌ Warning: Verbosity toggle: newton_convergence 
│  Newton iteration failed with stale Jacobian, retrying with fresh Jacobian
└ @ OrdinaryDiffEqNonlinearSolve ~/.julia/packages/OrdinaryDiffEqNonlinearSolve/doSPx/src/nlsolve.jl:144
┌ Warning: Verbosity toggle: newton_convergence 
│  Newton iteration failed with stale Jacobian, retrying with fresh Jacobian
└ @ OrdinaryDiffEqNonlinearSolve ~/.julia/packages/OrdinaryDiffEqNonlinearSolve/doSPx/src/nlsolve.jl:144
┌ Warning: Verbosity toggle: newton_convergence 
│  Newton iteration failed with stale Jacobian, retrying with fresh Jacobian
└ @ OrdinaryDiffEqNonlinearSolve ~/.julia/packages/OrdinaryDiffEqNonlinearSolve/doSPx/src/nlsolve.jl:144
┌ Warning: Verbosity toggle: dt_epsilon 
│  Initial timestep too small (near machine epsilon), using default: dt = 0.0
└ @ OrdinaryDiffEqCore ~/.julia/packages/OrdinaryDiffEqCore/rnOL4/src/initdt.jl:196
┌ Warning: Verbosity toggle: dt_epsilon 
│  Initial timestep too small (near machine epsilon), using default: dt = 0.0
└ @ OrdinaryDiffEqCore ~/.julia/packages/OrdinaryDiffEqCore/rnOL4/src/initdt.jl:196
┌ Warning: Verbosity toggle: newton_convergence 
│  Newton iteration failed with stale Jacobian, retrying with fresh Jacobian
└ @ OrdinaryDiffEqNonlinearSolve ~/.julia/packages/OrdinaryDiffEqNonlinearSolve/doSPx/src/nlsolve.jl:144
┌ Warning: Verbosity toggle: newton_convergence 
│  Newton iteration diverging: θ = Dual{ForwardDiff.Tag{PEtab.var"#302#303"{Bool, PEtab.PEtabODEProblemInfo{ODESolver, ODESolver, PEtab.PEtabODEProblemCache{Vector{Float64}, PreallocationTools.DiffCache{Vector{Float64}, Vector{Float64}}, Vector{Float64}, Matrix{Float64}, Dict{Symbol, PreallocationTools.DiffCache}, Dict{Symbol, PreallocationTools.DiffCache}, Dict{Symbol, PreallocationTools.DiffCache}, Vector{Float64}}}, PEtab.PEtabODEProblemInfo{ODESolver, ODESolver, PEtab.PEtabODEProblemCache{Vector{Float64}, PreallocationTools.DiffCache{Vector{Float64}, Vector{Float64}}, Vector{Float64}, Matrix{Float64}, Dict{Symbol, PreallocationTools.DiffCache}, Dict{Symbol, PreallocationTools.DiffCache}, Dict{Symbol, PreallocationTools.DiffCache}, Vector{Float64}}}, Vector{Float64}, Vector{Float64}, Vector{Float64}, PEtab.ModelInfo}, Float64}}(11.929896359039057,0.0,0.0,0.0,0.0,0.0,0.0,0.0,0.0,0.0,0.0,0.0,0.0) > 2, ndz = 4.024506628653281, ndzprev = 0.3373463194928754
└ @ OrdinaryDiffEqNonlinearSolve ~/.julia/packages/OrdinaryDiffEqNonlinearSolve/doSPx/src/nlsolve.jl:101
┌ Warning: Verbosity toggle: newton_convergence 
│  Newton iteration failed with stale Jacobian, retrying with fresh Jacobian
└ @ OrdinaryDiffEqNonlinearSolve ~/.julia/packages/OrdinaryDiffEqNonlinearSolve/doSPx/src/nlsolve.jl:144
┌ Warning: Verbosity toggle: newton_convergence 
│  Newton iteration failed with stale Jacobian, retrying with fresh Jacobian
└ @ OrdinaryDiffEqNonlinearSolve ~/.julia/packages/OrdinaryDiffEqNonlinearSolve/doSPx/src/nlsolve.jl:144
┌ Warning: Verbosity toggle: newton_convergence 
│  Newton iteration failed with stale Jacobian, retrying with fresh Jacobian
└ @ OrdinaryDiffEqNonlinearSolve ~/.julia/packages/OrdinaryDiffEqNonlinearSolve/doSPx/src/nlsolve.jl:144
┌ Warning: Verbosity toggle: newton_convergence 
│  Newton iteration failed with stale Jacobian, retrying with fresh Jacobian
└ @ OrdinaryDiffEqNonlinearSolve ~/.julia/packages/OrdinaryDiffEqNonlinearSolve/doSPx/src/nlsolve.jl:144
┌ Warning: Verbosity toggle: newton_convergence 
│  Newton iteration failed with stale Jacobian, retrying with fresh Jacobian
└ @ OrdinaryDiffEqNonlinearSolve ~/.julia/packages/OrdinaryDiffEqNonlinearSolve/doSPx/src/nlsolve.jl:144
┌ Warning: Verbosity toggle: dt_epsilon 
│  Initial timestep too small (near machine epsilon), using default: dt = 0.0
└ @ OrdinaryDiffEqCore ~/.julia/packages/OrdinaryDiffEqCore/rnOL4/src/initdt.jl:196
┌ Warning: Verbosity toggle: dt_epsilon 
│  Initial timestep too small (near machine epsilon), using default: dt = 0.0
└ @ OrdinaryDiffEqCore ~/.julia/packages/OrdinaryDiffEqCore/rnOL4/src/initdt.jl:196
┌ Warning: Verbosity toggle: newton_convergence 
│  Newton iteration failed with stale Jacobian, retrying with fresh Jacobian
└ @ OrdinaryDiffEqNonlinearSolve ~/.julia/packages/OrdinaryDiffEqNonlinearSolve/doSPx/src/nlsolve.jl:144
┌ Warning: Verbosity toggle: newton_convergence 
│  Newton iteration diverging: θ = Dual{ForwardDiff.Tag{PEtab.var"#302#303"{Bool, PEtab.PEtabODEProblemInfo{ODESolver, ODESolver, PEtab.PEtabODEProblemCache{Vector{Float64}, PreallocationTools.DiffCache{Vector{Float64}, Vector{Float64}}, Vector{Float64}, Matrix{Float64}, Dict{Symbol, PreallocationTools.DiffCache}, Dict{Symbol, PreallocationTools.DiffCache}, Dict{Symbol, PreallocationTools.DiffCache}, Vector{Float64}}}, PEtab.PEtabODEProblemInfo{ODESolver, ODESolver, PEtab.PEtabODEProblemCache{Vector{Float64}, PreallocationTools.DiffCache{Vector{Float64}, Vector{Float64}}, Vector{Float64}, Matrix{Float64}, Dict{Symbol, PreallocationTools.DiffCache}, Dict{Symbol, PreallocationTools.DiffCache}, Dict{Symbol, PreallocationTools.DiffCache}, Vector{Float64}}}, Vector{Float64}, Vector{Float64}, Vector{Float64}, PEtab.ModelInfo}, Float64}}(8.14412467612338,0.0,0.0,0.0,0.0,0.0,0.0,0.0,0.0,0.0,0.0,0.0,0.0) > 2, ndz = 1.2347849327888116, ndzprev = 0.15161665395532375
└ @ OrdinaryDiffEqNonlinearSolve ~/.julia/packages/OrdinaryDiffEqNonlinearSolve/doSPx/src/nlsolve.jl:101
┌ Warning: Verbosity toggle: newton_convergence 
│  Newton iteration failed with stale Jacobian, retrying with fresh Jacobian
└ @ OrdinaryDiffEqNonlinearSolve ~/.julia/packages/OrdinaryDiffEqNonlinearSolve/doSPx/src/nlsolve.jl:144
┌ Warning: Verbosity toggle: newton_convergence 
│  Newton iteration failed with stale Jacobian, retrying with fresh Jacobian
└ @ OrdinaryDiffEqNonlinearSolve ~/.julia/packages/OrdinaryDiffEqNonlinearSolve/doSPx/src/nlsolve.jl:144
┌ Warning: Verbosity toggle: newton_convergence 
│  Newton iteration failed with stale Jacobian, retrying with fresh Jacobian
└ @ OrdinaryDiffEqNonlinearSolve ~/.julia/packages/OrdinaryDiffEqNonlinearSolve/doSPx/src/nlsolve.jl:144
┌ Warning: Verbosity toggle: newton_convergence 
│  Newton iteration failed with stale Jacobian, retrying with fresh Jacobian
└ @ OrdinaryDiffEqNonlinearSolve ~/.julia/packages/OrdinaryDiffEqNonlinearSolve/doSPx/src/nlsolve.jl:144
┌ Warning: Verbosity toggle: dt_epsilon 
│  Initial timestep too small (near machine epsilon), using default: dt = 0.0
└ @ OrdinaryDiffEqCore ~/.julia/packages/OrdinaryDiffEqCore/rnOL4/src/initdt.jl:196
┌ Warning: Verbosity toggle: dt_epsilon 
│  Initial timestep too small (near machine epsilon), using default: dt = 0.0
└ @ OrdinaryDiffEqCore ~/.julia/packages/OrdinaryDiffEqCore/rnOL4/src/initdt.jl:196
┌ Warning: Verbosity toggle: newton_convergence 
│  Newton iteration failed with stale Jacobian, retrying with fresh Jacobian
└ @ OrdinaryDiffEqNonlinearSolve ~/.julia/packages/OrdinaryDiffEqNonlinearSolve/doSPx/src/nlsolve.jl:144
┌ Warning: Verbosity toggle: newton_convergence 
│  Newton iteration diverging: θ = Dual{ForwardDiff.Tag{PEtab.var"#302#303"{Bool, PEtab.PEtabODEProblemInfo{ODESolver, ODESolver, PEtab.PEtabODEProblemCache{Vector{Float64}, PreallocationTools.DiffCache{Vector{Float64}, Vector{Float64}}, Vector{Float64}, Matrix{Float64}, Dict{Symbol, PreallocationTools.DiffCache}, Dict{Symbol, PreallocationTools.DiffCache}, Dict{Symbol, PreallocationTools.DiffCache}, Vector{Float64}}}, PEtab.PEtabODEProblemInfo{ODESolver, ODESolver, PEtab.PEtabODEProblemCache{Vector{Float64}, PreallocationTools.DiffCache{Vector{Float64}, Vector{Float64}}, Vector{Float64}, Matrix{Float64}, Dict{Symbol, PreallocationTools.DiffCache}, Dict{Symbol, PreallocationTools.DiffCache}, Dict{Symbol, PreallocationTools.DiffCache}, Vector{Float64}}}, Vector{Float64}, Vector{Float64}, Vector{Float64}, PEtab.ModelInfo}, Float64}}(5.049446736552779,0.0,0.0,0.0,0.0,0.0,0.0,0.0,0.0,0.0,0.0,0.0,0.0) > 2, ndz = 3.179096037354395, ndzprev = 0.6295929441815918
└ @ OrdinaryDiffEqNonlinearSolve ~/.julia/packages/OrdinaryDiffEqNonlinearSolve/doSPx/src/nlsolve.jl:101
┌ Warning: Verbosity toggle: newton_convergence 
│  Newton iteration failed with stale Jacobian, retrying with fresh Jacobian
└ @ OrdinaryDiffEqNonlinearSolve ~/.julia/packages/OrdinaryDiffEqNonlinearSolve/doSPx/src/nlsolve.jl:144
┌ Warning: Verbosity toggle: newton_convergence 
│  Newton iteration failed with stale Jacobian, retrying with fresh Jacobian
└ @ OrdinaryDiffEqNonlinearSolve ~/.julia/packages/OrdinaryDiffEqNonlinearSolve/doSPx/src/nlsolve.jl:144
┌ Warning: Verbosity toggle: newton_convergence 
│  Newton iteration failed with stale Jacobian, retrying with fresh Jacobian
└ @ OrdinaryDiffEqNonlinearSolve ~/.julia/packages/OrdinaryDiffEqNonlinearSolve/doSPx/src/nlsolve.jl:144
┌ Warning: Verbosity toggle: newton_convergence 
│  Newton iteration failed with stale Jacobian, retrying with fresh Jacobian
└ @ OrdinaryDiffEqNonlinearSolve ~/.julia/packages/OrdinaryDiffEqNonlinearSolve/doSPx/src/nlsolve.jl:144
┌ Warning: Verbosity toggle: newton_convergence 
│  Newton iteration failed with stale Jacobian, retrying with fresh Jacobian
└ @ OrdinaryDiffEqNonlinearSolve ~/.julia/packages/OrdinaryDiffEqNonlinearSolve/doSPx/src/nlsolve.jl:144
┌ Warning: Verbosity toggle: dt_epsilon 
│  Initial timestep too small (near machine epsilon), using default: dt = 0.0
└ @ OrdinaryDiffEqCore ~/.julia/packages/OrdinaryDiffEqCore/rnOL4/src/initdt.jl:196
┌ Warning: Verbosity toggle: dt_epsilon 
│  Initial timestep too small (near machine epsilon), using default: dt = 0.0
└ @ OrdinaryDiffEqCore ~/.julia/packages/OrdinaryDiffEqCore/rnOL4/src/initdt.jl:196
┌ Warning: Verbosity toggle: newton_convergence 
│  Newton iteration failed with stale Jacobian, retrying with fresh Jacobian
└ @ OrdinaryDiffEqNonlinearSolve ~/.julia/packages/OrdinaryDiffEqNonlinearSolve/doSPx/src/nlsolve.jl:144
┌ Warning: Verbosity toggle: newton_convergence 
│  Newton iteration diverging: θ = Dual{ForwardDiff.Tag{PEtab.var"#302#303"{Bool, PEtab.PEtabODEProblemInfo{ODESolver, ODESolver, PEtab.PEtabODEProblemCache{Vector{Float64}, PreallocationTools.DiffCache{Vector{Float64}, Vector{Float64}}, Vector{Float64}, Matrix{Float64}, Dict{Symbol, PreallocationTools.DiffCache}, Dict{Symbol, PreallocationTools.DiffCache}, Dict{Symbol, PreallocationTools.DiffCache}, Vector{Float64}}}, PEtab.PEtabODEProblemInfo{ODESolver, ODESolver, PEtab.PEtabODEProblemCache{Vector{Float64}, PreallocationTools.DiffCache{Vector{Float64}, Vector{Float64}}, Vector{Float64}, Matrix{Float64}, Dict{Symbol, PreallocationTools.DiffCache}, Dict{Symbol, PreallocationTools.DiffCache}, Dict{Symbol, PreallocationTools.DiffCache}, Vector{Float64}}}, Vector{Float64}, Vector{Float64}, Vector{Float64}, PEtab.ModelInfo}, Float64}}(14.974682566730385,0.0,0.0,0.0,0.0,0.0,0.0,0.0,0.0,0.0,0.0,0.0,0.0) > 2, ndz = 1.7093767744987296, ndzprev = 0.11415111918943066
└ @ OrdinaryDiffEqNonlinearSolve ~/.julia/packages/OrdinaryDiffEqNonlinearSolve/doSPx/src/nlsolve.jl:101
┌ Warning: Verbosity toggle: newton_convergence 
│  Newton iteration failed with stale Jacobian, retrying with fresh Jacobian
└ @ OrdinaryDiffEqNonlinearSolve ~/.julia/packages/OrdinaryDiffEqNonlinearSolve/doSPx/src/nlsolve.jl:144
┌ Warning: Verbosity toggle: newton_convergence 
│  Newton iteration failed with stale Jacobian, retrying with fresh Jacobian
└ @ OrdinaryDiffEqNonlinearSolve ~/.julia/packages/OrdinaryDiffEqNonlinearSolve/doSPx/src/nlsolve.jl:144
┌ Warning: Verbosity toggle: newton_convergence 
│  Newton iteration failed with stale Jacobian, retrying with fresh Jacobian
└ @ OrdinaryDiffEqNonlinearSolve ~/.julia/packages/OrdinaryDiffEqNonlinearSolve/doSPx/src/nlsolve.jl:144
┌ Warning: Verbosity toggle: newton_convergence 
│  Newton iteration failed with stale Jacobian, retrying with fresh Jacobian
└ @ OrdinaryDiffEqNonlinearSolve ~/.julia/packages/OrdinaryDiffEqNonlinearSolve/doSPx/src/nlsolve.jl:144
┌ Warning: Verbosity toggle: newton_convergence 
│  Newton iteration failed with stale Jacobian, retrying with fresh Jacobian
└ @ OrdinaryDiffEqNonlinearSolve ~/.julia/packages/OrdinaryDiffEqNonlinearSolve/doSPx/src/nlsolve.jl:144
┌ Warning: Verbosity toggle: dt_epsilon 
│  Initial timestep too small (near machine epsilon), using default: dt = 0.0
└ @ OrdinaryDiffEqCore ~/.julia/packages/OrdinaryDiffEqCore/rnOL4/src/initdt.jl:196
┌ Warning: Verbosity toggle: dt_epsilon 
│  Initial timestep too small (near machine epsilon), using default: dt = 0.0
└ @ OrdinaryDiffEqCore ~/.julia/packages/OrdinaryDiffEqCore/rnOL4/src/initdt.jl:196
┌ Warning: Verbosity toggle: newton_convergence 
│  Newton iteration failed with stale Jacobian, retrying with fresh Jacobian
└ @ OrdinaryDiffEqNonlinearSolve ~/.julia/packages/OrdinaryDiffEqNonlinearSolve/doSPx/src/nlsolve.jl:144
┌ Warning: Verbosity toggle: newton_convergence 
│  Newton iteration diverging: θ = 7.733927352912033 > 2, ndz = 0.48510901370103765, ndzprev = 0.06272479576865704
└ @ OrdinaryDiffEqNonlinearSolve ~/.julia/packages/OrdinaryDiffEqNonlinearSolve/doSPx/src/nlsolve.jl:101
┌ Warning: Verbosity toggle: newton_convergence 
│  Newton iteration failed with stale Jacobian, retrying with fresh Jacobian
└ @ OrdinaryDiffEqNonlinearSolve ~/.julia/packages/OrdinaryDiffEqNonlinearSolve/doSPx/src/nlsolve.jl:144
┌ Warning: Verbosity toggle: newton_convergence 
│  Newton iteration failed with stale Jacobian, retrying with fresh Jacobian
└ @ OrdinaryDiffEqNonlinearSolve ~/.julia/packages/OrdinaryDiffEqNonlinearSolve/doSPx/src/nlsolve.jl:144
┌ Warning: Verbosity toggle: newton_convergence 
│  Newton iteration failed with stale Jacobian, retrying with fresh Jacobian
└ @ OrdinaryDiffEqNonlinearSolve ~/.julia/packages/OrdinaryDiffEqNonlinearSolve/doSPx/src/nlsolve.jl:144
┌ Warning: Verbosity toggle: newton_convergence 
│  Newton iteration failed with stale Jacobian, retrying with fresh Jacobian
└ @ OrdinaryDiffEqNonlinearSolve ~/.julia/packages/OrdinaryDiffEqNonlinearSolve/doSPx/src/nlsolve.jl:144
┌ Warning: Verbosity toggle: newton_convergence 
│  Newton iteration failed with stale Jacobian, retrying with fresh Jacobian
└ @ OrdinaryDiffEqNonlinearSolve ~/.julia/packages/OrdinaryDiffEqNonlinearSolve/doSPx/src/nlsolve.jl:144
┌ Warning: Verbosity toggle: dt_epsilon 
│  Initial timestep too small (near machine epsilon), using default: dt = 0.0
└ @ OrdinaryDiffEqCore ~/.julia/packages/OrdinaryDiffEqCore/rnOL4/src/initdt.jl:196
┌ Warning: Verbosity toggle: dt_epsilon 
│  Initial timestep too small (near machine epsilon), using default: dt = 0.0
└ @ OrdinaryDiffEqCore ~/.julia/packages/OrdinaryDiffEqCore/rnOL4/src/initdt.jl:196
┌ Warning: Verbosity toggle: newton_convergence 
│  Newton iteration failed with stale Jacobian, retrying with fresh Jacobian
└ @ OrdinaryDiffEqNonlinearSolve ~/.julia/packages/OrdinaryDiffEqNonlinearSolve/doSPx/src/nlsolve.jl:144
┌ Warning: Verbosity toggle: newton_convergence 
│  Newton iteration diverging: θ = Dual{ForwardDiff.Tag{PEtab.var"#302#303"{Bool, PEtab.PEtabODEProblemInfo{ODESolver, ODESolver, PEtab.PEtabODEProblemCache{Vector{Float64}, PreallocationTools.DiffCache{Vector{Float64}, Vector{Float64}}, Vector{Float64}, Matrix{Float64}, Dict{Symbol, PreallocationTools.DiffCache}, Dict{Symbol, PreallocationTools.DiffCache}, Dict{Symbol, PreallocationTools.DiffCache}, Vector{Float64}}}, PEtab.PEtabODEProblemInfo{ODESolver, ODESolver, PEtab.PEtabODEProblemCache{Vector{Float64}, PreallocationTools.DiffCache{Vector{Float64}, Vector{Float64}}, Vector{Float64}, Matrix{Float64}, Dict{Symbol, PreallocationTools.DiffCache}, Dict{Symbol, PreallocationTools.DiffCache}, Dict{Symbol, PreallocationTools.DiffCache}, Vector{Float64}}}, Vector{Float64}, Vector{Float64}, Vector{Float64}, PEtab.ModelInfo}, Float64}}(5.189616764928399,0.0,0.0,0.0,0.0,0.0,0.0,0.0,0.0,0.0,0.0,0.0,0.0) > 2, ndz = 0.28615181228017805, ndzprev = 0.05513929548979444
└ @ OrdinaryDiffEqNonlinearSolve ~/.julia/packages/OrdinaryDiffEqNonlinearSolve/doSPx/src/nlsolve.jl:101
┌ Warning: Verbosity toggle: newton_convergence 
│  Newton iteration failed with stale Jacobian, retrying with fresh Jacobian
└ @ OrdinaryDiffEqNonlinearSolve ~/.julia/packages/OrdinaryDiffEqNonlinearSolve/doSPx/src/nlsolve.jl:144
┌ Warning: Verbosity toggle: newton_convergence 
│  Newton iteration failed with stale Jacobian, retrying with fresh Jacobian
└ @ OrdinaryDiffEqNonlinearSolve ~/.julia/packages/OrdinaryDiffEqNonlinearSolve/doSPx/src/nlsolve.jl:144
┌ Warning: Verbosity toggle: newton_convergence 
│  Newton iteration failed with stale Jacobian, retrying with fresh Jacobian
└ @ OrdinaryDiffEqNonlinearSolve ~/.julia/packages/OrdinaryDiffEqNonlinearSolve/doSPx/src/nlsolve.jl:144
┌ Warning: Verbosity toggle: newton_convergence 
│  Newton iteration failed with stale Jacobian, retrying with fresh Jacobian
└ @ OrdinaryDiffEqNonlinearSolve ~/.julia/packages/OrdinaryDiffEqNonlinearSolve/doSPx/src/nlsolve.jl:144
┌ Warning: Verbosity toggle: dt_epsilon 
│  Initial timestep too small (near machine epsilon), using default: dt = 0.0
└ @ OrdinaryDiffEqCore ~/.julia/packages/OrdinaryDiffEqCore/rnOL4/src/initdt.jl:196
┌ Warning: Verbosity toggle: dt_epsilon 
│  Initial timestep too small (near machine epsilon), using default: dt = 0.0
└ @ OrdinaryDiffEqCore ~/.julia/packages/OrdinaryDiffEqCore/rnOL4/src/initdt.jl:196
┌ Warning: Verbosity toggle: newton_convergence 
│  Newton iteration failed with stale Jacobian, retrying with fresh Jacobian
└ @ OrdinaryDiffEqNonlinearSolve ~/.julia/packages/OrdinaryDiffEqNonlinearSolve/doSPx/src/nlsolve.jl:144
┌ Warning: Verbosity toggle: newton_convergence 
│  Newton iteration diverging: θ = Dual{ForwardDiff.Tag{PEtab.var"#302#303"{Bool, PEtab.PEtabODEProblemInfo{ODESolver, ODESolver, PEtab.PEtabODEProblemCache{Vector{Float64}, PreallocationTools.DiffCache{Vector{Float64}, Vector{Float64}}, Vector{Float64}, Matrix{Float64}, Dict{Symbol, PreallocationTools.DiffCache}, Dict{Symbol, PreallocationTools.DiffCache}, Dict{Symbol, PreallocationTools.DiffCache}, Vector{Float64}}}, PEtab.PEtabODEProblemInfo{ODESolver, ODESolver, PEtab.PEtabODEProblemCache{Vector{Float64}, PreallocationTools.DiffCache{Vector{Float64}, Vector{Float64}}, Vector{Float64}, Matrix{Float64}, Dict{Symbol, PreallocationTools.DiffCache}, Dict{Symbol, PreallocationTools.DiffCache}, Dict{Symbol, PreallocationTools.DiffCache}, Vector{Float64}}}, Vector{Float64}, Vector{Float64}, Vector{Float64}, PEtab.ModelInfo}, Float64}}(13.46602353364138,0.0,0.0,0.0,0.0,0.0,0.0,0.0,0.0,0.0,0.0,0.0,0.0) > 2, ndz = 8.603970257519737, ndzprev = 0.6389391965657079
└ @ OrdinaryDiffEqNonlinearSolve ~/.julia/packages/OrdinaryDiffEqNonlinearSolve/doSPx/src/nlsolve.jl:101
┌ Warning: Verbosity toggle: newton_convergence 
│  Newton iteration failed with stale Jacobian, retrying with fresh Jacobian
└ @ OrdinaryDiffEqNonlinearSolve ~/.julia/packages/OrdinaryDiffEqNonlinearSolve/doSPx/src/nlsolve.jl:144
┌ Warning: Verbosity toggle: newton_convergence 
│  Newton iteration failed with stale Jacobian, retrying with fresh Jacobian
└ @ OrdinaryDiffEqNonlinearSolve ~/.julia/packages/OrdinaryDiffEqNonlinearSolve/doSPx/src/nlsolve.jl:144
┌ Warning: Verbosity toggle: newton_convergence 
│  Newton iteration failed with stale Jacobian, retrying with fresh Jacobian
└ @ OrdinaryDiffEqNonlinearSolve ~/.julia/packages/OrdinaryDiffEqNonlinearSolve/doSPx/src/nlsolve.jl:144
┌ Warning: Verbosity toggle: newton_convergence 
│  Newton iteration failed with stale Jacobian, retrying with fresh Jacobian
└ @ OrdinaryDiffEqNonlinearSolve ~/.julia/packages/OrdinaryDiffEqNonlinearSolve/doSPx/src/nlsolve.jl:144
┌ Warning: Verbosity toggle: newton_convergence 
│  Newton iteration failed with stale Jacobian, retrying with fresh Jacobian
└ @ OrdinaryDiffEqNonlinearSolve ~/.julia/packages/OrdinaryDiffEqNonlinearSolve/doSPx/src/nlsolve.jl:144
┌ Warning: Verbosity toggle: dt_epsilon 
│  Initial timestep too small (near machine epsilon), using default: dt = 0.0
└ @ OrdinaryDiffEqCore ~/.julia/packages/OrdinaryDiffEqCore/rnOL4/src/initdt.jl:196
┌ Warning: Verbosity toggle: dt_epsilon 
│  Initial timestep too small (near machine epsilon), using default: dt = 0.0
└ @ OrdinaryDiffEqCore ~/.julia/packages/OrdinaryDiffEqCore/rnOL4/src/initdt.jl:196
┌ Warning: Verbosity toggle: newton_convergence 
│  Newton iteration failed with stale Jacobian, retrying with fresh Jacobian
└ @ OrdinaryDiffEqNonlinearSolve ~/.julia/packages/OrdinaryDiffEqNonlinearSolve/doSPx/src/nlsolve.jl:144
┌ Warning: Verbosity toggle: newton_convergence 
│  Newton iteration diverging: θ = Dual{ForwardDiff.Tag{PEtab.var"#302#303"{Bool, PEtab.PEtabODEProblemInfo{ODESolver, ODESolver, PEtab.PEtabODEProblemCache{Vector{Float64}, PreallocationTools.DiffCache{Vector{Float64}, Vector{Float64}}, Vector{Float64}, Matrix{Float64}, Dict{Symbol, PreallocationTools.DiffCache}, Dict{Symbol, PreallocationTools.DiffCache}, Dict{Symbol, PreallocationTools.DiffCache}, Vector{Float64}}}, PEtab.PEtabODEProblemInfo{ODESolver, ODESolver, PEtab.PEtabODEProblemCache{Vector{Float64}, PreallocationTools.DiffCache{Vector{Float64}, Vector{Float64}}, Vector{Float64}, Matrix{Float64}, Dict{Symbol, PreallocationTools.DiffCache}, Dict{Symbol, PreallocationTools.DiffCache}, Dict{Symbol, PreallocationTools.DiffCache}, Vector{Float64}}}, Vector{Float64}, Vector{Float64}, Vector{Float64}, PEtab.ModelInfo}, Float64}}(9.021557641106508,0.0,0.0,0.0,0.0,0.0,0.0,0.0,0.0,0.0,0.0,0.0,0.0) > 2, ndz = 1.4169677823987008, ndzprev = 0.1570646487855181
└ @ OrdinaryDiffEqNonlinearSolve ~/.julia/packages/OrdinaryDiffEqNonlinearSolve/doSPx/src/nlsolve.jl:101
┌ Warning: Verbosity toggle: newton_convergence 
│  Newton iteration failed with stale Jacobian, retrying with fresh Jacobian
└ @ OrdinaryDiffEqNonlinearSolve ~/.julia/packages/OrdinaryDiffEqNonlinearSolve/doSPx/src/nlsolve.jl:144
┌ Warning: Verbosity toggle: newton_convergence 
│  Newton iteration failed with stale Jacobian, retrying with fresh Jacobian
└ @ OrdinaryDiffEqNonlinearSolve ~/.julia/packages/OrdinaryDiffEqNonlinearSolve/doSPx/src/nlsolve.jl:144
┌ Warning: Verbosity toggle: newton_convergence 
│  Newton iteration failed with stale Jacobian, retrying with fresh Jacobian
└ @ OrdinaryDiffEqNonlinearSolve ~/.julia/packages/OrdinaryDiffEqNonlinearSolve/doSPx/src/nlsolve.jl:144
┌ Warning: Verbosity toggle: newton_convergence 
│  Newton iteration failed with stale Jacobian, retrying with fresh Jacobian
└ @ OrdinaryDiffEqNonlinearSolve ~/.julia/packages/OrdinaryDiffEqNonlinearSolve/doSPx/src/nlsolve.jl:144
┌ Warning: Verbosity toggle: dt_epsilon 
│  Initial timestep too small (near machine epsilon), using default: dt = 0.0
└ @ OrdinaryDiffEqCore ~/.julia/packages/OrdinaryDiffEqCore/rnOL4/src/initdt.jl:196
┌ Warning: Verbosity toggle: dt_epsilon 
│  Initial timestep too small (near machine epsilon), using default: dt = 0.0
└ @ OrdinaryDiffEqCore ~/.julia/packages/OrdinaryDiffEqCore/rnOL4/src/initdt.jl:196
┌ Warning: Verbosity toggle: newton_convergence 
│  Newton iteration failed with stale Jacobian, retrying with fresh Jacobian
└ @ OrdinaryDiffEqNonlinearSolve ~/.julia/packages/OrdinaryDiffEqNonlinearSolve/doSPx/src/nlsolve.jl:144
┌ Warning: Verbosity toggle: newton_convergence 
│  Newton iteration diverging: θ = Dual{ForwardDiff.Tag{PEtab.var"#302#303"{Bool, PEtab.PEtabODEProblemInfo{ODESolver, ODESolver, PEtab.PEtabODEProblemCache{Vector{Float64}, PreallocationTools.DiffCache{Vector{Float64}, Vector{Float64}}, Vector{Float64}, Matrix{Float64}, Dict{Symbol, PreallocationTools.DiffCache}, Dict{Symbol, PreallocationTools.DiffCache}, Dict{Symbol, PreallocationTools.DiffCache}, Vector{Float64}}}, PEtab.PEtabODEProblemInfo{ODESolver, ODESolver, PEtab.PEtabODEProblemCache{Vector{Float64}, PreallocationTools.DiffCache{Vector{Float64}, Vector{Float64}}, Vector{Float64}, Matrix{Float64}, Dict{Symbol, PreallocationTools.DiffCache}, Dict{Symbol, PreallocationTools.DiffCache}, Dict{Symbol, PreallocationTools.DiffCache}, Vector{Float64}}}, Vector{Float64}, Vector{Float64}, Vector{Float64}, PEtab.ModelInfo}, Float64}}(14.210155415573373,0.0,0.0,0.0,0.0,0.0,0.0,0.0,0.0,0.0,0.0,0.0,0.0) > 2, ndz = 6.99049630188962, ndzprev = 0.4919366535730149
└ @ OrdinaryDiffEqNonlinearSolve ~/.julia/packages/OrdinaryDiffEqNonlinearSolve/doSPx/src/nlsolve.jl:101
┌ Warning: Verbosity toggle: newton_convergence 
│  Newton iteration failed with stale Jacobian, retrying with fresh Jacobian
└ @ OrdinaryDiffEqNonlinearSolve ~/.julia/packages/OrdinaryDiffEqNonlinearSolve/doSPx/src/nlsolve.jl:144
┌ Warning: Verbosity toggle: newton_convergence 
│  Newton iteration failed with stale Jacobian, retrying with fresh Jacobian
└ @ OrdinaryDiffEqNonlinearSolve ~/.julia/packages/OrdinaryDiffEqNonlinearSolve/doSPx/src/nlsolve.jl:144
┌ Warning: Verbosity toggle: newton_convergence 
│  Newton iteration failed with stale Jacobian, retrying with fresh Jacobian
└ @ OrdinaryDiffEqNonlinearSolve ~/.julia/packages/OrdinaryDiffEqNonlinearSolve/doSPx/src/nlsolve.jl:144
┌ Warning: Verbosity toggle: newton_convergence 
│  Newton iteration failed with stale Jacobian, retrying with fresh Jacobian
└ @ OrdinaryDiffEqNonlinearSolve ~/.julia/packages/OrdinaryDiffEqNonlinearSolve/doSPx/src/nlsolve.jl:144
┌ Warning: Verbosity toggle: newton_convergence 
│  Newton iteration failed with stale Jacobian, retrying with fresh Jacobian
└ @ OrdinaryDiffEqNonlinearSolve ~/.julia/packages/OrdinaryDiffEqNonlinearSolve/doSPx/src/nlsolve.jl:144
┌ Warning: Verbosity toggle: dt_epsilon 
│  Initial timestep too small (near machine epsilon), using default: dt = 0.0
└ @ OrdinaryDiffEqCore ~/.julia/packages/OrdinaryDiffEqCore/rnOL4/src/initdt.jl:196
┌ Warning: Verbosity toggle: dt_epsilon 
│  Initial timestep too small (near machine epsilon), using default: dt = 0.0
└ @ OrdinaryDiffEqCore ~/.julia/packages/OrdinaryDiffEqCore/rnOL4/src/initdt.jl:196
┌ Warning: Verbosity toggle: newton_convergence 
│  Newton iteration failed with stale Jacobian, retrying with fresh Jacobian
└ @ OrdinaryDiffEqNonlinearSolve ~/.julia/packages/OrdinaryDiffEqNonlinearSolve/doSPx/src/nlsolve.jl:144
┌ Warning: Verbosity toggle: newton_convergence 
│  Newton iteration diverging: θ = Dual{ForwardDiff.Tag{PEtab.var"#302#303"{Bool, PEtab.PEtabODEProblemInfo{ODESolver, ODESolver, PEtab.PEtabODEProblemCache{Vector{Float64}, PreallocationTools.DiffCache{Vector{Float64}, Vector{Float64}}, Vector{Float64}, Matrix{Float64}, Dict{Symbol, PreallocationTools.DiffCache}, Dict{Symbol, PreallocationTools.DiffCache}, Dict{Symbol, PreallocationTools.DiffCache}, Vector{Float64}}}, PEtab.PEtabODEProblemInfo{ODESolver, ODESolver, PEtab.PEtabODEProblemCache{Vector{Float64}, PreallocationTools.DiffCache{Vector{Float64}, Vector{Float64}}, Vector{Float64}, Matrix{Float64}, Dict{Symbol, PreallocationTools.DiffCache}, Dict{Symbol, PreallocationTools.DiffCache}, Dict{Symbol, PreallocationTools.DiffCache}, Vector{Float64}}}, Vector{Float64}, Vector{Float64}, Vector{Float64}, PEtab.ModelInfo}, Float64}}(4.293627416386577,0.0,0.0,0.0,0.0,0.0,0.0,0.0,0.0,0.0,0.0,0.0,0.0) > 2, ndz = 0.45623070248964737, ndzprev = 0.10625763678246707
└ @ OrdinaryDiffEqNonlinearSolve ~/.julia/packages/OrdinaryDiffEqNonlinearSolve/doSPx/src/nlsolve.jl:101
┌ Warning: Verbosity toggle: newton_convergence 
│  Newton iteration failed with stale Jacobian, retrying with fresh Jacobian
└ @ OrdinaryDiffEqNonlinearSolve ~/.julia/packages/OrdinaryDiffEqNonlinearSolve/doSPx/src/nlsolve.jl:144
┌ Warning: Verbosity toggle: newton_convergence 
│  Newton iteration failed with stale Jacobian, retrying with fresh Jacobian
└ @ OrdinaryDiffEqNonlinearSolve ~/.julia/packages/OrdinaryDiffEqNonlinearSolve/doSPx/src/nlsolve.jl:144
┌ Warning: Verbosity toggle: newton_convergence 
│  Newton iteration failed with stale Jacobian, retrying with fresh Jacobian
└ @ OrdinaryDiffEqNonlinearSolve ~/.julia/packages/OrdinaryDiffEqNonlinearSolve/doSPx/src/nlsolve.jl:144
┌ Warning: Verbosity toggle: newton_convergence 
│  Newton iteration failed with stale Jacobian, retrying with fresh Jacobian
└ @ OrdinaryDiffEqNonlinearSolve ~/.julia/packages/OrdinaryDiffEqNonlinearSolve/doSPx/src/nlsolve.jl:144
┌ Warning: Verbosity toggle: newton_convergence 
│  Newton iteration failed with stale Jacobian, retrying with fresh Jacobian
└ @ OrdinaryDiffEqNonlinearSolve ~/.julia/packages/OrdinaryDiffEqNonlinearSolve/doSPx/src/nlsolve.jl:144
┌ Warning: Verbosity toggle: dt_epsilon 
│  Initial timestep too small (near machine epsilon), using default: dt = 0.0
└ @ OrdinaryDiffEqCore ~/.julia/packages/OrdinaryDiffEqCore/rnOL4/src/initdt.jl:196
┌ Warning: Verbosity toggle: dt_epsilon 
│  Initial timestep too small (near machine epsilon), using default: dt = 0.0
└ @ OrdinaryDiffEqCore ~/.julia/packages/OrdinaryDiffEqCore/rnOL4/src/initdt.jl:196
┌ Warning: Verbosity toggle: newton_convergence 
│  Newton iteration failed with stale Jacobian, retrying with fresh Jacobian
└ @ OrdinaryDiffEqNonlinearSolve ~/.julia/packages/OrdinaryDiffEqNonlinearSolve/doSPx/src/nlsolve.jl:144
┌ Warning: Verbosity toggle: newton_convergence 
│  Newton iteration diverging: θ = 4.889603014908187 > 2, ndz = 0.2928106031914072, ndzprev = 0.05988433054762123
└ @ OrdinaryDiffEqNonlinearSolve ~/.julia/packages/OrdinaryDiffEqNonlinearSolve/doSPx/src/nlsolve.jl:101
┌ Warning: Verbosity toggle: newton_convergence 
│  Newton iteration failed with stale Jacobian, retrying with fresh Jacobian
└ @ OrdinaryDiffEqNonlinearSolve ~/.julia/packages/OrdinaryDiffEqNonlinearSolve/doSPx/src/nlsolve.jl:144
┌ Warning: Verbosity toggle: newton_convergence 
│  Newton iteration failed with stale Jacobian, retrying with fresh Jacobian
└ @ OrdinaryDiffEqNonlinearSolve ~/.julia/packages/OrdinaryDiffEqNonlinearSolve/doSPx/src/nlsolve.jl:144
┌ Warning: Verbosity toggle: newton_convergence 
│  Newton iteration failed with stale Jacobian, retrying with fresh Jacobian
└ @ OrdinaryDiffEqNonlinearSolve ~/.julia/packages/OrdinaryDiffEqNonlinearSolve/doSPx/src/nlsolve.jl:144
┌ Warning: Verbosity toggle: newton_convergence 
│  Newton iteration failed with stale Jacobian, retrying with fresh Jacobian
└ @ OrdinaryDiffEqNonlinearSolve ~/.julia/packages/OrdinaryDiffEqNonlinearSolve/doSPx/src/nlsolve.jl:144
┌ Warning: Verbosity toggle: newton_convergence 
│  Newton iteration failed with stale Jacobian, retrying with fresh Jacobian
└ @ OrdinaryDiffEqNonlinearSolve ~/.julia/packages/OrdinaryDiffEqNonlinearSolve/doSPx/src/nlsolve.jl:144
┌ Warning: Verbosity toggle: dt_epsilon 
│  Initial timestep too small (near machine epsilon), using default: dt = 0.0
└ @ OrdinaryDiffEqCore ~/.julia/packages/OrdinaryDiffEqCore/rnOL4/src/initdt.jl:196
┌ Warning: Verbosity toggle: dt_epsilon 
│  Initial timestep too small (near machine epsilon), using default: dt = 0.0
└ @ OrdinaryDiffEqCore ~/.julia/packages/OrdinaryDiffEqCore/rnOL4/src/initdt.jl:196
┌ Warning: Verbosity toggle: newton_convergence 
│  Newton iteration failed with stale Jacobian, retrying with fresh Jacobian
└ @ OrdinaryDiffEqNonlinearSolve ~/.julia/packages/OrdinaryDiffEqNonlinearSolve/doSPx/src/nlsolve.jl:144
┌ Warning: Verbosity toggle: newton_convergence 
│  Newton iteration diverging: θ = Dual{ForwardDiff.Tag{PEtab.var"#_get_hess_gaussnewton##0#_get_hess_gaussnewton##1"{PEtab.PEtabODEProblemInfo{ODESolver, ODESolver, PEtab.PEtabODEProblemCache{Vector{Float64}, PreallocationTools.DiffCache{Vector{Float64}, Vector{Float64}}, Vector{Float64}, Matrix{Float64}, Dict{Symbol, PreallocationTools.DiffCache}, Dict{Symbol, PreallocationTools.DiffCache}, Dict{Symbol, PreallocationTools.DiffCache}, Vector{Float64}}}, PEtab.ModelInfo}, Float64}}(5.189616764928399,0.0,0.0,0.0,0.0,0.0,0.0,0.0,0.0,0.0,0.0,0.0,0.0) > 2, ndz = 0.28615181228017805, ndzprev = 0.05513929548979444
└ @ OrdinaryDiffEqNonlinearSolve ~/.julia/packages/OrdinaryDiffEqNonlinearSolve/doSPx/src/nlsolve.jl:101
┌ Warning: Verbosity toggle: newton_convergence 
│  Newton iteration failed with stale Jacobian, retrying with fresh Jacobian
└ @ OrdinaryDiffEqNonlinearSolve ~/.julia/packages/OrdinaryDiffEqNonlinearSolve/doSPx/src/nlsolve.jl:144
┌ Warning: Verbosity toggle: newton_convergence 
│  Newton iteration failed with stale Jacobian, retrying with fresh Jacobian
└ @ OrdinaryDiffEqNonlinearSolve ~/.julia/packages/OrdinaryDiffEqNonlinearSolve/doSPx/src/nlsolve.jl:144
┌ Warning: Verbosity toggle: newton_convergence 
│  Newton iteration failed with stale Jacobian, retrying with fresh Jacobian
└ @ OrdinaryDiffEqNonlinearSolve ~/.julia/packages/OrdinaryDiffEqNonlinearSolve/doSPx/src/nlsolve.jl:144
┌ Warning: Verbosity toggle: newton_convergence 
│  Newton iteration failed with stale Jacobian, retrying with fresh Jacobian
└ @ OrdinaryDiffEqNonlinearSolve ~/.julia/packages/OrdinaryDiffEqNonlinearSolve/doSPx/src/nlsolve.jl:144
┌ Warning: Verbosity toggle: dt_epsilon 
│  Initial timestep too small (near machine epsilon), using default: dt = 0.0
└ @ OrdinaryDiffEqCore ~/.julia/packages/OrdinaryDiffEqCore/rnOL4/src/initdt.jl:196
┌ Warning: Verbosity toggle: dt_epsilon 
│  Initial timestep too small (near machine epsilon), using default: dt = 0.0
└ @ OrdinaryDiffEqCore ~/.julia/packages/OrdinaryDiffEqCore/rnOL4/src/initdt.jl:196
┌ Warning: Verbosity toggle: newton_convergence 
│  Newton iteration failed with stale Jacobian, retrying with fresh Jacobian
└ @ OrdinaryDiffEqNonlinearSolve ~/.julia/packages/OrdinaryDiffEqNonlinearSolve/doSPx/src/nlsolve.jl:144
┌ Warning: Verbosity toggle: newton_convergence 
│  Newton iteration diverging: θ = Dual{ForwardDiff.Tag{PEtab.var"#_get_hess_gaussnewton##0#_get_hess_gaussnewton##1"{PEtab.PEtabODEProblemInfo{ODESolver, ODESolver, PEtab.PEtabODEProblemCache{Vector{Float64}, PreallocationTools.DiffCache{Vector{Float64}, Vector{Float64}}, Vector{Float64}, Matrix{Float64}, Dict{Symbol, PreallocationTools.DiffCache}, Dict{Symbol, PreallocationTools.DiffCache}, Dict{Symbol, PreallocationTools.DiffCache}, Vector{Float64}}}, PEtab.ModelInfo}, Float64}}(7.9155957333115,0.0,0.0,0.0,0.0,0.0,0.0,0.0,0.0,0.0,0.0,0.0,0.0) > 2, ndz = 2.957418370095468, ndzprev = 0.3736191778528624
└ @ OrdinaryDiffEqNonlinearSolve ~/.julia/packages/OrdinaryDiffEqNonlinearSolve/doSPx/src/nlsolve.jl:101
┌ Warning: Verbosity toggle: newton_convergence 
│  Newton iteration failed with stale Jacobian, retrying with fresh Jacobian
└ @ OrdinaryDiffEqNonlinearSolve ~/.julia/packages/OrdinaryDiffEqNonlinearSolve/doSPx/src/nlsolve.jl:144
┌ Warning: Verbosity toggle: newton_convergence 
│  Newton iteration failed with stale Jacobian, retrying with fresh Jacobian
└ @ OrdinaryDiffEqNonlinearSolve ~/.julia/packages/OrdinaryDiffEqNonlinearSolve/doSPx/src/nlsolve.jl:144
┌ Warning: Verbosity toggle: newton_convergence 
│  Newton iteration failed with stale Jacobian, retrying with fresh Jacobian
└ @ OrdinaryDiffEqNonlinearSolve ~/.julia/packages/OrdinaryDiffEqNonlinearSolve/doSPx/src/nlsolve.jl:144
┌ Warning: Verbosity toggle: newton_convergence 
│  Newton iteration failed with stale Jacobian, retrying with fresh Jacobian
└ @ OrdinaryDiffEqNonlinearSolve ~/.julia/packages/OrdinaryDiffEqNonlinearSolve/doSPx/src/nlsolve.jl:144
┌ Warning: Verbosity toggle: newton_convergence 
│  Newton iteration failed with stale Jacobian, retrying with fresh Jacobian
└ @ OrdinaryDiffEqNonlinearSolve ~/.julia/packages/OrdinaryDiffEqNonlinearSolve/doSPx/src/nlsolve.jl:144
┌ Warning: Verbosity toggle: dt_epsilon 
│  Initial timestep too small (near machine epsilon), using default: dt = 0.0
└ @ OrdinaryDiffEqCore ~/.julia/packages/OrdinaryDiffEqCore/rnOL4/src/initdt.jl:196
┌ Warning: Verbosity toggle: dt_epsilon 
│  Initial timestep too small (near machine epsilon), using default: dt = 0.0
└ @ OrdinaryDiffEqCore ~/.julia/packages/OrdinaryDiffEqCore/rnOL4/src/initdt.jl:196
┌ Warning: Verbosity toggle: newton_convergence 
│  Newton iteration failed with stale Jacobian, retrying with fresh Jacobian
└ @ OrdinaryDiffEqNonlinearSolve ~/.julia/packages/OrdinaryDiffEqNonlinearSolve/doSPx/src/nlsolve.jl:144
┌ Warning: Verbosity toggle: newton_convergence 
│  Newton iteration diverging: θ = Dual{ForwardDiff.Tag{PEtab.var"#_get_hess_gaussnewton##0#_get_hess_gaussnewton##1"{PEtab.PEtabODEProblemInfo{ODESolver, ODESolver, PEtab.PEtabODEProblemCache{Vector{Float64}, PreallocationTools.DiffCache{Vector{Float64}, Vector{Float64}}, Vector{Float64}, Matrix{Float64}, Dict{Symbol, PreallocationTools.DiffCache}, Dict{Symbol, PreallocationTools.DiffCache}, Dict{Symbol, PreallocationTools.DiffCache}, Vector{Float64}}}, PEtab.ModelInfo}, Float64}}(8.234480251963536,0.0,0.0,0.0,0.0,0.0,0.0,0.0,0.0,0.0,0.0,0.0,0.0) > 2, ndz = 0.9221752903805261, ndzprev = 0.11198949565282286
└ @ OrdinaryDiffEqNonlinearSolve ~/.julia/packages/OrdinaryDiffEqNonlinearSolve/doSPx/src/nlsolve.jl:101
┌ Warning: Verbosity toggle: newton_convergence 
│  Newton iteration failed with stale Jacobian, retrying with fresh Jacobian
└ @ OrdinaryDiffEqNonlinearSolve ~/.julia/packages/OrdinaryDiffEqNonlinearSolve/doSPx/src/nlsolve.jl:144
┌ Warning: Verbosity toggle: newton_convergence 
│  Newton iteration failed with stale Jacobian, retrying with fresh Jacobian
└ @ OrdinaryDiffEqNonlinearSolve ~/.julia/packages/OrdinaryDiffEqNonlinearSolve/doSPx/src/nlsolve.jl:144
┌ Warning: Verbosity toggle: newton_convergence 
│  Newton iteration failed with stale Jacobian, retrying with fresh Jacobian
└ @ OrdinaryDiffEqNonlinearSolve ~/.julia/packages/OrdinaryDiffEqNonlinearSolve/doSPx/src/nlsolve.jl:144
┌ Warning: Verbosity toggle: newton_convergence 
│  Newton iteration failed with stale Jacobian, retrying with fresh Jacobian
└ @ OrdinaryDiffEqNonlinearSolve ~/.julia/packages/OrdinaryDiffEqNonlinearSolve/doSPx/src/nlsolve.jl:144
┌ Warning: Verbosity toggle: newton_convergence 
│  Newton iteration failed with stale Jacobian, retrying with fresh Jacobian
└ @ OrdinaryDiffEqNonlinearSolve ~/.julia/packages/OrdinaryDiffEqNonlinearSolve/doSPx/src/nlsolve.jl:144
┌ Warning: Verbosity toggle: dt_epsilon 
│  Initial timestep too small (near machine epsilon), using default: dt = 0.0
└ @ OrdinaryDiffEqCore ~/.julia/packages/OrdinaryDiffEqCore/rnOL4/src/initdt.jl:196
┌ Warning: Verbosity toggle: dt_epsilon 
│  Initial timestep too small (near machine epsilon), using default: dt = 0.0
└ @ OrdinaryDiffEqCore ~/.julia/packages/OrdinaryDiffEqCore/rnOL4/src/initdt.jl:196
┌ Warning: Verbosity toggle: newton_convergence 
│  Newton iteration failed with stale Jacobian, retrying with fresh Jacobian
└ @ OrdinaryDiffEqNonlinearSolve ~/.julia/packages/OrdinaryDiffEqNonlinearSolve/doSPx/src/nlsolve.jl:144
┌ Warning: Verbosity toggle: newton_convergence 
│  Newton iteration diverging: θ = Dual{ForwardDiff.Tag{PEtab.var"#_get_hess_gaussnewton##0#_get_hess_gaussnewton##1"{PEtab.PEtabODEProblemInfo{ODESolver, ODESolver, PEtab.PEtabODEProblemCache{Vector{Float64}, PreallocationTools.DiffCache{Vector{Float64}, Vector{Float64}}, Vector{Float64}, Matrix{Float64}, Dict{Symbol, PreallocationTools.DiffCache}, Dict{Symbol, PreallocationTools.DiffCache}, Dict{Symbol, PreallocationTools.DiffCache}, Vector{Float64}}}, PEtab.ModelInfo}, Float64}}(10.6365840315325,0.0,0.0,0.0,0.0,0.0,0.0,0.0,0.0,0.0,0.0,0.0,0.0) > 2, ndz = 0.1023924921712682, ndzprev = 0.009626445094376383
└ @ OrdinaryDiffEqNonlinearSolve ~/.julia/packages/OrdinaryDiffEqNonlinearSolve/doSPx/src/nlsolve.jl:101
┌ Warning: Verbosity toggle: newton_convergence 
│  Newton iteration failed with stale Jacobian, retrying with fresh Jacobian
└ @ OrdinaryDiffEqNonlinearSolve ~/.julia/packages/OrdinaryDiffEqNonlinearSolve/doSPx/src/nlsolve.jl:144
┌ Warning: Verbosity toggle: newton_convergence 
│  Newton iteration failed with stale Jacobian, retrying with fresh Jacobian
└ @ OrdinaryDiffEqNonlinearSolve ~/.julia/packages/OrdinaryDiffEqNonlinearSolve/doSPx/src/nlsolve.jl:144
┌ Warning: Verbosity toggle: newton_convergence 
│  Newton iteration failed with stale Jacobian, retrying with fresh Jacobian
└ @ OrdinaryDiffEqNonlinearSolve ~/.julia/packages/OrdinaryDiffEqNonlinearSolve/doSPx/src/nlsolve.jl:144
┌ Warning: Verbosity toggle: newton_convergence 
│  Newton iteration diverging: θ = Dual{ForwardDiff.Tag{PEtab.var"#_get_hess_gaussnewton##0#_get_hess_gaussnewton##1"{PEtab.PEtabODEProblemInfo{ODESolver, ODESolver, PEtab.PEtabODEProblemCache{Vector{Float64}, PreallocationTools.DiffCache{Vector{Float64}, Vector{Float64}}, Vector{Float64}, Matrix{Float64}, Dict{Symbol, PreallocationTools.DiffCache}, Dict{Symbol, PreallocationTools.DiffCache}, Dict{Symbol, PreallocationTools.DiffCache}, Vector{Float64}}}, PEtab.ModelInfo}, Float64}}(3.4176656553459384,0.0,0.0,0.0,0.0,0.0,0.0,0.0,0.0,0.0,0.0,0.0,0.0) > 2, ndz = 0.2154049111267024, ndzprev = 0.06302691159673984
└ @ OrdinaryDiffEqNonlinearSolve ~/.julia/packages/OrdinaryDiffEqNonlinearSolve/doSPx/src/nlsolve.jl:101
┌ Warning: Verbosity toggle: newton_convergence 
│  Newton iteration failed with stale Jacobian, retrying with fresh Jacobian
└ @ OrdinaryDiffEqNonlinearSolve ~/.julia/packages/OrdinaryDiffEqNonlinearSolve/doSPx/src/nlsolve.jl:144
┌ Warning: Verbosity toggle: dt_epsilon 
│  Initial timestep too small (near machine epsilon), using default: dt = 0.0
└ @ OrdinaryDiffEqCore ~/.julia/packages/OrdinaryDiffEqCore/rnOL4/src/initdt.jl:196
┌ Warning: Verbosity toggle: dt_epsilon 
│  Initial timestep too small (near machine epsilon), using default: dt = 0.0
└ @ OrdinaryDiffEqCore ~/.julia/packages/OrdinaryDiffEqCore/rnOL4/src/initdt.jl:196
┌ Warning: Verbosity toggle: newton_convergence 
│  Newton iteration failed with stale Jacobian, retrying with fresh Jacobian
└ @ OrdinaryDiffEqNonlinearSolve ~/.julia/packages/OrdinaryDiffEqNonlinearSolve/doSPx/src/nlsolve.jl:144
┌ Warning: Verbosity toggle: newton_convergence 
│  Newton iteration diverging: θ = Dual{ForwardDiff.Tag{PEtab.var"#_get_hess_gaussnewton##0#_get_hess_gaussnewton##1"{PEtab.PEtabODEProblemInfo{ODESolver, ODESolver, PEtab.PEtabODEProblemCache{Vector{Float64}, PreallocationTools.DiffCache{Vector{Float64}, Vector{Float64}}, Vector{Float64}, Matrix{Float64}, Dict{Symbol, PreallocationTools.DiffCache}, Dict{Symbol, PreallocationTools.DiffCache}, Dict{Symbol, PreallocationTools.DiffCache}, Vector{Float64}}}, PEtab.ModelInfo}, Float64}}(2.0270387996688655,0.0,0.0,0.0,0.0,0.0,0.0,0.0,0.0,0.0,0.0,0.0,0.0) > 2, ndz = 0.22477256249555097, ndzprev = 0.11088715348333221
└ @ OrdinaryDiffEqNonlinearSolve ~/.julia/packages/OrdinaryDiffEqNonlinearSolve/doSPx/src/nlsolve.jl:101
┌ Warning: Verbosity toggle: newton_convergence 
│  Newton iteration failed with stale Jacobian, retrying with fresh Jacobian
└ @ OrdinaryDiffEqNonlinearSolve ~/.julia/packages/OrdinaryDiffEqNonlinearSolve/doSPx/src/nlsolve.jl:144
┌ Warning: Verbosity toggle: newton_convergence 
│  Newton iteration failed with stale Jacobian, retrying with fresh Jacobian
└ @ OrdinaryDiffEqNonlinearSolve ~/.julia/packages/OrdinaryDiffEqNonlinearSolve/doSPx/src/nlsolve.jl:144
┌ Warning: Verbosity toggle: newton_convergence 
│  Newton iteration diverging: θ = Dual{ForwardDiff.Tag{PEtab.var"#_get_hess_gaussnewton##0#_get_hess_gaussnewton##1"{PEtab.PEtabODEProblemInfo{ODESolver, ODESolver, PEtab.PEtabODEProblemCache{Vector{Float64}, PreallocationTools.DiffCache{Vector{Float64}, Vector{Float64}}, Vector{Float64}, Matrix{Float64}, Dict{Symbol, PreallocationTools.DiffCache}, Dict{Symbol, PreallocationTools.DiffCache}, Dict{Symbol, PreallocationTools.DiffCache}, Vector{Float64}}}, PEtab.ModelInfo}, Float64}}(3.173957337366754,0.0,0.0,0.0,0.0,0.0,0.0,0.0,0.0,0.0,0.0,0.0,0.0) > 2, ndz = 0.5196599074316582, ndzprev = 0.16372617908682716
└ @ OrdinaryDiffEqNonlinearSolve ~/.julia/packages/OrdinaryDiffEqNonlinearSolve/doSPx/src/nlsolve.jl:101
┌ Warning: Verbosity toggle: newton_convergence 
│  Newton iteration failed with stale Jacobian, retrying with fresh Jacobian
└ @ OrdinaryDiffEqNonlinearSolve ~/.julia/packages/OrdinaryDiffEqNonlinearSolve/doSPx/src/nlsolve.jl:144
┌ Warning: Verbosity toggle: newton_convergence 
│  Newton iteration diverging: θ = Dual{ForwardDiff.Tag{PEtab.var"#_get_hess_gaussnewton##0#_get_hess_gaussnewton##1"{PEtab.PEtabODEProblemInfo{ODESolver, ODESolver, PEtab.PEtabODEProblemCache{Vector{Float64}, PreallocationTools.DiffCache{Vector{Float64}, Vector{Float64}}, Vector{Float64}, Matrix{Float64}, Dict{Symbol, PreallocationTools.DiffCache}, Dict{Symbol, PreallocationTools.DiffCache}, Dict{Symbol, PreallocationTools.DiffCache}, Vector{Float64}}}, PEtab.ModelInfo}, Float64}}(5.2800680931198976,0.0,0.0,0.0,0.0,0.0,0.0,0.0,0.0,0.0,0.0,0.0,0.0) > 2, ndz = 0.10811684844297323, ndzprev = 0.020476411768979463
└ @ OrdinaryDiffEqNonlinearSolve ~/.julia/packages/OrdinaryDiffEqNonlinearSolve/doSPx/src/nlsolve.jl:101
┌ Warning: Verbosity toggle: newton_convergence 
│  Newton iteration failed with stale Jacobian, retrying with fresh Jacobian
└ @ OrdinaryDiffEqNonlinearSolve ~/.julia/packages/OrdinaryDiffEqNonlinearSolve/doSPx/src/nlsolve.jl:144
┌ Warning: Verbosity toggle: newton_convergence 
│  Newton iteration diverging: θ = Dual{ForwardDiff.Tag{PEtab.var"#_get_hess_gaussnewton##0#_get_hess_gaussnewton##1"{PEtab.PEtabODEProblemInfo{ODESolver, ODESolver, PEtab.PEtabODEProblemCache{Vector{Float64}, PreallocationTools.DiffCache{Vector{Float64}, Vector{Float64}}, Vector{Float64}, Matrix{Float64}, Dict{Symbol, PreallocationTools.DiffCache}, Dict{Symbol, PreallocationTools.DiffCache}, Dict{Symbol, PreallocationTools.DiffCache}, Vector{Float64}}}, PEtab.ModelInfo}, Float64}}(2.102302655232069,0.0,0.0,0.0,0.0,0.0,0.0,0.0,0.0,0.0,0.0,0.0,0.0) > 2, ndz = 0.11477344561352093, ndzprev = 0.054594159089263634
└ @ OrdinaryDiffEqNonlinearSolve ~/.julia/packages/OrdinaryDiffEqNonlinearSolve/doSPx/src/nlsolve.jl:101
┌ Warning: Verbosity toggle: newton_convergence 
│  Newton iteration failed with stale Jacobian, retrying with fresh Jacobian
└ @ OrdinaryDiffEqNonlinearSolve ~/.julia/packages/OrdinaryDiffEqNonlinearSolve/doSPx/src/nlsolve.jl:144
┌ Warning: Verbosity toggle: newton_convergence 
│  Newton iteration diverging: θ = Dual{ForwardDiff.Tag{PEtab.var"#_get_hess_gaussnewton##0#_get_hess_gaussnewton##1"{PEtab.PEtabODEProblemInfo{ODESolver, ODESolver, PEtab.PEtabODEProblemCache{Vector{Float64}, PreallocationTools.DiffCache{Vector{Float64}, Vector{Float64}}, Vector{Float64}, Matrix{Float64}, Dict{Symbol, PreallocationTools.DiffCache}, Dict{Symbol, PreallocationTools.DiffCache}, Dict{Symbol, PreallocationTools.DiffCache}, Vector{Float64}}}, PEtab.ModelInfo}, Float64}}(2.0277113922786327,0.0,0.0,0.0,0.0,0.0,0.0,0.0,0.0,0.0,0.0,0.0,0.0) > 2, ndz = 0.28046708871531645, ndzprev = 0.138317065132303
└ @ OrdinaryDiffEqNonlinearSolve ~/.julia/packages/OrdinaryDiffEqNonlinearSolve/doSPx/src/nlsolve.jl:101
┌ Warning: Verbosity toggle: newton_convergence 
│  Newton iteration failed with stale Jacobian, retrying with fresh Jacobian
└ @ OrdinaryDiffEqNonlinearSolve ~/.julia/packages/OrdinaryDiffEqNonlinearSolve/doSPx/src/nlsolve.jl:144
┌ Warning: Verbosity toggle: newton_convergence 
│  Newton iteration failed with stale Jacobian, retrying with fresh Jacobian
└ @ OrdinaryDiffEqNonlinearSolve ~/.julia/packages/OrdinaryDiffEqNonlinearSolve/doSPx/src/nlsolve.jl:144
┌ Warning: Verbosity toggle: dt_epsilon 
│  Initial timestep too small (near machine epsilon), using default: dt = 0.0
└ @ OrdinaryDiffEqCore ~/.julia/packages/OrdinaryDiffEqCore/rnOL4/src/initdt.jl:196
┌ Warning: Verbosity toggle: dt_epsilon 
│  Initial timestep too small (near machine epsilon), using default: dt = 0.0
└ @ OrdinaryDiffEqCore ~/.julia/packages/OrdinaryDiffEqCore/rnOL4/src/initdt.jl:196
┌ Warning: Verbosity toggle: newton_convergence 
│  Newton iteration failed with stale Jacobian, retrying with fresh Jacobian
└ @ OrdinaryDiffEqNonlinearSolve ~/.julia/packages/OrdinaryDiffEqNonlinearSolve/doSPx/src/nlsolve.jl:144
┌ Warning: Verbosity toggle: newton_convergence 
│  Newton iteration diverging: θ = Dual{ForwardDiff.Tag{PEtab.var"#302#303"{Bool, PEtab.PEtabODEProblemInfo{ODESolver, ODESolver, PEtab.PEtabODEProblemCache{Vector{Float64}, PreallocationTools.DiffCache{Vector{Float64}, Vector{Float64}}, Vector{Float64}, Matrix{Float64}, Dict{Symbol, PreallocationTools.DiffCache}, Dict{Symbol, PreallocationTools.DiffCache}, Dict{Symbol, PreallocationTools.DiffCache}, Vector{Float64}}}, PEtab.PEtabODEProblemInfo{ODESolver, ODESolver, PEtab.PEtabODEProblemCache{Vector{Float64}, PreallocationTools.DiffCache{Vector{Float64}, Vector{Float64}}, Vector{Float64}, Matrix{Float64}, Dict{Symbol, PreallocationTools.DiffCache}, Dict{Symbol, PreallocationTools.DiffCache}, Dict{Symbol, PreallocationTools.DiffCache}, Vector{Float64}}}, Vector{Float64}, Vector{Float64}, Vector{Float64}, PEtab.ModelInfo}, Float64}}(10.911066692557409,0.0,0.0,0.0,0.0,0.0,0.0,0.0,0.0,0.0,0.0,0.0,0.0) > 2, ndz = 0.6684134316284026, ndzprev = 0.061260136195880534
└ @ OrdinaryDiffEqNonlinearSolve ~/.julia/packages/OrdinaryDiffEqNonlinearSolve/doSPx/src/nlsolve.jl:101
┌ Warning: Verbosity toggle: newton_convergence 
│  Newton iteration failed with stale Jacobian, retrying with fresh Jacobian
└ @ OrdinaryDiffEqNonlinearSolve ~/.julia/packages/OrdinaryDiffEqNonlinearSolve/doSPx/src/nlsolve.jl:144
┌ Warning: Verbosity toggle: newton_convergence 
│  Newton iteration failed with stale Jacobian, retrying with fresh Jacobian
└ @ OrdinaryDiffEqNonlinearSolve ~/.julia/packages/OrdinaryDiffEqNonlinearSolve/doSPx/src/nlsolve.jl:144
┌ Warning: Verbosity toggle: newton_convergence 
│  Newton iteration failed with stale Jacobian, retrying with fresh Jacobian
└ @ OrdinaryDiffEqNonlinearSolve ~/.julia/packages/OrdinaryDiffEqNonlinearSolve/doSPx/src/nlsolve.jl:144
┌ Warning: Verbosity toggle: newton_convergence 
│  Newton iteration failed with stale Jacobian, retrying with fresh Jacobian
└ @ OrdinaryDiffEqNonlinearSolve ~/.julia/packages/OrdinaryDiffEqNonlinearSolve/doSPx/src/nlsolve.jl:144
┌ Warning: Verbosity toggle: dt_epsilon 
│  Initial timestep too small (near machine epsilon), using default: dt = 0.0
└ @ OrdinaryDiffEqCore ~/.julia/packages/OrdinaryDiffEqCore/rnOL4/src/initdt.jl:196
┌ Warning: Verbosity toggle: dt_epsilon 
│  Initial timestep too small (near machine epsilon), using default: dt = 0.0
└ @ OrdinaryDiffEqCore ~/.julia/packages/OrdinaryDiffEqCore/rnOL4/src/initdt.jl:196
┌ Warning: Verbosity toggle: newton_convergence 
│  Newton iteration failed with stale Jacobian, retrying with fresh Jacobian
└ @ OrdinaryDiffEqNonlinearSolve ~/.julia/packages/OrdinaryDiffEqNonlinearSolve/doSPx/src/nlsolve.jl:144
┌ Warning: Verbosity toggle: newton_convergence 
│  Newton iteration diverging: θ = Dual{ForwardDiff.Tag{PEtab.var"#302#303"{Bool, PEtab.PEtabODEProblemInfo{ODESolver, ODESolver, PEtab.PEtabODEProblemCache{Vector{Float64}, PreallocationTools.DiffCache{Vector{Float64}, Vector{Float64}}, Vector{Float64}, Matrix{Float64}, Dict{Symbol, PreallocationTools.DiffCache}, Dict{Symbol, PreallocationTools.DiffCache}, Dict{Symbol, PreallocationTools.DiffCache}, Vector{Float64}}}, PEtab.PEtabODEProblemInfo{ODESolver, ODESolver, PEtab.PEtabODEProblemCache{Vector{Float64}, PreallocationTools.DiffCache{Vector{Float64}, Vector{Float64}}, Vector{Float64}, Matrix{Float64}, Dict{Symbol, PreallocationTools.DiffCache}, Dict{Symbol, PreallocationTools.DiffCache}, Dict{Symbol, PreallocationTools.DiffCache}, Vector{Float64}}}, Vector{Float64}, Vector{Float64}, Vector{Float64}, PEtab.ModelInfo}, Float64}}(10.696744044740766,0.0,0.0,0.0,0.0,0.0,0.0,0.0,0.0,0.0,0.0,0.0,0.0) > 2, ndz = 2.711283210259438, ndzprev = 0.2534680832708609
└ @ OrdinaryDiffEqNonlinearSolve ~/.julia/packages/OrdinaryDiffEqNonlinearSolve/doSPx/src/nlsolve.jl:101
┌ Warning: Verbosity toggle: newton_convergence 
│  Newton iteration failed with stale Jacobian, retrying with fresh Jacobian
└ @ OrdinaryDiffEqNonlinearSolve ~/.julia/packages/OrdinaryDiffEqNonlinearSolve/doSPx/src/nlsolve.jl:144
┌ Warning: Verbosity toggle: newton_convergence 
│  Newton iteration failed with stale Jacobian, retrying with fresh Jacobian
└ @ OrdinaryDiffEqNonlinearSolve ~/.julia/packages/OrdinaryDiffEqNonlinearSolve/doSPx/src/nlsolve.jl:144
┌ Warning: Verbosity toggle: newton_convergence 
│  Newton iteration failed with stale Jacobian, retrying with fresh Jacobian
└ @ OrdinaryDiffEqNonlinearSolve ~/.julia/packages/OrdinaryDiffEqNonlinearSolve/doSPx/src/nlsolve.jl:144
┌ Warning: Verbosity toggle: newton_convergence 
│  Newton iteration failed with stale Jacobian, retrying with fresh Jacobian
└ @ OrdinaryDiffEqNonlinearSolve ~/.julia/packages/OrdinaryDiffEqNonlinearSolve/doSPx/src/nlsolve.jl:144
┌ Warning: Verbosity toggle: newton_convergence 
│  Newton iteration failed with stale Jacobian, retrying with fresh Jacobian
└ @ OrdinaryDiffEqNonlinearSolve ~/.julia/packages/OrdinaryDiffEqNonlinearSolve/doSPx/src/nlsolve.jl:144
┌ Warning: Verbosity toggle: dt_epsilon 
│  Initial timestep too small (near machine epsilon), using default: dt = 0.0
└ @ OrdinaryDiffEqCore ~/.julia/packages/OrdinaryDiffEqCore/rnOL4/src/initdt.jl:196
┌ Warning: Verbosity toggle: dt_epsilon 
│  Initial timestep too small (near machine epsilon), using default: dt = 0.0
└ @ OrdinaryDiffEqCore ~/.julia/packages/OrdinaryDiffEqCore/rnOL4/src/initdt.jl:196
┌ Warning: Verbosity toggle: newton_convergence 
│  Newton iteration failed with stale Jacobian, retrying with fresh Jacobian
└ @ OrdinaryDiffEqNonlinearSolve ~/.julia/packages/OrdinaryDiffEqNonlinearSolve/doSPx/src/nlsolve.jl:144
┌ Warning: Verbosity toggle: newton_convergence 
│  Newton iteration diverging: θ = Dual{ForwardDiff.Tag{PEtab.var"#302#303"{Bool, PEtab.PEtabODEProblemInfo{ODESolver, ODESolver, PEtab.PEtabODEProblemCache{Vector{Float64}, PreallocationTools.DiffCache{Vector{Float64}, Vector{Float64}}, Vector{Float64}, Matrix{Float64}, Dict{Symbol, PreallocationTools.DiffCache}, Dict{Symbol, PreallocationTools.DiffCache}, Dict{Symbol, PreallocationTools.DiffCache}, Vector{Float64}}}, PEtab.PEtabODEProblemInfo{ODESolver, ODESolver, PEtab.PEtabODEProblemCache{Vector{Float64}, PreallocationTools.DiffCache{Vector{Float64}, Vector{Float64}}, Vector{Float64}, Matrix{Float64}, Dict{Symbol, PreallocationTools.DiffCache}, Dict{Symbol, PreallocationTools.DiffCache}, Dict{Symbol, PreallocationTools.DiffCache}, Vector{Float64}}}, Vector{Float64}, Vector{Float64}, Vector{Float64}, PEtab.ModelInfo}, Float64}}(14.165060659686732,0.0,0.0,0.0,0.0,0.0,0.0,0.0,0.0,0.0,0.0,0.0,0.0) > 2, ndz = 2.0024891136497494, ndzprev = 0.14136819896216635
└ @ OrdinaryDiffEqNonlinearSolve ~/.julia/packages/OrdinaryDiffEqNonlinearSolve/doSPx/src/nlsolve.jl:101
┌ Warning: Verbosity toggle: newton_convergence 
│  Newton iteration failed with stale Jacobian, retrying with fresh Jacobian
└ @ OrdinaryDiffEqNonlinearSolve ~/.julia/packages/OrdinaryDiffEqNonlinearSolve/doSPx/src/nlsolve.jl:144
┌ Warning: Verbosity toggle: newton_convergence 
│  Newton iteration failed with stale Jacobian, retrying with fresh Jacobian
└ @ OrdinaryDiffEqNonlinearSolve ~/.julia/packages/OrdinaryDiffEqNonlinearSolve/doSPx/src/nlsolve.jl:144
┌ Warning: Verbosity toggle: newton_convergence 
│  Newton iteration failed with stale Jacobian, retrying with fresh Jacobian
└ @ OrdinaryDiffEqNonlinearSolve ~/.julia/packages/OrdinaryDiffEqNonlinearSolve/doSPx/src/nlsolve.jl:144
┌ Warning: Verbosity toggle: newton_convergence 
│  Newton iteration failed with stale Jacobian, retrying with fresh Jacobian
└ @ OrdinaryDiffEqNonlinearSolve ~/.julia/packages/OrdinaryDiffEqNonlinearSolve/doSPx/src/nlsolve.jl:144
┌ Warning: Verbosity toggle: dt_epsilon 
│  Initial timestep too small (near machine epsilon), using default: dt = 0.0
└ @ OrdinaryDiffEqCore ~/.julia/packages/OrdinaryDiffEqCore/rnOL4/src/initdt.jl:196
┌ Warning: Verbosity toggle: dt_epsilon 
│  Initial timestep too small (near machine epsilon), using default: dt = 0.0
└ @ OrdinaryDiffEqCore ~/.julia/packages/OrdinaryDiffEqCore/rnOL4/src/initdt.jl:196
┌ Warning: Verbosity toggle: newton_convergence 
│  Newton iteration failed with stale Jacobian, retrying with fresh Jacobian
└ @ OrdinaryDiffEqNonlinearSolve ~/.julia/packages/OrdinaryDiffEqNonlinearSolve/doSPx/src/nlsolve.jl:144
┌ Warning: Verbosity toggle: newton_convergence 
│  Newton iteration diverging: θ = Dual{ForwardDiff.Tag{PEtab.var"#302#303"{Bool, PEtab.PEtabODEProblemInfo{ODESolver, ODESolver, PEtab.PEtabODEProblemCache{Vector{Float64}, PreallocationTools.DiffCache{Vector{Float64}, Vector{Float64}}, Vector{Float64}, Matrix{Float64}, Dict{Symbol, PreallocationTools.DiffCache}, Dict{Symbol, PreallocationTools.DiffCache}, Dict{Symbol, PreallocationTools.DiffCache}, Vector{Float64}}}, PEtab.PEtabODEProblemInfo{ODESolver, ODESolver, PEtab.PEtabODEProblemCache{Vector{Float64}, PreallocationTools.DiffCache{Vector{Float64}, Vector{Float64}}, Vector{Float64}, Matrix{Float64}, Dict{Symbol, PreallocationTools.DiffCache}, Dict{Symbol, PreallocationTools.DiffCache}, Dict{Symbol, PreallocationTools.DiffCache}, Vector{Float64}}}, Vector{Float64}, Vector{Float64}, Vector{Float64}, PEtab.ModelInfo}, Float64}}(6.7697970581275735,0.0,0.0,0.0,0.0,0.0,0.0,0.0,0.0,0.0,0.0,0.0,0.0) > 2, ndz = 4.370104745807721, ndzprev = 0.6455296529991443
└ @ OrdinaryDiffEqNonlinearSolve ~/.julia/packages/OrdinaryDiffEqNonlinearSolve/doSPx/src/nlsolve.jl:101
┌ Warning: Verbosity toggle: newton_convergence 
│  Newton iteration failed with stale Jacobian, retrying with fresh Jacobian
└ @ OrdinaryDiffEqNonlinearSolve ~/.julia/packages/OrdinaryDiffEqNonlinearSolve/doSPx/src/nlsolve.jl:144
┌ Warning: Verbosity toggle: newton_convergence 
│  Newton iteration failed with stale Jacobian, retrying with fresh Jacobian
└ @ OrdinaryDiffEqNonlinearSolve ~/.julia/packages/OrdinaryDiffEqNonlinearSolve/doSPx/src/nlsolve.jl:144
┌ Warning: Verbosity toggle: newton_convergence 
│  Newton iteration failed with stale Jacobian, retrying with fresh Jacobian
└ @ OrdinaryDiffEqNonlinearSolve ~/.julia/packages/OrdinaryDiffEqNonlinearSolve/doSPx/src/nlsolve.jl:144
┌ Warning: Verbosity toggle: newton_convergence 
│  Newton iteration failed with stale Jacobian, retrying with fresh Jacobian
└ @ OrdinaryDiffEqNonlinearSolve ~/.julia/packages/OrdinaryDiffEqNonlinearSolve/doSPx/src/nlsolve.jl:144
┌ Warning: Verbosity toggle: newton_convergence 
│  Newton iteration failed with stale Jacobian, retrying with fresh Jacobian
└ @ OrdinaryDiffEqNonlinearSolve ~/.julia/packages/OrdinaryDiffEqNonlinearSolve/doSPx/src/nlsolve.jl:144
┌ Warning: Verbosity toggle: dt_epsilon 
│  Initial timestep too small (near machine epsilon), using default: dt = 0.0
└ @ OrdinaryDiffEqCore ~/.julia/packages/OrdinaryDiffEqCore/rnOL4/src/initdt.jl:196
┌ Warning: Verbosity toggle: dt_epsilon 
│  Initial timestep too small (near machine epsilon), using default: dt = 0.0
└ @ OrdinaryDiffEqCore ~/.julia/packages/OrdinaryDiffEqCore/rnOL4/src/initdt.jl:196
┌ Warning: Verbosity toggle: newton_convergence 
│  Newton iteration failed with stale Jacobian, retrying with fresh Jacobian
└ @ OrdinaryDiffEqNonlinearSolve ~/.julia/packages/OrdinaryDiffEqNonlinearSolve/doSPx/src/nlsolve.jl:144
┌ Warning: Verbosity toggle: newton_convergence 
│  Newton iteration diverging: θ = Dual{ForwardDiff.Tag{PEtab.var"#302#303"{Bool, PEtab.PEtabODEProblemInfo{ODESolver, ODESolver, PEtab.PEtabODEProblemCache{Vector{Float64}, PreallocationTools.DiffCache{Vector{Float64}, Vector{Float64}}, Vector{Float64}, Matrix{Float64}, Dict{Symbol, PreallocationTools.DiffCache}, Dict{Symbol, PreallocationTools.DiffCache}, Dict{Symbol, PreallocationTools.DiffCache}, Vector{Float64}}}, PEtab.PEtabODEProblemInfo{ODESolver, ODESolver, PEtab.PEtabODEProblemCache{Vector{Float64}, PreallocationTools.DiffCache{Vector{Float64}, Vector{Float64}}, Vector{Float64}, Matrix{Float64}, Dict{Symbol, PreallocationTools.DiffCache}, Dict{Symbol, PreallocationTools.DiffCache}, Dict{Symbol, PreallocationTools.DiffCache}, Vector{Float64}}}, Vector{Float64}, Vector{Float64}, Vector{Float64}, PEtab.ModelInfo}, Float64}}(4.679025658358611,0.0,0.0,0.0,0.0,0.0,0.0,0.0,0.0,0.0,0.0,0.0,0.0) > 2, ndz = 0.5011749660522669, ndzprev = 0.1071109676769923
└ @ OrdinaryDiffEqNonlinearSolve ~/.julia/packages/OrdinaryDiffEqNonlinearSolve/doSPx/src/nlsolve.jl:101
┌ Warning: Verbosity toggle: newton_convergence 
│  Newton iteration failed with stale Jacobian, retrying with fresh Jacobian
└ @ OrdinaryDiffEqNonlinearSolve ~/.julia/packages/OrdinaryDiffEqNonlinearSolve/doSPx/src/nlsolve.jl:144
┌ Warning: Verbosity toggle: newton_convergence 
│  Newton iteration failed with stale Jacobian, retrying with fresh Jacobian
└ @ OrdinaryDiffEqNonlinearSolve ~/.julia/packages/OrdinaryDiffEqNonlinearSolve/doSPx/src/nlsolve.jl:144
┌ Warning: Verbosity toggle: newton_convergence 
│  Newton iteration failed with stale Jacobian, retrying with fresh Jacobian
└ @ OrdinaryDiffEqNonlinearSolve ~/.julia/packages/OrdinaryDiffEqNonlinearSolve/doSPx/src/nlsolve.jl:144
┌ Warning: Verbosity toggle: newton_convergence 
│  Newton iteration failed with stale Jacobian, retrying with fresh Jacobian
└ @ OrdinaryDiffEqNonlinearSolve ~/.julia/packages/OrdinaryDiffEqNonlinearSolve/doSPx/src/nlsolve.jl:144
┌ Warning: Verbosity toggle: newton_convergence 
│  Newton iteration failed with stale Jacobian, retrying with fresh Jacobian
└ @ OrdinaryDiffEqNonlinearSolve ~/.julia/packages/OrdinaryDiffEqNonlinearSolve/doSPx/src/nlsolve.jl:144
┌ Warning: Verbosity toggle: dt_epsilon 
│  Initial timestep too small (near machine epsilon), using default: dt = 0.0
└ @ OrdinaryDiffEqCore ~/.julia/packages/OrdinaryDiffEqCore/rnOL4/src/initdt.jl:196
┌ Warning: Verbosity toggle: dt_epsilon 
│  Initial timestep too small (near machine epsilon), using default: dt = 0.0
└ @ OrdinaryDiffEqCore ~/.julia/packages/OrdinaryDiffEqCore/rnOL4/src/initdt.jl:196
┌ Warning: Verbosity toggle: newton_convergence 
│  Newton iteration failed with stale Jacobian, retrying with fresh Jacobian
└ @ OrdinaryDiffEqNonlinearSolve ~/.julia/packages/OrdinaryDiffEqNonlinearSolve/doSPx/src/nlsolve.jl:144
┌ Warning: Verbosity toggle: newton_convergence 
│  Newton iteration diverging: θ = 5.637644866128192 > 2, ndz = 0.3748176577225246, ndzprev = 0.06648479402710958
└ @ OrdinaryDiffEqNonlinearSolve ~/.julia/packages/OrdinaryDiffEqNonlinearSolve/doSPx/src/nlsolve.jl:101
┌ Warning: Verbosity toggle: newton_convergence 
│  Newton iteration failed with stale Jacobian, retrying with fresh Jacobian
└ @ OrdinaryDiffEqNonlinearSolve ~/.julia/packages/OrdinaryDiffEqNonlinearSolve/doSPx/src/nlsolve.jl:144
┌ Warning: Verbosity toggle: newton_convergence 
│  Newton iteration failed with stale Jacobian, retrying with fresh Jacobian
└ @ OrdinaryDiffEqNonlinearSolve ~/.julia/packages/OrdinaryDiffEqNonlinearSolve/doSPx/src/nlsolve.jl:144
┌ Warning: Verbosity toggle: newton_convergence 
│  Newton iteration failed with stale Jacobian, retrying with fresh Jacobian
└ @ OrdinaryDiffEqNonlinearSolve ~/.julia/packages/OrdinaryDiffEqNonlinearSolve/doSPx/src/nlsolve.jl:144
┌ Warning: Verbosity toggle: newton_convergence 
│  Newton iteration failed with stale Jacobian, retrying with fresh Jacobian
└ @ OrdinaryDiffEqNonlinearSolve ~/.julia/packages/OrdinaryDiffEqNonlinearSolve/doSPx/src/nlsolve.jl:144
┌ Warning: Verbosity toggle: newton_convergence 
│  Newton iteration failed with stale Jacobian, retrying with fresh Jacobian
└ @ OrdinaryDiffEqNonlinearSolve ~/.julia/packages/OrdinaryDiffEqNonlinearSolve/doSPx/src/nlsolve.jl:144
┌ Warning: Verbosity toggle: dt_epsilon 
│  Initial timestep too small (near machine epsilon), using default: dt = 0.0
└ @ OrdinaryDiffEqCore ~/.julia/packages/OrdinaryDiffEqCore/rnOL4/src/initdt.jl:196
┌ Warning: Verbosity toggle: dt_epsilon 
│  Initial timestep too small (near machine epsilon), using default: dt = 0.0
└ @ OrdinaryDiffEqCore ~/.julia/packages/OrdinaryDiffEqCore/rnOL4/src/initdt.jl:196
┌ Warning: Verbosity toggle: newton_convergence 
│  Newton iteration failed with stale Jacobian, retrying with fresh Jacobian
└ @ OrdinaryDiffEqNonlinearSolve ~/.julia/packages/OrdinaryDiffEqNonlinearSolve/doSPx/src/nlsolve.jl:144
┌ Warning: Verbosity toggle: newton_convergence 
│  Newton iteration diverging: θ = Dual{ForwardDiff.Tag{PEtab.var"#302#303"{Bool, PEtab.PEtabODEProblemInfo{ODESolver, ODESolver, PEtab.PEtabODEProblemCache{Vector{Float64}, PreallocationTools.DiffCache{Vector{Float64}, Vector{Float64}}, Vector{Float64}, Matrix{Float64}, Dict{Symbol, PreallocationTools.DiffCache}, Dict{Symbol, PreallocationTools.DiffCache}, Dict{Symbol, PreallocationTools.DiffCache}, Vector{Float64}}}, PEtab.PEtabODEProblemInfo{ODESolver, ODESolver, PEtab.PEtabODEProblemCache{Vector{Float64}, PreallocationTools.DiffCache{Vector{Float64}, Vector{Float64}}, Vector{Float64}, Matrix{Float64}, Dict{Symbol, PreallocationTools.DiffCache}, Dict{Symbol, PreallocationTools.DiffCache}, Dict{Symbol, PreallocationTools.DiffCache}, Vector{Float64}}}, Vector{Float64}, Vector{Float64}, Vector{Float64}, PEtab.ModelInfo}, Float64}}(7.720987991209013,0.0,0.0,0.0,0.0,0.0,0.0,0.0,0.0,0.0,0.0,0.0,0.0) > 2, ndz = 0.4251953396919976, ndzprev = 0.05507006877566936
└ @ OrdinaryDiffEqNonlinearSolve ~/.julia/packages/OrdinaryDiffEqNonlinearSolve/doSPx/src/nlsolve.jl:101
┌ Warning: Verbosity toggle: newton_convergence 
│  Newton iteration failed with stale Jacobian, retrying with fresh Jacobian
└ @ OrdinaryDiffEqNonlinearSolve ~/.julia/packages/OrdinaryDiffEqNonlinearSolve/doSPx/src/nlsolve.jl:144
┌ Warning: Verbosity toggle: newton_convergence 
│  Newton iteration failed with stale Jacobian, retrying with fresh Jacobian
└ @ OrdinaryDiffEqNonlinearSolve ~/.julia/packages/OrdinaryDiffEqNonlinearSolve/doSPx/src/nlsolve.jl:144
┌ Warning: Verbosity toggle: newton_convergence 
│  Newton iteration failed with stale Jacobian, retrying with fresh Jacobian
└ @ OrdinaryDiffEqNonlinearSolve ~/.julia/packages/OrdinaryDiffEqNonlinearSolve/doSPx/src/nlsolve.jl:144
┌ Warning: Verbosity toggle: newton_convergence 
│  Newton iteration failed with stale Jacobian, retrying with fresh Jacobian
└ @ OrdinaryDiffEqNonlinearSolve ~/.julia/packages/OrdinaryDiffEqNonlinearSolve/doSPx/src/nlsolve.jl:144
┌ Warning: Verbosity toggle: dt_epsilon 
│  Initial timestep too small (near machine epsilon), using default: dt = 0.0
└ @ OrdinaryDiffEqCore ~/.julia/packages/OrdinaryDiffEqCore/rnOL4/src/initdt.jl:196
┌ Warning: Verbosity toggle: dt_epsilon 
│  Initial timestep too small (near machine epsilon), using default: dt = 0.0
└ @ OrdinaryDiffEqCore ~/.julia/packages/OrdinaryDiffEqCore/rnOL4/src/initdt.jl:196
┌ Warning: Verbosity toggle: newton_convergence 
│  Newton iteration failed with stale Jacobian, retrying with fresh Jacobian
└ @ OrdinaryDiffEqNonlinearSolve ~/.julia/packages/OrdinaryDiffEqNonlinearSolve/doSPx/src/nlsolve.jl:144
┌ Warning: Verbosity toggle: newton_convergence 
│  Newton iteration diverging: θ = Dual{ForwardDiff.Tag{PEtab.var"#302#303"{Bool, PEtab.PEtabODEProblemInfo{ODESolver, ODESolver, PEtab.PEtabODEProblemCache{Vector{Float64}, PreallocationTools.DiffCache{Vector{Float64}, Vector{Float64}}, Vector{Float64}, Matrix{Float64}, Dict{Symbol, PreallocationTools.DiffCache}, Dict{Symbol, PreallocationTools.DiffCache}, Dict{Symbol, PreallocationTools.DiffCache}, Vector{Float64}}}, PEtab.PEtabODEProblemInfo{ODESolver, ODESolver, PEtab.PEtabODEProblemCache{Vector{Float64}, PreallocationTools.DiffCache{Vector{Float64}, Vector{Float64}}, Vector{Float64}, Matrix{Float64}, Dict{Symbol, PreallocationTools.DiffCache}, Dict{Symbol, PreallocationTools.DiffCache}, Dict{Symbol, PreallocationTools.DiffCache}, Vector{Float64}}}, Vector{Float64}, Vector{Float64}, Vector{Float64}, PEtab.ModelInfo}, Float64}}(3.099726600360811,0.0,0.0,0.0,0.0,0.0,0.0,0.0,0.0,0.0,0.0,0.0,0.0) > 2, ndz = 1.0278534592727167, ndzprev = 0.33159487651364916
└ @ OrdinaryDiffEqNonlinearSolve ~/.julia/packages/OrdinaryDiffEqNonlinearSolve/doSPx/src/nlsolve.jl:101
┌ Warning: Verbosity toggle: newton_convergence 
│  Newton iteration failed with stale Jacobian, retrying with fresh Jacobian
└ @ OrdinaryDiffEqNonlinearSolve ~/.julia/packages/OrdinaryDiffEqNonlinearSolve/doSPx/src/nlsolve.jl:144
┌ Warning: Verbosity toggle: newton_convergence 
│  Newton iteration failed with stale Jacobian, retrying with fresh Jacobian
└ @ OrdinaryDiffEqNonlinearSolve ~/.julia/packages/OrdinaryDiffEqNonlinearSolve/doSPx/src/nlsolve.jl:144
┌ Warning: Verbosity toggle: newton_convergence 
│  Newton iteration failed with stale Jacobian, retrying with fresh Jacobian
└ @ OrdinaryDiffEqNonlinearSolve ~/.julia/packages/OrdinaryDiffEqNonlinearSolve/doSPx/src/nlsolve.jl:144
┌ Warning: Verbosity toggle: newton_convergence 
│  Newton iteration failed with stale Jacobian, retrying with fresh Jacobian
└ @ OrdinaryDiffEqNonlinearSolve ~/.julia/packages/OrdinaryDiffEqNonlinearSolve/doSPx/src/nlsolve.jl:144
┌ Warning: Verbosity toggle: newton_convergence 
│  Newton iteration failed with stale Jacobian, retrying with fresh Jacobian
└ @ OrdinaryDiffEqNonlinearSolve ~/.julia/packages/OrdinaryDiffEqNonlinearSolve/doSPx/src/nlsolve.jl:144
┌ Warning: Verbosity toggle: dt_epsilon 
│  Initial timestep too small (near machine epsilon), using default: dt = 0.0
└ @ OrdinaryDiffEqCore ~/.julia/packages/OrdinaryDiffEqCore/rnOL4/src/initdt.jl:196
┌ Warning: Verbosity toggle: dt_epsilon 
│  Initial timestep too small (near machine epsilon), using default: dt = 0.0
└ @ OrdinaryDiffEqCore ~/.julia/packages/OrdinaryDiffEqCore/rnOL4/src/initdt.jl:196
┌ Warning: Verbosity toggle: newton_convergence 
│  Newton iteration failed with stale Jacobian, retrying with fresh Jacobian
└ @ OrdinaryDiffEqNonlinearSolve ~/.julia/packages/OrdinaryDiffEqNonlinearSolve/doSPx/src/nlsolve.jl:144
┌ Warning: Verbosity toggle: newton_convergence 
│  Newton iteration diverging: θ = Dual{ForwardDiff.Tag{PEtab.var"#302#303"{Bool, PEtab.PEtabODEProblemInfo{ODESolver, ODESolver, PEtab.PEtabODEProblemCache{Vector{Float64}, PreallocationTools.DiffCache{Vector{Float64}, Vector{Float64}}, Vector{Float64}, Matrix{Float64}, Dict{Symbol, PreallocationTools.DiffCache}, Dict{Symbol, PreallocationTools.DiffCache}, Dict{Symbol, PreallocationTools.DiffCache}, Vector{Float64}}}, PEtab.PEtabODEProblemInfo{ODESolver, ODESolver, PEtab.PEtabODEProblemCache{Vector{Float64}, PreallocationTools.DiffCache{Vector{Float64}, Vector{Float64}}, Vector{Float64}, Matrix{Float64}, Dict{Symbol, PreallocationTools.DiffCache}, Dict{Symbol, PreallocationTools.DiffCache}, Dict{Symbol, PreallocationTools.DiffCache}, Vector{Float64}}}, Vector{Float64}, Vector{Float64}, Vector{Float64}, PEtab.ModelInfo}, Float64}}(5.0686095693322155,0.0,0.0,0.0,0.0,0.0,0.0,0.0,0.0,0.0,0.0,0.0,0.0) > 2, ndz = 0.7163896597590353, ndzprev = 0.14133849726630632
└ @ OrdinaryDiffEqNonlinearSolve ~/.julia/packages/OrdinaryDiffEqNonlinearSolve/doSPx/src/nlsolve.jl:101
┌ Warning: Verbosity toggle: newton_convergence 
│  Newton iteration failed with stale Jacobian, retrying with fresh Jacobian
└ @ OrdinaryDiffEqNonlinearSolve ~/.julia/packages/OrdinaryDiffEqNonlinearSolve/doSPx/src/nlsolve.jl:144
┌ Warning: Verbosity toggle: newton_convergence 
│  Newton iteration failed with stale Jacobian, retrying with fresh Jacobian
└ @ OrdinaryDiffEqNonlinearSolve ~/.julia/packages/OrdinaryDiffEqNonlinearSolve/doSPx/src/nlsolve.jl:144
┌ Warning: Verbosity toggle: newton_convergence 
│  Newton iteration failed with stale Jacobian, retrying with fresh Jacobian
└ @ OrdinaryDiffEqNonlinearSolve ~/.julia/packages/OrdinaryDiffEqNonlinearSolve/doSPx/src/nlsolve.jl:144
┌ Warning: Verbosity toggle: newton_convergence 
│  Newton iteration failed with stale Jacobian, retrying with fresh Jacobian
└ @ OrdinaryDiffEqNonlinearSolve ~/.julia/packages/OrdinaryDiffEqNonlinearSolve/doSPx/src/nlsolve.jl:144
┌ Warning: Verbosity toggle: dt_epsilon 
│  Initial timestep too small (near machine epsilon), using default: dt = 0.0
└ @ OrdinaryDiffEqCore ~/.julia/packages/OrdinaryDiffEqCore/rnOL4/src/initdt.jl:196
┌ Warning: Verbosity toggle: dt_epsilon 
│  Initial timestep too small (near machine epsilon), using default: dt = 0.0
└ @ OrdinaryDiffEqCore ~/.julia/packages/OrdinaryDiffEqCore/rnOL4/src/initdt.jl:196
┌ Warning: Verbosity toggle: newton_convergence 
│  Newton iteration failed with stale Jacobian, retrying with fresh Jacobian
└ @ OrdinaryDiffEqNonlinearSolve ~/.julia/packages/OrdinaryDiffEqNonlinearSolve/doSPx/src/nlsolve.jl:144
┌ Warning: Verbosity toggle: newton_convergence 
│  Newton iteration diverging: θ = Dual{ForwardDiff.Tag{PEtab.var"#302#303"{Bool, PEtab.PEtabODEProblemInfo{ODESolver, ODESolver, PEtab.PEtabODEProblemCache{Vector{Float64}, PreallocationTools.DiffCache{Vector{Float64}, Vector{Float64}}, Vector{Float64}, Matrix{Float64}, Dict{Symbol, PreallocationTools.DiffCache}, Dict{Symbol, PreallocationTools.DiffCache}, Dict{Symbol, PreallocationTools.DiffCache}, Vector{Float64}}}, PEtab.PEtabODEProblemInfo{ODESolver, ODESolver, PEtab.PEtabODEProblemCache{Vector{Float64}, PreallocationTools.DiffCache{Vector{Float64}, Vector{Float64}}, Vector{Float64}, Matrix{Float64}, Dict{Symbol, PreallocationTools.DiffCache}, Dict{Symbol, PreallocationTools.DiffCache}, Dict{Symbol, PreallocationTools.DiffCache}, Vector{Float64}}}, Vector{Float64}, Vector{Float64}, Vector{Float64}, PEtab.ModelInfo}, Float64}}(8.559022207962954,0.0,0.0,0.0,0.0,0.0,0.0,0.0,0.0,0.0,0.0,0.0,0.0) > 2, ndz = 5.736094170942302, ndzprev = 0.6701810126869027
└ @ OrdinaryDiffEqNonlinearSolve ~/.julia/packages/OrdinaryDiffEqNonlinearSolve/doSPx/src/nlsolve.jl:101
┌ Warning: Verbosity toggle: newton_convergence 
│  Newton iteration failed with stale Jacobian, retrying with fresh Jacobian
└ @ OrdinaryDiffEqNonlinearSolve ~/.julia/packages/OrdinaryDiffEqNonlinearSolve/doSPx/src/nlsolve.jl:144
┌ Warning: Verbosity toggle: newton_convergence 
│  Newton iteration failed with stale Jacobian, retrying with fresh Jacobian
└ @ OrdinaryDiffEqNonlinearSolve ~/.julia/packages/OrdinaryDiffEqNonlinearSolve/doSPx/src/nlsolve.jl:144
┌ Warning: Verbosity toggle: newton_convergence 
│  Newton iteration failed with stale Jacobian, retrying with fresh Jacobian
└ @ OrdinaryDiffEqNonlinearSolve ~/.julia/packages/OrdinaryDiffEqNonlinearSolve/doSPx/src/nlsolve.jl:144
┌ Warning: Verbosity toggle: newton_convergence 
│  Newton iteration failed with stale Jacobian, retrying with fresh Jacobian
└ @ OrdinaryDiffEqNonlinearSolve ~/.julia/packages/OrdinaryDiffEqNonlinearSolve/doSPx/src/nlsolve.jl:144
┌ Warning: Verbosity toggle: dt_epsilon 
│  Initial timestep too small (near machine epsilon), using default: dt = 0.0
└ @ OrdinaryDiffEqCore ~/.julia/packages/OrdinaryDiffEqCore/rnOL4/src/initdt.jl:196
┌ Warning: Verbosity toggle: dt_epsilon 
│  Initial timestep too small (near machine epsilon), using default: dt = 0.0
└ @ OrdinaryDiffEqCore ~/.julia/packages/OrdinaryDiffEqCore/rnOL4/src/initdt.jl:196
┌ Warning: Verbosity toggle: newton_convergence 
│  Newton iteration failed with stale Jacobian, retrying with fresh Jacobian
└ @ OrdinaryDiffEqNonlinearSolve ~/.julia/packages/OrdinaryDiffEqNonlinearSolve/doSPx/src/nlsolve.jl:144
┌ Warning: Verbosity toggle: newton_convergence 
│  Newton iteration diverging: θ = Dual{ForwardDiff.Tag{PEtab.var"#302#303"{Bool, PEtab.PEtabODEProblemInfo{ODESolver, ODESolver, PEtab.PEtabODEProblemCache{Vector{Float64}, PreallocationTools.DiffCache{Vector{Float64}, Vector{Float64}}, Vector{Float64}, Matrix{Float64}, Dict{Symbol, PreallocationTools.DiffCache}, Dict{Symbol, PreallocationTools.DiffCache}, Dict{Symbol, PreallocationTools.DiffCache}, Vector{Float64}}}, PEtab.PEtabODEProblemInfo{ODESolver, ODESolver, PEtab.PEtabODEProblemCache{Vector{Float64}, PreallocationTools.DiffCache{Vector{Float64}, Vector{Float64}}, Vector{Float64}, Matrix{Float64}, Dict{Symbol, PreallocationTools.DiffCache}, Dict{Symbol, PreallocationTools.DiffCache}, Dict{Symbol, PreallocationTools.DiffCache}, Vector{Float64}}}, Vector{Float64}, Vector{Float64}, Vector{Float64}, PEtab.ModelInfo}, Float64}}(5.404140979510976,0.0,0.0,0.0,0.0,0.0,0.0,0.0,0.0,0.0,0.0,0.0,0.0) > 2, ndz = 0.5858245127952929, ndzprev = 0.10840289234058888
└ @ OrdinaryDiffEqNonlinearSolve ~/.julia/packages/OrdinaryDiffEqNonlinearSolve/doSPx/src/nlsolve.jl:101
┌ Warning: Verbosity toggle: newton_convergence 
│  Newton iteration failed with stale Jacobian, retrying with fresh Jacobian
└ @ OrdinaryDiffEqNonlinearSolve ~/.julia/packages/OrdinaryDiffEqNonlinearSolve/doSPx/src/nlsolve.jl:144
┌ Warning: Verbosity toggle: newton_convergence 
│  Newton iteration failed with stale Jacobian, retrying with fresh Jacobian
└ @ OrdinaryDiffEqNonlinearSolve ~/.julia/packages/OrdinaryDiffEqNonlinearSolve/doSPx/src/nlsolve.jl:144
┌ Warning: Verbosity toggle: newton_convergence 
│  Newton iteration failed with stale Jacobian, retrying with fresh Jacobian
└ @ OrdinaryDiffEqNonlinearSolve ~/.julia/packages/OrdinaryDiffEqNonlinearSolve/doSPx/src/nlsolve.jl:144
┌ Warning: Verbosity toggle: newton_convergence 
│  Newton iteration failed with stale Jacobian, retrying with fresh Jacobian
└ @ OrdinaryDiffEqNonlinearSolve ~/.julia/packages/OrdinaryDiffEqNonlinearSolve/doSPx/src/nlsolve.jl:144
┌ Warning: Verbosity toggle: newton_convergence 
│  Newton iteration failed with stale Jacobian, retrying with fresh Jacobian
└ @ OrdinaryDiffEqNonlinearSolve ~/.julia/packages/OrdinaryDiffEqNonlinearSolve/doSPx/src/nlsolve.jl:144
┌ Warning: Verbosity toggle: dt_epsilon 
│  Initial timestep too small (near machine epsilon), using default: dt = 0.0
└ @ OrdinaryDiffEqCore ~/.julia/packages/OrdinaryDiffEqCore/rnOL4/src/initdt.jl:196
┌ Warning: Verbosity toggle: dt_epsilon 
│  Initial timestep too small (near machine epsilon), using default: dt = 0.0
└ @ OrdinaryDiffEqCore ~/.julia/packages/OrdinaryDiffEqCore/rnOL4/src/initdt.jl:196
┌ Warning: Verbosity toggle: newton_convergence 
│  Newton iteration failed with stale Jacobian, retrying with fresh Jacobian
└ @ OrdinaryDiffEqNonlinearSolve ~/.julia/packages/OrdinaryDiffEqNonlinearSolve/doSPx/src/nlsolve.jl:144
┌ Warning: Verbosity toggle: newton_convergence 
│  Newton iteration diverging: θ = 3.740820638803095 > 2, ndz = 0.2220834040726114, ndzprev = 0.059367562766566837
└ @ OrdinaryDiffEqNonlinearSolve ~/.julia/packages/OrdinaryDiffEqNonlinearSolve/doSPx/src/nlsolve.jl:101
┌ Warning: Verbosity toggle: newton_convergence 
│  Newton iteration failed with stale Jacobian, retrying with fresh Jacobian
└ @ OrdinaryDiffEqNonlinearSolve ~/.julia/packages/OrdinaryDiffEqNonlinearSolve/doSPx/src/nlsolve.jl:144
┌ Warning: Verbosity toggle: newton_convergence 
│  Newton iteration failed with stale Jacobian, retrying with fresh Jacobian
└ @ OrdinaryDiffEqNonlinearSolve ~/.julia/packages/OrdinaryDiffEqNonlinearSolve/doSPx/src/nlsolve.jl:144
┌ Warning: Verbosity toggle: newton_convergence 
│  Newton iteration failed with stale Jacobian, retrying with fresh Jacobian
└ @ OrdinaryDiffEqNonlinearSolve ~/.julia/packages/OrdinaryDiffEqNonlinearSolve/doSPx/src/nlsolve.jl:144
┌ Warning: Verbosity toggle: newton_convergence 
│  Newton iteration failed with stale Jacobian, retrying with fresh Jacobian
└ @ OrdinaryDiffEqNonlinearSolve ~/.julia/packages/OrdinaryDiffEqNonlinearSolve/doSPx/src/nlsolve.jl:144
┌ Warning: Verbosity toggle: newton_convergence 
│  Newton iteration failed with stale Jacobian, retrying with fresh Jacobian
└ @ OrdinaryDiffEqNonlinearSolve ~/.julia/packages/OrdinaryDiffEqNonlinearSolve/doSPx/src/nlsolve.jl:144
┌ Warning: Verbosity toggle: dt_epsilon 
│  Initial timestep too small (near machine epsilon), using default: dt = 0.0
└ @ OrdinaryDiffEqCore ~/.julia/packages/OrdinaryDiffEqCore/rnOL4/src/initdt.jl:196
┌ Warning: Verbosity toggle: dt_epsilon 
│  Initial timestep too small (near machine epsilon), using default: dt = 0.0
└ @ OrdinaryDiffEqCore ~/.julia/packages/OrdinaryDiffEqCore/rnOL4/src/initdt.jl:196
┌ Warning: Verbosity toggle: newton_convergence 
│  Newton iteration failed with stale Jacobian, retrying with fresh Jacobian
└ @ OrdinaryDiffEqNonlinearSolve ~/.julia/packages/OrdinaryDiffEqNonlinearSolve/doSPx/src/nlsolve.jl:144
┌ Warning: Verbosity toggle: newton_convergence 
│  Newton iteration diverging: θ = Dual{ForwardDiff.Tag{PEtab.var"#302#303"{Bool, PEtab.PEtabODEProblemInfo{ODESolver, ODESolver, PEtab.PEtabODEProblemCache{Vector{Float64}, PreallocationTools.DiffCache{Vector{Float64}, Vector{Float64}}, Vector{Float64}, Matrix{Float64}, Dict{Symbol, PreallocationTools.DiffCache}, Dict{Symbol, PreallocationTools.DiffCache}, Dict{Symbol, PreallocationTools.DiffCache}, Vector{Float64}}}, PEtab.PEtabODEProblemInfo{ODESolver, ODESolver, PEtab.PEtabODEProblemCache{Vector{Float64}, PreallocationTools.DiffCache{Vector{Float64}, Vector{Float64}}, Vector{Float64}, Matrix{Float64}, Dict{Symbol, PreallocationTools.DiffCache}, Dict{Symbol, PreallocationTools.DiffCache}, Dict{Symbol, PreallocationTools.DiffCache}, Vector{Float64}}}, Vector{Float64}, Vector{Float64}, Vector{Float64}, PEtab.ModelInfo}, Float64}}(11.492370733116344,0.0,0.0,0.0,0.0,0.0,0.0,0.0,0.0,0.0,0.0,0.0,0.0) > 2, ndz = 0.7640530116664292, ndzprev = 0.0664834984364661
└ @ OrdinaryDiffEqNonlinearSolve ~/.julia/packages/OrdinaryDiffEqNonlinearSolve/doSPx/src/nlsolve.jl:101
┌ Warning: Verbosity toggle: newton_convergence 
│  Newton iteration failed with stale Jacobian, retrying with fresh Jacobian
└ @ OrdinaryDiffEqNonlinearSolve ~/.julia/packages/OrdinaryDiffEqNonlinearSolve/doSPx/src/nlsolve.jl:144
┌ Warning: Verbosity toggle: newton_convergence 
│  Newton iteration failed with stale Jacobian, retrying with fresh Jacobian
└ @ OrdinaryDiffEqNonlinearSolve ~/.julia/packages/OrdinaryDiffEqNonlinearSolve/doSPx/src/nlsolve.jl:144
┌ Warning: Verbosity toggle: newton_convergence 
│  Newton iteration failed with stale Jacobian, retrying with fresh Jacobian
└ @ OrdinaryDiffEqNonlinearSolve ~/.julia/packages/OrdinaryDiffEqNonlinearSolve/doSPx/src/nlsolve.jl:144
┌ Warning: Verbosity toggle: newton_convergence 
│  Newton iteration failed with stale Jacobian, retrying with fresh Jacobian
└ @ OrdinaryDiffEqNonlinearSolve ~/.julia/packages/OrdinaryDiffEqNonlinearSolve/doSPx/src/nlsolve.jl:144
┌ Warning: Verbosity toggle: dt_epsilon 
│  Initial timestep too small (near machine epsilon), using default: dt = 0.0
└ @ OrdinaryDiffEqCore ~/.julia/packages/OrdinaryDiffEqCore/rnOL4/src/initdt.jl:196
┌ Warning: Verbosity toggle: dt_epsilon 
│  Initial timestep too small (near machine epsilon), using default: dt = 0.0
└ @ OrdinaryDiffEqCore ~/.julia/packages/OrdinaryDiffEqCore/rnOL4/src/initdt.jl:196
┌ Warning: Verbosity toggle: newton_convergence 
│  Newton iteration failed with stale Jacobian, retrying with fresh Jacobian
└ @ OrdinaryDiffEqNonlinearSolve ~/.julia/packages/OrdinaryDiffEqNonlinearSolve/doSPx/src/nlsolve.jl:144
┌ Warning: Verbosity toggle: newton_convergence 
│  Newton iteration diverging: θ = Dual{ForwardDiff.Tag{PEtab.var"#302#303"{Bool, PEtab.PEtabODEProblemInfo{ODESolver, ODESolver, PEtab.PEtabODEProblemCache{Vector{Float64}, PreallocationTools.DiffCache{Vector{Float64}, Vector{Float64}}, Vector{Float64}, Matrix{Float64}, Dict{Symbol, PreallocationTools.DiffCache}, Dict{Symbol, PreallocationTools.DiffCache}, Dict{Symbol, PreallocationTools.DiffCache}, Vector{Float64}}}, PEtab.PEtabODEProblemInfo{ODESolver, ODESolver, PEtab.PEtabODEProblemCache{Vector{Float64}, PreallocationTools.DiffCache{Vector{Float64}, Vector{Float64}}, Vector{Float64}, Matrix{Float64}, Dict{Symbol, PreallocationTools.DiffCache}, Dict{Symbol, PreallocationTools.DiffCache}, Dict{Symbol, PreallocationTools.DiffCache}, Vector{Float64}}}, Vector{Float64}, Vector{Float64}, Vector{Float64}, PEtab.ModelInfo}, Float64}}(12.412967432985216,0.0,0.0,0.0,0.0,0.0,0.0,0.0,0.0,0.0,0.0,0.0,0.0) > 2, ndz = 4.508687711940408, ndzprev = 0.363224002341244
└ @ OrdinaryDiffEqNonlinearSolve ~/.julia/packages/OrdinaryDiffEqNonlinearSolve/doSPx/src/nlsolve.jl:101
┌ Warning: Verbosity toggle: newton_convergence 
│  Newton iteration failed with stale Jacobian, retrying with fresh Jacobian
└ @ OrdinaryDiffEqNonlinearSolve ~/.julia/packages/OrdinaryDiffEqNonlinearSolve/doSPx/src/nlsolve.jl:144
┌ Warning: Verbosity toggle: newton_convergence 
│  Newton iteration failed with stale Jacobian, retrying with fresh Jacobian
└ @ OrdinaryDiffEqNonlinearSolve ~/.julia/packages/OrdinaryDiffEqNonlinearSolve/doSPx/src/nlsolve.jl:144
┌ Warning: Verbosity toggle: newton_convergence 
│  Newton iteration failed with stale Jacobian, retrying with fresh Jacobian
└ @ OrdinaryDiffEqNonlinearSolve ~/.julia/packages/OrdinaryDiffEqNonlinearSolve/doSPx/src/nlsolve.jl:144
┌ Warning: Verbosity toggle: newton_convergence 
│  Newton iteration failed with stale Jacobian, retrying with fresh Jacobian
└ @ OrdinaryDiffEqNonlinearSolve ~/.julia/packages/OrdinaryDiffEqNonlinearSolve/doSPx/src/nlsolve.jl:144
┌ Warning: Verbosity toggle: newton_convergence 
│  Newton iteration failed with stale Jacobian, retrying with fresh Jacobian
└ @ OrdinaryDiffEqNonlinearSolve ~/.julia/packages/OrdinaryDiffEqNonlinearSolve/doSPx/src/nlsolve.jl:144
┌ Warning: Verbosity toggle: dt_epsilon 
│  Initial timestep too small (near machine epsilon), using default: dt = 0.0
└ @ OrdinaryDiffEqCore ~/.julia/packages/OrdinaryDiffEqCore/rnOL4/src/initdt.jl:196
┌ Warning: Verbosity toggle: dt_epsilon 
│  Initial timestep too small (near machine epsilon), using default: dt = 0.0
└ @ OrdinaryDiffEqCore ~/.julia/packages/OrdinaryDiffEqCore/rnOL4/src/initdt.jl:196
┌ Warning: Verbosity toggle: newton_convergence 
│  Newton iteration failed with stale Jacobian, retrying with fresh Jacobian
└ @ OrdinaryDiffEqNonlinearSolve ~/.julia/packages/OrdinaryDiffEqNonlinearSolve/doSPx/src/nlsolve.jl:144
┌ Warning: Verbosity toggle: newton_convergence 
│  Newton iteration diverging: θ = Dual{ForwardDiff.Tag{PEtab.var"#302#303"{Bool, PEtab.PEtabODEProblemInfo{ODESolver, ODESolver, PEtab.PEtabODEProblemCache{Vector{Float64}, PreallocationTools.DiffCache{Vector{Float64}, Vector{Float64}}, Vector{Float64}, Matrix{Float64}, Dict{Symbol, PreallocationTools.DiffCache}, Dict{Symbol, PreallocationTools.DiffCache}, Dict{Symbol, PreallocationTools.DiffCache}, Vector{Float64}}}, PEtab.PEtabODEProblemInfo{ODESolver, ODESolver, PEtab.PEtabODEProblemCache{Vector{Float64}, PreallocationTools.DiffCache{Vector{Float64}, Vector{Float64}}, Vector{Float64}, Matrix{Float64}, Dict{Symbol, PreallocationTools.DiffCache}, Dict{Symbol, PreallocationTools.DiffCache}, Dict{Symbol, PreallocationTools.DiffCache}, Vector{Float64}}}, Vector{Float64}, Vector{Float64}, Vector{Float64}, PEtab.ModelInfo}, Float64}}(15.591715438441753,0.0,0.0,0.0,0.0,0.0,0.0,0.0,0.0,0.0,0.0,0.0,0.0) > 2, ndz = 4.18471433760184, ndzprev = 0.2683934525436711
└ @ OrdinaryDiffEqNonlinearSolve ~/.julia/packages/OrdinaryDiffEqNonlinearSolve/doSPx/src/nlsolve.jl:101
┌ Warning: Verbosity toggle: newton_convergence 
│  Newton iteration failed with stale Jacobian, retrying with fresh Jacobian
└ @ OrdinaryDiffEqNonlinearSolve ~/.julia/packages/OrdinaryDiffEqNonlinearSolve/doSPx/src/nlsolve.jl:144
┌ Warning: Verbosity toggle: newton_convergence 
│  Newton iteration failed with stale Jacobian, retrying with fresh Jacobian
└ @ OrdinaryDiffEqNonlinearSolve ~/.julia/packages/OrdinaryDiffEqNonlinearSolve/doSPx/src/nlsolve.jl:144
┌ Warning: Verbosity toggle: newton_convergence 
│  Newton iteration failed with stale Jacobian, retrying with fresh Jacobian
└ @ OrdinaryDiffEqNonlinearSolve ~/.julia/packages/OrdinaryDiffEqNonlinearSolve/doSPx/src/nlsolve.jl:144
┌ Warning: Verbosity toggle: newton_convergence 
│  Newton iteration failed with stale Jacobian, retrying with fresh Jacobian
└ @ OrdinaryDiffEqNonlinearSolve ~/.julia/packages/OrdinaryDiffEqNonlinearSolve/doSPx/src/nlsolve.jl:144
┌ Warning: Verbosity toggle: dt_epsilon 
│  Initial timestep too small (near machine epsilon), using default: dt = 0.0
└ @ OrdinaryDiffEqCore ~/.julia/packages/OrdinaryDiffEqCore/rnOL4/src/initdt.jl:196
┌ Warning: Verbosity toggle: dt_epsilon 
│  Initial timestep too small (near machine epsilon), using default: dt = 0.0
└ @ OrdinaryDiffEqCore ~/.julia/packages/OrdinaryDiffEqCore/rnOL4/src/initdt.jl:196
┌ Warning: Verbosity toggle: newton_convergence 
│  Newton iteration failed with stale Jacobian, retrying with fresh Jacobian
└ @ OrdinaryDiffEqNonlinearSolve ~/.julia/packages/OrdinaryDiffEqNonlinearSolve/doSPx/src/nlsolve.jl:144
┌ Warning: Verbosity toggle: newton_convergence 
│  Newton iteration diverging: θ = Dual{ForwardDiff.Tag{PEtab.var"#302#303"{Bool, PEtab.PEtabODEProblemInfo{ODESolver, ODESolver, PEtab.PEtabODEProblemCache{Vector{Float64}, PreallocationTools.DiffCache{Vector{Float64}, Vector{Float64}}, Vector{Float64}, Matrix{Float64}, Dict{Symbol, PreallocationTools.DiffCache}, Dict{Symbol, PreallocationTools.DiffCache}, Dict{Symbol, PreallocationTools.DiffCache}, Vector{Float64}}}, PEtab.PEtabODEProblemInfo{ODESolver, ODESolver, PEtab.PEtabODEProblemCache{Vector{Float64}, PreallocationTools.DiffCache{Vector{Float64}, Vector{Float64}}, Vector{Float64}, Matrix{Float64}, Dict{Symbol, PreallocationTools.DiffCache}, Dict{Symbol, PreallocationTools.DiffCache}, Dict{Symbol, PreallocationTools.DiffCache}, Vector{Float64}}}, Vector{Float64}, Vector{Float64}, Vector{Float64}, PEtab.ModelInfo}, Float64}}(9.980015370051508,0.0,0.0,0.0,0.0,0.0,0.0,0.0,0.0,0.0,0.0,0.0,0.0) > 2, ndz = 3.7890589093709304, ndzprev = 0.37966463666391875
└ @ OrdinaryDiffEqNonlinearSolve ~/.julia/packages/OrdinaryDiffEqNonlinearSolve/doSPx/src/nlsolve.jl:101
┌ Warning: Verbosity toggle: newton_convergence 
│  Newton iteration failed with stale Jacobian, retrying with fresh Jacobian
└ @ OrdinaryDiffEqNonlinearSolve ~/.julia/packages/OrdinaryDiffEqNonlinearSolve/doSPx/src/nlsolve.jl:144
┌ Warning: Verbosity toggle: newton_convergence 
│  Newton iteration failed with stale Jacobian, retrying with fresh Jacobian
└ @ OrdinaryDiffEqNonlinearSolve ~/.julia/packages/OrdinaryDiffEqNonlinearSolve/doSPx/src/nlsolve.jl:144
┌ Warning: Verbosity toggle: newton_convergence 
│  Newton iteration failed with stale Jacobian, retrying with fresh Jacobian
└ @ OrdinaryDiffEqNonlinearSolve ~/.julia/packages/OrdinaryDiffEqNonlinearSolve/doSPx/src/nlsolve.jl:144
┌ Warning: Verbosity toggle: newton_convergence 
│  Newton iteration failed with stale Jacobian, retrying with fresh Jacobian
└ @ OrdinaryDiffEqNonlinearSolve ~/.julia/packages/OrdinaryDiffEqNonlinearSolve/doSPx/src/nlsolve.jl:144
┌ Warning: Verbosity toggle: newton_convergence 
│  Newton iteration failed with stale Jacobian, retrying with fresh Jacobian
└ @ OrdinaryDiffEqNonlinearSolve ~/.julia/packages/OrdinaryDiffEqNonlinearSolve/doSPx/src/nlsolve.jl:144
┌ Warning: Verbosity toggle: dt_epsilon 
│  Initial timestep too small (near machine epsilon), using default: dt = 0.0
└ @ OrdinaryDiffEqCore ~/.julia/packages/OrdinaryDiffEqCore/rnOL4/src/initdt.jl:196
┌ Warning: Verbosity toggle: dt_epsilon 
│  Initial timestep too small (near machine epsilon), using default: dt = 0.0
└ @ OrdinaryDiffEqCore ~/.julia/packages/OrdinaryDiffEqCore/rnOL4/src/initdt.jl:196
┌ Warning: Verbosity toggle: newton_convergence 
│  Newton iteration failed with stale Jacobian, retrying with fresh Jacobian
└ @ OrdinaryDiffEqNonlinearSolve ~/.julia/packages/OrdinaryDiffEqNonlinearSolve/doSPx/src/nlsolve.jl:144
┌ Warning: Verbosity toggle: newton_convergence 
│  Newton iteration diverging: θ = Dual{ForwardDiff.Tag{PEtab.var"#302#303"{Bool, PEtab.PEtabODEProblemInfo{ODESolver, ODESolver, PEtab.PEtabODEProblemCache{Vector{Float64}, PreallocationTools.DiffCache{Vector{Float64}, Vector{Float64}}, Vector{Float64}, Matrix{Float64}, Dict{Symbol, PreallocationTools.DiffCache}, Dict{Symbol, PreallocationTools.DiffCache}, Dict{Symbol, PreallocationTools.DiffCache}, Vector{Float64}}}, PEtab.PEtabODEProblemInfo{ODESolver, ODESolver, PEtab.PEtabODEProblemCache{Vector{Float64}, PreallocationTools.DiffCache{Vector{Float64}, Vector{Float64}}, Vector{Float64}, Matrix{Float64}, Dict{Symbol, PreallocationTools.DiffCache}, Dict{Symbol, PreallocationTools.DiffCache}, Dict{Symbol, PreallocationTools.DiffCache}, Vector{Float64}}}, Vector{Float64}, Vector{Float64}, Vector{Float64}, PEtab.ModelInfo}, Float64}}(3.761444076152654,0.0,0.0,0.0,0.0,0.0,0.0,0.0,0.0,0.0,0.0,0.0,0.0) > 2, ndz = 0.3968724320761187, ndzprev = 0.10551065602497399
└ @ OrdinaryDiffEqNonlinearSolve ~/.julia/packages/OrdinaryDiffEqNonlinearSolve/doSPx/src/nlsolve.jl:101
┌ Warning: Verbosity toggle: newton_convergence 
│  Newton iteration failed with stale Jacobian, retrying with fresh Jacobian
└ @ OrdinaryDiffEqNonlinearSolve ~/.julia/packages/OrdinaryDiffEqNonlinearSolve/doSPx/src/nlsolve.jl:144
┌ Warning: Verbosity toggle: newton_convergence 
│  Newton iteration failed with stale Jacobian, retrying with fresh Jacobian
└ @ OrdinaryDiffEqNonlinearSolve ~/.julia/packages/OrdinaryDiffEqNonlinearSolve/doSPx/src/nlsolve.jl:144
┌ Warning: Verbosity toggle: newton_convergence 
│  Newton iteration failed with stale Jacobian, retrying with fresh Jacobian
└ @ OrdinaryDiffEqNonlinearSolve ~/.julia/packages/OrdinaryDiffEqNonlinearSolve/doSPx/src/nlsolve.jl:144
┌ Warning: Verbosity toggle: newton_convergence 
│  Newton iteration failed with stale Jacobian, retrying with fresh Jacobian
└ @ OrdinaryDiffEqNonlinearSolve ~/.julia/packages/OrdinaryDiffEqNonlinearSolve/doSPx/src/nlsolve.jl:144
┌ Warning: Verbosity toggle: newton_convergence 
│  Newton iteration failed with stale Jacobian, retrying with fresh Jacobian
└ @ OrdinaryDiffEqNonlinearSolve ~/.julia/packages/OrdinaryDiffEqNonlinearSolve/doSPx/src/nlsolve.jl:144
┌ Warning: Verbosity toggle: dt_epsilon 
│  Initial timestep too small (near machine epsilon), using default: dt = 0.0
└ @ OrdinaryDiffEqCore ~/.julia/packages/OrdinaryDiffEqCore/rnOL4/src/initdt.jl:196
┌ Warning: Verbosity toggle: dt_epsilon 
│  Initial timestep too small (near machine epsilon), using default: dt = 0.0
└ @ OrdinaryDiffEqCore ~/.julia/packages/OrdinaryDiffEqCore/rnOL4/src/initdt.jl:196
┌ Warning: Verbosity toggle: newton_convergence 
│  Newton iteration failed with stale Jacobian, retrying with fresh Jacobian
└ @ OrdinaryDiffEqNonlinearSolve ~/.julia/packages/OrdinaryDiffEqNonlinearSolve/doSPx/src/nlsolve.jl:144
┌ Warning: Verbosity toggle: newton_convergence 
│  Newton iteration diverging: θ = 15.759448296433504 > 2, ndz = 1.6202231201214827, ndzprev = 0.10280963455352386
└ @ OrdinaryDiffEqNonlinearSolve ~/.julia/packages/OrdinaryDiffEqNonlinearSolve/doSPx/src/nlsolve.jl:101
┌ Warning: Verbosity toggle: newton_convergence 
│  Newton iteration failed with stale Jacobian, retrying with fresh Jacobian
└ @ OrdinaryDiffEqNonlinearSolve ~/.julia/packages/OrdinaryDiffEqNonlinearSolve/doSPx/src/nlsolve.jl:144
┌ Warning: Verbosity toggle: newton_convergence 
│  Newton iteration failed with stale Jacobian, retrying with fresh Jacobian
└ @ OrdinaryDiffEqNonlinearSolve ~/.julia/packages/OrdinaryDiffEqNonlinearSolve/doSPx/src/nlsolve.jl:144
┌ Warning: Verbosity toggle: newton_convergence 
│  Newton iteration failed with stale Jacobian, retrying with fresh Jacobian
└ @ OrdinaryDiffEqNonlinearSolve ~/.julia/packages/OrdinaryDiffEqNonlinearSolve/doSPx/src/nlsolve.jl:144
┌ Warning: Verbosity toggle: newton_convergence 
│  Newton iteration failed with stale Jacobian, retrying with fresh Jacobian
└ @ OrdinaryDiffEqNonlinearSolve ~/.julia/packages/OrdinaryDiffEqNonlinearSolve/doSPx/src/nlsolve.jl:144
┌ Warning: Verbosity toggle: newton_convergence 
│  Newton iteration failed with stale Jacobian, retrying with fresh Jacobian
└ @ OrdinaryDiffEqNonlinearSolve ~/.julia/packages/OrdinaryDiffEqNonlinearSolve/doSPx/src/nlsolve.jl:144
┌ Warning: Verbosity toggle: dt_epsilon 
│  Initial timestep too small (near machine epsilon), using default: dt = 0.0
└ @ OrdinaryDiffEqCore ~/.julia/packages/OrdinaryDiffEqCore/rnOL4/src/initdt.jl:196
┌ Warning: Verbosity toggle: dt_epsilon 
│  Initial timestep too small (near machine epsilon), using default: dt = 0.0
└ @ OrdinaryDiffEqCore ~/.julia/packages/OrdinaryDiffEqCore/rnOL4/src/initdt.jl:196
┌ Warning: Verbosity toggle: newton_convergence 
│  Newton iteration failed with stale Jacobian, retrying with fresh Jacobian
└ @ OrdinaryDiffEqNonlinearSolve ~/.julia/packages/OrdinaryDiffEqNonlinearSolve/doSPx/src/nlsolve.jl:144
┌ Warning: Verbosity toggle: newton_convergence 
│  Newton iteration diverging: θ = Dual{ForwardDiff.Tag{PEtab.var"#302#303"{Bool, PEtab.PEtabODEProblemInfo{ODESolver, ODESolver, PEtab.PEtabODEProblemCache{Vector{Float64}, PreallocationTools.DiffCache{Vector{Float64}, Vector{Float64}}, Vector{Float64}, Matrix{Float64}, Dict{Symbol, PreallocationTools.DiffCache}, Dict{Symbol, PreallocationTools.DiffCache}, Dict{Symbol, PreallocationTools.DiffCache}, Vector{Float64}}}, PEtab.PEtabODEProblemInfo{ODESolver, ODESolver, PEtab.PEtabODEProblemCache{Vector{Float64}, PreallocationTools.DiffCache{Vector{Float64}, Vector{Float64}}, Vector{Float64}, Matrix{Float64}, Dict{Symbol, PreallocationTools.DiffCache}, Dict{Symbol, PreallocationTools.DiffCache}, Dict{Symbol, PreallocationTools.DiffCache}, Vector{Float64}}}, Vector{Float64}, Vector{Float64}, Vector{Float64}, PEtab.ModelInfo}, Float64}}(9.790060556916277,0.0,0.0,0.0,0.0,0.0,0.0,0.0,0.0,0.0,0.0,0.0,0.0) > 2, ndz = 0.5842528799767184, ndzprev = 0.05967816813594351
└ @ OrdinaryDiffEqNonlinearSolve ~/.julia/packages/OrdinaryDiffEqNonlinearSolve/doSPx/src/nlsolve.jl:101
┌ Warning: Verbosity toggle: newton_convergence 
│  Newton iteration failed with stale Jacobian, retrying with fresh Jacobian
└ @ OrdinaryDiffEqNonlinearSolve ~/.julia/packages/OrdinaryDiffEqNonlinearSolve/doSPx/src/nlsolve.jl:144
┌ Warning: Verbosity toggle: newton_convergence 
│  Newton iteration failed with stale Jacobian, retrying with fresh Jacobian
└ @ OrdinaryDiffEqNonlinearSolve ~/.julia/packages/OrdinaryDiffEqNonlinearSolve/doSPx/src/nlsolve.jl:144
┌ Warning: Verbosity toggle: newton_convergence 
│  Newton iteration failed with stale Jacobian, retrying with fresh Jacobian
└ @ OrdinaryDiffEqNonlinearSolve ~/.julia/packages/OrdinaryDiffEqNonlinearSolve/doSPx/src/nlsolve.jl:144
┌ Warning: Verbosity toggle: newton_convergence 
│  Newton iteration failed with stale Jacobian, retrying with fresh Jacobian
└ @ OrdinaryDiffEqNonlinearSolve ~/.julia/packages/OrdinaryDiffEqNonlinearSolve/doSPx/src/nlsolve.jl:144
┌ Warning: Verbosity toggle: dt_epsilon 
│  Initial timestep too small (near machine epsilon), using default: dt = 0.0
└ @ OrdinaryDiffEqCore ~/.julia/packages/OrdinaryDiffEqCore/rnOL4/src/initdt.jl:196
┌ Warning: Verbosity toggle: dt_epsilon 
│  Initial timestep too small (near machine epsilon), using default: dt = 0.0
└ @ OrdinaryDiffEqCore ~/.julia/packages/OrdinaryDiffEqCore/rnOL4/src/initdt.jl:196
┌ Warning: Verbosity toggle: newton_convergence 
│  Newton iteration failed with stale Jacobian, retrying with fresh Jacobian
└ @ OrdinaryDiffEqNonlinearSolve ~/.julia/packages/OrdinaryDiffEqNonlinearSolve/doSPx/src/nlsolve.jl:144
┌ Warning: Verbosity toggle: newton_convergence 
│  Newton iteration diverging: θ = Dual{ForwardDiff.Tag{PEtab.var"#302#303"{Bool, PEtab.PEtabODEProblemInfo{ODESolver, ODESolver, PEtab.PEtabODEProblemCache{Vector{Float64}, PreallocationTools.DiffCache{Vector{Float64}, Vector{Float64}}, Vector{Float64}, Matrix{Float64}, Dict{Symbol, PreallocationTools.DiffCache}, Dict{Symbol, PreallocationTools.DiffCache}, Dict{Symbol, PreallocationTools.DiffCache}, Vector{Float64}}}, PEtab.PEtabODEProblemInfo{ODESolver, ODESolver, PEtab.PEtabODEProblemCache{Vector{Float64}, PreallocationTools.DiffCache{Vector{Float64}, Vector{Float64}}, Vector{Float64}, Matrix{Float64}, Dict{Symbol, PreallocationTools.DiffCache}, Dict{Symbol, PreallocationTools.DiffCache}, Dict{Symbol, PreallocationTools.DiffCache}, Vector{Float64}}}, Vector{Float64}, Vector{Float64}, Vector{Float64}, PEtab.ModelInfo}, Float64}}(12.837201180482738,0.0,0.0,0.0,0.0,0.0,0.0,0.0,0.0,0.0,0.0,0.0,0.0) > 2, ndz = 5.345577327593468, ndzprev = 0.41641299006209465
└ @ OrdinaryDiffEqNonlinearSolve ~/.julia/packages/OrdinaryDiffEqNonlinearSolve/doSPx/src/nlsolve.jl:101
┌ Warning: Verbosity toggle: newton_convergence 
│  Newton iteration failed with stale Jacobian, retrying with fresh Jacobian
└ @ OrdinaryDiffEqNonlinearSolve ~/.julia/packages/OrdinaryDiffEqNonlinearSolve/doSPx/src/nlsolve.jl:144
┌ Warning: Verbosity toggle: newton_convergence 
│  Newton iteration failed with stale Jacobian, retrying with fresh Jacobian
└ @ OrdinaryDiffEqNonlinearSolve ~/.julia/packages/OrdinaryDiffEqNonlinearSolve/doSPx/src/nlsolve.jl:144
┌ Warning: Verbosity toggle: newton_convergence 
│  Newton iteration failed with stale Jacobian, retrying with fresh Jacobian
└ @ OrdinaryDiffEqNonlinearSolve ~/.julia/packages/OrdinaryDiffEqNonlinearSolve/doSPx/src/nlsolve.jl:144
┌ Warning: Verbosity toggle: newton_convergence 
│  Newton iteration failed with stale Jacobian, retrying with fresh Jacobian
└ @ OrdinaryDiffEqNonlinearSolve ~/.julia/packages/OrdinaryDiffEqNonlinearSolve/doSPx/src/nlsolve.jl:144
┌ Warning: Verbosity toggle: newton_convergence 
│  Newton iteration failed with stale Jacobian, retrying with fresh Jacobian
└ @ OrdinaryDiffEqNonlinearSolve ~/.julia/packages/OrdinaryDiffEqNonlinearSolve/doSPx/src/nlsolve.jl:144
┌ Warning: Verbosity toggle: dt_epsilon 
│  Initial timestep too small (near machine epsilon), using default: dt = 0.0
└ @ OrdinaryDiffEqCore ~/.julia/packages/OrdinaryDiffEqCore/rnOL4/src/initdt.jl:196
┌ Warning: Verbosity toggle: dt_epsilon 
│  Initial timestep too small (near machine epsilon), using default: dt = 0.0
└ @ OrdinaryDiffEqCore ~/.julia/packages/OrdinaryDiffEqCore/rnOL4/src/initdt.jl:196
┌ Warning: Verbosity toggle: newton_convergence 
│  Newton iteration failed with stale Jacobian, retrying with fresh Jacobian
└ @ OrdinaryDiffEqNonlinearSolve ~/.julia/packages/OrdinaryDiffEqNonlinearSolve/doSPx/src/nlsolve.jl:144
┌ Warning: Verbosity toggle: newton_convergence 
│  Newton iteration diverging: θ = Dual{ForwardDiff.Tag{PEtab.var"#302#303"{Bool, PEtab.PEtabODEProblemInfo{ODESolver, ODESolver, PEtab.PEtabODEProblemCache{Vector{Float64}, PreallocationTools.DiffCache{Vector{Float64}, Vector{Float64}}, Vector{Float64}, Matrix{Float64}, Dict{Symbol, PreallocationTools.DiffCache}, Dict{Symbol, PreallocationTools.DiffCache}, Dict{Symbol, PreallocationTools.DiffCache}, Vector{Float64}}}, PEtab.PEtabODEProblemInfo{ODESolver, ODESolver, PEtab.PEtabODEProblemCache{Vector{Float64}, PreallocationTools.DiffCache{Vector{Float64}, Vector{Float64}}, Vector{Float64}, Matrix{Float64}, Dict{Symbol, PreallocationTools.DiffCache}, Dict{Symbol, PreallocationTools.DiffCache}, Dict{Symbol, PreallocationTools.DiffCache}, Vector{Float64}}}, Vector{Float64}, Vector{Float64}, Vector{Float64}, PEtab.ModelInfo}, Float64}}(15.216993608423701,0.0,0.0,0.0,0.0,0.0,0.0,0.0,0.0,0.0,0.0,0.0,0.0) > 2, ndz = 3.8224561032949183, ndzprev = 0.25119653734880415
└ @ OrdinaryDiffEqNonlinearSolve ~/.julia/packages/OrdinaryDiffEqNonlinearSolve/doSPx/src/nlsolve.jl:101
┌ Warning: Verbosity toggle: newton_convergence 
│  Newton iteration failed with stale Jacobian, retrying with fresh Jacobian
└ @ OrdinaryDiffEqNonlinearSolve ~/.julia/packages/OrdinaryDiffEqNonlinearSolve/doSPx/src/nlsolve.jl:144
┌ Warning: Verbosity toggle: newton_convergence 
│  Newton iteration failed with stale Jacobian, retrying with fresh Jacobian
└ @ OrdinaryDiffEqNonlinearSolve ~/.julia/packages/OrdinaryDiffEqNonlinearSolve/doSPx/src/nlsolve.jl:144
┌ Warning: Verbosity toggle: newton_convergence 
│  Newton iteration failed with stale Jacobian, retrying with fresh Jacobian
└ @ OrdinaryDiffEqNonlinearSolve ~/.julia/packages/OrdinaryDiffEqNonlinearSolve/doSPx/src/nlsolve.jl:144
┌ Warning: Verbosity toggle: newton_convergence 
│  Newton iteration failed with stale Jacobian, retrying with fresh Jacobian
└ @ OrdinaryDiffEqNonlinearSolve ~/.julia/packages/OrdinaryDiffEqNonlinearSolve/doSPx/src/nlsolve.jl:144
┌ Warning: Verbosity toggle: dt_epsilon 
│  Initial timestep too small (near machine epsilon), using default: dt = 0.0
└ @ OrdinaryDiffEqCore ~/.julia/packages/OrdinaryDiffEqCore/rnOL4/src/initdt.jl:196
┌ Warning: Verbosity toggle: dt_epsilon 
│  Initial timestep too small (near machine epsilon), using default: dt = 0.0
└ @ OrdinaryDiffEqCore ~/.julia/packages/OrdinaryDiffEqCore/rnOL4/src/initdt.jl:196
┌ Warning: Verbosity toggle: newton_convergence 
│  Newton iteration failed with stale Jacobian, retrying with fresh Jacobian
└ @ OrdinaryDiffEqNonlinearSolve ~/.julia/packages/OrdinaryDiffEqNonlinearSolve/doSPx/src/nlsolve.jl:144
┌ Warning: Verbosity toggle: newton_convergence 
│  Newton iteration diverging: θ = Dual{ForwardDiff.Tag{PEtab.var"#302#303"{Bool, PEtab.PEtabODEProblemInfo{ODESolver, ODESolver, PEtab.PEtabODEProblemCache{Vector{Float64}, PreallocationTools.DiffCache{Vector{Float64}, Vector{Float64}}, Vector{Float64}, Matrix{Float64}, Dict{Symbol, PreallocationTools.DiffCache}, Dict{Symbol, PreallocationTools.DiffCache}, Dict{Symbol, PreallocationTools.DiffCache}, Vector{Float64}}}, PEtab.PEtabODEProblemInfo{ODESolver, ODESolver, PEtab.PEtabODEProblemCache{Vector{Float64}, PreallocationTools.DiffCache{Vector{Float64}, Vector{Float64}}, Vector{Float64}, Matrix{Float64}, Dict{Symbol, PreallocationTools.DiffCache}, Dict{Symbol, PreallocationTools.DiffCache}, Dict{Symbol, PreallocationTools.DiffCache}, Vector{Float64}}}, Vector{Float64}, Vector{Float64}, Vector{Float64}, PEtab.ModelInfo}, Float64}}(7.947865930418443,0.0,0.0,0.0,0.0,0.0,0.0,0.0,0.0,0.0,0.0,0.0,0.0) > 2, ndz = 5.256406733264671, ndzprev = 0.6613607702096618
└ @ OrdinaryDiffEqNonlinearSolve ~/.julia/packages/OrdinaryDiffEqNonlinearSolve/doSPx/src/nlsolve.jl:101
┌ Warning: Verbosity toggle: newton_convergence 
│  Newton iteration failed with stale Jacobian, retrying with fresh Jacobian
└ @ OrdinaryDiffEqNonlinearSolve ~/.julia/packages/OrdinaryDiffEqNonlinearSolve/doSPx/src/nlsolve.jl:144
┌ Warning: Verbosity toggle: newton_convergence 
│  Newton iteration failed with stale Jacobian, retrying with fresh Jacobian
└ @ OrdinaryDiffEqNonlinearSolve ~/.julia/packages/OrdinaryDiffEqNonlinearSolve/doSPx/src/nlsolve.jl:144
┌ Warning: Verbosity toggle: newton_convergence 
│  Newton iteration failed with stale Jacobian, retrying with fresh Jacobian
└ @ OrdinaryDiffEqNonlinearSolve ~/.julia/packages/OrdinaryDiffEqNonlinearSolve/doSPx/src/nlsolve.jl:144
┌ Warning: Verbosity toggle: newton_convergence 
│  Newton iteration failed with stale Jacobian, retrying with fresh Jacobian
└ @ OrdinaryDiffEqNonlinearSolve ~/.julia/packages/OrdinaryDiffEqNonlinearSolve/doSPx/src/nlsolve.jl:144
┌ Warning: Verbosity toggle: newton_convergence 
│  Newton iteration failed with stale Jacobian, retrying with fresh Jacobian
└ @ OrdinaryDiffEqNonlinearSolve ~/.julia/packages/OrdinaryDiffEqNonlinearSolve/doSPx/src/nlsolve.jl:144
┌ Warning: Verbosity toggle: dt_epsilon 
│  Initial timestep too small (near machine epsilon), using default: dt = 0.0
└ @ OrdinaryDiffEqCore ~/.julia/packages/OrdinaryDiffEqCore/rnOL4/src/initdt.jl:196
┌ Warning: Verbosity toggle: dt_epsilon 
│  Initial timestep too small (near machine epsilon), using default: dt = 0.0
└ @ OrdinaryDiffEqCore ~/.julia/packages/OrdinaryDiffEqCore/rnOL4/src/initdt.jl:196
┌ Warning: Verbosity toggle: newton_convergence 
│  Newton iteration failed with stale Jacobian, retrying with fresh Jacobian
└ @ OrdinaryDiffEqNonlinearSolve ~/.julia/packages/OrdinaryDiffEqNonlinearSolve/doSPx/src/nlsolve.jl:144
┌ Warning: Verbosity toggle: newton_convergence 
│  Newton iteration diverging: θ = Dual{ForwardDiff.Tag{PEtab.var"#302#303"{Bool, PEtab.PEtabODEProblemInfo{ODESolver, ODESolver, PEtab.PEtabODEProblemCache{Vector{Float64}, PreallocationTools.DiffCache{Vector{Float64}, Vector{Float64}}, Vector{Float64}, Matrix{Float64}, Dict{Symbol, PreallocationTools.DiffCache}, Dict{Symbol, PreallocationTools.DiffCache}, Dict{Symbol, PreallocationTools.DiffCache}, Vector{Float64}}}, PEtab.PEtabODEProblemInfo{ODESolver, ODESolver, PEtab.PEtabODEProblemCache{Vector{Float64}, PreallocationTools.DiffCache{Vector{Float64}, Vector{Float64}}, Vector{Float64}, Matrix{Float64}, Dict{Symbol, PreallocationTools.DiffCache}, Dict{Symbol, PreallocationTools.DiffCache}, Dict{Symbol, PreallocationTools.DiffCache}, Vector{Float64}}}, Vector{Float64}, Vector{Float64}, Vector{Float64}, PEtab.ModelInfo}, Float64}}(3.426472550197908,0.0,0.0,0.0,0.0,0.0,0.0,0.0,0.0,0.0,0.0,0.0,0.0) > 2, ndz = 0.3596537819647749, ndzprev = 0.10496327540811666
└ @ OrdinaryDiffEqNonlinearSolve ~/.julia/packages/OrdinaryDiffEqNonlinearSolve/doSPx/src/nlsolve.jl:101
┌ Warning: Verbosity toggle: newton_convergence 
│  Newton iteration failed with stale Jacobian, retrying with fresh Jacobian
└ @ OrdinaryDiffEqNonlinearSolve ~/.julia/packages/OrdinaryDiffEqNonlinearSolve/doSPx/src/nlsolve.jl:144
┌ Warning: Verbosity toggle: newton_convergence 
│  Newton iteration failed with stale Jacobian, retrying with fresh Jacobian
└ @ OrdinaryDiffEqNonlinearSolve ~/.julia/packages/OrdinaryDiffEqNonlinearSolve/doSPx/src/nlsolve.jl:144
┌ Warning: Verbosity toggle: newton_convergence 
│  Newton iteration failed with stale Jacobian, retrying with fresh Jacobian
└ @ OrdinaryDiffEqNonlinearSolve ~/.julia/packages/OrdinaryDiffEqNonlinearSolve/doSPx/src/nlsolve.jl:144
┌ Warning: Verbosity toggle: newton_convergence 
│  Newton iteration failed with stale Jacobian, retrying with fresh Jacobian
└ @ OrdinaryDiffEqNonlinearSolve ~/.julia/packages/OrdinaryDiffEqNonlinearSolve/doSPx/src/nlsolve.jl:144
┌ Warning: Verbosity toggle: newton_convergence 
│  Newton iteration failed with stale Jacobian, retrying with fresh Jacobian
└ @ OrdinaryDiffEqNonlinearSolve ~/.julia/packages/OrdinaryDiffEqNonlinearSolve/doSPx/src/nlsolve.jl:144
┌ Warning: Verbosity toggle: dt_epsilon 
│  Initial timestep too small (near machine epsilon), using default: dt = 0.0
└ @ OrdinaryDiffEqCore ~/.julia/packages/OrdinaryDiffEqCore/rnOL4/src/initdt.jl:196
┌ Warning: Verbosity toggle: dt_epsilon 
│  Initial timestep too small (near machine epsilon), using default: dt = 0.0
└ @ OrdinaryDiffEqCore ~/.julia/packages/OrdinaryDiffEqCore/rnOL4/src/initdt.jl:196
┌ Warning: Verbosity toggle: newton_convergence 
│  Newton iteration failed with stale Jacobian, retrying with fresh Jacobian
└ @ OrdinaryDiffEqNonlinearSolve ~/.julia/packages/OrdinaryDiffEqNonlinearSolve/doSPx/src/nlsolve.jl:144
┌ Warning: Verbosity toggle: newton_convergence 
│  Newton iteration diverging: θ = 12.42812661959891 > 2, ndz = 0.3861458990498135, ndzprev = 0.03107032225121275
└ @ OrdinaryDiffEqNonlinearSolve ~/.julia/packages/OrdinaryDiffEqNonlinearSolve/doSPx/src/nlsolve.jl:101
┌ Warning: Verbosity toggle: newton_convergence 
│  Newton iteration failed with stale Jacobian, retrying with fresh Jacobian
└ @ OrdinaryDiffEqNonlinearSolve ~/.julia/packages/OrdinaryDiffEqNonlinearSolve/doSPx/src/nlsolve.jl:144
┌ Warning: Verbosity toggle: newton_convergence 
│  Newton iteration failed with stale Jacobian, retrying with fresh Jacobian
└ @ OrdinaryDiffEqNonlinearSolve ~/.julia/packages/OrdinaryDiffEqNonlinearSolve/doSPx/src/nlsolve.jl:144
┌ Warning: Verbosity toggle: newton_convergence 
│  Newton iteration failed with stale Jacobian, retrying with fresh Jacobian
└ @ OrdinaryDiffEqNonlinearSolve ~/.julia/packages/OrdinaryDiffEqNonlinearSolve/doSPx/src/nlsolve.jl:144
┌ Warning: Verbosity toggle: newton_convergence 
│  Newton iteration failed with stale Jacobian, retrying with fresh Jacobian
└ @ OrdinaryDiffEqNonlinearSolve ~/.julia/packages/OrdinaryDiffEqNonlinearSolve/doSPx/src/nlsolve.jl:144
┌ Warning: Verbosity toggle: newton_convergence 
│  Newton iteration failed with stale Jacobian, retrying with fresh Jacobian
└ @ OrdinaryDiffEqNonlinearSolve ~/.julia/packages/OrdinaryDiffEqNonlinearSolve/doSPx/src/nlsolve.jl:144
┌ Warning: Verbosity toggle: dt_epsilon 
│  Initial timestep too small (near machine epsilon), using default: dt = 0.0
└ @ OrdinaryDiffEqCore ~/.julia/packages/OrdinaryDiffEqCore/rnOL4/src/initdt.jl:196
┌ Warning: Verbosity toggle: dt_epsilon 
│  Initial timestep too small (near machine epsilon), using default: dt = 0.0
└ @ OrdinaryDiffEqCore ~/.julia/packages/OrdinaryDiffEqCore/rnOL4/src/initdt.jl:196
┌ Warning: Verbosity toggle: newton_convergence 
│  Newton iteration failed with stale Jacobian, retrying with fresh Jacobian
└ @ OrdinaryDiffEqNonlinearSolve ~/.julia/packages/OrdinaryDiffEqNonlinearSolve/doSPx/src/nlsolve.jl:144
┌ Warning: Verbosity toggle: newton_convergence 
│  Newton iteration diverging: θ = Dual{ForwardDiff.Tag{PEtab.var"#302#303"{Bool, PEtab.PEtabODEProblemInfo{ODESolver, ODESolver, PEtab.PEtabODEProblemCache{Vector{Float64}, PreallocationTools.DiffCache{Vector{Float64}, Vector{Float64}}, Vector{Float64}, Matrix{Float64}, Dict{Symbol, PreallocationTools.DiffCache}, Dict{Symbol, PreallocationTools.DiffCache}, Dict{Symbol, PreallocationTools.DiffCache}, Vector{Float64}}}, PEtab.PEtabODEProblemInfo{ODESolver, ODESolver, PEtab.PEtabODEProblemCache{Vector{Float64}, PreallocationTools.DiffCache{Vector{Float64}, Vector{Float64}}, Vector{Float64}, Matrix{Float64}, Dict{Symbol, PreallocationTools.DiffCache}, Dict{Symbol, PreallocationTools.DiffCache}, Dict{Symbol, PreallocationTools.DiffCache}, Vector{Float64}}}, Vector{Float64}, Vector{Float64}, Vector{Float64}, PEtab.ModelInfo}, Float64}}(8.888701544094081,0.0,0.0,0.0,0.0,0.0,0.0,0.0,0.0,0.0,0.0,0.0,0.0) > 2, ndz = 0.5203707902252703, ndzprev = 0.05854294776845334
└ @ OrdinaryDiffEqNonlinearSolve ~/.julia/packages/OrdinaryDiffEqNonlinearSolve/doSPx/src/nlsolve.jl:101
┌ Warning: Verbosity toggle: newton_convergence 
│  Newton iteration failed with stale Jacobian, retrying with fresh Jacobian
└ @ OrdinaryDiffEqNonlinearSolve ~/.julia/packages/OrdinaryDiffEqNonlinearSolve/doSPx/src/nlsolve.jl:144
┌ Warning: Verbosity toggle: newton_convergence 
│  Newton iteration failed with stale Jacobian, retrying with fresh Jacobian
└ @ OrdinaryDiffEqNonlinearSolve ~/.julia/packages/OrdinaryDiffEqNonlinearSolve/doSPx/src/nlsolve.jl:144
┌ Warning: Verbosity toggle: newton_convergence 
│  Newton iteration failed with stale Jacobian, retrying with fresh Jacobian
└ @ OrdinaryDiffEqNonlinearSolve ~/.julia/packages/OrdinaryDiffEqNonlinearSolve/doSPx/src/nlsolve.jl:144
┌ Warning: Verbosity toggle: newton_convergence 
│  Newton iteration failed with stale Jacobian, retrying with fresh Jacobian
└ @ OrdinaryDiffEqNonlinearSolve ~/.julia/packages/OrdinaryDiffEqNonlinearSolve/doSPx/src/nlsolve.jl:144
┌ Warning: Verbosity toggle: dt_epsilon 
│  Initial timestep too small (near machine epsilon), using default: dt = 0.0
└ @ OrdinaryDiffEqCore ~/.julia/packages/OrdinaryDiffEqCore/rnOL4/src/initdt.jl:196
┌ Warning: Verbosity toggle: dt_epsilon 
│  Initial timestep too small (near machine epsilon), using default: dt = 0.0
└ @ OrdinaryDiffEqCore ~/.julia/packages/OrdinaryDiffEqCore/rnOL4/src/initdt.jl:196
┌ Warning: Verbosity toggle: newton_convergence 
│  Newton iteration failed with stale Jacobian, retrying with fresh Jacobian
└ @ OrdinaryDiffEqNonlinearSolve ~/.julia/packages/OrdinaryDiffEqNonlinearSolve/doSPx/src/nlsolve.jl:144
┌ Warning: Verbosity toggle: newton_convergence 
│  Newton iteration diverging: θ = Dual{ForwardDiff.Tag{PEtab.var"#302#303"{Bool, PEtab.PEtabODEProblemInfo{ODESolver, ODESolver, PEtab.PEtabODEProblemCache{Vector{Float64}, PreallocationTools.DiffCache{Vector{Float64}, Vector{Float64}}, Vector{Float64}, Matrix{Float64}, Dict{Symbol, PreallocationTools.DiffCache}, Dict{Symbol, PreallocationTools.DiffCache}, Dict{Symbol, PreallocationTools.DiffCache}, Vector{Float64}}}, PEtab.PEtabODEProblemInfo{ODESolver, ODESolver, PEtab.PEtabODEProblemCache{Vector{Float64}, PreallocationTools.DiffCache{Vector{Float64}, Vector{Float64}}, Vector{Float64}, Matrix{Float64}, Dict{Symbol, PreallocationTools.DiffCache}, Dict{Symbol, PreallocationTools.DiffCache}, Dict{Symbol, PreallocationTools.DiffCache}, Vector{Float64}}}, Vector{Float64}, Vector{Float64}, Vector{Float64}, PEtab.ModelInfo}, Float64}}(11.621323466581599,0.0,0.0,0.0,0.0,0.0,0.0,0.0,0.0,0.0,0.0,0.0,0.0) > 2, ndz = 3.4368553315951984, ndzprev = 0.2957369994457392
└ @ OrdinaryDiffEqNonlinearSolve ~/.julia/packages/OrdinaryDiffEqNonlinearSolve/doSPx/src/nlsolve.jl:101
┌ Warning: Verbosity toggle: newton_convergence 
│  Newton iteration failed with stale Jacobian, retrying with fresh Jacobian
└ @ OrdinaryDiffEqNonlinearSolve ~/.julia/packages/OrdinaryDiffEqNonlinearSolve/doSPx/src/nlsolve.jl:144
┌ Warning: Verbosity toggle: newton_convergence 
│  Newton iteration failed with stale Jacobian, retrying with fresh Jacobian
└ @ OrdinaryDiffEqNonlinearSolve ~/.julia/packages/OrdinaryDiffEqNonlinearSolve/doSPx/src/nlsolve.jl:144
┌ Warning: Verbosity toggle: newton_convergence 
│  Newton iteration failed with stale Jacobian, retrying with fresh Jacobian
└ @ OrdinaryDiffEqNonlinearSolve ~/.julia/packages/OrdinaryDiffEqNonlinearSolve/doSPx/src/nlsolve.jl:144
┌ Warning: Verbosity toggle: newton_convergence 
│  Newton iteration failed with stale Jacobian, retrying with fresh Jacobian
└ @ OrdinaryDiffEqNonlinearSolve ~/.julia/packages/OrdinaryDiffEqNonlinearSolve/doSPx/src/nlsolve.jl:144
┌ Warning: Verbosity toggle: newton_convergence 
│  Newton iteration failed with stale Jacobian, retrying with fresh Jacobian
└ @ OrdinaryDiffEqNonlinearSolve ~/.julia/packages/OrdinaryDiffEqNonlinearSolve/doSPx/src/nlsolve.jl:144
┌ Warning: Verbosity toggle: dt_epsilon 
│  Initial timestep too small (near machine epsilon), using default: dt = 0.0
└ @ OrdinaryDiffEqCore ~/.julia/packages/OrdinaryDiffEqCore/rnOL4/src/initdt.jl:196
┌ Warning: Verbosity toggle: dt_epsilon 
│  Initial timestep too small (near machine epsilon), using default: dt = 0.0
└ @ OrdinaryDiffEqCore ~/.julia/packages/OrdinaryDiffEqCore/rnOL4/src/initdt.jl:196
┌ Warning: Verbosity toggle: newton_convergence 
│  Newton iteration failed with stale Jacobian, retrying with fresh Jacobian
└ @ OrdinaryDiffEqNonlinearSolve ~/.julia/packages/OrdinaryDiffEqNonlinearSolve/doSPx/src/nlsolve.jl:144
┌ Warning: Verbosity toggle: newton_convergence 
│  Newton iteration diverging: θ = Dual{ForwardDiff.Tag{PEtab.var"#302#303"{Bool, PEtab.PEtabODEProblemInfo{ODESolver, ODESolver, PEtab.PEtabODEProblemCache{Vector{Float64}, PreallocationTools.DiffCache{Vector{Float64}, Vector{Float64}}, Vector{Float64}, Matrix{Float64}, Dict{Symbol, PreallocationTools.DiffCache}, Dict{Symbol, PreallocationTools.DiffCache}, Dict{Symbol, PreallocationTools.DiffCache}, Vector{Float64}}}, PEtab.PEtabODEProblemInfo{ODESolver, ODESolver, PEtab.PEtabODEProblemCache{Vector{Float64}, PreallocationTools.DiffCache{Vector{Float64}, Vector{Float64}}, Vector{Float64}, Matrix{Float64}, Dict{Symbol, PreallocationTools.DiffCache}, Dict{Symbol, PreallocationTools.DiffCache}, Dict{Symbol, PreallocationTools.DiffCache}, Vector{Float64}}}, Vector{Float64}, Vector{Float64}, Vector{Float64}, PEtab.ModelInfo}, Float64}}(9.494092964422155,0.0,0.0,0.0,0.0,0.0,0.0,0.0,0.0,0.0,0.0,0.0,0.0) > 2, ndz = 1.5189680188513897, ndzprev = 0.15999085163201154
└ @ OrdinaryDiffEqNonlinearSolve ~/.julia/packages/OrdinaryDiffEqNonlinearSolve/doSPx/src/nlsolve.jl:101
┌ Warning: Verbosity toggle: newton_convergence 
│  Newton iteration failed with stale Jacobian, retrying with fresh Jacobian
└ @ OrdinaryDiffEqNonlinearSolve ~/.julia/packages/OrdinaryDiffEqNonlinearSolve/doSPx/src/nlsolve.jl:144
┌ Warning: Verbosity toggle: newton_convergence 
│  Newton iteration failed with stale Jacobian, retrying with fresh Jacobian
└ @ OrdinaryDiffEqNonlinearSolve ~/.julia/packages/OrdinaryDiffEqNonlinearSolve/doSPx/src/nlsolve.jl:144
┌ Warning: Verbosity toggle: newton_convergence 
│  Newton iteration failed with stale Jacobian, retrying with fresh Jacobian
└ @ OrdinaryDiffEqNonlinearSolve ~/.julia/packages/OrdinaryDiffEqNonlinearSolve/doSPx/src/nlsolve.jl:144
┌ Warning: Verbosity toggle: newton_convergence 
│  Newton iteration failed with stale Jacobian, retrying with fresh Jacobian
└ @ OrdinaryDiffEqNonlinearSolve ~/.julia/packages/OrdinaryDiffEqNonlinearSolve/doSPx/src/nlsolve.jl:144
┌ Warning: Verbosity toggle: dt_epsilon 
│  Initial timestep too small (near machine epsilon), using default: dt = 0.0
└ @ OrdinaryDiffEqCore ~/.julia/packages/OrdinaryDiffEqCore/rnOL4/src/initdt.jl:196
┌ Warning: Verbosity toggle: dt_epsilon 
│  Initial timestep too small (near machine epsilon), using default: dt = 0.0
└ @ OrdinaryDiffEqCore ~/.julia/packages/OrdinaryDiffEqCore/rnOL4/src/initdt.jl:196
┌ Warning: Verbosity toggle: newton_convergence 
│  Newton iteration failed with stale Jacobian, retrying with fresh Jacobian
└ @ OrdinaryDiffEqNonlinearSolve ~/.julia/packages/OrdinaryDiffEqNonlinearSolve/doSPx/src/nlsolve.jl:144
┌ Warning: Verbosity toggle: newton_convergence 
│  Newton iteration diverging: θ = Dual{ForwardDiff.Tag{PEtab.var"#302#303"{Bool, PEtab.PEtabODEProblemInfo{ODESolver, ODESolver, PEtab.PEtabODEProblemCache{Vector{Float64}, PreallocationTools.DiffCache{Vector{Float64}, Vector{Float64}}, Vector{Float64}, Matrix{Float64}, Dict{Symbol, PreallocationTools.DiffCache}, Dict{Symbol, PreallocationTools.DiffCache}, Dict{Symbol, PreallocationTools.DiffCache}, Vector{Float64}}}, PEtab.PEtabODEProblemInfo{ODESolver, ODESolver, PEtab.PEtabODEProblemCache{Vector{Float64}, PreallocationTools.DiffCache{Vector{Float64}, Vector{Float64}}, Vector{Float64}, Matrix{Float64}, Dict{Symbol, PreallocationTools.DiffCache}, Dict{Symbol, PreallocationTools.DiffCache}, Dict{Symbol, PreallocationTools.DiffCache}, Vector{Float64}}}, Vector{Float64}, Vector{Float64}, Vector{Float64}, PEtab.ModelInfo}, Float64}}(2.531017111504655,0.0,0.0,0.0,0.0,0.0,0.0,0.0,0.0,0.0,0.0,0.0,0.0) > 2, ndz = 1.566132814300086, ndzprev = 0.6187760672107987
└ @ OrdinaryDiffEqNonlinearSolve ~/.julia/packages/OrdinaryDiffEqNonlinearSolve/doSPx/src/nlsolve.jl:101
┌ Warning: Verbosity toggle: newton_convergence 
│  Newton iteration failed with stale Jacobian, retrying with fresh Jacobian
└ @ OrdinaryDiffEqNonlinearSolve ~/.julia/packages/OrdinaryDiffEqNonlinearSolve/doSPx/src/nlsolve.jl:144
┌ Warning: Verbosity toggle: newton_convergence 
│  Newton iteration failed with stale Jacobian, retrying with fresh Jacobian
└ @ OrdinaryDiffEqNonlinearSolve ~/.julia/packages/OrdinaryDiffEqNonlinearSolve/doSPx/src/nlsolve.jl:144
┌ Warning: Verbosity toggle: newton_convergence 
│  Newton iteration failed with stale Jacobian, retrying with fresh Jacobian
└ @ OrdinaryDiffEqNonlinearSolve ~/.julia/packages/OrdinaryDiffEqNonlinearSolve/doSPx/src/nlsolve.jl:144
┌ Warning: Verbosity toggle: newton_convergence 
│  Newton iteration failed with stale Jacobian, retrying with fresh Jacobian
└ @ OrdinaryDiffEqNonlinearSolve ~/.julia/packages/OrdinaryDiffEqNonlinearSolve/doSPx/src/nlsolve.jl:144
┌ Warning: Verbosity toggle: newton_convergence 
│  Newton iteration failed with stale Jacobian, retrying with fresh Jacobian
└ @ OrdinaryDiffEqNonlinearSolve ~/.julia/packages/OrdinaryDiffEqNonlinearSolve/doSPx/src/nlsolve.jl:144
┌ Warning: Verbosity toggle: dt_epsilon 
│  Initial timestep too small (near machine epsilon), using default: dt = 0.0
└ @ OrdinaryDiffEqCore ~/.julia/packages/OrdinaryDiffEqCore/rnOL4/src/initdt.jl:196
┌ Warning: Verbosity toggle: dt_epsilon 
│  Initial timestep too small (near machine epsilon), using default: dt = 0.0
└ @ OrdinaryDiffEqCore ~/.julia/packages/OrdinaryDiffEqCore/rnOL4/src/initdt.jl:196
┌ Warning: Verbosity toggle: newton_convergence 
│  Newton iteration failed with stale Jacobian, retrying with fresh Jacobian
└ @ OrdinaryDiffEqNonlinearSolve ~/.julia/packages/OrdinaryDiffEqNonlinearSolve/doSPx/src/nlsolve.jl:144
┌ Warning: Verbosity toggle: newton_convergence 
│  Newton iteration diverging: θ = Dual{ForwardDiff.Tag{PEtab.var"#302#303"{Bool, PEtab.PEtabODEProblemInfo{ODESolver, ODESolver, PEtab.PEtabODEProblemCache{Vector{Float64}, PreallocationTools.DiffCache{Vector{Float64}, Vector{Float64}}, Vector{Float64}, Matrix{Float64}, Dict{Symbol, PreallocationTools.DiffCache}, Dict{Symbol, PreallocationTools.DiffCache}, Dict{Symbol, PreallocationTools.DiffCache}, Vector{Float64}}}, PEtab.PEtabODEProblemInfo{ODESolver, ODESolver, PEtab.PEtabODEProblemCache{Vector{Float64}, PreallocationTools.DiffCache{Vector{Float64}, Vector{Float64}}, Vector{Float64}, Matrix{Float64}, Dict{Symbol, PreallocationTools.DiffCache}, Dict{Symbol, PreallocationTools.DiffCache}, Dict{Symbol, PreallocationTools.DiffCache}, Vector{Float64}}}, Vector{Float64}, Vector{Float64}, Vector{Float64}, PEtab.ModelInfo}, Float64}}(15.320913501086103,0.0,0.0,0.0,0.0,0.0,0.0,0.0,0.0,0.0,0.0,0.0,0.0) > 2, ndz = 2.1402051081668194, ndzprev = 0.1396917427942596
└ @ OrdinaryDiffEqNonlinearSolve ~/.julia/packages/OrdinaryDiffEqNonlinearSolve/doSPx/src/nlsolve.jl:101
┌ Warning: Verbosity toggle: newton_convergence 
│  Newton iteration failed with stale Jacobian, retrying with fresh Jacobian
└ @ OrdinaryDiffEqNonlinearSolve ~/.julia/packages/OrdinaryDiffEqNonlinearSolve/doSPx/src/nlsolve.jl:144
┌ Warning: Verbosity toggle: newton_convergence 
│  Newton iteration failed with stale Jacobian, retrying with fresh Jacobian
└ @ OrdinaryDiffEqNonlinearSolve ~/.julia/packages/OrdinaryDiffEqNonlinearSolve/doSPx/src/nlsolve.jl:144
┌ Warning: Verbosity toggle: newton_convergence 
│  Newton iteration failed with stale Jacobian, retrying with fresh Jacobian
└ @ OrdinaryDiffEqNonlinearSolve ~/.julia/packages/OrdinaryDiffEqNonlinearSolve/doSPx/src/nlsolve.jl:144
┌ Warning: Verbosity toggle: newton_convergence 
│  Newton iteration failed with stale Jacobian, retrying with fresh Jacobian
└ @ OrdinaryDiffEqNonlinearSolve ~/.julia/packages/OrdinaryDiffEqNonlinearSolve/doSPx/src/nlsolve.jl:144
┌ Warning: Verbosity toggle: newton_convergence 
│  Newton iteration failed with stale Jacobian, retrying with fresh Jacobian
└ @ OrdinaryDiffEqNonlinearSolve ~/.julia/packages/OrdinaryDiffEqNonlinearSolve/doSPx/src/nlsolve.jl:144
┌ Warning: Verbosity toggle: dt_epsilon 
│  Initial timestep too small (near machine epsilon), using default: dt = 0.0
└ @ OrdinaryDiffEqCore ~/.julia/packages/OrdinaryDiffEqCore/rnOL4/src/initdt.jl:196
┌ Warning: Verbosity toggle: dt_epsilon 
│  Initial timestep too small (near machine epsilon), using default: dt = 0.0
└ @ OrdinaryDiffEqCore ~/.julia/packages/OrdinaryDiffEqCore/rnOL4/src/initdt.jl:196
┌ Warning: Verbosity toggle: newton_convergence 
│  Newton iteration failed with stale Jacobian, retrying with fresh Jacobian
└ @ OrdinaryDiffEqNonlinearSolve ~/.julia/packages/OrdinaryDiffEqNonlinearSolve/doSPx/src/nlsolve.jl:144
┌ Warning: Verbosity toggle: newton_convergence 
│  Newton iteration diverging: θ = 15.47880333875727 > 2, ndz = 1.3480249537021698, ndzprev = 0.08708844761447801
└ @ OrdinaryDiffEqNonlinearSolve ~/.julia/packages/OrdinaryDiffEqNonlinearSolve/doSPx/src/nlsolve.jl:101
┌ Warning: Verbosity toggle: newton_convergence 
│  Newton iteration failed with stale Jacobian, retrying with fresh Jacobian
└ @ OrdinaryDiffEqNonlinearSolve ~/.julia/packages/OrdinaryDiffEqNonlinearSolve/doSPx/src/nlsolve.jl:144
┌ Warning: Verbosity toggle: newton_convergence 
│  Newton iteration failed with stale Jacobian, retrying with fresh Jacobian
└ @ OrdinaryDiffEqNonlinearSolve ~/.julia/packages/OrdinaryDiffEqNonlinearSolve/doSPx/src/nlsolve.jl:144
┌ Warning: Verbosity toggle: newton_convergence 
│  Newton iteration failed with stale Jacobian, retrying with fresh Jacobian
└ @ OrdinaryDiffEqNonlinearSolve ~/.julia/packages/OrdinaryDiffEqNonlinearSolve/doSPx/src/nlsolve.jl:144
┌ Warning: Verbosity toggle: newton_convergence 
│  Newton iteration failed with stale Jacobian, retrying with fresh Jacobian
└ @ OrdinaryDiffEqNonlinearSolve ~/.julia/packages/OrdinaryDiffEqNonlinearSolve/doSPx/src/nlsolve.jl:144
┌ Warning: Verbosity toggle: newton_convergence 
│  Newton iteration failed with stale Jacobian, retrying with fresh Jacobian
└ @ OrdinaryDiffEqNonlinearSolve ~/.julia/packages/OrdinaryDiffEqNonlinearSolve/doSPx/src/nlsolve.jl:144
┌ Warning: Verbosity toggle: dt_epsilon 
│  Initial timestep too small (near machine epsilon), using default: dt = 0.0
└ @ OrdinaryDiffEqCore ~/.julia/packages/OrdinaryDiffEqCore/rnOL4/src/initdt.jl:196
┌ Warning: Verbosity toggle: dt_epsilon 
│  Initial timestep too small (near machine epsilon), using default: dt = 0.0
└ @ OrdinaryDiffEqCore ~/.julia/packages/OrdinaryDiffEqCore/rnOL4/src/initdt.jl:196
┌ Warning: Verbosity toggle: newton_convergence 
│  Newton iteration failed with stale Jacobian, retrying with fresh Jacobian
└ @ OrdinaryDiffEqNonlinearSolve ~/.julia/packages/OrdinaryDiffEqNonlinearSolve/doSPx/src/nlsolve.jl:144
┌ Warning: Verbosity toggle: newton_convergence 
│  Newton iteration diverging: θ = Dual{ForwardDiff.Tag{PEtab.var"#302#303"{Bool, PEtab.PEtabODEProblemInfo{ODESolver, ODESolver, PEtab.PEtabODEProblemCache{Vector{Float64}, PreallocationTools.DiffCache{Vector{Float64}, Vector{Float64}}, Vector{Float64}, Matrix{Float64}, Dict{Symbol, PreallocationTools.DiffCache}, Dict{Symbol, PreallocationTools.DiffCache}, Dict{Symbol, PreallocationTools.DiffCache}, Vector{Float64}}}, PEtab.PEtabODEProblemInfo{ODESolver, ODESolver, PEtab.PEtabODEProblemCache{Vector{Float64}, PreallocationTools.DiffCache{Vector{Float64}, Vector{Float64}}, Vector{Float64}, Matrix{Float64}, Dict{Symbol, PreallocationTools.DiffCache}, Dict{Symbol, PreallocationTools.DiffCache}, Dict{Symbol, PreallocationTools.DiffCache}, Vector{Float64}}}, Vector{Float64}, Vector{Float64}, Vector{Float64}, PEtab.ModelInfo}, Float64}}(2.9887683395145004,0.0,0.0,0.0,0.0,0.0,0.0,0.0,0.0,0.0,0.0,0.0,0.0) > 2, ndz = 0.15423904757030654, ndzprev = 0.05160622371801534
└ @ OrdinaryDiffEqNonlinearSolve ~/.julia/packages/OrdinaryDiffEqNonlinearSolve/doSPx/src/nlsolve.jl:101
┌ Warning: Verbosity toggle: newton_convergence 
│  Newton iteration failed with stale Jacobian, retrying with fresh Jacobian
└ @ OrdinaryDiffEqNonlinearSolve ~/.julia/packages/OrdinaryDiffEqNonlinearSolve/doSPx/src/nlsolve.jl:144
┌ Warning: Verbosity toggle: newton_convergence 
│  Newton iteration failed with stale Jacobian, retrying with fresh Jacobian
└ @ OrdinaryDiffEqNonlinearSolve ~/.julia/packages/OrdinaryDiffEqNonlinearSolve/doSPx/src/nlsolve.jl:144
┌ Warning: Verbosity toggle: newton_convergence 
│  Newton iteration failed with stale Jacobian, retrying with fresh Jacobian
└ @ OrdinaryDiffEqNonlinearSolve ~/.julia/packages/OrdinaryDiffEqNonlinearSolve/doSPx/src/nlsolve.jl:144
┌ Warning: Verbosity toggle: newton_convergence 
│  Newton iteration failed with stale Jacobian, retrying with fresh Jacobian
└ @ OrdinaryDiffEqNonlinearSolve ~/.julia/packages/OrdinaryDiffEqNonlinearSolve/doSPx/src/nlsolve.jl:144
┌ Warning: Verbosity toggle: dt_epsilon 
│  Initial timestep too small (near machine epsilon), using default: dt = 0.0
└ @ OrdinaryDiffEqCore ~/.julia/packages/OrdinaryDiffEqCore/rnOL4/src/initdt.jl:196
┌ Warning: Verbosity toggle: dt_epsilon 
│  Initial timestep too small (near machine epsilon), using default: dt = 0.0
└ @ OrdinaryDiffEqCore ~/.julia/packages/OrdinaryDiffEqCore/rnOL4/src/initdt.jl:196
┌ Warning: Verbosity toggle: newton_convergence 
│  Newton iteration failed with stale Jacobian, retrying with fresh Jacobian
└ @ OrdinaryDiffEqNonlinearSolve ~/.julia/packages/OrdinaryDiffEqNonlinearSolve/doSPx/src/nlsolve.jl:144
┌ Warning: Verbosity toggle: newton_convergence 
│  Newton iteration diverging: θ = Dual{ForwardDiff.Tag{PEtab.var"#302#303"{Bool, PEtab.PEtabODEProblemInfo{ODESolver, ODESolver, PEtab.PEtabODEProblemCache{Vector{Float64}, PreallocationTools.DiffCache{Vector{Float64}, Vector{Float64}}, Vector{Float64}, Matrix{Float64}, Dict{Symbol, PreallocationTools.DiffCache}, Dict{Symbol, PreallocationTools.DiffCache}, Dict{Symbol, PreallocationTools.DiffCache}, Vector{Float64}}}, PEtab.PEtabODEProblemInfo{ODESolver, ODESolver, PEtab.PEtabODEProblemCache{Vector{Float64}, PreallocationTools.DiffCache{Vector{Float64}, Vector{Float64}}, Vector{Float64}, Matrix{Float64}, Dict{Symbol, PreallocationTools.DiffCache}, Dict{Symbol, PreallocationTools.DiffCache}, Dict{Symbol, PreallocationTools.DiffCache}, Vector{Float64}}}, Vector{Float64}, Vector{Float64}, Vector{Float64}, PEtab.ModelInfo}, Float64}}(2.44128931406613,0.0,0.0,0.0,0.0,0.0,0.0,0.0,0.0,0.0,0.0,0.0,0.0) > 2, ndz = 0.7903874662720062, ndzprev = 0.32375821321872056
└ @ OrdinaryDiffEqNonlinearSolve ~/.julia/packages/OrdinaryDiffEqNonlinearSolve/doSPx/src/nlsolve.jl:101
┌ Warning: Verbosity toggle: newton_convergence 
│  Newton iteration failed with stale Jacobian, retrying with fresh Jacobian
└ @ OrdinaryDiffEqNonlinearSolve ~/.julia/packages/OrdinaryDiffEqNonlinearSolve/doSPx/src/nlsolve.jl:144
┌ Warning: Verbosity toggle: newton_convergence 
│  Newton iteration failed with stale Jacobian, retrying with fresh Jacobian
└ @ OrdinaryDiffEqNonlinearSolve ~/.julia/packages/OrdinaryDiffEqNonlinearSolve/doSPx/src/nlsolve.jl:144
┌ Warning: Verbosity toggle: newton_convergence 
│  Newton iteration failed with stale Jacobian, retrying with fresh Jacobian
└ @ OrdinaryDiffEqNonlinearSolve ~/.julia/packages/OrdinaryDiffEqNonlinearSolve/doSPx/src/nlsolve.jl:144
┌ Warning: Verbosity toggle: newton_convergence 
│  Newton iteration failed with stale Jacobian, retrying with fresh Jacobian
└ @ OrdinaryDiffEqNonlinearSolve ~/.julia/packages/OrdinaryDiffEqNonlinearSolve/doSPx/src/nlsolve.jl:144
┌ Warning: Verbosity toggle: newton_convergence 
│  Newton iteration failed with stale Jacobian, retrying with fresh Jacobian
└ @ OrdinaryDiffEqNonlinearSolve ~/.julia/packages/OrdinaryDiffEqNonlinearSolve/doSPx/src/nlsolve.jl:144
┌ Warning: Verbosity toggle: dt_epsilon 
│  Initial timestep too small (near machine epsilon), using default: dt = 0.0
└ @ OrdinaryDiffEqCore ~/.julia/packages/OrdinaryDiffEqCore/rnOL4/src/initdt.jl:196
┌ Warning: Verbosity toggle: dt_epsilon 
│  Initial timestep too small (near machine epsilon), using default: dt = 0.0
└ @ OrdinaryDiffEqCore ~/.julia/packages/OrdinaryDiffEqCore/rnOL4/src/initdt.jl:196
┌ Warning: Verbosity toggle: newton_convergence 
│  Newton iteration failed with stale Jacobian, retrying with fresh Jacobian
└ @ OrdinaryDiffEqNonlinearSolve ~/.julia/packages/OrdinaryDiffEqNonlinearSolve/doSPx/src/nlsolve.jl:144
┌ Warning: Verbosity toggle: newton_convergence 
│  Newton iteration diverging: θ = Dual{ForwardDiff.Tag{PEtab.var"#302#303"{Bool, PEtab.PEtabODEProblemInfo{ODESolver, ODESolver, PEtab.PEtabODEProblemCache{Vector{Float64}, PreallocationTools.DiffCache{Vector{Float64}, Vector{Float64}}, Vector{Float64}, Matrix{Float64}, Dict{Symbol, PreallocationTools.DiffCache}, Dict{Symbol, PreallocationTools.DiffCache}, Dict{Symbol, PreallocationTools.DiffCache}, Vector{Float64}}}, PEtab.PEtabODEProblemInfo{ODESolver, ODESolver, PEtab.PEtabODEProblemCache{Vector{Float64}, PreallocationTools.DiffCache{Vector{Float64}, Vector{Float64}}, Vector{Float64}, Matrix{Float64}, Dict{Symbol, PreallocationTools.DiffCache}, Dict{Symbol, PreallocationTools.DiffCache}, Dict{Symbol, PreallocationTools.DiffCache}, Vector{Float64}}}, Vector{Float64}, Vector{Float64}, Vector{Float64}, PEtab.ModelInfo}, Float64}}(4.187347430021842,0.0,0.0,0.0,0.0,0.0,0.0,0.0,0.0,0.0,0.0,0.0,0.0) > 2, ndz = 0.5850182717969976, ndzprev = 0.13971094626698938
└ @ OrdinaryDiffEqNonlinearSolve ~/.julia/packages/OrdinaryDiffEqNonlinearSolve/doSPx/src/nlsolve.jl:101
┌ Warning: Verbosity toggle: newton_convergence 
│  Newton iteration failed with stale Jacobian, retrying with fresh Jacobian
└ @ OrdinaryDiffEqNonlinearSolve ~/.julia/packages/OrdinaryDiffEqNonlinearSolve/doSPx/src/nlsolve.jl:144
┌ Warning: Verbosity toggle: newton_convergence 
│  Newton iteration failed with stale Jacobian, retrying with fresh Jacobian
└ @ OrdinaryDiffEqNonlinearSolve ~/.julia/packages/OrdinaryDiffEqNonlinearSolve/doSPx/src/nlsolve.jl:144
┌ Warning: Verbosity toggle: newton_convergence 
│  Newton iteration failed with stale Jacobian, retrying with fresh Jacobian
└ @ OrdinaryDiffEqNonlinearSolve ~/.julia/packages/OrdinaryDiffEqNonlinearSolve/doSPx/src/nlsolve.jl:144
┌ Warning: Verbosity toggle: newton_convergence 
│  Newton iteration failed with stale Jacobian, retrying with fresh Jacobian
└ @ OrdinaryDiffEqNonlinearSolve ~/.julia/packages/OrdinaryDiffEqNonlinearSolve/doSPx/src/nlsolve.jl:144
┌ Warning: Verbosity toggle: dt_epsilon 
│  Initial timestep too small (near machine epsilon), using default: dt = 0.0
└ @ OrdinaryDiffEqCore ~/.julia/packages/OrdinaryDiffEqCore/rnOL4/src/initdt.jl:196
┌ Warning: Verbosity toggle: dt_epsilon 
│  Initial timestep too small (near machine epsilon), using default: dt = 0.0
└ @ OrdinaryDiffEqCore ~/.julia/packages/OrdinaryDiffEqCore/rnOL4/src/initdt.jl:196
┌ Warning: Verbosity toggle: newton_convergence 
│  Newton iteration failed with stale Jacobian, retrying with fresh Jacobian
└ @ OrdinaryDiffEqNonlinearSolve ~/.julia/packages/OrdinaryDiffEqNonlinearSolve/doSPx/src/nlsolve.jl:144
┌ Warning: Verbosity toggle: newton_convergence 
│  Newton iteration diverging: θ = Dual{ForwardDiff.Tag{PEtab.var"#302#303"{Bool, PEtab.PEtabODEProblemInfo{ODESolver, ODESolver, PEtab.PEtabODEProblemCache{Vector{Float64}, PreallocationTools.DiffCache{Vector{Float64}, Vector{Float64}}, Vector{Float64}, Matrix{Float64}, Dict{Symbol, PreallocationTools.DiffCache}, Dict{Symbol, PreallocationTools.DiffCache}, Dict{Symbol, PreallocationTools.DiffCache}, Vector{Float64}}}, PEtab.PEtabODEProblemInfo{ODESolver, ODESolver, PEtab.PEtabODEProblemCache{Vector{Float64}, PreallocationTools.DiffCache{Vector{Float64}, Vector{Float64}}, Vector{Float64}, Matrix{Float64}, Dict{Symbol, PreallocationTools.DiffCache}, Dict{Symbol, PreallocationTools.DiffCache}, Dict{Symbol, PreallocationTools.DiffCache}, Vector{Float64}}}, Vector{Float64}, Vector{Float64}, Vector{Float64}, PEtab.ModelInfo}, Float64}}(5.162139752018376,0.0,0.0,0.0,0.0,0.0,0.0,0.0,0.0,0.0,0.0,0.0,0.0) > 2, ndz = 3.3704762447805527, ndzprev = 0.6529223164604774
└ @ OrdinaryDiffEqNonlinearSolve ~/.julia/packages/OrdinaryDiffEqNonlinearSolve/doSPx/src/nlsolve.jl:101
┌ Warning: Verbosity toggle: newton_convergence 
│  Newton iteration failed with stale Jacobian, retrying with fresh Jacobian
└ @ OrdinaryDiffEqNonlinearSolve ~/.julia/packages/OrdinaryDiffEqNonlinearSolve/doSPx/src/nlsolve.jl:144
┌ Warning: Verbosity toggle: newton_convergence 
│  Newton iteration failed with stale Jacobian, retrying with fresh Jacobian
└ @ OrdinaryDiffEqNonlinearSolve ~/.julia/packages/OrdinaryDiffEqNonlinearSolve/doSPx/src/nlsolve.jl:144
┌ Warning: Verbosity toggle: newton_convergence 
│  Newton iteration failed with stale Jacobian, retrying with fresh Jacobian
└ @ OrdinaryDiffEqNonlinearSolve ~/.julia/packages/OrdinaryDiffEqNonlinearSolve/doSPx/src/nlsolve.jl:144
┌ Warning: Verbosity toggle: newton_convergence 
│  Newton iteration failed with stale Jacobian, retrying with fresh Jacobian
└ @ OrdinaryDiffEqNonlinearSolve ~/.julia/packages/OrdinaryDiffEqNonlinearSolve/doSPx/src/nlsolve.jl:144
┌ Warning: Verbosity toggle: newton_convergence 
│  Newton iteration failed with stale Jacobian, retrying with fresh Jacobian
└ @ OrdinaryDiffEqNonlinearSolve ~/.julia/packages/OrdinaryDiffEqNonlinearSolve/doSPx/src/nlsolve.jl:144
┌ Warning: Verbosity toggle: dt_epsilon 
│  Initial timestep too small (near machine epsilon), using default: dt = 0.0
└ @ OrdinaryDiffEqCore ~/.julia/packages/OrdinaryDiffEqCore/rnOL4/src/initdt.jl:196
┌ Warning: Verbosity toggle: dt_epsilon 
│  Initial timestep too small (near machine epsilon), using default: dt = 0.0
└ @ OrdinaryDiffEqCore ~/.julia/packages/OrdinaryDiffEqCore/rnOL4/src/initdt.jl:196
┌ Warning: Verbosity toggle: newton_convergence 
│  Newton iteration failed with stale Jacobian, retrying with fresh Jacobian
└ @ OrdinaryDiffEqNonlinearSolve ~/.julia/packages/OrdinaryDiffEqNonlinearSolve/doSPx/src/nlsolve.jl:144
┌ Warning: Verbosity toggle: newton_convergence 
│  Newton iteration diverging: θ = Dual{ForwardDiff.Tag{PEtab.var"#302#303"{Bool, PEtab.PEtabODEProblemInfo{ODESolver, ODESolver, PEtab.PEtabODEProblemCache{Vector{Float64}, PreallocationTools.DiffCache{Vector{Float64}, Vector{Float64}}, Vector{Float64}, Matrix{Float64}, Dict{Symbol, PreallocationTools.DiffCache}, Dict{Symbol, PreallocationTools.DiffCache}, Dict{Symbol, PreallocationTools.DiffCache}, Vector{Float64}}}, PEtab.PEtabODEProblemInfo{ODESolver, ODESolver, PEtab.PEtabODEProblemCache{Vector{Float64}, PreallocationTools.DiffCache{Vector{Float64}, Vector{Float64}}, Vector{Float64}, Matrix{Float64}, Dict{Symbol, PreallocationTools.DiffCache}, Dict{Symbol, PreallocationTools.DiffCache}, Dict{Symbol, PreallocationTools.DiffCache}, Vector{Float64}}}, Vector{Float64}, Vector{Float64}, Vector{Float64}, PEtab.ModelInfo}, Float64}}(2.6628941599007128,0.0,0.0,0.0,0.0,0.0,0.0,0.0,0.0,0.0,0.0,0.0,0.0) > 2, ndz = 0.27685568522013937, ndzprev = 0.1039679644009817
└ @ OrdinaryDiffEqNonlinearSolve ~/.julia/packages/OrdinaryDiffEqNonlinearSolve/doSPx/src/nlsolve.jl:101
┌ Warning: Verbosity toggle: newton_convergence 
│  Newton iteration failed with stale Jacobian, retrying with fresh Jacobian
└ @ OrdinaryDiffEqNonlinearSolve ~/.julia/packages/OrdinaryDiffEqNonlinearSolve/doSPx/src/nlsolve.jl:144
┌ Warning: Verbosity toggle: newton_convergence 
│  Newton iteration failed with stale Jacobian, retrying with fresh Jacobian
└ @ OrdinaryDiffEqNonlinearSolve ~/.julia/packages/OrdinaryDiffEqNonlinearSolve/doSPx/src/nlsolve.jl:144
┌ Warning: Verbosity toggle: newton_convergence 
│  Newton iteration failed with stale Jacobian, retrying with fresh Jacobian
└ @ OrdinaryDiffEqNonlinearSolve ~/.julia/packages/OrdinaryDiffEqNonlinearSolve/doSPx/src/nlsolve.jl:144
┌ Warning: Verbosity toggle: newton_convergence 
│  Newton iteration failed with stale Jacobian, retrying with fresh Jacobian
└ @ OrdinaryDiffEqNonlinearSolve ~/.julia/packages/OrdinaryDiffEqNonlinearSolve/doSPx/src/nlsolve.jl:144
┌ Warning: Verbosity toggle: newton_convergence 
│  Newton iteration failed with stale Jacobian, retrying with fresh Jacobian
└ @ OrdinaryDiffEqNonlinearSolve ~/.julia/packages/OrdinaryDiffEqNonlinearSolve/doSPx/src/nlsolve.jl:144
┌ Warning: Verbosity toggle: dt_epsilon 
│  Initial timestep too small (near machine epsilon), using default: dt = 0.0
└ @ OrdinaryDiffEqCore ~/.julia/packages/OrdinaryDiffEqCore/rnOL4/src/initdt.jl:196
┌ Warning: Verbosity toggle: dt_epsilon 
│  Initial timestep too small (near machine epsilon), using default: dt = 0.0
└ @ OrdinaryDiffEqCore ~/.julia/packages/OrdinaryDiffEqCore/rnOL4/src/initdt.jl:196
┌ Warning: Verbosity toggle: newton_convergence 
│  Newton iteration failed with stale Jacobian, retrying with fresh Jacobian
└ @ OrdinaryDiffEqNonlinearSolve ~/.julia/packages/OrdinaryDiffEqNonlinearSolve/doSPx/src/nlsolve.jl:144
┌ Warning: Verbosity toggle: newton_convergence 
│  Newton iteration diverging: θ = 3.709197020832124 > 2, ndz = 0.22016941760900186, ndzprev = 0.05935770366805937
└ @ OrdinaryDiffEqNonlinearSolve ~/.julia/packages/OrdinaryDiffEqNonlinearSolve/doSPx/src/nlsolve.jl:101
┌ Warning: Verbosity toggle: newton_convergence 
│  Newton iteration failed with stale Jacobian, retrying with fresh Jacobian
└ @ OrdinaryDiffEqNonlinearSolve ~/.julia/packages/OrdinaryDiffEqNonlinearSolve/doSPx/src/nlsolve.jl:144
┌ Warning: Verbosity toggle: newton_convergence 
│  Newton iteration failed with stale Jacobian, retrying with fresh Jacobian
└ @ OrdinaryDiffEqNonlinearSolve ~/.julia/packages/OrdinaryDiffEqNonlinearSolve/doSPx/src/nlsolve.jl:144
┌ Warning: Verbosity toggle: newton_convergence 
│  Newton iteration failed with stale Jacobian, retrying with fresh Jacobian
└ @ OrdinaryDiffEqNonlinearSolve ~/.julia/packages/OrdinaryDiffEqNonlinearSolve/doSPx/src/nlsolve.jl:144
┌ Warning: Verbosity toggle: newton_convergence 
│  Newton iteration failed with stale Jacobian, retrying with fresh Jacobian
└ @ OrdinaryDiffEqNonlinearSolve ~/.julia/packages/OrdinaryDiffEqNonlinearSolve/doSPx/src/nlsolve.jl:144
┌ Warning: Verbosity toggle: newton_convergence 
│  Newton iteration failed with stale Jacobian, retrying with fresh Jacobian
└ @ OrdinaryDiffEqNonlinearSolve ~/.julia/packages/OrdinaryDiffEqNonlinearSolve/doSPx/src/nlsolve.jl:144
┌ Warning: Verbosity toggle: dt_epsilon 
│  Initial timestep too small (near machine epsilon), using default: dt = 0.0
└ @ OrdinaryDiffEqCore ~/.julia/packages/OrdinaryDiffEqCore/rnOL4/src/initdt.jl:196
┌ Warning: Verbosity toggle: dt_epsilon 
│  Initial timestep too small (near machine epsilon), using default: dt = 0.0
└ @ OrdinaryDiffEqCore ~/.julia/packages/OrdinaryDiffEqCore/rnOL4/src/initdt.jl:196
┌ Warning: Verbosity toggle: newton_convergence 
│  Newton iteration failed with stale Jacobian, retrying with fresh Jacobian
└ @ OrdinaryDiffEqNonlinearSolve ~/.julia/packages/OrdinaryDiffEqNonlinearSolve/doSPx/src/nlsolve.jl:144
┌ Warning: Verbosity toggle: newton_convergence 
│  Newton iteration diverging: θ = Dual{ForwardDiff.Tag{PEtab.var"#302#303"{Bool, PEtab.PEtabODEProblemInfo{ODESolver, ODESolver, PEtab.PEtabODEProblemCache{Vector{Float64}, PreallocationTools.DiffCache{Vector{Float64}, Vector{Float64}}, Vector{Float64}, Matrix{Float64}, Dict{Symbol, PreallocationTools.DiffCache}, Dict{Symbol, PreallocationTools.DiffCache}, Dict{Symbol, PreallocationTools.DiffCache}, Vector{Float64}}}, PEtab.PEtabODEProblemInfo{ODESolver, ODESolver, PEtab.PEtabODEProblemCache{Vector{Float64}, PreallocationTools.DiffCache{Vector{Float64}, Vector{Float64}}, Vector{Float64}, Matrix{Float64}, Dict{Symbol, PreallocationTools.DiffCache}, Dict{Symbol, PreallocationTools.DiffCache}, Dict{Symbol, PreallocationTools.DiffCache}, Vector{Float64}}}, Vector{Float64}, Vector{Float64}, Vector{Float64}, PEtab.ModelInfo}, Float64}}(8.854076323611523,0.0,0.0,0.0,0.0,0.0,0.0,0.0,0.0,0.0,0.0,0.0,0.0) > 2, ndz = 0.5220040744583949, ndzprev = 0.05895635585005582
└ @ OrdinaryDiffEqNonlinearSolve ~/.julia/packages/OrdinaryDiffEqNonlinearSolve/doSPx/src/nlsolve.jl:101
┌ Warning: Verbosity toggle: newton_convergence 
│  Newton iteration failed with stale Jacobian, retrying with fresh Jacobian
└ @ OrdinaryDiffEqNonlinearSolve ~/.julia/packages/OrdinaryDiffEqNonlinearSolve/doSPx/src/nlsolve.jl:144
┌ Warning: Verbosity toggle: newton_convergence 
│  Newton iteration failed with stale Jacobian, retrying with fresh Jacobian
└ @ OrdinaryDiffEqNonlinearSolve ~/.julia/packages/OrdinaryDiffEqNonlinearSolve/doSPx/src/nlsolve.jl:144
┌ Warning: Verbosity toggle: newton_convergence 
│  Newton iteration failed with stale Jacobian, retrying with fresh Jacobian
└ @ OrdinaryDiffEqNonlinearSolve ~/.julia/packages/OrdinaryDiffEqNonlinearSolve/doSPx/src/nlsolve.jl:144
┌ Warning: Verbosity toggle: newton_convergence 
│  Newton iteration failed with stale Jacobian, retrying with fresh Jacobian
└ @ OrdinaryDiffEqNonlinearSolve ~/.julia/packages/OrdinaryDiffEqNonlinearSolve/doSPx/src/nlsolve.jl:144
┌ Warning: Verbosity toggle: dt_epsilon 
│  Initial timestep too small (near machine epsilon), using default: dt = 0.0
└ @ OrdinaryDiffEqCore ~/.julia/packages/OrdinaryDiffEqCore/rnOL4/src/initdt.jl:196
┌ Warning: Verbosity toggle: dt_epsilon 
│  Initial timestep too small (near machine epsilon), using default: dt = 0.0
└ @ OrdinaryDiffEqCore ~/.julia/packages/OrdinaryDiffEqCore/rnOL4/src/initdt.jl:196
┌ Warning: Verbosity toggle: newton_convergence 
│  Newton iteration failed with stale Jacobian, retrying with fresh Jacobian
└ @ OrdinaryDiffEqNonlinearSolve ~/.julia/packages/OrdinaryDiffEqNonlinearSolve/doSPx/src/nlsolve.jl:144
┌ Warning: Verbosity toggle: newton_convergence 
│  Newton iteration diverging: θ = Dual{ForwardDiff.Tag{PEtab.var"#302#303"{Bool, PEtab.PEtabODEProblemInfo{ODESolver, ODESolver, PEtab.PEtabODEProblemCache{Vector{Float64}, PreallocationTools.DiffCache{Vector{Float64}, Vector{Float64}}, Vector{Float64}, Matrix{Float64}, Dict{Symbol, PreallocationTools.DiffCache}, Dict{Symbol, PreallocationTools.DiffCache}, Dict{Symbol, PreallocationTools.DiffCache}, Vector{Float64}}}, PEtab.PEtabODEProblemInfo{ODESolver, ODESolver, PEtab.PEtabODEProblemCache{Vector{Float64}, PreallocationTools.DiffCache{Vector{Float64}, Vector{Float64}}, Vector{Float64}, Matrix{Float64}, Dict{Symbol, PreallocationTools.DiffCache}, Dict{Symbol, PreallocationTools.DiffCache}, Dict{Symbol, PreallocationTools.DiffCache}, Vector{Float64}}}, Vector{Float64}, Vector{Float64}, Vector{Float64}, PEtab.ModelInfo}, Float64}}(2.1269075918265226,0.0,0.0,0.0,0.0,0.0,0.0,0.0,0.0,0.0,0.0,0.0,0.0) > 2, ndz = 0.6890196228543981, ndzprev = 0.32395371830079805
└ @ OrdinaryDiffEqNonlinearSolve ~/.julia/packages/OrdinaryDiffEqNonlinearSolve/doSPx/src/nlsolve.jl:101
┌ Warning: Verbosity toggle: newton_convergence 
│  Newton iteration failed with stale Jacobian, retrying with fresh Jacobian
└ @ OrdinaryDiffEqNonlinearSolve ~/.julia/packages/OrdinaryDiffEqNonlinearSolve/doSPx/src/nlsolve.jl:144
┌ Warning: Verbosity toggle: newton_convergence 
│  Newton iteration failed with stale Jacobian, retrying with fresh Jacobian
└ @ OrdinaryDiffEqNonlinearSolve ~/.julia/packages/OrdinaryDiffEqNonlinearSolve/doSPx/src/nlsolve.jl:144
┌ Warning: Verbosity toggle: newton_convergence 
│  Newton iteration failed with stale Jacobian, retrying with fresh Jacobian
└ @ OrdinaryDiffEqNonlinearSolve ~/.julia/packages/OrdinaryDiffEqNonlinearSolve/doSPx/src/nlsolve.jl:144
┌ Warning: Verbosity toggle: newton_convergence 
│  Newton iteration failed with stale Jacobian, retrying with fresh Jacobian
└ @ OrdinaryDiffEqNonlinearSolve ~/.julia/packages/OrdinaryDiffEqNonlinearSolve/doSPx/src/nlsolve.jl:144
┌ Warning: Verbosity toggle: newton_convergence 
│  Newton iteration failed with stale Jacobian, retrying with fresh Jacobian
└ @ OrdinaryDiffEqNonlinearSolve ~/.julia/packages/OrdinaryDiffEqNonlinearSolve/doSPx/src/nlsolve.jl:144
┌ Warning: Verbosity toggle: dt_epsilon 
│  Initial timestep too small (near machine epsilon), using default: dt = 0.0
└ @ OrdinaryDiffEqCore ~/.julia/packages/OrdinaryDiffEqCore/rnOL4/src/initdt.jl:196
┌ Warning: Verbosity toggle: dt_epsilon 
│  Initial timestep too small (near machine epsilon), using default: dt = 0.0
└ @ OrdinaryDiffEqCore ~/.julia/packages/OrdinaryDiffEqCore/rnOL4/src/initdt.jl:196
┌ Warning: Verbosity toggle: newton_convergence 
│  Newton iteration failed with stale Jacobian, retrying with fresh Jacobian
└ @ OrdinaryDiffEqNonlinearSolve ~/.julia/packages/OrdinaryDiffEqNonlinearSolve/doSPx/src/nlsolve.jl:144
┌ Warning: Verbosity toggle: newton_convergence 
│  Newton iteration diverging: θ = Dual{ForwardDiff.Tag{PEtab.var"#302#303"{Bool, PEtab.PEtabODEProblemInfo{ODESolver, ODESolver, PEtab.PEtabODEProblemCache{Vector{Float64}, PreallocationTools.DiffCache{Vector{Float64}, Vector{Float64}}, Vector{Float64}, Matrix{Float64}, Dict{Symbol, PreallocationTools.DiffCache}, Dict{Symbol, PreallocationTools.DiffCache}, Dict{Symbol, PreallocationTools.DiffCache}, Vector{Float64}}}, PEtab.PEtabODEProblemInfo{ODESolver, ODESolver, PEtab.PEtabODEProblemCache{Vector{Float64}, PreallocationTools.DiffCache{Vector{Float64}, Vector{Float64}}, Vector{Float64}, Matrix{Float64}, Dict{Symbol, PreallocationTools.DiffCache}, Dict{Symbol, PreallocationTools.DiffCache}, Dict{Symbol, PreallocationTools.DiffCache}, Vector{Float64}}}, Vector{Float64}, Vector{Float64}, Vector{Float64}, PEtab.ModelInfo}, Float64}}(5.466403322738165,0.0,0.0,0.0,0.0,0.0,0.0,0.0,0.0,0.0,0.0,0.0,0.0) > 2, ndz = 0.7774437620841598, ndzprev = 0.14222217355427993
└ @ OrdinaryDiffEqNonlinearSolve ~/.julia/packages/OrdinaryDiffEqNonlinearSolve/doSPx/src/nlsolve.jl:101
┌ Warning: Verbosity toggle: newton_convergence 
│  Newton iteration failed with stale Jacobian, retrying with fresh Jacobian
└ @ OrdinaryDiffEqNonlinearSolve ~/.julia/packages/OrdinaryDiffEqNonlinearSolve/doSPx/src/nlsolve.jl:144
┌ Warning: Verbosity toggle: newton_convergence 
│  Newton iteration failed with stale Jacobian, retrying with fresh Jacobian
└ @ OrdinaryDiffEqNonlinearSolve ~/.julia/packages/OrdinaryDiffEqNonlinearSolve/doSPx/src/nlsolve.jl:144
┌ Warning: Verbosity toggle: newton_convergence 
│  Newton iteration failed with stale Jacobian, retrying with fresh Jacobian
└ @ OrdinaryDiffEqNonlinearSolve ~/.julia/packages/OrdinaryDiffEqNonlinearSolve/doSPx/src/nlsolve.jl:144
┌ Warning: Verbosity toggle: newton_convergence 
│  Newton iteration failed with stale Jacobian, retrying with fresh Jacobian
└ @ OrdinaryDiffEqNonlinearSolve ~/.julia/packages/OrdinaryDiffEqNonlinearSolve/doSPx/src/nlsolve.jl:144
┌ Warning: Verbosity toggle: dt_epsilon 
│  Initial timestep too small (near machine epsilon), using default: dt = 0.0
└ @ OrdinaryDiffEqCore ~/.julia/packages/OrdinaryDiffEqCore/rnOL4/src/initdt.jl:196
┌ Warning: Verbosity toggle: dt_epsilon 
│  Initial timestep too small (near machine epsilon), using default: dt = 0.0
└ @ OrdinaryDiffEqCore ~/.julia/packages/OrdinaryDiffEqCore/rnOL4/src/initdt.jl:196
┌ Warning: Verbosity toggle: newton_convergence 
│  Newton iteration failed with stale Jacobian, retrying with fresh Jacobian
└ @ OrdinaryDiffEqNonlinearSolve ~/.julia/packages/OrdinaryDiffEqNonlinearSolve/doSPx/src/nlsolve.jl:144
┌ Warning: Verbosity toggle: newton_convergence 
│  Newton iteration diverging: θ = Dual{ForwardDiff.Tag{PEtab.var"#302#303"{Bool, PEtab.PEtabODEProblemInfo{ODESolver, ODESolver, PEtab.PEtabODEProblemCache{Vector{Float64}, PreallocationTools.DiffCache{Vector{Float64}, Vector{Float64}}, Vector{Float64}, Matrix{Float64}, Dict{Symbol, PreallocationTools.DiffCache}, Dict{Symbol, PreallocationTools.DiffCache}, Dict{Symbol, PreallocationTools.DiffCache}, Vector{Float64}}}, PEtab.PEtabODEProblemInfo{ODESolver, ODESolver, PEtab.PEtabODEProblemCache{Vector{Float64}, PreallocationTools.DiffCache{Vector{Float64}, Vector{Float64}}, Vector{Float64}, Matrix{Float64}, Dict{Symbol, PreallocationTools.DiffCache}, Dict{Symbol, PreallocationTools.DiffCache}, Dict{Symbol, PreallocationTools.DiffCache}, Vector{Float64}}}, Vector{Float64}, Vector{Float64}, Vector{Float64}, PEtab.ModelInfo}, Float64}}(17.957559925088614,0.0,0.0,0.0,0.0,0.0,0.0,0.0,0.0,0.0,0.0,0.0,0.0) > 2, ndz = 14.901162564928745, ndzprev = 0.8297988494589537
└ @ OrdinaryDiffEqNonlinearSolve ~/.julia/packages/OrdinaryDiffEqNonlinearSolve/doSPx/src/nlsolve.jl:101
┌ Warning: Verbosity toggle: newton_convergence 
│  Newton iteration failed with stale Jacobian, retrying with fresh Jacobian
└ @ OrdinaryDiffEqNonlinearSolve ~/.julia/packages/OrdinaryDiffEqNonlinearSolve/doSPx/src/nlsolve.jl:144
┌ Warning: Verbosity toggle: newton_convergence 
│  Newton iteration failed with stale Jacobian, retrying with fresh Jacobian
└ @ OrdinaryDiffEqNonlinearSolve ~/.julia/packages/OrdinaryDiffEqNonlinearSolve/doSPx/src/nlsolve.jl:144
┌ Warning: Verbosity toggle: newton_convergence 
│  Newton iteration failed with stale Jacobian, retrying with fresh Jacobian
└ @ OrdinaryDiffEqNonlinearSolve ~/.julia/packages/OrdinaryDiffEqNonlinearSolve/doSPx/src/nlsolve.jl:144
┌ Warning: Verbosity toggle: newton_convergence 
│  Newton iteration failed with stale Jacobian, retrying with fresh Jacobian
└ @ OrdinaryDiffEqNonlinearSolve ~/.julia/packages/OrdinaryDiffEqNonlinearSolve/doSPx/src/nlsolve.jl:144
┌ Warning: Verbosity toggle: newton_convergence 
│  Newton iteration failed with stale Jacobian, retrying with fresh Jacobian
└ @ OrdinaryDiffEqNonlinearSolve ~/.julia/packages/OrdinaryDiffEqNonlinearSolve/doSPx/src/nlsolve.jl:144
┌ Warning: Verbosity toggle: dt_epsilon 
│  Initial timestep too small (near machine epsilon), using default: dt = 0.0
└ @ OrdinaryDiffEqCore ~/.julia/packages/OrdinaryDiffEqCore/rnOL4/src/initdt.jl:196
┌ Warning: Verbosity toggle: dt_epsilon 
│  Initial timestep too small (near machine epsilon), using default: dt = 0.0
└ @ OrdinaryDiffEqCore ~/.julia/packages/OrdinaryDiffEqCore/rnOL4/src/initdt.jl:196
┌ Warning: Verbosity toggle: newton_convergence 
│  Newton iteration failed with stale Jacobian, retrying with fresh Jacobian
└ @ OrdinaryDiffEqNonlinearSolve ~/.julia/packages/OrdinaryDiffEqNonlinearSolve/doSPx/src/nlsolve.jl:144
┌ Warning: Verbosity toggle: newton_convergence 
│  Newton iteration diverging: θ = Dual{ForwardDiff.Tag{PEtab.var"#302#303"{Bool, PEtab.PEtabODEProblemInfo{ODESolver, ODESolver, PEtab.PEtabODEProblemCache{Vector{Float64}, PreallocationTools.DiffCache{Vector{Float64}, Vector{Float64}}, Vector{Float64}, Matrix{Float64}, Dict{Symbol, PreallocationTools.DiffCache}, Dict{Symbol, PreallocationTools.DiffCache}, Dict{Symbol, PreallocationTools.DiffCache}, Vector{Float64}}}, PEtab.PEtabODEProblemInfo{ODESolver, ODESolver, PEtab.PEtabODEProblemCache{Vector{Float64}, PreallocationTools.DiffCache{Vector{Float64}, Vector{Float64}}, Vector{Float64}, Matrix{Float64}, Dict{Symbol, PreallocationTools.DiffCache}, Dict{Symbol, PreallocationTools.DiffCache}, Dict{Symbol, PreallocationTools.DiffCache}, Vector{Float64}}}, Vector{Float64}, Vector{Float64}, Vector{Float64}, PEtab.ModelInfo}, Float64}}(2.8599972668805105,0.0,0.0,0.0,0.0,0.0,0.0,0.0,0.0,0.0,0.0,0.0,0.0) > 2, ndz = 0.2985891674146078, ndzprev = 0.1044019065585641
└ @ OrdinaryDiffEqNonlinearSolve ~/.julia/packages/OrdinaryDiffEqNonlinearSolve/doSPx/src/nlsolve.jl:101
┌ Warning: Verbosity toggle: newton_convergence 
│  Newton iteration failed with stale Jacobian, retrying with fresh Jacobian
└ @ OrdinaryDiffEqNonlinearSolve ~/.julia/packages/OrdinaryDiffEqNonlinearSolve/doSPx/src/nlsolve.jl:144
┌ Warning: Verbosity toggle: newton_convergence 
│  Newton iteration failed with stale Jacobian, retrying with fresh Jacobian
└ @ OrdinaryDiffEqNonlinearSolve ~/.julia/packages/OrdinaryDiffEqNonlinearSolve/doSPx/src/nlsolve.jl:144
┌ Warning: Verbosity toggle: newton_convergence 
│  Newton iteration failed with stale Jacobian, retrying with fresh Jacobian
└ @ OrdinaryDiffEqNonlinearSolve ~/.julia/packages/OrdinaryDiffEqNonlinearSolve/doSPx/src/nlsolve.jl:144
┌ Warning: Verbosity toggle: newton_convergence 
│  Newton iteration failed with stale Jacobian, retrying with fresh Jacobian
└ @ OrdinaryDiffEqNonlinearSolve ~/.julia/packages/OrdinaryDiffEqNonlinearSolve/doSPx/src/nlsolve.jl:144
┌ Warning: Verbosity toggle: newton_convergence 
│  Newton iteration failed with stale Jacobian, retrying with fresh Jacobian
└ @ OrdinaryDiffEqNonlinearSolve ~/.julia/packages/OrdinaryDiffEqNonlinearSolve/doSPx/src/nlsolve.jl:144
┌ Warning: Verbosity toggle: dt_epsilon 
│  Initial timestep too small (near machine epsilon), using default: dt = 0.0
└ @ OrdinaryDiffEqCore ~/.julia/packages/OrdinaryDiffEqCore/rnOL4/src/initdt.jl:196
┌ Warning: Verbosity toggle: dt_epsilon 
│  Initial timestep too small (near machine epsilon), using default: dt = 0.0
└ @ OrdinaryDiffEqCore ~/.julia/packages/OrdinaryDiffEqCore/rnOL4/src/initdt.jl:196
┌ Warning: Verbosity toggle: newton_convergence 
│  Newton iteration failed with stale Jacobian, retrying with fresh Jacobian
└ @ OrdinaryDiffEqNonlinearSolve ~/.julia/packages/OrdinaryDiffEqNonlinearSolve/doSPx/src/nlsolve.jl:144
┌ Warning: Verbosity toggle: newton_convergence 
│  Newton iteration diverging: θ = 15.63179845916106 > 2, ndz = 1.4815680476975037, ndzprev = 0.09477911652764603
└ @ OrdinaryDiffEqNonlinearSolve ~/.julia/packages/OrdinaryDiffEqNonlinearSolve/doSPx/src/nlsolve.jl:101
┌ Warning: Verbosity toggle: newton_convergence 
│  Newton iteration failed with stale Jacobian, retrying with fresh Jacobian
└ @ OrdinaryDiffEqNonlinearSolve ~/.julia/packages/OrdinaryDiffEqNonlinearSolve/doSPx/src/nlsolve.jl:144
┌ Warning: Verbosity toggle: newton_convergence 
│  Newton iteration failed with stale Jacobian, retrying with fresh Jacobian
└ @ OrdinaryDiffEqNonlinearSolve ~/.julia/packages/OrdinaryDiffEqNonlinearSolve/doSPx/src/nlsolve.jl:144
┌ Warning: Verbosity toggle: newton_convergence 
│  Newton iteration failed with stale Jacobian, retrying with fresh Jacobian
└ @ OrdinaryDiffEqNonlinearSolve ~/.julia/packages/OrdinaryDiffEqNonlinearSolve/doSPx/src/nlsolve.jl:144
┌ Warning: Verbosity toggle: newton_convergence 
│  Newton iteration failed with stale Jacobian, retrying with fresh Jacobian
└ @ OrdinaryDiffEqNonlinearSolve ~/.julia/packages/OrdinaryDiffEqNonlinearSolve/doSPx/src/nlsolve.jl:144
┌ Warning: Verbosity toggle: newton_convergence 
│  Newton iteration failed with stale Jacobian, retrying with fresh Jacobian
└ @ OrdinaryDiffEqNonlinearSolve ~/.julia/packages/OrdinaryDiffEqNonlinearSolve/doSPx/src/nlsolve.jl:144
┌ Warning: Verbosity toggle: dt_epsilon 
│  Initial timestep too small (near machine epsilon), using default: dt = 0.0
└ @ OrdinaryDiffEqCore ~/.julia/packages/OrdinaryDiffEqCore/rnOL4/src/initdt.jl:196
┌ Warning: Verbosity toggle: dt_epsilon 
│  Initial timestep too small (near machine epsilon), using default: dt = 0.0
└ @ OrdinaryDiffEqCore ~/.julia/packages/OrdinaryDiffEqCore/rnOL4/src/initdt.jl:196
┌ Warning: Verbosity toggle: newton_convergence 
│  Newton iteration failed with stale Jacobian, retrying with fresh Jacobian
└ @ OrdinaryDiffEqNonlinearSolve ~/.julia/packages/OrdinaryDiffEqNonlinearSolve/doSPx/src/nlsolve.jl:144
┌ Warning: Verbosity toggle: newton_convergence 
│  Newton iteration diverging: θ = Dual{ForwardDiff.Tag{PEtab.var"#302#303"{Bool, PEtab.PEtabODEProblemInfo{ODESolver, ODESolver, PEtab.PEtabODEProblemCache{Vector{Float64}, PreallocationTools.DiffCache{Vector{Float64}, Vector{Float64}}, Vector{Float64}, Matrix{Float64}, Dict{Symbol, PreallocationTools.DiffCache}, Dict{Symbol, PreallocationTools.DiffCache}, Dict{Symbol, PreallocationTools.DiffCache}, Vector{Float64}}}, PEtab.PEtabODEProblemInfo{ODESolver, ODESolver, PEtab.PEtabODEProblemCache{Vector{Float64}, PreallocationTools.DiffCache{Vector{Float64}, Vector{Float64}}, Vector{Float64}, Matrix{Float64}, Dict{Symbol, PreallocationTools.DiffCache}, Dict{Symbol, PreallocationTools.DiffCache}, Dict{Symbol, PreallocationTools.DiffCache}, Vector{Float64}}}, Vector{Float64}, Vector{Float64}, Vector{Float64}, PEtab.ModelInfo}, Float64}}(3.0419544829185825,0.0,0.0,0.0,0.0,0.0,0.0,0.0,0.0,0.0,0.0,0.0,0.0) > 2, ndz = 0.14809317174149814, ndzprev = 0.048683559393502544
└ @ OrdinaryDiffEqNonlinearSolve ~/.julia/packages/OrdinaryDiffEqNonlinearSolve/doSPx/src/nlsolve.jl:101
┌ Warning: Verbosity toggle: newton_convergence 
│  Newton iteration failed with stale Jacobian, retrying with fresh Jacobian
└ @ OrdinaryDiffEqNonlinearSolve ~/.julia/packages/OrdinaryDiffEqNonlinearSolve/doSPx/src/nlsolve.jl:144
┌ Warning: Verbosity toggle: newton_convergence 
│  Newton iteration failed with stale Jacobian, retrying with fresh Jacobian
└ @ OrdinaryDiffEqNonlinearSolve ~/.julia/packages/OrdinaryDiffEqNonlinearSolve/doSPx/src/nlsolve.jl:144
┌ Warning: Verbosity toggle: newton_convergence 
│  Newton iteration failed with stale Jacobian, retrying with fresh Jacobian
└ @ OrdinaryDiffEqNonlinearSolve ~/.julia/packages/OrdinaryDiffEqNonlinearSolve/doSPx/src/nlsolve.jl:144
┌ Warning: Verbosity toggle: newton_convergence 
│  Newton iteration failed with stale Jacobian, retrying with fresh Jacobian
└ @ OrdinaryDiffEqNonlinearSolve ~/.julia/packages/OrdinaryDiffEqNonlinearSolve/doSPx/src/nlsolve.jl:144
┌ Warning: Verbosity toggle: dt_epsilon 
│  Initial timestep too small (near machine epsilon), using default: dt = 0.0
└ @ OrdinaryDiffEqCore ~/.julia/packages/OrdinaryDiffEqCore/rnOL4/src/initdt.jl:196
┌ Warning: Verbosity toggle: dt_epsilon 
│  Initial timestep too small (near machine epsilon), using default: dt = 0.0
└ @ OrdinaryDiffEqCore ~/.julia/packages/OrdinaryDiffEqCore/rnOL4/src/initdt.jl:196
┌ Warning: Verbosity toggle: newton_convergence 
│  Newton iteration failed with stale Jacobian, retrying with fresh Jacobian
└ @ OrdinaryDiffEqNonlinearSolve ~/.julia/packages/OrdinaryDiffEqNonlinearSolve/doSPx/src/nlsolve.jl:144
┌ Warning: Verbosity toggle: newton_convergence 
│  Newton iteration diverging: θ = Dual{ForwardDiff.Tag{PEtab.var"#302#303"{Bool, PEtab.PEtabODEProblemInfo{ODESolver, ODESolver, PEtab.PEtabODEProblemCache{Vector{Float64}, PreallocationTools.DiffCache{Vector{Float64}, Vector{Float64}}, Vector{Float64}, Matrix{Float64}, Dict{Symbol, PreallocationTools.DiffCache}, Dict{Symbol, PreallocationTools.DiffCache}, Dict{Symbol, PreallocationTools.DiffCache}, Vector{Float64}}}, PEtab.PEtabODEProblemInfo{ODESolver, ODESolver, PEtab.PEtabODEProblemCache{Vector{Float64}, PreallocationTools.DiffCache{Vector{Float64}, Vector{Float64}}, Vector{Float64}, Matrix{Float64}, Dict{Symbol, PreallocationTools.DiffCache}, Dict{Symbol, PreallocationTools.DiffCache}, Dict{Symbol, PreallocationTools.DiffCache}, Vector{Float64}}}, Vector{Float64}, Vector{Float64}, Vector{Float64}, PEtab.ModelInfo}, Float64}}(3.0020839875535135,0.0,0.0,0.0,0.0,0.0,0.0,0.0,0.0,0.0,0.0,0.0,0.0) > 2, ndz = 0.996089416471361, ndzprev = 0.3317993169415302
└ @ OrdinaryDiffEqNonlinearSolve ~/.julia/packages/OrdinaryDiffEqNonlinearSolve/doSPx/src/nlsolve.jl:101
┌ Warning: Verbosity toggle: newton_convergence 
│  Newton iteration failed with stale Jacobian, retrying with fresh Jacobian
└ @ OrdinaryDiffEqNonlinearSolve ~/.julia/packages/OrdinaryDiffEqNonlinearSolve/doSPx/src/nlsolve.jl:144
┌ Warning: Verbosity toggle: newton_convergence 
│  Newton iteration failed with stale Jacobian, retrying with fresh Jacobian
└ @ OrdinaryDiffEqNonlinearSolve ~/.julia/packages/OrdinaryDiffEqNonlinearSolve/doSPx/src/nlsolve.jl:144
┌ Warning: Verbosity toggle: newton_convergence 
│  Newton iteration failed with stale Jacobian, retrying with fresh Jacobian
└ @ OrdinaryDiffEqNonlinearSolve ~/.julia/packages/OrdinaryDiffEqNonlinearSolve/doSPx/src/nlsolve.jl:144
┌ Warning: Verbosity toggle: newton_convergence 
│  Newton iteration failed with stale Jacobian, retrying with fresh Jacobian
└ @ OrdinaryDiffEqNonlinearSolve ~/.julia/packages/OrdinaryDiffEqNonlinearSolve/doSPx/src/nlsolve.jl:144
┌ Warning: Verbosity toggle: newton_convergence 
│  Newton iteration failed with stale Jacobian, retrying with fresh Jacobian
└ @ OrdinaryDiffEqNonlinearSolve ~/.julia/packages/OrdinaryDiffEqNonlinearSolve/doSPx/src/nlsolve.jl:144
┌ Warning: Verbosity toggle: dt_epsilon 
│  Initial timestep too small (near machine epsilon), using default: dt = 0.0
└ @ OrdinaryDiffEqCore ~/.julia/packages/OrdinaryDiffEqCore/rnOL4/src/initdt.jl:196
┌ Warning: Verbosity toggle: dt_epsilon 
│  Initial timestep too small (near machine epsilon), using default: dt = 0.0
└ @ OrdinaryDiffEqCore ~/.julia/packages/OrdinaryDiffEqCore/rnOL4/src/initdt.jl:196
┌ Warning: Verbosity toggle: newton_convergence 
│  Newton iteration failed with stale Jacobian, retrying with fresh Jacobian
└ @ OrdinaryDiffEqNonlinearSolve ~/.julia/packages/OrdinaryDiffEqNonlinearSolve/doSPx/src/nlsolve.jl:144
┌ Warning: Verbosity toggle: newton_convergence 
│  Newton iteration diverging: θ = Dual{ForwardDiff.Tag{PEtab.var"#302#303"{Bool, PEtab.PEtabODEProblemInfo{ODESolver, ODESolver, PEtab.PEtabODEProblemCache{Vector{Float64}, PreallocationTools.DiffCache{Vector{Float64}, Vector{Float64}}, Vector{Float64}, Matrix{Float64}, Dict{Symbol, PreallocationTools.DiffCache}, Dict{Symbol, PreallocationTools.DiffCache}, Dict{Symbol, PreallocationTools.DiffCache}, Vector{Float64}}}, PEtab.PEtabODEProblemInfo{ODESolver, ODESolver, PEtab.PEtabODEProblemCache{Vector{Float64}, PreallocationTools.DiffCache{Vector{Float64}, Vector{Float64}}, Vector{Float64}, Matrix{Float64}, Dict{Symbol, PreallocationTools.DiffCache}, Dict{Symbol, PreallocationTools.DiffCache}, Dict{Symbol, PreallocationTools.DiffCache}, Vector{Float64}}}, Vector{Float64}, Vector{Float64}, Vector{Float64}, PEtab.ModelInfo}, Float64}}(8.043405847618459,0.0,0.0,0.0,0.0,0.0,0.0,0.0,0.0,0.0,0.0,0.0,0.0) > 2, ndz = 1.229429647560944, ndzprev = 0.15284938629883524
└ @ OrdinaryDiffEqNonlinearSolve ~/.julia/packages/OrdinaryDiffEqNonlinearSolve/doSPx/src/nlsolve.jl:101
┌ Warning: Verbosity toggle: newton_convergence 
│  Newton iteration failed with stale Jacobian, retrying with fresh Jacobian
└ @ OrdinaryDiffEqNonlinearSolve ~/.julia/packages/OrdinaryDiffEqNonlinearSolve/doSPx/src/nlsolve.jl:144
┌ Warning: Verbosity toggle: newton_convergence 
│  Newton iteration failed with stale Jacobian, retrying with fresh Jacobian
└ @ OrdinaryDiffEqNonlinearSolve ~/.julia/packages/OrdinaryDiffEqNonlinearSolve/doSPx/src/nlsolve.jl:144
┌ Warning: Verbosity toggle: newton_convergence 
│  Newton iteration failed with stale Jacobian, retrying with fresh Jacobian
└ @ OrdinaryDiffEqNonlinearSolve ~/.julia/packages/OrdinaryDiffEqNonlinearSolve/doSPx/src/nlsolve.jl:144
┌ Warning: Verbosity toggle: newton_convergence 
│  Newton iteration failed with stale Jacobian, retrying with fresh Jacobian
└ @ OrdinaryDiffEqNonlinearSolve ~/.julia/packages/OrdinaryDiffEqNonlinearSolve/doSPx/src/nlsolve.jl:144
┌ Warning: Verbosity toggle: dt_epsilon 
│  Initial timestep too small (near machine epsilon), using default: dt = 0.0
└ @ OrdinaryDiffEqCore ~/.julia/packages/OrdinaryDiffEqCore/rnOL4/src/initdt.jl:196
┌ Warning: Verbosity toggle: dt_epsilon 
│  Initial timestep too small (near machine epsilon), using default: dt = 0.0
└ @ OrdinaryDiffEqCore ~/.julia/packages/OrdinaryDiffEqCore/rnOL4/src/initdt.jl:196
┌ Warning: Verbosity toggle: newton_convergence 
│  Newton iteration failed with stale Jacobian, retrying with fresh Jacobian
└ @ OrdinaryDiffEqNonlinearSolve ~/.julia/packages/OrdinaryDiffEqNonlinearSolve/doSPx/src/nlsolve.jl:144
┌ Warning: Verbosity toggle: newton_convergence 
│  Newton iteration diverging: θ = Dual{ForwardDiff.Tag{PEtab.var"#302#303"{Bool, PEtab.PEtabODEProblemInfo{ODESolver, ODESolver, PEtab.PEtabODEProblemCache{Vector{Float64}, PreallocationTools.DiffCache{Vector{Float64}, Vector{Float64}}, Vector{Float64}, Matrix{Float64}, Dict{Symbol, PreallocationTools.DiffCache}, Dict{Symbol, PreallocationTools.DiffCache}, Dict{Symbol, PreallocationTools.DiffCache}, Vector{Float64}}}, PEtab.PEtabODEProblemInfo{ODESolver, ODESolver, PEtab.PEtabODEProblemCache{Vector{Float64}, PreallocationTools.DiffCache{Vector{Float64}, Vector{Float64}}, Vector{Float64}, Matrix{Float64}, Dict{Symbol, PreallocationTools.DiffCache}, Dict{Symbol, PreallocationTools.DiffCache}, Dict{Symbol, PreallocationTools.DiffCache}, Vector{Float64}}}, Vector{Float64}, Vector{Float64}, Vector{Float64}, PEtab.ModelInfo}, Float64}}(3.72254867821183,0.0,0.0,0.0,0.0,0.0,0.0,0.0,0.0,0.0,0.0,0.0,0.0) > 2, ndz = 2.3162743024428747, ndzprev = 0.6222280761565553
└ @ OrdinaryDiffEqNonlinearSolve ~/.julia/packages/OrdinaryDiffEqNonlinearSolve/doSPx/src/nlsolve.jl:101
┌ Warning: Verbosity toggle: newton_convergence 
│  Newton iteration failed with stale Jacobian, retrying with fresh Jacobian
└ @ OrdinaryDiffEqNonlinearSolve ~/.julia/packages/OrdinaryDiffEqNonlinearSolve/doSPx/src/nlsolve.jl:144
┌ Warning: Verbosity toggle: newton_convergence 
│  Newton iteration failed with stale Jacobian, retrying with fresh Jacobian
└ @ OrdinaryDiffEqNonlinearSolve ~/.julia/packages/OrdinaryDiffEqNonlinearSolve/doSPx/src/nlsolve.jl:144
┌ Warning: Verbosity toggle: newton_convergence 
│  Newton iteration failed with stale Jacobian, retrying with fresh Jacobian
└ @ OrdinaryDiffEqNonlinearSolve ~/.julia/packages/OrdinaryDiffEqNonlinearSolve/doSPx/src/nlsolve.jl:144
┌ Warning: Verbosity toggle: newton_convergence 
│  Newton iteration failed with stale Jacobian, retrying with fresh Jacobian
└ @ OrdinaryDiffEqNonlinearSolve ~/.julia/packages/OrdinaryDiffEqNonlinearSolve/doSPx/src/nlsolve.jl:144
┌ Warning: Verbosity toggle: newton_convergence 
│  Newton iteration failed with stale Jacobian, retrying with fresh Jacobian
└ @ OrdinaryDiffEqNonlinearSolve ~/.julia/packages/OrdinaryDiffEqNonlinearSolve/doSPx/src/nlsolve.jl:144
┌ Warning: Verbosity toggle: dt_epsilon 
│  Initial timestep too small (near machine epsilon), using default: dt = 0.0
└ @ OrdinaryDiffEqCore ~/.julia/packages/OrdinaryDiffEqCore/rnOL4/src/initdt.jl:196
┌ Warning: Verbosity toggle: dt_epsilon 
│  Initial timestep too small (near machine epsilon), using default: dt = 0.0
└ @ OrdinaryDiffEqCore ~/.julia/packages/OrdinaryDiffEqCore/rnOL4/src/initdt.jl:196
┌ Warning: Verbosity toggle: newton_convergence 
│  Newton iteration failed with stale Jacobian, retrying with fresh Jacobian
└ @ OrdinaryDiffEqNonlinearSolve ~/.julia/packages/OrdinaryDiffEqNonlinearSolve/doSPx/src/nlsolve.jl:144
┌ Warning: Verbosity toggle: newton_convergence 
│  Newton iteration diverging: θ = Dual{ForwardDiff.Tag{PEtab.var"#302#303"{Bool, PEtab.PEtabODEProblemInfo{ODESolver, ODESolver, PEtab.PEtabODEProblemCache{Vector{Float64}, PreallocationTools.DiffCache{Vector{Float64}, Vector{Float64}}, Vector{Float64}, Matrix{Float64}, Dict{Symbol, PreallocationTools.DiffCache}, Dict{Symbol, PreallocationTools.DiffCache}, Dict{Symbol, PreallocationTools.DiffCache}, Vector{Float64}}}, PEtab.PEtabODEProblemInfo{ODESolver, ODESolver, PEtab.PEtabODEProblemCache{Vector{Float64}, PreallocationTools.DiffCache{Vector{Float64}, Vector{Float64}}, Vector{Float64}, Matrix{Float64}, Dict{Symbol, PreallocationTools.DiffCache}, Dict{Symbol, PreallocationTools.DiffCache}, Dict{Symbol, PreallocationTools.DiffCache}, Vector{Float64}}}, Vector{Float64}, Vector{Float64}, Vector{Float64}, PEtab.ModelInfo}, Float64}}(15.67046582496268,0.0,0.0,0.0,0.0,0.0,0.0,0.0,0.0,0.0,0.0,0.0,0.0) > 2, ndz = 2.5409854433174055, ndzprev = 0.16215123862302014
└ @ OrdinaryDiffEqNonlinearSolve ~/.julia/packages/OrdinaryDiffEqNonlinearSolve/doSPx/src/nlsolve.jl:101
┌ Warning: Verbosity toggle: newton_convergence 
│  Newton iteration failed with stale Jacobian, retrying with fresh Jacobian
└ @ OrdinaryDiffEqNonlinearSolve ~/.julia/packages/OrdinaryDiffEqNonlinearSolve/doSPx/src/nlsolve.jl:144
┌ Warning: Verbosity toggle: newton_convergence 
│  Newton iteration failed with stale Jacobian, retrying with fresh Jacobian
└ @ OrdinaryDiffEqNonlinearSolve ~/.julia/packages/OrdinaryDiffEqNonlinearSolve/doSPx/src/nlsolve.jl:144
┌ Warning: Verbosity toggle: newton_convergence 
│  Newton iteration failed with stale Jacobian, retrying with fresh Jacobian
└ @ OrdinaryDiffEqNonlinearSolve ~/.julia/packages/OrdinaryDiffEqNonlinearSolve/doSPx/src/nlsolve.jl:144
┌ Warning: Verbosity toggle: newton_convergence 
│  Newton iteration failed with stale Jacobian, retrying with fresh Jacobian
└ @ OrdinaryDiffEqNonlinearSolve ~/.julia/packages/OrdinaryDiffEqNonlinearSolve/doSPx/src/nlsolve.jl:144
┌ Warning: Verbosity toggle: newton_convergence 
│  Newton iteration failed with stale Jacobian, retrying with fresh Jacobian
└ @ OrdinaryDiffEqNonlinearSolve ~/.julia/packages/OrdinaryDiffEqNonlinearSolve/doSPx/src/nlsolve.jl:144
┌ Warning: Verbosity toggle: dt_epsilon 
│  Initial timestep too small (near machine epsilon), using default: dt = 0.0
└ @ OrdinaryDiffEqCore ~/.julia/packages/OrdinaryDiffEqCore/rnOL4/src/initdt.jl:196
┌ Warning: Verbosity toggle: dt_epsilon 
│  Initial timestep too small (near machine epsilon), using default: dt = 0.0
└ @ OrdinaryDiffEqCore ~/.julia/packages/OrdinaryDiffEqCore/rnOL4/src/initdt.jl:196
┌ Warning: Verbosity toggle: newton_convergence 
│  Newton iteration failed with stale Jacobian, retrying with fresh Jacobian
└ @ OrdinaryDiffEqNonlinearSolve ~/.julia/packages/OrdinaryDiffEqNonlinearSolve/doSPx/src/nlsolve.jl:144
┌ Warning: Verbosity toggle: newton_convergence 
│  Newton iteration diverging: θ = 7.409815873656978 > 2, ndz = 0.5268130778874147, ndzprev = 0.07109664894107764
└ @ OrdinaryDiffEqNonlinearSolve ~/.julia/packages/OrdinaryDiffEqNonlinearSolve/doSPx/src/nlsolve.jl:101
┌ Warning: Verbosity toggle: newton_convergence 
│  Newton iteration failed with stale Jacobian, retrying with fresh Jacobian
└ @ OrdinaryDiffEqNonlinearSolve ~/.julia/packages/OrdinaryDiffEqNonlinearSolve/doSPx/src/nlsolve.jl:144
┌ Warning: Verbosity toggle: newton_convergence 
│  Newton iteration failed with stale Jacobian, retrying with fresh Jacobian
└ @ OrdinaryDiffEqNonlinearSolve ~/.julia/packages/OrdinaryDiffEqNonlinearSolve/doSPx/src/nlsolve.jl:144
┌ Warning: Verbosity toggle: newton_convergence 
│  Newton iteration failed with stale Jacobian, retrying with fresh Jacobian
└ @ OrdinaryDiffEqNonlinearSolve ~/.julia/packages/OrdinaryDiffEqNonlinearSolve/doSPx/src/nlsolve.jl:144
┌ Warning: Verbosity toggle: newton_convergence 
│  Newton iteration failed with stale Jacobian, retrying with fresh Jacobian
└ @ OrdinaryDiffEqNonlinearSolve ~/.julia/packages/OrdinaryDiffEqNonlinearSolve/doSPx/src/nlsolve.jl:144
┌ Warning: Verbosity toggle: newton_convergence 
│  Newton iteration failed with stale Jacobian, retrying with fresh Jacobian
└ @ OrdinaryDiffEqNonlinearSolve ~/.julia/packages/OrdinaryDiffEqNonlinearSolve/doSPx/src/nlsolve.jl:144
┌ Warning: Verbosity toggle: dt_epsilon 
│  Initial timestep too small (near machine epsilon), using default: dt = 0.0
└ @ OrdinaryDiffEqCore ~/.julia/packages/OrdinaryDiffEqCore/rnOL4/src/initdt.jl:196
┌ Warning: Verbosity toggle: dt_epsilon 
│  Initial timestep too small (near machine epsilon), using default: dt = 0.0
└ @ OrdinaryDiffEqCore ~/.julia/packages/OrdinaryDiffEqCore/rnOL4/src/initdt.jl:196
┌ Warning: Verbosity toggle: newton_convergence 
│  Newton iteration failed with stale Jacobian, retrying with fresh Jacobian
└ @ OrdinaryDiffEqNonlinearSolve ~/.julia/packages/OrdinaryDiffEqNonlinearSolve/doSPx/src/nlsolve.jl:144
┌ Warning: Verbosity toggle: newton_convergence 
│  Newton iteration diverging: θ = Dual{ForwardDiff.Tag{PEtab.var"#302#303"{Bool, PEtab.PEtabODEProblemInfo{ODESolver, ODESolver, PEtab.PEtabODEProblemCache{Vector{Float64}, PreallocationTools.DiffCache{Vector{Float64}, Vector{Float64}}, Vector{Float64}, Matrix{Float64}, Dict{Symbol, PreallocationTools.DiffCache}, Dict{Symbol, PreallocationTools.DiffCache}, Dict{Symbol, PreallocationTools.DiffCache}, Vector{Float64}}}, PEtab.PEtabODEProblemInfo{ODESolver, ODESolver, PEtab.PEtabODEProblemCache{Vector{Float64}, PreallocationTools.DiffCache{Vector{Float64}, Vector{Float64}}, Vector{Float64}, Matrix{Float64}, Dict{Symbol, PreallocationTools.DiffCache}, Dict{Symbol, PreallocationTools.DiffCache}, Dict{Symbol, PreallocationTools.DiffCache}, Vector{Float64}}}, Vector{Float64}, Vector{Float64}, Vector{Float64}, PEtab.ModelInfo}, Float64}}(9.505936023557055,0.0,0.0,0.0,0.0,0.0,0.0,0.0,0.0,0.0,0.0,0.0,0.0) > 2, ndz = 0.6923592805680769, ndzprev = 0.07283441408108708
└ @ OrdinaryDiffEqNonlinearSolve ~/.julia/packages/OrdinaryDiffEqNonlinearSolve/doSPx/src/nlsolve.jl:101
┌ Warning: Verbosity toggle: newton_convergence 
│  Newton iteration failed with stale Jacobian, retrying with fresh Jacobian
└ @ OrdinaryDiffEqNonlinearSolve ~/.julia/packages/OrdinaryDiffEqNonlinearSolve/doSPx/src/nlsolve.jl:144
┌ Warning: Verbosity toggle: newton_convergence 
│  Newton iteration failed with stale Jacobian, retrying with fresh Jacobian
└ @ OrdinaryDiffEqNonlinearSolve ~/.julia/packages/OrdinaryDiffEqNonlinearSolve/doSPx/src/nlsolve.jl:144
┌ Warning: Verbosity toggle: newton_convergence 
│  Newton iteration failed with stale Jacobian, retrying with fresh Jacobian
└ @ OrdinaryDiffEqNonlinearSolve ~/.julia/packages/OrdinaryDiffEqNonlinearSolve/doSPx/src/nlsolve.jl:144
┌ Warning: Verbosity toggle: newton_convergence 
│  Newton iteration failed with stale Jacobian, retrying with fresh Jacobian
└ @ OrdinaryDiffEqNonlinearSolve ~/.julia/packages/OrdinaryDiffEqNonlinearSolve/doSPx/src/nlsolve.jl:144
┌ Warning: Verbosity toggle: dt_epsilon 
│  Initial timestep too small (near machine epsilon), using default: dt = 0.0
└ @ OrdinaryDiffEqCore ~/.julia/packages/OrdinaryDiffEqCore/rnOL4/src/initdt.jl:196
┌ Warning: Verbosity toggle: dt_epsilon 
│  Initial timestep too small (near machine epsilon), using default: dt = 0.0
└ @ OrdinaryDiffEqCore ~/.julia/packages/OrdinaryDiffEqCore/rnOL4/src/initdt.jl:196
┌ Warning: Verbosity toggle: newton_convergence 
│  Newton iteration failed with stale Jacobian, retrying with fresh Jacobian
└ @ OrdinaryDiffEqNonlinearSolve ~/.julia/packages/OrdinaryDiffEqNonlinearSolve/doSPx/src/nlsolve.jl:144
┌ Warning: Verbosity toggle: newton_convergence 
│  Newton iteration diverging: θ = Dual{ForwardDiff.Tag{PEtab.var"#302#303"{Bool, PEtab.PEtabODEProblemInfo{ODESolver, ODESolver, PEtab.PEtabODEProblemCache{Vector{Float64}, PreallocationTools.DiffCache{Vector{Float64}, Vector{Float64}}, Vector{Float64}, Matrix{Float64}, Dict{Symbol, PreallocationTools.DiffCache}, Dict{Symbol, PreallocationTools.DiffCache}, Dict{Symbol, PreallocationTools.DiffCache}, Vector{Float64}}}, PEtab.PEtabODEProblemInfo{ODESolver, ODESolver, PEtab.PEtabODEProblemCache{Vector{Float64}, PreallocationTools.DiffCache{Vector{Float64}, Vector{Float64}}, Vector{Float64}, Matrix{Float64}, Dict{Symbol, PreallocationTools.DiffCache}, Dict{Symbol, PreallocationTools.DiffCache}, Dict{Symbol, PreallocationTools.DiffCache}, Vector{Float64}}}, Vector{Float64}, Vector{Float64}, Vector{Float64}, PEtab.ModelInfo}, Float64}}(13.40859224122507,0.0,0.0,0.0,0.0,0.0,0.0,0.0,0.0,0.0,0.0,0.0,0.0) > 2, ndz = 7.913335002941743, ndzprev = 0.5901689648382316
└ @ OrdinaryDiffEqNonlinearSolve ~/.julia/packages/OrdinaryDiffEqNonlinearSolve/doSPx/src/nlsolve.jl:101
┌ Warning: Verbosity toggle: newton_convergence 
│  Newton iteration failed with stale Jacobian, retrying with fresh Jacobian
└ @ OrdinaryDiffEqNonlinearSolve ~/.julia/packages/OrdinaryDiffEqNonlinearSolve/doSPx/src/nlsolve.jl:144
┌ Warning: Verbosity toggle: newton_convergence 
│  Newton iteration failed with stale Jacobian, retrying with fresh Jacobian
└ @ OrdinaryDiffEqNonlinearSolve ~/.julia/packages/OrdinaryDiffEqNonlinearSolve/doSPx/src/nlsolve.jl:144
┌ Warning: Verbosity toggle: newton_convergence 
│  Newton iteration failed with stale Jacobian, retrying with fresh Jacobian
└ @ OrdinaryDiffEqNonlinearSolve ~/.julia/packages/OrdinaryDiffEqNonlinearSolve/doSPx/src/nlsolve.jl:144
┌ Warning: Verbosity toggle: newton_convergence 
│  Newton iteration failed with stale Jacobian, retrying with fresh Jacobian
└ @ OrdinaryDiffEqNonlinearSolve ~/.julia/packages/OrdinaryDiffEqNonlinearSolve/doSPx/src/nlsolve.jl:144
┌ Warning: Verbosity toggle: newton_convergence 
│  Newton iteration failed with stale Jacobian, retrying with fresh Jacobian
└ @ OrdinaryDiffEqNonlinearSolve ~/.julia/packages/OrdinaryDiffEqNonlinearSolve/doSPx/src/nlsolve.jl:144
┌ Warning: Verbosity toggle: dt_epsilon 
│  Initial timestep too small (near machine epsilon), using default: dt = 0.0
└ @ OrdinaryDiffEqCore ~/.julia/packages/OrdinaryDiffEqCore/rnOL4/src/initdt.jl:196
┌ Warning: Verbosity toggle: dt_epsilon 
│  Initial timestep too small (near machine epsilon), using default: dt = 0.0
└ @ OrdinaryDiffEqCore ~/.julia/packages/OrdinaryDiffEqCore/rnOL4/src/initdt.jl:196
┌ Warning: Verbosity toggle: newton_convergence 
│  Newton iteration failed with stale Jacobian, retrying with fresh Jacobian
└ @ OrdinaryDiffEqNonlinearSolve ~/.julia/packages/OrdinaryDiffEqNonlinearSolve/doSPx/src/nlsolve.jl:144
┌ Warning: Verbosity toggle: newton_convergence 
│  Newton iteration diverging: θ = Dual{ForwardDiff.Tag{PEtab.var"#302#303"{Bool, PEtab.PEtabODEProblemInfo{ODESolver, ODESolver, PEtab.PEtabODEProblemCache{Vector{Float64}, PreallocationTools.DiffCache{Vector{Float64}, Vector{Float64}}, Vector{Float64}, Matrix{Float64}, Dict{Symbol, PreallocationTools.DiffCache}, Dict{Symbol, PreallocationTools.DiffCache}, Dict{Symbol, PreallocationTools.DiffCache}, Vector{Float64}}}, PEtab.PEtabODEProblemInfo{ODESolver, ODESolver, PEtab.PEtabODEProblemCache{Vector{Float64}, PreallocationTools.DiffCache{Vector{Float64}, Vector{Float64}}, Vector{Float64}, Matrix{Float64}, Dict{Symbol, PreallocationTools.DiffCache}, Dict{Symbol, PreallocationTools.DiffCache}, Dict{Symbol, PreallocationTools.DiffCache}, Vector{Float64}}}, Vector{Float64}, Vector{Float64}, Vector{Float64}, PEtab.ModelInfo}, Float64}}(12.749963101899123,0.0,0.0,0.0,0.0,0.0,0.0,0.0,0.0,0.0,0.0,0.0,0.0) > 2, ndz = 2.4725580533775076, ndzprev = 0.1939266830512801
└ @ OrdinaryDiffEqNonlinearSolve ~/.julia/packages/OrdinaryDiffEqNonlinearSolve/doSPx/src/nlsolve.jl:101
┌ Warning: Verbosity toggle: newton_convergence 
│  Newton iteration failed with stale Jacobian, retrying with fresh Jacobian
└ @ OrdinaryDiffEqNonlinearSolve ~/.julia/packages/OrdinaryDiffEqNonlinearSolve/doSPx/src/nlsolve.jl:144
┌ Warning: Verbosity toggle: newton_convergence 
│  Newton iteration failed with stale Jacobian, retrying with fresh Jacobian
└ @ OrdinaryDiffEqNonlinearSolve ~/.julia/packages/OrdinaryDiffEqNonlinearSolve/doSPx/src/nlsolve.jl:144
┌ Warning: Verbosity toggle: newton_convergence 
│  Newton iteration failed with stale Jacobian, retrying with fresh Jacobian
└ @ OrdinaryDiffEqNonlinearSolve ~/.julia/packages/OrdinaryDiffEqNonlinearSolve/doSPx/src/nlsolve.jl:144
┌ Warning: Verbosity toggle: newton_convergence 
│  Newton iteration failed with stale Jacobian, retrying with fresh Jacobian
└ @ OrdinaryDiffEqNonlinearSolve ~/.julia/packages/OrdinaryDiffEqNonlinearSolve/doSPx/src/nlsolve.jl:144
┌ Warning: Verbosity toggle: dt_epsilon 
│  Initial timestep too small (near machine epsilon), using default: dt = 0.0
└ @ OrdinaryDiffEqCore ~/.julia/packages/OrdinaryDiffEqCore/rnOL4/src/initdt.jl:196
┌ Warning: Verbosity toggle: dt_epsilon 
│  Initial timestep too small (near machine epsilon), using default: dt = 0.0
└ @ OrdinaryDiffEqCore ~/.julia/packages/OrdinaryDiffEqCore/rnOL4/src/initdt.jl:196
┌ Warning: Verbosity toggle: newton_convergence 
│  Newton iteration failed with stale Jacobian, retrying with fresh Jacobian
└ @ OrdinaryDiffEqNonlinearSolve ~/.julia/packages/OrdinaryDiffEqNonlinearSolve/doSPx/src/nlsolve.jl:144
┌ Warning: Verbosity toggle: newton_convergence 
│  Newton iteration diverging: θ = Dual{ForwardDiff.Tag{PEtab.var"#302#303"{Bool, PEtab.PEtabODEProblemInfo{ODESolver, ODESolver, PEtab.PEtabODEProblemCache{Vector{Float64}, PreallocationTools.DiffCache{Vector{Float64}, Vector{Float64}}, Vector{Float64}, Matrix{Float64}, Dict{Symbol, PreallocationTools.DiffCache}, Dict{Symbol, PreallocationTools.DiffCache}, Dict{Symbol, PreallocationTools.DiffCache}, Vector{Float64}}}, PEtab.PEtabODEProblemInfo{ODESolver, ODESolver, PEtab.PEtabODEProblemCache{Vector{Float64}, PreallocationTools.DiffCache{Vector{Float64}, Vector{Float64}}, Vector{Float64}, Matrix{Float64}, Dict{Symbol, PreallocationTools.DiffCache}, Dict{Symbol, PreallocationTools.DiffCache}, Dict{Symbol, PreallocationTools.DiffCache}, Vector{Float64}}}, Vector{Float64}, Vector{Float64}, Vector{Float64}, PEtab.ModelInfo}, Float64}}(3.5537697595109723,0.0,0.0,0.0,0.0,0.0,0.0,0.0,0.0,0.0,0.0,0.0,0.0) > 2, ndz = 2.2507694299191328, ndzprev = 0.6333470039513356
└ @ OrdinaryDiffEqNonlinearSolve ~/.julia/packages/OrdinaryDiffEqNonlinearSolve/doSPx/src/nlsolve.jl:101
┌ Warning: Verbosity toggle: newton_convergence 
│  Newton iteration failed with stale Jacobian, retrying with fresh Jacobian
└ @ OrdinaryDiffEqNonlinearSolve ~/.julia/packages/OrdinaryDiffEqNonlinearSolve/doSPx/src/nlsolve.jl:144
┌ Warning: Verbosity toggle: newton_convergence 
│  Newton iteration failed with stale Jacobian, retrying with fresh Jacobian
└ @ OrdinaryDiffEqNonlinearSolve ~/.julia/packages/OrdinaryDiffEqNonlinearSolve/doSPx/src/nlsolve.jl:144
┌ Warning: Verbosity toggle: newton_convergence 
│  Newton iteration failed with stale Jacobian, retrying with fresh Jacobian
└ @ OrdinaryDiffEqNonlinearSolve ~/.julia/packages/OrdinaryDiffEqNonlinearSolve/doSPx/src/nlsolve.jl:144
┌ Warning: Verbosity toggle: newton_convergence 
│  Newton iteration failed with stale Jacobian, retrying with fresh Jacobian
└ @ OrdinaryDiffEqNonlinearSolve ~/.julia/packages/OrdinaryDiffEqNonlinearSolve/doSPx/src/nlsolve.jl:144
┌ Warning: Verbosity toggle: newton_convergence 
│  Newton iteration failed with stale Jacobian, retrying with fresh Jacobian
└ @ OrdinaryDiffEqNonlinearSolve ~/.julia/packages/OrdinaryDiffEqNonlinearSolve/doSPx/src/nlsolve.jl:144
┌ Warning: Verbosity toggle: dt_epsilon 
│  Initial timestep too small (near machine epsilon), using default: dt = 0.0
└ @ OrdinaryDiffEqCore ~/.julia/packages/OrdinaryDiffEqCore/rnOL4/src/initdt.jl:196
┌ Warning: Verbosity toggle: dt_epsilon 
│  Initial timestep too small (near machine epsilon), using default: dt = 0.0
└ @ OrdinaryDiffEqCore ~/.julia/packages/OrdinaryDiffEqCore/rnOL4/src/initdt.jl:196
┌ Warning: Verbosity toggle: newton_convergence 
│  Newton iteration failed with stale Jacobian, retrying with fresh Jacobian
└ @ OrdinaryDiffEqNonlinearSolve ~/.julia/packages/OrdinaryDiffEqNonlinearSolve/doSPx/src/nlsolve.jl:144
┌ Warning: Verbosity toggle: newton_convergence 
│  Newton iteration diverging: θ = Dual{ForwardDiff.Tag{PEtab.var"#302#303"{Bool, PEtab.PEtabODEProblemInfo{ODESolver, ODESolver, PEtab.PEtabODEProblemCache{Vector{Float64}, PreallocationTools.DiffCache{Vector{Float64}, Vector{Float64}}, Vector{Float64}, Matrix{Float64}, Dict{Symbol, PreallocationTools.DiffCache}, Dict{Symbol, PreallocationTools.DiffCache}, Dict{Symbol, PreallocationTools.DiffCache}, Vector{Float64}}}, PEtab.PEtabODEProblemInfo{ODESolver, ODESolver, PEtab.PEtabODEProblemCache{Vector{Float64}, PreallocationTools.DiffCache{Vector{Float64}, Vector{Float64}}, Vector{Float64}, Matrix{Float64}, Dict{Symbol, PreallocationTools.DiffCache}, Dict{Symbol, PreallocationTools.DiffCache}, Dict{Symbol, PreallocationTools.DiffCache}, Vector{Float64}}}, Vector{Float64}, Vector{Float64}, Vector{Float64}, PEtab.ModelInfo}, Float64}}(2.196740434047083,0.0,0.0,0.0,0.0,0.0,0.0,0.0,0.0,0.0,0.0,0.0,0.0) > 2, ndz = 0.22739574314248104, ndzprev = 0.10351507152055602
└ @ OrdinaryDiffEqNonlinearSolve ~/.julia/packages/OrdinaryDiffEqNonlinearSolve/doSPx/src/nlsolve.jl:101
┌ Warning: Verbosity toggle: newton_convergence 
│  Newton iteration failed with stale Jacobian, retrying with fresh Jacobian
└ @ OrdinaryDiffEqNonlinearSolve ~/.julia/packages/OrdinaryDiffEqNonlinearSolve/doSPx/src/nlsolve.jl:144
┌ Warning: Verbosity toggle: newton_convergence 
│  Newton iteration failed with stale Jacobian, retrying with fresh Jacobian
└ @ OrdinaryDiffEqNonlinearSolve ~/.julia/packages/OrdinaryDiffEqNonlinearSolve/doSPx/src/nlsolve.jl:144
┌ Warning: Verbosity toggle: newton_convergence 
│  Newton iteration failed with stale Jacobian, retrying with fresh Jacobian
└ @ OrdinaryDiffEqNonlinearSolve ~/.julia/packages/OrdinaryDiffEqNonlinearSolve/doSPx/src/nlsolve.jl:144
┌ Warning: Verbosity toggle: newton_convergence 
│  Newton iteration failed with stale Jacobian, retrying with fresh Jacobian
└ @ OrdinaryDiffEqNonlinearSolve ~/.julia/packages/OrdinaryDiffEqNonlinearSolve/doSPx/src/nlsolve.jl:144
┌ Warning: Verbosity toggle: newton_convergence 
│  Newton iteration failed with stale Jacobian, retrying with fresh Jacobian
└ @ OrdinaryDiffEqNonlinearSolve ~/.julia/packages/OrdinaryDiffEqNonlinearSolve/doSPx/src/nlsolve.jl:144
┌ Warning: Verbosity toggle: dt_epsilon 
│  Initial timestep too small (near machine epsilon), using default: dt = 0.0
└ @ OrdinaryDiffEqCore ~/.julia/packages/OrdinaryDiffEqCore/rnOL4/src/initdt.jl:196
┌ Warning: Verbosity toggle: dt_epsilon 
│  Initial timestep too small (near machine epsilon), using default: dt = 0.0
└ @ OrdinaryDiffEqCore ~/.julia/packages/OrdinaryDiffEqCore/rnOL4/src/initdt.jl:196
┌ Warning: Verbosity toggle: newton_convergence 
│  Newton iteration failed with stale Jacobian, retrying with fresh Jacobian
└ @ OrdinaryDiffEqNonlinearSolve ~/.julia/packages/OrdinaryDiffEqNonlinearSolve/doSPx/src/nlsolve.jl:144
┌ Warning: Verbosity toggle: newton_convergence 
│  Newton iteration diverging: θ = 10.582899608751116 > 2, ndz = 0.3681096323407102, ndzprev = 0.03478343799428243
└ @ OrdinaryDiffEqNonlinearSolve ~/.julia/packages/OrdinaryDiffEqNonlinearSolve/doSPx/src/nlsolve.jl:101
┌ Warning: Verbosity toggle: newton_convergence 
│  Newton iteration failed with stale Jacobian, retrying with fresh Jacobian
└ @ OrdinaryDiffEqNonlinearSolve ~/.julia/packages/OrdinaryDiffEqNonlinearSolve/doSPx/src/nlsolve.jl:144
┌ Warning: Verbosity toggle: newton_convergence 
│  Newton iteration failed with stale Jacobian, retrying with fresh Jacobian
└ @ OrdinaryDiffEqNonlinearSolve ~/.julia/packages/OrdinaryDiffEqNonlinearSolve/doSPx/src/nlsolve.jl:144
┌ Warning: Verbosity toggle: newton_convergence 
│  Newton iteration failed with stale Jacobian, retrying with fresh Jacobian
└ @ OrdinaryDiffEqNonlinearSolve ~/.julia/packages/OrdinaryDiffEqNonlinearSolve/doSPx/src/nlsolve.jl:144
┌ Warning: Verbosity toggle: newton_convergence 
│  Newton iteration failed with stale Jacobian, retrying with fresh Jacobian
└ @ OrdinaryDiffEqNonlinearSolve ~/.julia/packages/OrdinaryDiffEqNonlinearSolve/doSPx/src/nlsolve.jl:144
┌ Warning: Verbosity toggle: newton_convergence 
│  Newton iteration failed with stale Jacobian, retrying with fresh Jacobian
└ @ OrdinaryDiffEqNonlinearSolve ~/.julia/packages/OrdinaryDiffEqNonlinearSolve/doSPx/src/nlsolve.jl:144
┌ Warning: Verbosity toggle: dt_epsilon 
│  Initial timestep too small (near machine epsilon), using default: dt = 0.0
└ @ OrdinaryDiffEqCore ~/.julia/packages/OrdinaryDiffEqCore/rnOL4/src/initdt.jl:196
┌ Warning: Verbosity toggle: dt_epsilon 
│  Initial timestep too small (near machine epsilon), using default: dt = 0.0
└ @ OrdinaryDiffEqCore ~/.julia/packages/OrdinaryDiffEqCore/rnOL4/src/initdt.jl:196
┌ Warning: Verbosity toggle: newton_convergence 
│  Newton iteration failed with stale Jacobian, retrying with fresh Jacobian
└ @ OrdinaryDiffEqNonlinearSolve ~/.julia/packages/OrdinaryDiffEqNonlinearSolve/doSPx/src/nlsolve.jl:144
┌ Warning: Verbosity toggle: newton_convergence 
│  Newton iteration diverging: θ = Dual{ForwardDiff.Tag{PEtab.var"#302#303"{Bool, PEtab.PEtabODEProblemInfo{ODESolver, ODESolver, PEtab.PEtabODEProblemCache{Vector{Float64}, PreallocationTools.DiffCache{Vector{Float64}, Vector{Float64}}, Vector{Float64}, Matrix{Float64}, Dict{Symbol, PreallocationTools.DiffCache}, Dict{Symbol, PreallocationTools.DiffCache}, Dict{Symbol, PreallocationTools.DiffCache}, Vector{Float64}}}, PEtab.PEtabODEProblemInfo{ODESolver, ODESolver, PEtab.PEtabODEProblemCache{Vector{Float64}, PreallocationTools.DiffCache{Vector{Float64}, Vector{Float64}}, Vector{Float64}, Matrix{Float64}, Dict{Symbol, PreallocationTools.DiffCache}, Dict{Symbol, PreallocationTools.DiffCache}, Dict{Symbol, PreallocationTools.DiffCache}, Vector{Float64}}}, Vector{Float64}, Vector{Float64}, Vector{Float64}, PEtab.ModelInfo}, Float64}}(2.8441017289049806,0.0,0.0,0.0,0.0,0.0,0.0,0.0,0.0,0.0,0.0,0.0,0.0) > 2, ndz = 0.14619986304678773, ndzprev = 0.051404582881455774
└ @ OrdinaryDiffEqNonlinearSolve ~/.julia/packages/OrdinaryDiffEqNonlinearSolve/doSPx/src/nlsolve.jl:101
┌ Warning: Verbosity toggle: newton_convergence 
│  Newton iteration failed with stale Jacobian, retrying with fresh Jacobian
└ @ OrdinaryDiffEqNonlinearSolve ~/.julia/packages/OrdinaryDiffEqNonlinearSolve/doSPx/src/nlsolve.jl:144
┌ Warning: Verbosity toggle: newton_convergence 
│  Newton iteration failed with stale Jacobian, retrying with fresh Jacobian
└ @ OrdinaryDiffEqNonlinearSolve ~/.julia/packages/OrdinaryDiffEqNonlinearSolve/doSPx/src/nlsolve.jl:144
┌ Warning: Verbosity toggle: newton_convergence 
│  Newton iteration failed with stale Jacobian, retrying with fresh Jacobian
└ @ OrdinaryDiffEqNonlinearSolve ~/.julia/packages/OrdinaryDiffEqNonlinearSolve/doSPx/src/nlsolve.jl:144
┌ Warning: Verbosity toggle: newton_convergence 
│  Newton iteration failed with stale Jacobian, retrying with fresh Jacobian
└ @ OrdinaryDiffEqNonlinearSolve ~/.julia/packages/OrdinaryDiffEqNonlinearSolve/doSPx/src/nlsolve.jl:144
┌ Warning: Verbosity toggle: dt_epsilon 
│  Initial timestep too small (near machine epsilon), using default: dt = 0.0
└ @ OrdinaryDiffEqCore ~/.julia/packages/OrdinaryDiffEqCore/rnOL4/src/initdt.jl:196
┌ Warning: Verbosity toggle: dt_epsilon 
│  Initial timestep too small (near machine epsilon), using default: dt = 0.0
└ @ OrdinaryDiffEqCore ~/.julia/packages/OrdinaryDiffEqCore/rnOL4/src/initdt.jl:196
┌ Warning: Verbosity toggle: newton_convergence 
│  Newton iteration failed with stale Jacobian, retrying with fresh Jacobian
└ @ OrdinaryDiffEqNonlinearSolve ~/.julia/packages/OrdinaryDiffEqNonlinearSolve/doSPx/src/nlsolve.jl:144
┌ Warning: Verbosity toggle: newton_convergence 
│  Newton iteration diverging: θ = Dual{ForwardDiff.Tag{PEtab.var"#302#303"{Bool, PEtab.PEtabODEProblemInfo{ODESolver, ODESolver, PEtab.PEtabODEProblemCache{Vector{Float64}, PreallocationTools.DiffCache{Vector{Float64}, Vector{Float64}}, Vector{Float64}, Matrix{Float64}, Dict{Symbol, PreallocationTools.DiffCache}, Dict{Symbol, PreallocationTools.DiffCache}, Dict{Symbol, PreallocationTools.DiffCache}, Vector{Float64}}}, PEtab.PEtabODEProblemInfo{ODESolver, ODESolver, PEtab.PEtabODEProblemCache{Vector{Float64}, PreallocationTools.DiffCache{Vector{Float64}, Vector{Float64}}, Vector{Float64}, Matrix{Float64}, Dict{Symbol, PreallocationTools.DiffCache}, Dict{Symbol, PreallocationTools.DiffCache}, Dict{Symbol, PreallocationTools.DiffCache}, Vector{Float64}}}, Vector{Float64}, Vector{Float64}, Vector{Float64}, PEtab.ModelInfo}, Float64}}(12.779241443488536,0.0,0.0,0.0,0.0,0.0,0.0,0.0,0.0,0.0,0.0,0.0,0.0) > 2, ndz = 5.223580787468633, ndzprev = 0.40875515268789503
└ @ OrdinaryDiffEqNonlinearSolve ~/.julia/packages/OrdinaryDiffEqNonlinearSolve/doSPx/src/nlsolve.jl:101
┌ Warning: Verbosity toggle: newton_convergence 
│  Newton iteration failed with stale Jacobian, retrying with fresh Jacobian
└ @ OrdinaryDiffEqNonlinearSolve ~/.julia/packages/OrdinaryDiffEqNonlinearSolve/doSPx/src/nlsolve.jl:144
┌ Warning: Verbosity toggle: newton_convergence 
│  Newton iteration failed with stale Jacobian, retrying with fresh Jacobian
└ @ OrdinaryDiffEqNonlinearSolve ~/.julia/packages/OrdinaryDiffEqNonlinearSolve/doSPx/src/nlsolve.jl:144
┌ Warning: Verbosity toggle: newton_convergence 
│  Newton iteration failed with stale Jacobian, retrying with fresh Jacobian
└ @ OrdinaryDiffEqNonlinearSolve ~/.julia/packages/OrdinaryDiffEqNonlinearSolve/doSPx/src/nlsolve.jl:144
┌ Warning: Verbosity toggle: newton_convergence 
│  Newton iteration failed with stale Jacobian, retrying with fresh Jacobian
└ @ OrdinaryDiffEqNonlinearSolve ~/.julia/packages/OrdinaryDiffEqNonlinearSolve/doSPx/src/nlsolve.jl:144
┌ Warning: Verbosity toggle: newton_convergence 
│  Newton iteration failed with stale Jacobian, retrying with fresh Jacobian
└ @ OrdinaryDiffEqNonlinearSolve ~/.julia/packages/OrdinaryDiffEqNonlinearSolve/doSPx/src/nlsolve.jl:144
┌ Warning: Verbosity toggle: dt_epsilon 
│  Initial timestep too small (near machine epsilon), using default: dt = 0.0
└ @ OrdinaryDiffEqCore ~/.julia/packages/OrdinaryDiffEqCore/rnOL4/src/initdt.jl:196
┌ Warning: Verbosity toggle: dt_epsilon 
│  Initial timestep too small (near machine epsilon), using default: dt = 0.0
└ @ OrdinaryDiffEqCore ~/.julia/packages/OrdinaryDiffEqCore/rnOL4/src/initdt.jl:196
┌ Warning: Verbosity toggle: newton_convergence 
│  Newton iteration failed with stale Jacobian, retrying with fresh Jacobian
└ @ OrdinaryDiffEqNonlinearSolve ~/.julia/packages/OrdinaryDiffEqNonlinearSolve/doSPx/src/nlsolve.jl:144
┌ Warning: Verbosity toggle: newton_convergence 
│  Newton iteration diverging: θ = Dual{ForwardDiff.Tag{PEtab.var"#302#303"{Bool, PEtab.PEtabODEProblemInfo{ODESolver, ODESolver, PEtab.PEtabODEProblemCache{Vector{Float64}, PreallocationTools.DiffCache{Vector{Float64}, Vector{Float64}}, Vector{Float64}, Matrix{Float64}, Dict{Symbol, PreallocationTools.DiffCache}, Dict{Symbol, PreallocationTools.DiffCache}, Dict{Symbol, PreallocationTools.DiffCache}, Vector{Float64}}}, PEtab.PEtabODEProblemInfo{ODESolver, ODESolver, PEtab.PEtabODEProblemCache{Vector{Float64}, PreallocationTools.DiffCache{Vector{Float64}, Vector{Float64}}, Vector{Float64}, Matrix{Float64}, Dict{Symbol, PreallocationTools.DiffCache}, Dict{Symbol, PreallocationTools.DiffCache}, Dict{Symbol, PreallocationTools.DiffCache}, Vector{Float64}}}, Vector{Float64}, Vector{Float64}, Vector{Float64}, PEtab.ModelInfo}, Float64}}(16.5229707229081,0.0,0.0,0.0,0.0,0.0,0.0,0.0,0.0,0.0,0.0,0.0,0.0) > 2, ndz = 5.761799317347462, ndzprev = 0.34871449050981346
└ @ OrdinaryDiffEqNonlinearSolve ~/.julia/packages/OrdinaryDiffEqNonlinearSolve/doSPx/src/nlsolve.jl:101
┌ Warning: Verbosity toggle: newton_convergence 
│  Newton iteration failed with stale Jacobian, retrying with fresh Jacobian
└ @ OrdinaryDiffEqNonlinearSolve ~/.julia/packages/OrdinaryDiffEqNonlinearSolve/doSPx/src/nlsolve.jl:144
┌ Warning: Verbosity toggle: newton_convergence 
│  Newton iteration failed with stale Jacobian, retrying with fresh Jacobian
└ @ OrdinaryDiffEqNonlinearSolve ~/.julia/packages/OrdinaryDiffEqNonlinearSolve/doSPx/src/nlsolve.jl:144
┌ Warning: Verbosity toggle: newton_convergence 
│  Newton iteration failed with stale Jacobian, retrying with fresh Jacobian
└ @ OrdinaryDiffEqNonlinearSolve ~/.julia/packages/OrdinaryDiffEqNonlinearSolve/doSPx/src/nlsolve.jl:144
┌ Warning: Verbosity toggle: newton_convergence 
│  Newton iteration failed with stale Jacobian, retrying with fresh Jacobian
└ @ OrdinaryDiffEqNonlinearSolve ~/.julia/packages/OrdinaryDiffEqNonlinearSolve/doSPx/src/nlsolve.jl:144
┌ Warning: Verbosity toggle: dt_epsilon 
│  Initial timestep too small (near machine epsilon), using default: dt = 0.0
└ @ OrdinaryDiffEqCore ~/.julia/packages/OrdinaryDiffEqCore/rnOL4/src/initdt.jl:196
┌ Warning: Verbosity toggle: dt_epsilon 
│  Initial timestep too small (near machine epsilon), using default: dt = 0.0
└ @ OrdinaryDiffEqCore ~/.julia/packages/OrdinaryDiffEqCore/rnOL4/src/initdt.jl:196
┌ Warning: Verbosity toggle: newton_convergence 
│  Newton iteration failed with stale Jacobian, retrying with fresh Jacobian
└ @ OrdinaryDiffEqNonlinearSolve ~/.julia/packages/OrdinaryDiffEqNonlinearSolve/doSPx/src/nlsolve.jl:144
┌ Warning: Verbosity toggle: newton_convergence 
│  Newton iteration diverging: θ = Dual{ForwardDiff.Tag{PEtab.var"#302#303"{Bool, PEtab.PEtabODEProblemInfo{ODESolver, ODESolver, PEtab.PEtabODEProblemCache{Vector{Float64}, PreallocationTools.DiffCache{Vector{Float64}, Vector{Float64}}, Vector{Float64}, Matrix{Float64}, Dict{Symbol, PreallocationTools.DiffCache}, Dict{Symbol, PreallocationTools.DiffCache}, Dict{Symbol, PreallocationTools.DiffCache}, Vector{Float64}}}, PEtab.PEtabODEProblemInfo{ODESolver, ODESolver, PEtab.PEtabODEProblemCache{Vector{Float64}, PreallocationTools.DiffCache{Vector{Float64}, Vector{Float64}}, Vector{Float64}, Matrix{Float64}, Dict{Symbol, PreallocationTools.DiffCache}, Dict{Symbol, PreallocationTools.DiffCache}, Dict{Symbol, PreallocationTools.DiffCache}, Vector{Float64}}}, Vector{Float64}, Vector{Float64}, Vector{Float64}, PEtab.ModelInfo}, Float64}}(2.26448696352144,0.0,0.0,0.0,0.0,0.0,0.0,0.0,0.0,0.0,0.0,0.0,0.0) > 2, ndz = 1.4129579790535793, ndzprev = 0.6239638389687737
└ @ OrdinaryDiffEqNonlinearSolve ~/.julia/packages/OrdinaryDiffEqNonlinearSolve/doSPx/src/nlsolve.jl:101
┌ Warning: Verbosity toggle: newton_convergence 
│  Newton iteration failed with stale Jacobian, retrying with fresh Jacobian
└ @ OrdinaryDiffEqNonlinearSolve ~/.julia/packages/OrdinaryDiffEqNonlinearSolve/doSPx/src/nlsolve.jl:144
┌ Warning: Verbosity toggle: newton_convergence 
│  Newton iteration failed with stale Jacobian, retrying with fresh Jacobian
└ @ OrdinaryDiffEqNonlinearSolve ~/.julia/packages/OrdinaryDiffEqNonlinearSolve/doSPx/src/nlsolve.jl:144
┌ Warning: Verbosity toggle: newton_convergence 
│  Newton iteration failed with stale Jacobian, retrying with fresh Jacobian
└ @ OrdinaryDiffEqNonlinearSolve ~/.julia/packages/OrdinaryDiffEqNonlinearSolve/doSPx/src/nlsolve.jl:144
┌ Warning: Verbosity toggle: newton_convergence 
│  Newton iteration failed with stale Jacobian, retrying with fresh Jacobian
└ @ OrdinaryDiffEqNonlinearSolve ~/.julia/packages/OrdinaryDiffEqNonlinearSolve/doSPx/src/nlsolve.jl:144
┌ Warning: Verbosity toggle: newton_convergence 
│  Newton iteration failed with stale Jacobian, retrying with fresh Jacobian
└ @ OrdinaryDiffEqNonlinearSolve ~/.julia/packages/OrdinaryDiffEqNonlinearSolve/doSPx/src/nlsolve.jl:144
┌ Warning: Verbosity toggle: dt_epsilon 
│  Initial timestep too small (near machine epsilon), using default: dt = 0.0
└ @ OrdinaryDiffEqCore ~/.julia/packages/OrdinaryDiffEqCore/rnOL4/src/initdt.jl:196
┌ Warning: Verbosity toggle: dt_epsilon 
│  Initial timestep too small (near machine epsilon), using default: dt = 0.0
└ @ OrdinaryDiffEqCore ~/.julia/packages/OrdinaryDiffEqCore/rnOL4/src/initdt.jl:196
┌ Warning: Verbosity toggle: newton_convergence 
│  Newton iteration failed with stale Jacobian, retrying with fresh Jacobian
└ @ OrdinaryDiffEqNonlinearSolve ~/.julia/packages/OrdinaryDiffEqNonlinearSolve/doSPx/src/nlsolve.jl:144
┌ Warning: Verbosity toggle: newton_convergence 
│  Newton iteration diverging: θ = Dual{ForwardDiff.Tag{PEtab.var"#302#303"{Bool, PEtab.PEtabODEProblemInfo{ODESolver, ODESolver, PEtab.PEtabODEProblemCache{Vector{Float64}, PreallocationTools.DiffCache{Vector{Float64}, Vector{Float64}}, Vector{Float64}, Matrix{Float64}, Dict{Symbol, PreallocationTools.DiffCache}, Dict{Symbol, PreallocationTools.DiffCache}, Dict{Symbol, PreallocationTools.DiffCache}, Vector{Float64}}}, PEtab.PEtabODEProblemInfo{ODESolver, ODESolver, PEtab.PEtabODEProblemCache{Vector{Float64}, PreallocationTools.DiffCache{Vector{Float64}, Vector{Float64}}, Vector{Float64}, Matrix{Float64}, Dict{Symbol, PreallocationTools.DiffCache}, Dict{Symbol, PreallocationTools.DiffCache}, Dict{Symbol, PreallocationTools.DiffCache}, Vector{Float64}}}, Vector{Float64}, Vector{Float64}, Vector{Float64}, PEtab.ModelInfo}, Float64}}(3.277824235940363,0.0,0.0,0.0,0.0,0.0,0.0,0.0,0.0,0.0,0.0,0.0,0.0) > 2, ndz = 0.1623465693790232, ndzprev = 0.049528759839817395
└ @ OrdinaryDiffEqNonlinearSolve ~/.julia/packages/OrdinaryDiffEqNonlinearSolve/doSPx/src/nlsolve.jl:101
┌ Warning: Verbosity toggle: newton_convergence 
│  Newton iteration failed with stale Jacobian, retrying with fresh Jacobian
└ @ OrdinaryDiffEqNonlinearSolve ~/.julia/packages/OrdinaryDiffEqNonlinearSolve/doSPx/src/nlsolve.jl:144
┌ Warning: Verbosity toggle: newton_convergence 
│  Newton iteration failed with stale Jacobian, retrying with fresh Jacobian
└ @ OrdinaryDiffEqNonlinearSolve ~/.julia/packages/OrdinaryDiffEqNonlinearSolve/doSPx/src/nlsolve.jl:144
┌ Warning: Verbosity toggle: newton_convergence 
│  Newton iteration failed with stale Jacobian, retrying with fresh Jacobian
└ @ OrdinaryDiffEqNonlinearSolve ~/.julia/packages/OrdinaryDiffEqNonlinearSolve/doSPx/src/nlsolve.jl:144
┌ Warning: Verbosity toggle: newton_convergence 
│  Newton iteration failed with stale Jacobian, retrying with fresh Jacobian
└ @ OrdinaryDiffEqNonlinearSolve ~/.julia/packages/OrdinaryDiffEqNonlinearSolve/doSPx/src/nlsolve.jl:144
┌ Warning: Verbosity toggle: newton_convergence 
│  Newton iteration failed with stale Jacobian, retrying with fresh Jacobian
└ @ OrdinaryDiffEqNonlinearSolve ~/.julia/packages/OrdinaryDiffEqNonlinearSolve/doSPx/src/nlsolve.jl:144
┌ Warning: Verbosity toggle: dt_epsilon 
│  Initial timestep too small (near machine epsilon), using default: dt = 0.0
└ @ OrdinaryDiffEqCore ~/.julia/packages/OrdinaryDiffEqCore/rnOL4/src/initdt.jl:196
┌ Warning: Verbosity toggle: dt_epsilon 
│  Initial timestep too small (near machine epsilon), using default: dt = 0.0
└ @ OrdinaryDiffEqCore ~/.julia/packages/OrdinaryDiffEqCore/rnOL4/src/initdt.jl:196
┌ Warning: Verbosity toggle: newton_convergence 
│  Newton iteration failed with stale Jacobian, retrying with fresh Jacobian
└ @ OrdinaryDiffEqNonlinearSolve ~/.julia/packages/OrdinaryDiffEqNonlinearSolve/doSPx/src/nlsolve.jl:144
┌ Warning: Verbosity toggle: newton_convergence 
│  Newton iteration diverging: θ = 7.106590940512039 > 2, ndz = 0.4397130557067375, ndzprev = 0.06187397859078908
└ @ OrdinaryDiffEqNonlinearSolve ~/.julia/packages/OrdinaryDiffEqNonlinearSolve/doSPx/src/nlsolve.jl:101
┌ Warning: Verbosity toggle: newton_convergence 
│  Newton iteration failed with stale Jacobian, retrying with fresh Jacobian
└ @ OrdinaryDiffEqNonlinearSolve ~/.julia/packages/OrdinaryDiffEqNonlinearSolve/doSPx/src/nlsolve.jl:144
┌ Warning: Verbosity toggle: newton_convergence 
│  Newton iteration failed with stale Jacobian, retrying with fresh Jacobian
└ @ OrdinaryDiffEqNonlinearSolve ~/.julia/packages/OrdinaryDiffEqNonlinearSolve/doSPx/src/nlsolve.jl:144
┌ Warning: Verbosity toggle: newton_convergence 
│  Newton iteration failed with stale Jacobian, retrying with fresh Jacobian
└ @ OrdinaryDiffEqNonlinearSolve ~/.julia/packages/OrdinaryDiffEqNonlinearSolve/doSPx/src/nlsolve.jl:144
┌ Warning: Verbosity toggle: newton_convergence 
│  Newton iteration failed with stale Jacobian, retrying with fresh Jacobian
└ @ OrdinaryDiffEqNonlinearSolve ~/.julia/packages/OrdinaryDiffEqNonlinearSolve/doSPx/src/nlsolve.jl:144
┌ Warning: Verbosity toggle: newton_convergence 
│  Newton iteration failed with stale Jacobian, retrying with fresh Jacobian
└ @ OrdinaryDiffEqNonlinearSolve ~/.julia/packages/OrdinaryDiffEqNonlinearSolve/doSPx/src/nlsolve.jl:144
┌ Warning: Verbosity toggle: dt_epsilon 
│  Initial timestep too small (near machine epsilon), using default: dt = 0.0
└ @ OrdinaryDiffEqCore ~/.julia/packages/OrdinaryDiffEqCore/rnOL4/src/initdt.jl:196
┌ Warning: Verbosity toggle: dt_epsilon 
│  Initial timestep too small (near machine epsilon), using default: dt = 0.0
└ @ OrdinaryDiffEqCore ~/.julia/packages/OrdinaryDiffEqCore/rnOL4/src/initdt.jl:196
┌ Warning: Verbosity toggle: newton_convergence 
│  Newton iteration failed with stale Jacobian, retrying with fresh Jacobian
└ @ OrdinaryDiffEqNonlinearSolve ~/.julia/packages/OrdinaryDiffEqNonlinearSolve/doSPx/src/nlsolve.jl:144
┌ Warning: Verbosity toggle: newton_convergence 
│  Newton iteration diverging: θ = Dual{ForwardDiff.Tag{PEtab.var"#302#303"{Bool, PEtab.PEtabODEProblemInfo{ODESolver, ODESolver, PEtab.PEtabODEProblemCache{Vector{Float64}, PreallocationTools.DiffCache{Vector{Float64}, Vector{Float64}}, Vector{Float64}, Matrix{Float64}, Dict{Symbol, PreallocationTools.DiffCache}, Dict{Symbol, PreallocationTools.DiffCache}, Dict{Symbol, PreallocationTools.DiffCache}, Vector{Float64}}}, PEtab.PEtabODEProblemInfo{ODESolver, ODESolver, PEtab.PEtabODEProblemCache{Vector{Float64}, PreallocationTools.DiffCache{Vector{Float64}, Vector{Float64}}, Vector{Float64}, Matrix{Float64}, Dict{Symbol, PreallocationTools.DiffCache}, Dict{Symbol, PreallocationTools.DiffCache}, Dict{Symbol, PreallocationTools.DiffCache}, Vector{Float64}}}, Vector{Float64}, Vector{Float64}, Vector{Float64}, PEtab.ModelInfo}, Float64}}(2.789583519968477,0.0,0.0,0.0,0.0,0.0,0.0,0.0,0.0,0.0,0.0,0.0,0.0) > 2, ndz = 0.1361542149708965, ndzprev = 0.0488080797711463
└ @ OrdinaryDiffEqNonlinearSolve ~/.julia/packages/OrdinaryDiffEqNonlinearSolve/doSPx/src/nlsolve.jl:101
┌ Warning: Verbosity toggle: newton_convergence 
│  Newton iteration failed with stale Jacobian, retrying with fresh Jacobian
└ @ OrdinaryDiffEqNonlinearSolve ~/.julia/packages/OrdinaryDiffEqNonlinearSolve/doSPx/src/nlsolve.jl:144
┌ Warning: Verbosity toggle: newton_convergence 
│  Newton iteration failed with stale Jacobian, retrying with fresh Jacobian
└ @ OrdinaryDiffEqNonlinearSolve ~/.julia/packages/OrdinaryDiffEqNonlinearSolve/doSPx/src/nlsolve.jl:144
┌ Warning: Verbosity toggle: newton_convergence 
│  Newton iteration failed with stale Jacobian, retrying with fresh Jacobian
└ @ OrdinaryDiffEqNonlinearSolve ~/.julia/packages/OrdinaryDiffEqNonlinearSolve/doSPx/src/nlsolve.jl:144
┌ Warning: Verbosity toggle: newton_convergence 
│  Newton iteration failed with stale Jacobian, retrying with fresh Jacobian
└ @ OrdinaryDiffEqNonlinearSolve ~/.julia/packages/OrdinaryDiffEqNonlinearSolve/doSPx/src/nlsolve.jl:144
┌ Warning: Verbosity toggle: dt_epsilon 
│  Initial timestep too small (near machine epsilon), using default: dt = 0.0
└ @ OrdinaryDiffEqCore ~/.julia/packages/OrdinaryDiffEqCore/rnOL4/src/initdt.jl:196
┌ Warning: Verbosity toggle: dt_epsilon 
│  Initial timestep too small (near machine epsilon), using default: dt = 0.0
└ @ OrdinaryDiffEqCore ~/.julia/packages/OrdinaryDiffEqCore/rnOL4/src/initdt.jl:196
┌ Warning: Verbosity toggle: newton_convergence 
│  Newton iteration failed with stale Jacobian, retrying with fresh Jacobian
└ @ OrdinaryDiffEqNonlinearSolve ~/.julia/packages/OrdinaryDiffEqNonlinearSolve/doSPx/src/nlsolve.jl:144
┌ Warning: Verbosity toggle: newton_convergence 
│  Newton iteration diverging: θ = Dual{ForwardDiff.Tag{PEtab.var"#302#303"{Bool, PEtab.PEtabODEProblemInfo{ODESolver, ODESolver, PEtab.PEtabODEProblemCache{Vector{Float64}, PreallocationTools.DiffCache{Vector{Float64}, Vector{Float64}}, Vector{Float64}, Matrix{Float64}, Dict{Symbol, PreallocationTools.DiffCache}, Dict{Symbol, PreallocationTools.DiffCache}, Dict{Symbol, PreallocationTools.DiffCache}, Vector{Float64}}}, PEtab.PEtabODEProblemInfo{ODESolver, ODESolver, PEtab.PEtabODEProblemCache{Vector{Float64}, PreallocationTools.DiffCache{Vector{Float64}, Vector{Float64}}, Vector{Float64}, Matrix{Float64}, Dict{Symbol, PreallocationTools.DiffCache}, Dict{Symbol, PreallocationTools.DiffCache}, Dict{Symbol, PreallocationTools.DiffCache}, Vector{Float64}}}, Vector{Float64}, Vector{Float64}, Vector{Float64}, PEtab.ModelInfo}, Float64}}(11.218380376094878,0.0,0.0,0.0,0.0,0.0,0.0,0.0,0.0,0.0,0.0,0.0,0.0) > 2, ndz = 3.2786710504224823, ndzprev = 0.2922588591673149
└ @ OrdinaryDiffEqNonlinearSolve ~/.julia/packages/OrdinaryDiffEqNonlinearSolve/doSPx/src/nlsolve.jl:101
┌ Warning: Verbosity toggle: newton_convergence 
│  Newton iteration failed with stale Jacobian, retrying with fresh Jacobian
└ @ OrdinaryDiffEqNonlinearSolve ~/.julia/packages/OrdinaryDiffEqNonlinearSolve/doSPx/src/nlsolve.jl:144
┌ Warning: Verbosity toggle: newton_convergence 
│  Newton iteration failed with stale Jacobian, retrying with fresh Jacobian
└ @ OrdinaryDiffEqNonlinearSolve ~/.julia/packages/OrdinaryDiffEqNonlinearSolve/doSPx/src/nlsolve.jl:144
┌ Warning: Verbosity toggle: newton_convergence 
│  Newton iteration failed with stale Jacobian, retrying with fresh Jacobian
└ @ OrdinaryDiffEqNonlinearSolve ~/.julia/packages/OrdinaryDiffEqNonlinearSolve/doSPx/src/nlsolve.jl:144
┌ Warning: Verbosity toggle: newton_convergence 
│  Newton iteration failed with stale Jacobian, retrying with fresh Jacobian
└ @ OrdinaryDiffEqNonlinearSolve ~/.julia/packages/OrdinaryDiffEqNonlinearSolve/doSPx/src/nlsolve.jl:144
┌ Warning: Verbosity toggle: newton_convergence 
│  Newton iteration failed with stale Jacobian, retrying with fresh Jacobian
└ @ OrdinaryDiffEqNonlinearSolve ~/.julia/packages/OrdinaryDiffEqNonlinearSolve/doSPx/src/nlsolve.jl:144
┌ Warning: Verbosity toggle: dt_epsilon 
│  Initial timestep too small (near machine epsilon), using default: dt = 0.0
└ @ OrdinaryDiffEqCore ~/.julia/packages/OrdinaryDiffEqCore/rnOL4/src/initdt.jl:196
┌ Warning: Verbosity toggle: dt_epsilon 
│  Initial timestep too small (near machine epsilon), using default: dt = 0.0
└ @ OrdinaryDiffEqCore ~/.julia/packages/OrdinaryDiffEqCore/rnOL4/src/initdt.jl:196
┌ Warning: Verbosity toggle: newton_convergence 
│  Newton iteration failed with stale Jacobian, retrying with fresh Jacobian
└ @ OrdinaryDiffEqNonlinearSolve ~/.julia/packages/OrdinaryDiffEqNonlinearSolve/doSPx/src/nlsolve.jl:144
┌ Warning: Verbosity toggle: newton_convergence 
│  Newton iteration diverging: θ = Dual{ForwardDiff.Tag{PEtab.var"#302#303"{Bool, PEtab.PEtabODEProblemInfo{ODESolver, ODESolver, PEtab.PEtabODEProblemCache{Vector{Float64}, PreallocationTools.DiffCache{Vector{Float64}, Vector{Float64}}, Vector{Float64}, Matrix{Float64}, Dict{Symbol, PreallocationTools.DiffCache}, Dict{Symbol, PreallocationTools.DiffCache}, Dict{Symbol, PreallocationTools.DiffCache}, Vector{Float64}}}, PEtab.PEtabODEProblemInfo{ODESolver, ODESolver, PEtab.PEtabODEProblemCache{Vector{Float64}, PreallocationTools.DiffCache{Vector{Float64}, Vector{Float64}}, Vector{Float64}, Matrix{Float64}, Dict{Symbol, PreallocationTools.DiffCache}, Dict{Symbol, PreallocationTools.DiffCache}, Dict{Symbol, PreallocationTools.DiffCache}, Vector{Float64}}}, Vector{Float64}, Vector{Float64}, Vector{Float64}, PEtab.ModelInfo}, Float64}}(15.117306483795987,0.0,0.0,0.0,0.0,0.0,0.0,0.0,0.0,0.0,0.0,0.0,0.0) > 2, ndz = 3.894000025224414, ndzprev = 0.25758557117290265
└ @ OrdinaryDiffEqNonlinearSolve ~/.julia/packages/OrdinaryDiffEqNonlinearSolve/doSPx/src/nlsolve.jl:101
┌ Warning: Verbosity toggle: newton_convergence 
│  Newton iteration failed with stale Jacobian, retrying with fresh Jacobian
└ @ OrdinaryDiffEqNonlinearSolve ~/.julia/packages/OrdinaryDiffEqNonlinearSolve/doSPx/src/nlsolve.jl:144
┌ Warning: Verbosity toggle: newton_convergence 
│  Newton iteration failed with stale Jacobian, retrying with fresh Jacobian
└ @ OrdinaryDiffEqNonlinearSolve ~/.julia/packages/OrdinaryDiffEqNonlinearSolve/doSPx/src/nlsolve.jl:144
┌ Warning: Verbosity toggle: newton_convergence 
│  Newton iteration failed with stale Jacobian, retrying with fresh Jacobian
└ @ OrdinaryDiffEqNonlinearSolve ~/.julia/packages/OrdinaryDiffEqNonlinearSolve/doSPx/src/nlsolve.jl:144
┌ Warning: Verbosity toggle: newton_convergence 
│  Newton iteration failed with stale Jacobian, retrying with fresh Jacobian
└ @ OrdinaryDiffEqNonlinearSolve ~/.julia/packages/OrdinaryDiffEqNonlinearSolve/doSPx/src/nlsolve.jl:144
┌ Warning: Verbosity toggle: dt_epsilon 
│  Initial timestep too small (near machine epsilon), using default: dt = 0.0
└ @ OrdinaryDiffEqCore ~/.julia/packages/OrdinaryDiffEqCore/rnOL4/src/initdt.jl:196
┌ Warning: Verbosity toggle: dt_epsilon 
│  Initial timestep too small (near machine epsilon), using default: dt = 0.0
└ @ OrdinaryDiffEqCore ~/.julia/packages/OrdinaryDiffEqCore/rnOL4/src/initdt.jl:196
┌ Warning: Verbosity toggle: newton_convergence 
│  Newton iteration failed with stale Jacobian, retrying with fresh Jacobian
└ @ OrdinaryDiffEqNonlinearSolve ~/.julia/packages/OrdinaryDiffEqNonlinearSolve/doSPx/src/nlsolve.jl:144
┌ Warning: Verbosity toggle: newton_convergence 
│  Newton iteration diverging: θ = Dual{ForwardDiff.Tag{PEtab.var"#302#303"{Bool, PEtab.PEtabODEProblemInfo{ODESolver, ODESolver, PEtab.PEtabODEProblemCache{Vector{Float64}, PreallocationTools.DiffCache{Vector{Float64}, Vector{Float64}}, Vector{Float64}, Matrix{Float64}, Dict{Symbol, PreallocationTools.DiffCache}, Dict{Symbol, PreallocationTools.DiffCache}, Dict{Symbol, PreallocationTools.DiffCache}, Vector{Float64}}}, PEtab.PEtabODEProblemInfo{ODESolver, ODESolver, PEtab.PEtabODEProblemCache{Vector{Float64}, PreallocationTools.DiffCache{Vector{Float64}, Vector{Float64}}, Vector{Float64}, Matrix{Float64}, Dict{Symbol, PreallocationTools.DiffCache}, Dict{Symbol, PreallocationTools.DiffCache}, Dict{Symbol, PreallocationTools.DiffCache}, Vector{Float64}}}, Vector{Float64}, Vector{Float64}, Vector{Float64}, PEtab.ModelInfo}, Float64}}(2.6026560360976725,0.0,0.0,0.0,0.0,0.0,0.0,0.0,0.0,0.0,0.0,0.0,0.0) > 2, ndz = 1.635484822591121, ndzprev = 0.6283906900903076
└ @ OrdinaryDiffEqNonlinearSolve ~/.julia/packages/OrdinaryDiffEqNonlinearSolve/doSPx/src/nlsolve.jl:101
┌ Warning: Verbosity toggle: newton_convergence 
│  Newton iteration failed with stale Jacobian, retrying with fresh Jacobian
└ @ OrdinaryDiffEqNonlinearSolve ~/.julia/packages/OrdinaryDiffEqNonlinearSolve/doSPx/src/nlsolve.jl:144
┌ Warning: Verbosity toggle: newton_convergence 
│  Newton iteration failed with stale Jacobian, retrying with fresh Jacobian
└ @ OrdinaryDiffEqNonlinearSolve ~/.julia/packages/OrdinaryDiffEqNonlinearSolve/doSPx/src/nlsolve.jl:144
┌ Warning: Verbosity toggle: newton_convergence 
│  Newton iteration failed with stale Jacobian, retrying with fresh Jacobian
└ @ OrdinaryDiffEqNonlinearSolve ~/.julia/packages/OrdinaryDiffEqNonlinearSolve/doSPx/src/nlsolve.jl:144
┌ Warning: Verbosity toggle: newton_convergence 
│  Newton iteration failed with stale Jacobian, retrying with fresh Jacobian
└ @ OrdinaryDiffEqNonlinearSolve ~/.julia/packages/OrdinaryDiffEqNonlinearSolve/doSPx/src/nlsolve.jl:144
┌ Warning: Verbosity toggle: newton_convergence 
│  Newton iteration failed with stale Jacobian, retrying with fresh Jacobian
└ @ OrdinaryDiffEqNonlinearSolve ~/.julia/packages/OrdinaryDiffEqNonlinearSolve/doSPx/src/nlsolve.jl:144
┌ Warning: Verbosity toggle: dt_epsilon 
│  Initial timestep too small (near machine epsilon), using default: dt = 0.0
└ @ OrdinaryDiffEqCore ~/.julia/packages/OrdinaryDiffEqCore/rnOL4/src/initdt.jl:196
┌ Warning: Verbosity toggle: dt_epsilon 
│  Initial timestep too small (near machine epsilon), using default: dt = 0.0
└ @ OrdinaryDiffEqCore ~/.julia/packages/OrdinaryDiffEqCore/rnOL4/src/initdt.jl:196
┌ Warning: Verbosity toggle: newton_convergence 
│  Newton iteration failed with stale Jacobian, retrying with fresh Jacobian
└ @ OrdinaryDiffEqNonlinearSolve ~/.julia/packages/OrdinaryDiffEqNonlinearSolve/doSPx/src/nlsolve.jl:144
┌ Warning: Verbosity toggle: newton_convergence 
│  Newton iteration diverging: θ = Dual{ForwardDiff.Tag{PEtab.var"#302#303"{Bool, PEtab.PEtabODEProblemInfo{ODESolver, ODESolver, PEtab.PEtabODEProblemCache{Vector{Float64}, PreallocationTools.DiffCache{Vector{Float64}, Vector{Float64}}, Vector{Float64}, Matrix{Float64}, Dict{Symbol, PreallocationTools.DiffCache}, Dict{Symbol, PreallocationTools.DiffCache}, Dict{Symbol, PreallocationTools.DiffCache}, Vector{Float64}}}, PEtab.PEtabODEProblemInfo{ODESolver, ODESolver, PEtab.PEtabODEProblemCache{Vector{Float64}, PreallocationTools.DiffCache{Vector{Float64}, Vector{Float64}}, Vector{Float64}, Matrix{Float64}, Dict{Symbol, PreallocationTools.DiffCache}, Dict{Symbol, PreallocationTools.DiffCache}, Dict{Symbol, PreallocationTools.DiffCache}, Vector{Float64}}}, Vector{Float64}, Vector{Float64}, Vector{Float64}, PEtab.ModelInfo}, Float64}}(2.318195163692582,0.0,0.0,0.0,0.0,0.0,0.0,0.0,0.0,0.0,0.0,0.0,0.0) > 2, ndz = 0.24025756321082195, ndzprev = 0.10363992082017938
└ @ OrdinaryDiffEqNonlinearSolve ~/.julia/packages/OrdinaryDiffEqNonlinearSolve/doSPx/src/nlsolve.jl:101
┌ Warning: Verbosity toggle: newton_convergence 
│  Newton iteration failed with stale Jacobian, retrying with fresh Jacobian
└ @ OrdinaryDiffEqNonlinearSolve ~/.julia/packages/OrdinaryDiffEqNonlinearSolve/doSPx/src/nlsolve.jl:144
┌ Warning: Verbosity toggle: newton_convergence 
│  Newton iteration failed with stale Jacobian, retrying with fresh Jacobian
└ @ OrdinaryDiffEqNonlinearSolve ~/.julia/packages/OrdinaryDiffEqNonlinearSolve/doSPx/src/nlsolve.jl:144
┌ Warning: Verbosity toggle: newton_convergence 
│  Newton iteration failed with stale Jacobian, retrying with fresh Jacobian
└ @ OrdinaryDiffEqNonlinearSolve ~/.julia/packages/OrdinaryDiffEqNonlinearSolve/doSPx/src/nlsolve.jl:144
┌ Warning: Verbosity toggle: newton_convergence 
│  Newton iteration failed with stale Jacobian, retrying with fresh Jacobian
└ @ OrdinaryDiffEqNonlinearSolve ~/.julia/packages/OrdinaryDiffEqNonlinearSolve/doSPx/src/nlsolve.jl:144
┌ Warning: Verbosity toggle: newton_convergence 
│  Newton iteration failed with stale Jacobian, retrying with fresh Jacobian
└ @ OrdinaryDiffEqNonlinearSolve ~/.julia/packages/OrdinaryDiffEqNonlinearSolve/doSPx/src/nlsolve.jl:144
┌ Warning: Verbosity toggle: dt_epsilon 
│  Initial timestep too small (near machine epsilon), using default: dt = 0.0
└ @ OrdinaryDiffEqCore ~/.julia/packages/OrdinaryDiffEqCore/rnOL4/src/initdt.jl:196
┌ Warning: Verbosity toggle: dt_epsilon 
│  Initial timestep too small (near machine epsilon), using default: dt = 0.0
└ @ OrdinaryDiffEqCore ~/.julia/packages/OrdinaryDiffEqCore/rnOL4/src/initdt.jl:196
┌ Warning: Verbosity toggle: newton_convergence 
│  Newton iteration failed with stale Jacobian, retrying with fresh Jacobian
└ @ OrdinaryDiffEqNonlinearSolve ~/.julia/packages/OrdinaryDiffEqNonlinearSolve/doSPx/src/nlsolve.jl:144
┌ Warning: Verbosity toggle: newton_convergence 
│  Newton iteration diverging: θ = 2.143454307232646 > 2, ndz = 0.1267796023370208, ndzprev = 0.059147331440296665
└ @ OrdinaryDiffEqNonlinearSolve ~/.julia/packages/OrdinaryDiffEqNonlinearSolve/doSPx/src/nlsolve.jl:101
┌ Warning: Verbosity toggle: newton_convergence 
│  Newton iteration failed with stale Jacobian, retrying with fresh Jacobian
└ @ OrdinaryDiffEqNonlinearSolve ~/.julia/packages/OrdinaryDiffEqNonlinearSolve/doSPx/src/nlsolve.jl:144
┌ Warning: Verbosity toggle: newton_convergence 
│  Newton iteration failed with stale Jacobian, retrying with fresh Jacobian
└ @ OrdinaryDiffEqNonlinearSolve ~/.julia/packages/OrdinaryDiffEqNonlinearSolve/doSPx/src/nlsolve.jl:144
┌ Warning: Verbosity toggle: newton_convergence 
│  Newton iteration failed with stale Jacobian, retrying with fresh Jacobian
└ @ OrdinaryDiffEqNonlinearSolve ~/.julia/packages/OrdinaryDiffEqNonlinearSolve/doSPx/src/nlsolve.jl:144
┌ Warning: Verbosity toggle: newton_convergence 
│  Newton iteration failed with stale Jacobian, retrying with fresh Jacobian
└ @ OrdinaryDiffEqNonlinearSolve ~/.julia/packages/OrdinaryDiffEqNonlinearSolve/doSPx/src/nlsolve.jl:144
┌ Warning: Verbosity toggle: newton_convergence 
│  Newton iteration failed with stale Jacobian, retrying with fresh Jacobian
└ @ OrdinaryDiffEqNonlinearSolve ~/.julia/packages/OrdinaryDiffEqNonlinearSolve/doSPx/src/nlsolve.jl:144
┌ Warning: Verbosity toggle: dt_epsilon 
│  Initial timestep too small (near machine epsilon), using default: dt = 0.0
└ @ OrdinaryDiffEqCore ~/.julia/packages/OrdinaryDiffEqCore/rnOL4/src/initdt.jl:196
┌ Warning: Verbosity toggle: dt_epsilon 
│  Initial timestep too small (near machine epsilon), using default: dt = 0.0
└ @ OrdinaryDiffEqCore ~/.julia/packages/OrdinaryDiffEqCore/rnOL4/src/initdt.jl:196
┌ Warning: Verbosity toggle: newton_convergence 
│  Newton iteration failed with stale Jacobian, retrying with fresh Jacobian
└ @ OrdinaryDiffEqNonlinearSolve ~/.julia/packages/OrdinaryDiffEqNonlinearSolve/doSPx/src/nlsolve.jl:144
┌ Warning: Verbosity toggle: newton_convergence 
│  Newton iteration diverging: θ = Dual{ForwardDiff.Tag{PEtab.var"#_get_hess_gaussnewton##0#_get_hess_gaussnewton##1"{PEtab.PEtabODEProblemInfo{ODESolver, ODESolver, PEtab.PEtabODEProblemCache{Vector{Float64}, PreallocationTools.DiffCache{Vector{Float64}, Vector{Float64}}, Vector{Float64}, Matrix{Float64}, Dict{Symbol, PreallocationTools.DiffCache}, Dict{Symbol, PreallocationTools.DiffCache}, Dict{Symbol, PreallocationTools.DiffCache}, Vector{Float64}}}, PEtab.ModelInfo}, Float64}}(2.789583519968477,0.0,0.0,0.0,0.0,0.0,0.0,0.0,0.0,0.0,0.0,0.0,0.0) > 2, ndz = 0.1361542149708965, ndzprev = 0.0488080797711463
└ @ OrdinaryDiffEqNonlinearSolve ~/.julia/packages/OrdinaryDiffEqNonlinearSolve/doSPx/src/nlsolve.jl:101
┌ Warning: Verbosity toggle: newton_convergence 
│  Newton iteration failed with stale Jacobian, retrying with fresh Jacobian
└ @ OrdinaryDiffEqNonlinearSolve ~/.julia/packages/OrdinaryDiffEqNonlinearSolve/doSPx/src/nlsolve.jl:144
┌ Warning: Verbosity toggle: newton_convergence 
│  Newton iteration failed with stale Jacobian, retrying with fresh Jacobian
└ @ OrdinaryDiffEqNonlinearSolve ~/.julia/packages/OrdinaryDiffEqNonlinearSolve/doSPx/src/nlsolve.jl:144
┌ Warning: Verbosity toggle: newton_convergence 
│  Newton iteration failed with stale Jacobian, retrying with fresh Jacobian
└ @ OrdinaryDiffEqNonlinearSolve ~/.julia/packages/OrdinaryDiffEqNonlinearSolve/doSPx/src/nlsolve.jl:144
┌ Warning: Verbosity toggle: newton_convergence 
│  Newton iteration failed with stale Jacobian, retrying with fresh Jacobian
└ @ OrdinaryDiffEqNonlinearSolve ~/.julia/packages/OrdinaryDiffEqNonlinearSolve/doSPx/src/nlsolve.jl:144
┌ Warning: Verbosity toggle: dt_epsilon 
│  Initial timestep too small (near machine epsilon), using default: dt = 0.0
└ @ OrdinaryDiffEqCore ~/.julia/packages/OrdinaryDiffEqCore/rnOL4/src/initdt.jl:196
┌ Warning: Verbosity toggle: dt_epsilon 
│  Initial timestep too small (near machine epsilon), using default: dt = 0.0
└ @ OrdinaryDiffEqCore ~/.julia/packages/OrdinaryDiffEqCore/rnOL4/src/initdt.jl:196
┌ Warning: Verbosity toggle: newton_convergence 
│  Newton iteration failed with stale Jacobian, retrying with fresh Jacobian
└ @ OrdinaryDiffEqNonlinearSolve ~/.julia/packages/OrdinaryDiffEqNonlinearSolve/doSPx/src/nlsolve.jl:144
┌ Warning: Verbosity toggle: newton_convergence 
│  Newton iteration diverging: θ = Dual{ForwardDiff.Tag{PEtab.var"#_get_hess_gaussnewton##0#_get_hess_gaussnewton##1"{PEtab.PEtabODEProblemInfo{ODESolver, ODESolver, PEtab.PEtabODEProblemCache{Vector{Float64}, PreallocationTools.DiffCache{Vector{Float64}, Vector{Float64}}, Vector{Float64}, Matrix{Float64}, Dict{Symbol, PreallocationTools.DiffCache}, Dict{Symbol, PreallocationTools.DiffCache}, Dict{Symbol, PreallocationTools.DiffCache}, Vector{Float64}}}, PEtab.ModelInfo}, Float64}}(13.270291193966486,0.0,0.0,0.0,0.0,0.0,0.0,0.0,0.0,0.0,0.0,0.0,0.0) > 2, ndz = 9.561198486351431, ndzprev = 0.7204965095791234
└ @ OrdinaryDiffEqNonlinearSolve ~/.julia/packages/OrdinaryDiffEqNonlinearSolve/doSPx/src/nlsolve.jl:101
┌ Warning: Verbosity toggle: newton_convergence 
│  Newton iteration failed with stale Jacobian, retrying with fresh Jacobian
└ @ OrdinaryDiffEqNonlinearSolve ~/.julia/packages/OrdinaryDiffEqNonlinearSolve/doSPx/src/nlsolve.jl:144
┌ Warning: Verbosity toggle: newton_convergence 
│  Newton iteration failed with stale Jacobian, retrying with fresh Jacobian
└ @ OrdinaryDiffEqNonlinearSolve ~/.julia/packages/OrdinaryDiffEqNonlinearSolve/doSPx/src/nlsolve.jl:144
┌ Warning: Verbosity toggle: newton_convergence 
│  Newton iteration failed with stale Jacobian, retrying with fresh Jacobian
└ @ OrdinaryDiffEqNonlinearSolve ~/.julia/packages/OrdinaryDiffEqNonlinearSolve/doSPx/src/nlsolve.jl:144
┌ Warning: Verbosity toggle: newton_convergence 
│  Newton iteration failed with stale Jacobian, retrying with fresh Jacobian
└ @ OrdinaryDiffEqNonlinearSolve ~/.julia/packages/OrdinaryDiffEqNonlinearSolve/doSPx/src/nlsolve.jl:144
┌ Warning: Verbosity toggle: newton_convergence 
│  Newton iteration failed with stale Jacobian, retrying with fresh Jacobian
└ @ OrdinaryDiffEqNonlinearSolve ~/.julia/packages/OrdinaryDiffEqNonlinearSolve/doSPx/src/nlsolve.jl:144
┌ Warning: Verbosity toggle: dt_epsilon 
│  Initial timestep too small (near machine epsilon), using default: dt = 0.0
└ @ OrdinaryDiffEqCore ~/.julia/packages/OrdinaryDiffEqCore/rnOL4/src/initdt.jl:196
┌ Warning: Verbosity toggle: dt_epsilon 
│  Initial timestep too small (near machine epsilon), using default: dt = 0.0
└ @ OrdinaryDiffEqCore ~/.julia/packages/OrdinaryDiffEqCore/rnOL4/src/initdt.jl:196
┌ Warning: Verbosity toggle: newton_convergence 
│  Newton iteration failed with stale Jacobian, retrying with fresh Jacobian
└ @ OrdinaryDiffEqNonlinearSolve ~/.julia/packages/OrdinaryDiffEqNonlinearSolve/doSPx/src/nlsolve.jl:144
┌ Warning: Verbosity toggle: newton_convergence 
│  Newton iteration diverging: θ = Dual{ForwardDiff.Tag{PEtab.var"#_get_hess_gaussnewton##0#_get_hess_gaussnewton##1"{PEtab.PEtabODEProblemInfo{ODESolver, ODESolver, PEtab.PEtabODEProblemCache{Vector{Float64}, PreallocationTools.DiffCache{Vector{Float64}, Vector{Float64}}, Vector{Float64}, Matrix{Float64}, Dict{Symbol, PreallocationTools.DiffCache}, Dict{Symbol, PreallocationTools.DiffCache}, Dict{Symbol, PreallocationTools.DiffCache}, Vector{Float64}}}, PEtab.ModelInfo}, Float64}}(11.080254596507942,0.0,0.0,0.0,0.0,0.0,0.0,0.0,0.0,0.0,0.0,0.0,0.0) > 2, ndz = 1.3916568108586802, ndzprev = 0.12559790921205685
└ @ OrdinaryDiffEqNonlinearSolve ~/.julia/packages/OrdinaryDiffEqNonlinearSolve/doSPx/src/nlsolve.jl:101
┌ Warning: Verbosity toggle: newton_convergence 
│  Newton iteration failed with stale Jacobian, retrying with fresh Jacobian
└ @ OrdinaryDiffEqNonlinearSolve ~/.julia/packages/OrdinaryDiffEqNonlinearSolve/doSPx/src/nlsolve.jl:144
┌ Warning: Verbosity toggle: newton_convergence 
│  Newton iteration failed with stale Jacobian, retrying with fresh Jacobian
└ @ OrdinaryDiffEqNonlinearSolve ~/.julia/packages/OrdinaryDiffEqNonlinearSolve/doSPx/src/nlsolve.jl:144
┌ Warning: Verbosity toggle: newton_convergence 
│  Newton iteration failed with stale Jacobian, retrying with fresh Jacobian
└ @ OrdinaryDiffEqNonlinearSolve ~/.julia/packages/OrdinaryDiffEqNonlinearSolve/doSPx/src/nlsolve.jl:144
┌ Warning: Verbosity toggle: newton_convergence 
│  Newton iteration failed with stale Jacobian, retrying with fresh Jacobian
└ @ OrdinaryDiffEqNonlinearSolve ~/.julia/packages/OrdinaryDiffEqNonlinearSolve/doSPx/src/nlsolve.jl:144
┌ Warning: Verbosity toggle: newton_convergence 
│  Newton iteration failed with stale Jacobian, retrying with fresh Jacobian
└ @ OrdinaryDiffEqNonlinearSolve ~/.julia/packages/OrdinaryDiffEqNonlinearSolve/doSPx/src/nlsolve.jl:144
┌ Warning: Verbosity toggle: dt_epsilon 
│  Initial timestep too small (near machine epsilon), using default: dt = 0.0
└ @ OrdinaryDiffEqCore ~/.julia/packages/OrdinaryDiffEqCore/rnOL4/src/initdt.jl:196
┌ Warning: Verbosity toggle: dt_epsilon 
│  Initial timestep too small (near machine epsilon), using default: dt = 0.0
└ @ OrdinaryDiffEqCore ~/.julia/packages/OrdinaryDiffEqCore/rnOL4/src/initdt.jl:196
┌ Warning: Verbosity toggle: newton_convergence 
│  Newton iteration failed with stale Jacobian, retrying with fresh Jacobian
└ @ OrdinaryDiffEqNonlinearSolve ~/.julia/packages/OrdinaryDiffEqNonlinearSolve/doSPx/src/nlsolve.jl:144
┌ Warning: Verbosity toggle: newton_convergence 
│  Newton iteration diverging: θ = Dual{ForwardDiff.Tag{PEtab.var"#_get_hess_gaussnewton##0#_get_hess_gaussnewton##1"{PEtab.PEtabODEProblemInfo{ODESolver, ODESolver, PEtab.PEtabODEProblemCache{Vector{Float64}, PreallocationTools.DiffCache{Vector{Float64}, Vector{Float64}}, Vector{Float64}, Matrix{Float64}, Dict{Symbol, PreallocationTools.DiffCache}, Dict{Symbol, PreallocationTools.DiffCache}, Dict{Symbol, PreallocationTools.DiffCache}, Vector{Float64}}}, PEtab.ModelInfo}, Float64}}(13.444971923580185,0.0,0.0,0.0,0.0,0.0,0.0,0.0,0.0,0.0,0.0,0.0,0.0) > 2, ndz = 0.1814680887080764, ndzprev = 0.013497096887931194
└ @ OrdinaryDiffEqNonlinearSolve ~/.julia/packages/OrdinaryDiffEqNonlinearSolve/doSPx/src/nlsolve.jl:101
┌ Warning: Verbosity toggle: newton_convergence 
│  Newton iteration failed with stale Jacobian, retrying with fresh Jacobian
└ @ OrdinaryDiffEqNonlinearSolve ~/.julia/packages/OrdinaryDiffEqNonlinearSolve/doSPx/src/nlsolve.jl:144
┌ Warning: Verbosity toggle: newton_convergence 
│  Newton iteration failed with stale Jacobian, retrying with fresh Jacobian
└ @ OrdinaryDiffEqNonlinearSolve ~/.julia/packages/OrdinaryDiffEqNonlinearSolve/doSPx/src/nlsolve.jl:144
┌ Warning: Verbosity toggle: newton_convergence 
│  Newton iteration failed with stale Jacobian, retrying with fresh Jacobian
└ @ OrdinaryDiffEqNonlinearSolve ~/.julia/packages/OrdinaryDiffEqNonlinearSolve/doSPx/src/nlsolve.jl:144
┌ Warning: Verbosity toggle: newton_convergence 
│  Newton iteration diverging: θ = Dual{ForwardDiff.Tag{PEtab.var"#_get_hess_gaussnewton##0#_get_hess_gaussnewton##1"{PEtab.PEtabODEProblemInfo{ODESolver, ODESolver, PEtab.PEtabODEProblemCache{Vector{Float64}, PreallocationTools.DiffCache{Vector{Float64}, Vector{Float64}}, Vector{Float64}, Matrix{Float64}, Dict{Symbol, PreallocationTools.DiffCache}, Dict{Symbol, PreallocationTools.DiffCache}, Dict{Symbol, PreallocationTools.DiffCache}, Vector{Float64}}}, PEtab.ModelInfo}, Float64}}(3.417690933826071,0.0,0.0,0.0,0.0,0.0,0.0,0.0,0.0,0.0,0.0,0.0,0.0) > 2, ndz = 0.21540433334418543, ndzprev = 0.06302627637047403
└ @ OrdinaryDiffEqNonlinearSolve ~/.julia/packages/OrdinaryDiffEqNonlinearSolve/doSPx/src/nlsolve.jl:101
┌ Warning: Verbosity toggle: newton_convergence 
│  Newton iteration failed with stale Jacobian, retrying with fresh Jacobian
└ @ OrdinaryDiffEqNonlinearSolve ~/.julia/packages/OrdinaryDiffEqNonlinearSolve/doSPx/src/nlsolve.jl:144
┌ Warning: Verbosity toggle: dt_epsilon 
│  Initial timestep too small (near machine epsilon), using default: dt = 0.0
└ @ OrdinaryDiffEqCore ~/.julia/packages/OrdinaryDiffEqCore/rnOL4/src/initdt.jl:196
┌ Warning: Verbosity toggle: dt_epsilon 
│  Initial timestep too small (near machine epsilon), using default: dt = 0.0
└ @ OrdinaryDiffEqCore ~/.julia/packages/OrdinaryDiffEqCore/rnOL4/src/initdt.jl:196
┌ Warning: Verbosity toggle: newton_convergence 
│  Newton iteration failed with stale Jacobian, retrying with fresh Jacobian
└ @ OrdinaryDiffEqNonlinearSolve ~/.julia/packages/OrdinaryDiffEqNonlinearSolve/doSPx/src/nlsolve.jl:144
┌ Warning: Verbosity toggle: newton_convergence 
│  Newton iteration diverging: θ = Dual{ForwardDiff.Tag{PEtab.var"#_get_hess_gaussnewton##0#_get_hess_gaussnewton##1"{PEtab.PEtabODEProblemInfo{ODESolver, ODESolver, PEtab.PEtabODEProblemCache{Vector{Float64}, PreallocationTools.DiffCache{Vector{Float64}, Vector{Float64}}, Vector{Float64}, Matrix{Float64}, Dict{Symbol, PreallocationTools.DiffCache}, Dict{Symbol, PreallocationTools.DiffCache}, Dict{Symbol, PreallocationTools.DiffCache}, Vector{Float64}}}, PEtab.ModelInfo}, Float64}}(2.0270478843937516,0.0,0.0,0.0,0.0,0.0,0.0,0.0,0.0,0.0,0.0,0.0,0.0) > 2, ndz = 0.2247724454331942, ndzprev = 0.11088659876449787
└ @ OrdinaryDiffEqNonlinearSolve ~/.julia/packages/OrdinaryDiffEqNonlinearSolve/doSPx/src/nlsolve.jl:101
┌ Warning: Verbosity toggle: newton_convergence 
│  Newton iteration failed with stale Jacobian, retrying with fresh Jacobian
└ @ OrdinaryDiffEqNonlinearSolve ~/.julia/packages/OrdinaryDiffEqNonlinearSolve/doSPx/src/nlsolve.jl:144
┌ Warning: Verbosity toggle: newton_convergence 
│  Newton iteration failed with stale Jacobian, retrying with fresh Jacobian
└ @ OrdinaryDiffEqNonlinearSolve ~/.julia/packages/OrdinaryDiffEqNonlinearSolve/doSPx/src/nlsolve.jl:144
┌ Warning: Verbosity toggle: newton_convergence 
│  Newton iteration diverging: θ = Dual{ForwardDiff.Tag{PEtab.var"#_get_hess_gaussnewton##0#_get_hess_gaussnewton##1"{PEtab.PEtabODEProblemInfo{ODESolver, ODESolver, PEtab.PEtabODEProblemCache{Vector{Float64}, PreallocationTools.DiffCache{Vector{Float64}, Vector{Float64}}, Vector{Float64}, Matrix{Float64}, Dict{Symbol, PreallocationTools.DiffCache}, Dict{Symbol, PreallocationTools.DiffCache}, Dict{Symbol, PreallocationTools.DiffCache}, Vector{Float64}}}, PEtab.ModelInfo}, Float64}}(3.1746090172821835,0.0,0.0,0.0,0.0,0.0,0.0,0.0,0.0,0.0,0.0,0.0,0.0) > 2, ndz = 0.5199720354528181, ndzprev = 0.16379088971969585
└ @ OrdinaryDiffEqNonlinearSolve ~/.julia/packages/OrdinaryDiffEqNonlinearSolve/doSPx/src/nlsolve.jl:101
┌ Warning: Verbosity toggle: newton_convergence 
│  Newton iteration failed with stale Jacobian, retrying with fresh Jacobian
└ @ OrdinaryDiffEqNonlinearSolve ~/.julia/packages/OrdinaryDiffEqNonlinearSolve/doSPx/src/nlsolve.jl:144
┌ Warning: Verbosity toggle: newton_convergence 
│  Newton iteration diverging: θ = Dual{ForwardDiff.Tag{PEtab.var"#_get_hess_gaussnewton##0#_get_hess_gaussnewton##1"{PEtab.PEtabODEProblemInfo{ODESolver, ODESolver, PEtab.PEtabODEProblemCache{Vector{Float64}, PreallocationTools.DiffCache{Vector{Float64}, Vector{Float64}}, Vector{Float64}, Matrix{Float64}, Dict{Symbol, PreallocationTools.DiffCache}, Dict{Symbol, PreallocationTools.DiffCache}, Dict{Symbol, PreallocationTools.DiffCache}, Vector{Float64}}}, PEtab.ModelInfo}, Float64}}(5.27680765075769,0.0,0.0,0.0,0.0,0.0,0.0,0.0,0.0,0.0,0.0,0.0,0.0) > 2, ndz = 0.10812758858648054, ndzprev = 0.020491099115760764
└ @ OrdinaryDiffEqNonlinearSolve ~/.julia/packages/OrdinaryDiffEqNonlinearSolve/doSPx/src/nlsolve.jl:101
┌ Warning: Verbosity toggle: newton_convergence 
│  Newton iteration failed with stale Jacobian, retrying with fresh Jacobian
└ @ OrdinaryDiffEqNonlinearSolve ~/.julia/packages/OrdinaryDiffEqNonlinearSolve/doSPx/src/nlsolve.jl:144
┌ Warning: Verbosity toggle: newton_convergence 
│  Newton iteration diverging: θ = Dual{ForwardDiff.Tag{PEtab.var"#_get_hess_gaussnewton##0#_get_hess_gaussnewton##1"{PEtab.PEtabODEProblemInfo{ODESolver, ODESolver, PEtab.PEtabODEProblemCache{Vector{Float64}, PreallocationTools.DiffCache{Vector{Float64}, Vector{Float64}}, Vector{Float64}, Matrix{Float64}, Dict{Symbol, PreallocationTools.DiffCache}, Dict{Symbol, PreallocationTools.DiffCache}, Dict{Symbol, PreallocationTools.DiffCache}, Vector{Float64}}}, PEtab.ModelInfo}, Float64}}(2.1022847339902486,0.0,0.0,0.0,0.0,0.0,0.0,0.0,0.0,0.0,0.0,0.0,0.0) > 2, ndz = 0.11477425601071527, ndzprev = 0.05459500996940011
└ @ OrdinaryDiffEqNonlinearSolve ~/.julia/packages/OrdinaryDiffEqNonlinearSolve/doSPx/src/nlsolve.jl:101
┌ Warning: Verbosity toggle: newton_convergence 
│  Newton iteration failed with stale Jacobian, retrying with fresh Jacobian
└ @ OrdinaryDiffEqNonlinearSolve ~/.julia/packages/OrdinaryDiffEqNonlinearSolve/doSPx/src/nlsolve.jl:144
┌ Warning: Verbosity toggle: newton_convergence 
│  Newton iteration diverging: θ = Dual{ForwardDiff.Tag{PEtab.var"#_get_hess_gaussnewton##0#_get_hess_gaussnewton##1"{PEtab.PEtabODEProblemInfo{ODESolver, ODESolver, PEtab.PEtabODEProblemCache{Vector{Float64}, PreallocationTools.DiffCache{Vector{Float64}, Vector{Float64}}, Vector{Float64}, Matrix{Float64}, Dict{Symbol, PreallocationTools.DiffCache}, Dict{Symbol, PreallocationTools.DiffCache}, Dict{Symbol, PreallocationTools.DiffCache}, Vector{Float64}}}, PEtab.ModelInfo}, Float64}}(2.0275066131985566,0.0,0.0,0.0,0.0,0.0,0.0,0.0,0.0,0.0,0.0,0.0,0.0) > 2, ndz = 0.2804768398373565, ndzprev = 0.13833584463376003
└ @ OrdinaryDiffEqNonlinearSolve ~/.julia/packages/OrdinaryDiffEqNonlinearSolve/doSPx/src/nlsolve.jl:101
┌ Warning: Verbosity toggle: newton_convergence 
│  Newton iteration failed with stale Jacobian, retrying with fresh Jacobian
└ @ OrdinaryDiffEqNonlinearSolve ~/.julia/packages/OrdinaryDiffEqNonlinearSolve/doSPx/src/nlsolve.jl:144
┌ Warning: Verbosity toggle: newton_convergence 
│  Newton iteration failed with stale Jacobian, retrying with fresh Jacobian
└ @ OrdinaryDiffEqNonlinearSolve ~/.julia/packages/OrdinaryDiffEqNonlinearSolve/doSPx/src/nlsolve.jl:144
┌ Warning: Verbosity toggle: dt_epsilon 
│  Initial timestep too small (near machine epsilon), using default: dt = 0.0
└ @ OrdinaryDiffEqCore ~/.julia/packages/OrdinaryDiffEqCore/rnOL4/src/initdt.jl:196
┌ Warning: Verbosity toggle: dt_epsilon 
│  Initial timestep too small (near machine epsilon), using default: dt = 0.0
└ @ OrdinaryDiffEqCore ~/.julia/packages/OrdinaryDiffEqCore/rnOL4/src/initdt.jl:196
┌ Warning: Verbosity toggle: newton_convergence 
│  Newton iteration failed with stale Jacobian, retrying with fresh Jacobian
└ @ OrdinaryDiffEqNonlinearSolve ~/.julia/packages/OrdinaryDiffEqNonlinearSolve/doSPx/src/nlsolve.jl:144
┌ Warning: Verbosity toggle: newton_convergence 
│  Newton iteration diverging: θ = Dual{ForwardDiff.Tag{PEtab.var"#302#303"{Bool, PEtab.PEtabODEProblemInfo{ODESolver, ODESolver, PEtab.PEtabODEProblemCache{Vector{Float64}, PreallocationTools.DiffCache{Vector{Float64}, Vector{Float64}}, Vector{Float64}, Matrix{Float64}, Dict{Symbol, PreallocationTools.DiffCache}, Dict{Symbol, PreallocationTools.DiffCache}, Dict{Symbol, PreallocationTools.DiffCache}, Vector{Float64}}}, PEtab.PEtabODEProblemInfo{ODESolver, ODESolver, PEtab.PEtabODEProblemCache{Vector{Float64}, PreallocationTools.DiffCache{Vector{Float64}, Vector{Float64}}, Vector{Float64}, Matrix{Float64}, Dict{Symbol, PreallocationTools.DiffCache}, Dict{Symbol, PreallocationTools.DiffCache}, Dict{Symbol, PreallocationTools.DiffCache}, Vector{Float64}}}, Vector{Float64}, Vector{Float64}, Vector{Float64}, PEtab.ModelInfo}, Float64}}(4.661186570155278,0.0,0.0,0.0,0.0,0.0,0.0,0.0,0.0,0.0,0.0,0.0,0.0) > 2, ndz = 0.2508710443221314, ndzprev = 0.053821283603709975
└ @ OrdinaryDiffEqNonlinearSolve ~/.julia/packages/OrdinaryDiffEqNonlinearSolve/doSPx/src/nlsolve.jl:101
┌ Warning: Verbosity toggle: newton_convergence 
│  Newton iteration failed with stale Jacobian, retrying with fresh Jacobian
└ @ OrdinaryDiffEqNonlinearSolve ~/.julia/packages/OrdinaryDiffEqNonlinearSolve/doSPx/src/nlsolve.jl:144
┌ Warning: Verbosity toggle: newton_convergence 
│  Newton iteration failed with stale Jacobian, retrying with fresh Jacobian
└ @ OrdinaryDiffEqNonlinearSolve ~/.julia/packages/OrdinaryDiffEqNonlinearSolve/doSPx/src/nlsolve.jl:144
┌ Warning: Verbosity toggle: newton_convergence 
│  Newton iteration failed with stale Jacobian, retrying with fresh Jacobian
└ @ OrdinaryDiffEqNonlinearSolve ~/.julia/packages/OrdinaryDiffEqNonlinearSolve/doSPx/src/nlsolve.jl:144
┌ Warning: Verbosity toggle: newton_convergence 
│  Newton iteration failed with stale Jacobian, retrying with fresh Jacobian
└ @ OrdinaryDiffEqNonlinearSolve ~/.julia/packages/OrdinaryDiffEqNonlinearSolve/doSPx/src/nlsolve.jl:144
┌ Warning: Verbosity toggle: dt_epsilon 
│  Initial timestep too small (near machine epsilon), using default: dt = 0.0
└ @ OrdinaryDiffEqCore ~/.julia/packages/OrdinaryDiffEqCore/rnOL4/src/initdt.jl:196
┌ Warning: Verbosity toggle: dt_epsilon 
│  Initial timestep too small (near machine epsilon), using default: dt = 0.0
└ @ OrdinaryDiffEqCore ~/.julia/packages/OrdinaryDiffEqCore/rnOL4/src/initdt.jl:196
┌ Warning: Verbosity toggle: newton_convergence 
│  Newton iteration failed with stale Jacobian, retrying with fresh Jacobian
└ @ OrdinaryDiffEqNonlinearSolve ~/.julia/packages/OrdinaryDiffEqNonlinearSolve/doSPx/src/nlsolve.jl:144
┌ Warning: Verbosity toggle: newton_convergence 
│  Newton iteration diverging: θ = Dual{ForwardDiff.Tag{PEtab.var"#302#303"{Bool, PEtab.PEtabODEProblemInfo{ODESolver, ODESolver, PEtab.PEtabODEProblemCache{Vector{Float64}, PreallocationTools.DiffCache{Vector{Float64}, Vector{Float64}}, Vector{Float64}, Matrix{Float64}, Dict{Symbol, PreallocationTools.DiffCache}, Dict{Symbol, PreallocationTools.DiffCache}, Dict{Symbol, PreallocationTools.DiffCache}, Vector{Float64}}}, PEtab.PEtabODEProblemInfo{ODESolver, ODESolver, PEtab.PEtabODEProblemCache{Vector{Float64}, PreallocationTools.DiffCache{Vector{Float64}, Vector{Float64}}, Vector{Float64}, Matrix{Float64}, Dict{Symbol, PreallocationTools.DiffCache}, Dict{Symbol, PreallocationTools.DiffCache}, Dict{Symbol, PreallocationTools.DiffCache}, Vector{Float64}}}, Vector{Float64}, Vector{Float64}, Vector{Float64}, PEtab.ModelInfo}, Float64}}(12.682222846270482,0.0,0.0,0.0,0.0,0.0,0.0,0.0,0.0,0.0,0.0,0.0,0.0) > 2, ndz = 4.926180315828328, ndzprev = 0.3884319314951158
└ @ OrdinaryDiffEqNonlinearSolve ~/.julia/packages/OrdinaryDiffEqNonlinearSolve/doSPx/src/nlsolve.jl:101
┌ Warning: Verbosity toggle: newton_convergence 
│  Newton iteration failed with stale Jacobian, retrying with fresh Jacobian
└ @ OrdinaryDiffEqNonlinearSolve ~/.julia/packages/OrdinaryDiffEqNonlinearSolve/doSPx/src/nlsolve.jl:144
┌ Warning: Verbosity toggle: newton_convergence 
│  Newton iteration failed with stale Jacobian, retrying with fresh Jacobian
└ @ OrdinaryDiffEqNonlinearSolve ~/.julia/packages/OrdinaryDiffEqNonlinearSolve/doSPx/src/nlsolve.jl:144
┌ Warning: Verbosity toggle: newton_convergence 
│  Newton iteration failed with stale Jacobian, retrying with fresh Jacobian
└ @ OrdinaryDiffEqNonlinearSolve ~/.julia/packages/OrdinaryDiffEqNonlinearSolve/doSPx/src/nlsolve.jl:144
┌ Warning: Verbosity toggle: newton_convergence 
│  Newton iteration failed with stale Jacobian, retrying with fresh Jacobian
└ @ OrdinaryDiffEqNonlinearSolve ~/.julia/packages/OrdinaryDiffEqNonlinearSolve/doSPx/src/nlsolve.jl:144
┌ Warning: Verbosity toggle: newton_convergence 
│  Newton iteration failed with stale Jacobian, retrying with fresh Jacobian
└ @ OrdinaryDiffEqNonlinearSolve ~/.julia/packages/OrdinaryDiffEqNonlinearSolve/doSPx/src/nlsolve.jl:144
┌ Warning: Verbosity toggle: dt_epsilon 
│  Initial timestep too small (near machine epsilon), using default: dt = 0.0
└ @ OrdinaryDiffEqCore ~/.julia/packages/OrdinaryDiffEqCore/rnOL4/src/initdt.jl:196
┌ Warning: Verbosity toggle: dt_epsilon 
│  Initial timestep too small (near machine epsilon), using default: dt = 0.0
└ @ OrdinaryDiffEqCore ~/.julia/packages/OrdinaryDiffEqCore/rnOL4/src/initdt.jl:196
┌ Warning: Verbosity toggle: newton_convergence 
│  Newton iteration failed with stale Jacobian, retrying with fresh Jacobian
└ @ OrdinaryDiffEqNonlinearSolve ~/.julia/packages/OrdinaryDiffEqNonlinearSolve/doSPx/src/nlsolve.jl:144
┌ Warning: Verbosity toggle: newton_convergence 
│  Newton iteration diverging: θ = Dual{ForwardDiff.Tag{PEtab.var"#302#303"{Bool, PEtab.PEtabODEProblemInfo{ODESolver, ODESolver, PEtab.PEtabODEProblemCache{Vector{Float64}, PreallocationTools.DiffCache{Vector{Float64}, Vector{Float64}}, Vector{Float64}, Matrix{Float64}, Dict{Symbol, PreallocationTools.DiffCache}, Dict{Symbol, PreallocationTools.DiffCache}, Dict{Symbol, PreallocationTools.DiffCache}, Vector{Float64}}}, PEtab.PEtabODEProblemInfo{ODESolver, ODESolver, PEtab.PEtabODEProblemCache{Vector{Float64}, PreallocationTools.DiffCache{Vector{Float64}, Vector{Float64}}, Vector{Float64}, Matrix{Float64}, Dict{Symbol, PreallocationTools.DiffCache}, Dict{Symbol, PreallocationTools.DiffCache}, Dict{Symbol, PreallocationTools.DiffCache}, Vector{Float64}}}, Vector{Float64}, Vector{Float64}, Vector{Float64}, PEtab.ModelInfo}, Float64}}(7.658827038657813,0.0,0.0,0.0,0.0,0.0,0.0,0.0,0.0,0.0,0.0,0.0,0.0) > 2, ndz = 1.141983765291996, ndzprev = 0.1491068749206439
└ @ OrdinaryDiffEqNonlinearSolve ~/.julia/packages/OrdinaryDiffEqNonlinearSolve/doSPx/src/nlsolve.jl:101
┌ Warning: Verbosity toggle: newton_convergence 
│  Newton iteration failed with stale Jacobian, retrying with fresh Jacobian
└ @ OrdinaryDiffEqNonlinearSolve ~/.julia/packages/OrdinaryDiffEqNonlinearSolve/doSPx/src/nlsolve.jl:144
┌ Warning: Verbosity toggle: newton_convergence 
│  Newton iteration failed with stale Jacobian, retrying with fresh Jacobian
└ @ OrdinaryDiffEqNonlinearSolve ~/.julia/packages/OrdinaryDiffEqNonlinearSolve/doSPx/src/nlsolve.jl:144
┌ Warning: Verbosity toggle: newton_convergence 
│  Newton iteration failed with stale Jacobian, retrying with fresh Jacobian
└ @ OrdinaryDiffEqNonlinearSolve ~/.julia/packages/OrdinaryDiffEqNonlinearSolve/doSPx/src/nlsolve.jl:144
┌ Warning: Verbosity toggle: newton_convergence 
│  Newton iteration failed with stale Jacobian, retrying with fresh Jacobian
└ @ OrdinaryDiffEqNonlinearSolve ~/.julia/packages/OrdinaryDiffEqNonlinearSolve/doSPx/src/nlsolve.jl:144
┌ Warning: Verbosity toggle: dt_epsilon 
│  Initial timestep too small (near machine epsilon), using default: dt = 0.0
└ @ OrdinaryDiffEqCore ~/.julia/packages/OrdinaryDiffEqCore/rnOL4/src/initdt.jl:196
┌ Warning: Verbosity toggle: dt_epsilon 
│  Initial timestep too small (near machine epsilon), using default: dt = 0.0
└ @ OrdinaryDiffEqCore ~/.julia/packages/OrdinaryDiffEqCore/rnOL4/src/initdt.jl:196
┌ Warning: Verbosity toggle: newton_convergence 
│  Newton iteration failed with stale Jacobian, retrying with fresh Jacobian
└ @ OrdinaryDiffEqNonlinearSolve ~/.julia/packages/OrdinaryDiffEqNonlinearSolve/doSPx/src/nlsolve.jl:144
┌ Warning: Verbosity toggle: newton_convergence 
│  Newton iteration diverging: θ = Dual{ForwardDiff.Tag{PEtab.var"#302#303"{Bool, PEtab.PEtabODEProblemInfo{ODESolver, ODESolver, PEtab.PEtabODEProblemCache{Vector{Float64}, PreallocationTools.DiffCache{Vector{Float64}, Vector{Float64}}, Vector{Float64}, Matrix{Float64}, Dict{Symbol, PreallocationTools.DiffCache}, Dict{Symbol, PreallocationTools.DiffCache}, Dict{Symbol, PreallocationTools.DiffCache}, Vector{Float64}}}, PEtab.PEtabODEProblemInfo{ODESolver, ODESolver, PEtab.PEtabODEProblemCache{Vector{Float64}, PreallocationTools.DiffCache{Vector{Float64}, Vector{Float64}}, Vector{Float64}, Matrix{Float64}, Dict{Symbol, PreallocationTools.DiffCache}, Dict{Symbol, PreallocationTools.DiffCache}, Dict{Symbol, PreallocationTools.DiffCache}, Vector{Float64}}}, Vector{Float64}, Vector{Float64}, Vector{Float64}, PEtab.ModelInfo}, Float64}}(17.324432209710146,0.0,0.0,0.0,0.0,0.0,0.0,0.0,0.0,0.0,0.0,0.0,0.0) > 2, ndz = 17.164583460439093, ndzprev = 0.9907732185773189
└ @ OrdinaryDiffEqNonlinearSolve ~/.julia/packages/OrdinaryDiffEqNonlinearSolve/doSPx/src/nlsolve.jl:101
┌ Warning: Verbosity toggle: newton_convergence 
│  Newton iteration failed with stale Jacobian, retrying with fresh Jacobian
└ @ OrdinaryDiffEqNonlinearSolve ~/.julia/packages/OrdinaryDiffEqNonlinearSolve/doSPx/src/nlsolve.jl:144
┌ Warning: Verbosity toggle: newton_convergence 
│  Newton iteration failed with stale Jacobian, retrying with fresh Jacobian
└ @ OrdinaryDiffEqNonlinearSolve ~/.julia/packages/OrdinaryDiffEqNonlinearSolve/doSPx/src/nlsolve.jl:144
┌ Warning: Verbosity toggle: newton_convergence 
│  Newton iteration failed with stale Jacobian, retrying with fresh Jacobian
└ @ OrdinaryDiffEqNonlinearSolve ~/.julia/packages/OrdinaryDiffEqNonlinearSolve/doSPx/src/nlsolve.jl:144
┌ Warning: Verbosity toggle: newton_convergence 
│  Newton iteration failed with stale Jacobian, retrying with fresh Jacobian
└ @ OrdinaryDiffEqNonlinearSolve ~/.julia/packages/OrdinaryDiffEqNonlinearSolve/doSPx/src/nlsolve.jl:144
┌ Warning: Verbosity toggle: newton_convergence 
│  Newton iteration failed with stale Jacobian, retrying with fresh Jacobian
└ @ OrdinaryDiffEqNonlinearSolve ~/.julia/packages/OrdinaryDiffEqNonlinearSolve/doSPx/src/nlsolve.jl:144
┌ Warning: Verbosity toggle: dt_epsilon 
│  Initial timestep too small (near machine epsilon), using default: dt = 0.0
└ @ OrdinaryDiffEqCore ~/.julia/packages/OrdinaryDiffEqCore/rnOL4/src/initdt.jl:196
┌ Warning: Verbosity toggle: dt_epsilon 
│  Initial timestep too small (near machine epsilon), using default: dt = 0.0
└ @ OrdinaryDiffEqCore ~/.julia/packages/OrdinaryDiffEqCore/rnOL4/src/initdt.jl:196
┌ Warning: Verbosity toggle: newton_convergence 
│  Newton iteration failed with stale Jacobian, retrying with fresh Jacobian
└ @ OrdinaryDiffEqNonlinearSolve ~/.julia/packages/OrdinaryDiffEqNonlinearSolve/doSPx/src/nlsolve.jl:144
┌ Warning: Verbosity toggle: newton_convergence 
│  Newton iteration diverging: θ = Dual{ForwardDiff.Tag{PEtab.var"#302#303"{Bool, PEtab.PEtabODEProblemInfo{ODESolver, ODESolver, PEtab.PEtabODEProblemCache{Vector{Float64}, PreallocationTools.DiffCache{Vector{Float64}, Vector{Float64}}, Vector{Float64}, Matrix{Float64}, Dict{Symbol, PreallocationTools.DiffCache}, Dict{Symbol, PreallocationTools.DiffCache}, Dict{Symbol, PreallocationTools.DiffCache}, Vector{Float64}}}, PEtab.PEtabODEProblemInfo{ODESolver, ODESolver, PEtab.PEtabODEProblemCache{Vector{Float64}, PreallocationTools.DiffCache{Vector{Float64}, Vector{Float64}}, Vector{Float64}, Matrix{Float64}, Dict{Symbol, PreallocationTools.DiffCache}, Dict{Symbol, PreallocationTools.DiffCache}, Dict{Symbol, PreallocationTools.DiffCache}, Vector{Float64}}}, Vector{Float64}, Vector{Float64}, Vector{Float64}, PEtab.ModelInfo}, Float64}}(15.921204898559973,0.0,0.0,0.0,0.0,0.0,0.0,0.0,0.0,0.0,0.0,0.0,0.0) > 2, ndz = 3.0438492230221175, ndzprev = 0.19118208969833841
└ @ OrdinaryDiffEqNonlinearSolve ~/.julia/packages/OrdinaryDiffEqNonlinearSolve/doSPx/src/nlsolve.jl:101
┌ Warning: Verbosity toggle: newton_convergence 
│  Newton iteration failed with stale Jacobian, retrying with fresh Jacobian
└ @ OrdinaryDiffEqNonlinearSolve ~/.julia/packages/OrdinaryDiffEqNonlinearSolve/doSPx/src/nlsolve.jl:144
┌ Warning: Verbosity toggle: newton_convergence 
│  Newton iteration failed with stale Jacobian, retrying with fresh Jacobian
└ @ OrdinaryDiffEqNonlinearSolve ~/.julia/packages/OrdinaryDiffEqNonlinearSolve/doSPx/src/nlsolve.jl:144
┌ Warning: Verbosity toggle: newton_convergence 
│  Newton iteration failed with stale Jacobian, retrying with fresh Jacobian
└ @ OrdinaryDiffEqNonlinearSolve ~/.julia/packages/OrdinaryDiffEqNonlinearSolve/doSPx/src/nlsolve.jl:144
┌ Warning: Verbosity toggle: newton_convergence 
│  Newton iteration failed with stale Jacobian, retrying with fresh Jacobian
└ @ OrdinaryDiffEqNonlinearSolve ~/.julia/packages/OrdinaryDiffEqNonlinearSolve/doSPx/src/nlsolve.jl:144
┌ Warning: Verbosity toggle: newton_convergence 
│  Newton iteration failed with stale Jacobian, retrying with fresh Jacobian
└ @ OrdinaryDiffEqNonlinearSolve ~/.julia/packages/OrdinaryDiffEqNonlinearSolve/doSPx/src/nlsolve.jl:144
┌ Warning: Verbosity toggle: dt_epsilon 
│  Initial timestep too small (near machine epsilon), using default: dt = 0.0
└ @ OrdinaryDiffEqCore ~/.julia/packages/OrdinaryDiffEqCore/rnOL4/src/initdt.jl:196
┌ Warning: Verbosity toggle: dt_epsilon 
│  Initial timestep too small (near machine epsilon), using default: dt = 0.0
└ @ OrdinaryDiffEqCore ~/.julia/packages/OrdinaryDiffEqCore/rnOL4/src/initdt.jl:196
┌ Warning: Verbosity toggle: newton_convergence 
│  Newton iteration failed with stale Jacobian, retrying with fresh Jacobian
└ @ OrdinaryDiffEqNonlinearSolve ~/.julia/packages/OrdinaryDiffEqNonlinearSolve/doSPx/src/nlsolve.jl:144
┌ Warning: Verbosity toggle: newton_convergence 
│  Newton iteration diverging: θ = 2.399404822439843 > 2, ndz = 0.14747529009402593, ndzprev = 0.06146327985790459
└ @ OrdinaryDiffEqNonlinearSolve ~/.julia/packages/OrdinaryDiffEqNonlinearSolve/doSPx/src/nlsolve.jl:101
┌ Warning: Verbosity toggle: newton_convergence 
│  Newton iteration failed with stale Jacobian, retrying with fresh Jacobian
└ @ OrdinaryDiffEqNonlinearSolve ~/.julia/packages/OrdinaryDiffEqNonlinearSolve/doSPx/src/nlsolve.jl:144
┌ Warning: Verbosity toggle: newton_convergence 
│  Newton iteration failed with stale Jacobian, retrying with fresh Jacobian
└ @ OrdinaryDiffEqNonlinearSolve ~/.julia/packages/OrdinaryDiffEqNonlinearSolve/doSPx/src/nlsolve.jl:144
┌ Warning: Verbosity toggle: newton_convergence 
│  Newton iteration failed with stale Jacobian, retrying with fresh Jacobian
└ @ OrdinaryDiffEqNonlinearSolve ~/.julia/packages/OrdinaryDiffEqNonlinearSolve/doSPx/src/nlsolve.jl:144
┌ Warning: Verbosity toggle: newton_convergence 
│  Newton iteration failed with stale Jacobian, retrying with fresh Jacobian
└ @ OrdinaryDiffEqNonlinearSolve ~/.julia/packages/OrdinaryDiffEqNonlinearSolve/doSPx/src/nlsolve.jl:144
┌ Warning: Verbosity toggle: newton_convergence 
│  Newton iteration failed with stale Jacobian, retrying with fresh Jacobian
└ @ OrdinaryDiffEqNonlinearSolve ~/.julia/packages/OrdinaryDiffEqNonlinearSolve/doSPx/src/nlsolve.jl:144
┌ Warning: Verbosity toggle: dt_epsilon 
│  Initial timestep too small (near machine epsilon), using default: dt = 0.0
└ @ OrdinaryDiffEqCore ~/.julia/packages/OrdinaryDiffEqCore/rnOL4/src/initdt.jl:196
┌ Warning: Verbosity toggle: dt_epsilon 
│  Initial timestep too small (near machine epsilon), using default: dt = 0.0
└ @ OrdinaryDiffEqCore ~/.julia/packages/OrdinaryDiffEqCore/rnOL4/src/initdt.jl:196
┌ Warning: Verbosity toggle: newton_convergence 
│  Newton iteration failed with stale Jacobian, retrying with fresh Jacobian
└ @ OrdinaryDiffEqNonlinearSolve ~/.julia/packages/OrdinaryDiffEqNonlinearSolve/doSPx/src/nlsolve.jl:144
┌ Warning: Verbosity toggle: newton_convergence 
│  Newton iteration diverging: θ = Dual{ForwardDiff.Tag{PEtab.var"#302#303"{Bool, PEtab.PEtabODEProblemInfo{ODESolver, ODESolver, PEtab.PEtabODEProblemCache{Vector{Float64}, PreallocationTools.DiffCache{Vector{Float64}, Vector{Float64}}, Vector{Float64}, Matrix{Float64}, Dict{Symbol, PreallocationTools.DiffCache}, Dict{Symbol, PreallocationTools.DiffCache}, Dict{Symbol, PreallocationTools.DiffCache}, Vector{Float64}}}, PEtab.PEtabODEProblemInfo{ODESolver, ODESolver, PEtab.PEtabODEProblemCache{Vector{Float64}, PreallocationTools.DiffCache{Vector{Float64}, Vector{Float64}}, Vector{Float64}, Matrix{Float64}, Dict{Symbol, PreallocationTools.DiffCache}, Dict{Symbol, PreallocationTools.DiffCache}, Dict{Symbol, PreallocationTools.DiffCache}, Vector{Float64}}}, Vector{Float64}, Vector{Float64}, Vector{Float64}, PEtab.ModelInfo}, Float64}}(5.581194666175785,0.0,0.0,0.0,0.0,0.0,0.0,0.0,0.0,0.0,0.0,0.0,0.0) > 2, ndz = 0.29017236616833775, ndzprev = 0.05199108497807743
└ @ OrdinaryDiffEqNonlinearSolve ~/.julia/packages/OrdinaryDiffEqNonlinearSolve/doSPx/src/nlsolve.jl:101
┌ Warning: Verbosity toggle: newton_convergence 
│  Newton iteration failed with stale Jacobian, retrying with fresh Jacobian
└ @ OrdinaryDiffEqNonlinearSolve ~/.julia/packages/OrdinaryDiffEqNonlinearSolve/doSPx/src/nlsolve.jl:144
┌ Warning: Verbosity toggle: newton_convergence 
│  Newton iteration failed with stale Jacobian, retrying with fresh Jacobian
└ @ OrdinaryDiffEqNonlinearSolve ~/.julia/packages/OrdinaryDiffEqNonlinearSolve/doSPx/src/nlsolve.jl:144
┌ Warning: Verbosity toggle: newton_convergence 
│  Newton iteration failed with stale Jacobian, retrying with fresh Jacobian
└ @ OrdinaryDiffEqNonlinearSolve ~/.julia/packages/OrdinaryDiffEqNonlinearSolve/doSPx/src/nlsolve.jl:144
┌ Warning: Verbosity toggle: newton_convergence 
│  Newton iteration failed with stale Jacobian, retrying with fresh Jacobian
└ @ OrdinaryDiffEqNonlinearSolve ~/.julia/packages/OrdinaryDiffEqNonlinearSolve/doSPx/src/nlsolve.jl:144
┌ Warning: Verbosity toggle: dt_epsilon 
│  Initial timestep too small (near machine epsilon), using default: dt = 0.0
└ @ OrdinaryDiffEqCore ~/.julia/packages/OrdinaryDiffEqCore/rnOL4/src/initdt.jl:196
┌ Warning: Verbosity toggle: dt_epsilon 
│  Initial timestep too small (near machine epsilon), using default: dt = 0.0
└ @ OrdinaryDiffEqCore ~/.julia/packages/OrdinaryDiffEqCore/rnOL4/src/initdt.jl:196
┌ Warning: Verbosity toggle: newton_convergence 
│  Newton iteration failed with stale Jacobian, retrying with fresh Jacobian
└ @ OrdinaryDiffEqNonlinearSolve ~/.julia/packages/OrdinaryDiffEqNonlinearSolve/doSPx/src/nlsolve.jl:144
┌ Warning: Verbosity toggle: newton_convergence 
│  Newton iteration diverging: θ = Dual{ForwardDiff.Tag{PEtab.var"#302#303"{Bool, PEtab.PEtabODEProblemInfo{ODESolver, ODESolver, PEtab.PEtabODEProblemCache{Vector{Float64}, PreallocationTools.DiffCache{Vector{Float64}, Vector{Float64}}, Vector{Float64}, Matrix{Float64}, Dict{Symbol, PreallocationTools.DiffCache}, Dict{Symbol, PreallocationTools.DiffCache}, Dict{Symbol, PreallocationTools.DiffCache}, Vector{Float64}}}, PEtab.PEtabODEProblemInfo{ODESolver, ODESolver, PEtab.PEtabODEProblemCache{Vector{Float64}, PreallocationTools.DiffCache{Vector{Float64}, Vector{Float64}}, Vector{Float64}, Matrix{Float64}, Dict{Symbol, PreallocationTools.DiffCache}, Dict{Symbol, PreallocationTools.DiffCache}, Dict{Symbol, PreallocationTools.DiffCache}, Vector{Float64}}}, Vector{Float64}, Vector{Float64}, Vector{Float64}, PEtab.ModelInfo}, Float64}}(8.679092212142786,0.0,0.0,0.0,0.0,0.0,0.0,0.0,0.0,0.0,0.0,0.0,0.0) > 2, ndz = 1.9005378750473254, ndzprev = 0.21897887804306446
└ @ OrdinaryDiffEqNonlinearSolve ~/.julia/packages/OrdinaryDiffEqNonlinearSolve/doSPx/src/nlsolve.jl:101
┌ Warning: Verbosity toggle: newton_convergence 
│  Newton iteration failed with stale Jacobian, retrying with fresh Jacobian
└ @ OrdinaryDiffEqNonlinearSolve ~/.julia/packages/OrdinaryDiffEqNonlinearSolve/doSPx/src/nlsolve.jl:144
┌ Warning: Verbosity toggle: newton_convergence 
│  Newton iteration failed with stale Jacobian, retrying with fresh Jacobian
└ @ OrdinaryDiffEqNonlinearSolve ~/.julia/packages/OrdinaryDiffEqNonlinearSolve/doSPx/src/nlsolve.jl:144
┌ Warning: Verbosity toggle: newton_convergence 
│  Newton iteration failed with stale Jacobian, retrying with fresh Jacobian
└ @ OrdinaryDiffEqNonlinearSolve ~/.julia/packages/OrdinaryDiffEqNonlinearSolve/doSPx/src/nlsolve.jl:144
┌ Warning: Verbosity toggle: newton_convergence 
│  Newton iteration failed with stale Jacobian, retrying with fresh Jacobian
└ @ OrdinaryDiffEqNonlinearSolve ~/.julia/packages/OrdinaryDiffEqNonlinearSolve/doSPx/src/nlsolve.jl:144
┌ Warning: Verbosity toggle: newton_convergence 
│  Newton iteration failed with stale Jacobian, retrying with fresh Jacobian
└ @ OrdinaryDiffEqNonlinearSolve ~/.julia/packages/OrdinaryDiffEqNonlinearSolve/doSPx/src/nlsolve.jl:144
┌ Warning: Verbosity toggle: dt_epsilon 
│  Initial timestep too small (near machine epsilon), using default: dt = 0.0
└ @ OrdinaryDiffEqCore ~/.julia/packages/OrdinaryDiffEqCore/rnOL4/src/initdt.jl:196
┌ Warning: Verbosity toggle: dt_epsilon 
│  Initial timestep too small (near machine epsilon), using default: dt = 0.0
└ @ OrdinaryDiffEqCore ~/.julia/packages/OrdinaryDiffEqCore/rnOL4/src/initdt.jl:196
┌ Warning: Verbosity toggle: newton_convergence 
│  Newton iteration failed with stale Jacobian, retrying with fresh Jacobian
└ @ OrdinaryDiffEqNonlinearSolve ~/.julia/packages/OrdinaryDiffEqNonlinearSolve/doSPx/src/nlsolve.jl:144
┌ Warning: Verbosity toggle: newton_convergence 
│  Newton iteration diverging: θ = Dual{ForwardDiff.Tag{PEtab.var"#302#303"{Bool, PEtab.PEtabODEProblemInfo{ODESolver, ODESolver, PEtab.PEtabODEProblemCache{Vector{Float64}, PreallocationTools.DiffCache{Vector{Float64}, Vector{Float64}}, Vector{Float64}, Matrix{Float64}, Dict{Symbol, PreallocationTools.DiffCache}, Dict{Symbol, PreallocationTools.DiffCache}, Dict{Symbol, PreallocationTools.DiffCache}, Vector{Float64}}}, PEtab.PEtabODEProblemInfo{ODESolver, ODESolver, PEtab.PEtabODEProblemCache{Vector{Float64}, PreallocationTools.DiffCache{Vector{Float64}, Vector{Float64}}, Vector{Float64}, Matrix{Float64}, Dict{Symbol, PreallocationTools.DiffCache}, Dict{Symbol, PreallocationTools.DiffCache}, Dict{Symbol, PreallocationTools.DiffCache}, Vector{Float64}}}, Vector{Float64}, Vector{Float64}, Vector{Float64}, PEtab.ModelInfo}, Float64}}(3.180427617869416,0.0,0.0,0.0,0.0,0.0,0.0,0.0,0.0,0.0,0.0,0.0,0.0) > 2, ndz = 0.4387699228556691, ndzprev = 0.1379594116182412
└ @ OrdinaryDiffEqNonlinearSolve ~/.julia/packages/OrdinaryDiffEqNonlinearSolve/doSPx/src/nlsolve.jl:101
┌ Warning: Verbosity toggle: newton_convergence 
│  Newton iteration failed with stale Jacobian, retrying with fresh Jacobian
└ @ OrdinaryDiffEqNonlinearSolve ~/.julia/packages/OrdinaryDiffEqNonlinearSolve/doSPx/src/nlsolve.jl:144
┌ Warning: Verbosity toggle: newton_convergence 
│  Newton iteration failed with stale Jacobian, retrying with fresh Jacobian
└ @ OrdinaryDiffEqNonlinearSolve ~/.julia/packages/OrdinaryDiffEqNonlinearSolve/doSPx/src/nlsolve.jl:144
┌ Warning: Verbosity toggle: newton_convergence 
│  Newton iteration failed with stale Jacobian, retrying with fresh Jacobian
└ @ OrdinaryDiffEqNonlinearSolve ~/.julia/packages/OrdinaryDiffEqNonlinearSolve/doSPx/src/nlsolve.jl:144
┌ Warning: Verbosity toggle: newton_convergence 
│  Newton iteration failed with stale Jacobian, retrying with fresh Jacobian
└ @ OrdinaryDiffEqNonlinearSolve ~/.julia/packages/OrdinaryDiffEqNonlinearSolve/doSPx/src/nlsolve.jl:144
┌ Warning: Verbosity toggle: dt_epsilon 
│  Initial timestep too small (near machine epsilon), using default: dt = 0.0
└ @ OrdinaryDiffEqCore ~/.julia/packages/OrdinaryDiffEqCore/rnOL4/src/initdt.jl:196
┌ Warning: Verbosity toggle: dt_epsilon 
│  Initial timestep too small (near machine epsilon), using default: dt = 0.0
└ @ OrdinaryDiffEqCore ~/.julia/packages/OrdinaryDiffEqCore/rnOL4/src/initdt.jl:196
┌ Warning: Verbosity toggle: newton_convergence 
│  Newton iteration failed with stale Jacobian, retrying with fresh Jacobian
└ @ OrdinaryDiffEqNonlinearSolve ~/.julia/packages/OrdinaryDiffEqNonlinearSolve/doSPx/src/nlsolve.jl:144
┌ Warning: Verbosity toggle: newton_convergence 
│  Newton iteration diverging: θ = Dual{ForwardDiff.Tag{PEtab.var"#302#303"{Bool, PEtab.PEtabODEProblemInfo{ODESolver, ODESolver, PEtab.PEtabODEProblemCache{Vector{Float64}, PreallocationTools.DiffCache{Vector{Float64}, Vector{Float64}}, Vector{Float64}, Matrix{Float64}, Dict{Symbol, PreallocationTools.DiffCache}, Dict{Symbol, PreallocationTools.DiffCache}, Dict{Symbol, PreallocationTools.DiffCache}, Vector{Float64}}}, PEtab.PEtabODEProblemInfo{ODESolver, ODESolver, PEtab.PEtabODEProblemCache{Vector{Float64}, PreallocationTools.DiffCache{Vector{Float64}, Vector{Float64}}, Vector{Float64}, Matrix{Float64}, Dict{Symbol, PreallocationTools.DiffCache}, Dict{Symbol, PreallocationTools.DiffCache}, Dict{Symbol, PreallocationTools.DiffCache}, Vector{Float64}}}, Vector{Float64}, Vector{Float64}, Vector{Float64}, PEtab.ModelInfo}, Float64}}(16.758279215491097,0.0,0.0,0.0,0.0,0.0,0.0,0.0,0.0,0.0,0.0,0.0,0.0) > 2, ndz = 15.415992954868925, ndzprev = 0.9199030972475155
└ @ OrdinaryDiffEqNonlinearSolve ~/.julia/packages/OrdinaryDiffEqNonlinearSolve/doSPx/src/nlsolve.jl:101
┌ Warning: Verbosity toggle: newton_convergence 
│  Newton iteration failed with stale Jacobian, retrying with fresh Jacobian
└ @ OrdinaryDiffEqNonlinearSolve ~/.julia/packages/OrdinaryDiffEqNonlinearSolve/doSPx/src/nlsolve.jl:144
┌ Warning: Verbosity toggle: newton_convergence 
│  Newton iteration failed with stale Jacobian, retrying with fresh Jacobian
└ @ OrdinaryDiffEqNonlinearSolve ~/.julia/packages/OrdinaryDiffEqNonlinearSolve/doSPx/src/nlsolve.jl:144
┌ Warning: Verbosity toggle: newton_convergence 
│  Newton iteration failed with stale Jacobian, retrying with fresh Jacobian
└ @ OrdinaryDiffEqNonlinearSolve ~/.julia/packages/OrdinaryDiffEqNonlinearSolve/doSPx/src/nlsolve.jl:144
┌ Warning: Verbosity toggle: newton_convergence 
│  Newton iteration failed with stale Jacobian, retrying with fresh Jacobian
└ @ OrdinaryDiffEqNonlinearSolve ~/.julia/packages/OrdinaryDiffEqNonlinearSolve/doSPx/src/nlsolve.jl:144
┌ Warning: Verbosity toggle: newton_convergence 
│  Newton iteration failed with stale Jacobian, retrying with fresh Jacobian
└ @ OrdinaryDiffEqNonlinearSolve ~/.julia/packages/OrdinaryDiffEqNonlinearSolve/doSPx/src/nlsolve.jl:144
┌ Warning: Verbosity toggle: dt_epsilon 
│  Initial timestep too small (near machine epsilon), using default: dt = 0.0
└ @ OrdinaryDiffEqCore ~/.julia/packages/OrdinaryDiffEqCore/rnOL4/src/initdt.jl:196
┌ Warning: Verbosity toggle: dt_epsilon 
│  Initial timestep too small (near machine epsilon), using default: dt = 0.0
└ @ OrdinaryDiffEqCore ~/.julia/packages/OrdinaryDiffEqCore/rnOL4/src/initdt.jl:196
┌ Warning: Verbosity toggle: newton_convergence 
│  Newton iteration failed with stale Jacobian, retrying with fresh Jacobian
└ @ OrdinaryDiffEqNonlinearSolve ~/.julia/packages/OrdinaryDiffEqNonlinearSolve/doSPx/src/nlsolve.jl:144
┌ Warning: Verbosity toggle: newton_convergence 
│  Newton iteration diverging: θ = Dual{ForwardDiff.Tag{PEtab.var"#302#303"{Bool, PEtab.PEtabODEProblemInfo{ODESolver, ODESolver, PEtab.PEtabODEProblemCache{Vector{Float64}, PreallocationTools.DiffCache{Vector{Float64}, Vector{Float64}}, Vector{Float64}, Matrix{Float64}, Dict{Symbol, PreallocationTools.DiffCache}, Dict{Symbol, PreallocationTools.DiffCache}, Dict{Symbol, PreallocationTools.DiffCache}, Vector{Float64}}}, PEtab.PEtabODEProblemInfo{ODESolver, ODESolver, PEtab.PEtabODEProblemCache{Vector{Float64}, PreallocationTools.DiffCache{Vector{Float64}, Vector{Float64}}, Vector{Float64}, Matrix{Float64}, Dict{Symbol, PreallocationTools.DiffCache}, Dict{Symbol, PreallocationTools.DiffCache}, Dict{Symbol, PreallocationTools.DiffCache}, Vector{Float64}}}, Vector{Float64}, Vector{Float64}, Vector{Float64}, PEtab.ModelInfo}, Float64}}(14.740283248622257,0.0,0.0,0.0,0.0,0.0,0.0,0.0,0.0,0.0,0.0,0.0,0.0) > 2, ndz = 1.6864730944816873, ndzprev = 0.1144125296669125
└ @ OrdinaryDiffEqNonlinearSolve ~/.julia/packages/OrdinaryDiffEqNonlinearSolve/doSPx/src/nlsolve.jl:101
┌ Warning: Verbosity toggle: newton_convergence 
│  Newton iteration failed with stale Jacobian, retrying with fresh Jacobian
└ @ OrdinaryDiffEqNonlinearSolve ~/.julia/packages/OrdinaryDiffEqNonlinearSolve/doSPx/src/nlsolve.jl:144
┌ Warning: Verbosity toggle: newton_convergence 
│  Newton iteration failed with stale Jacobian, retrying with fresh Jacobian
└ @ OrdinaryDiffEqNonlinearSolve ~/.julia/packages/OrdinaryDiffEqNonlinearSolve/doSPx/src/nlsolve.jl:144
┌ Warning: Verbosity toggle: newton_convergence 
│  Newton iteration failed with stale Jacobian, retrying with fresh Jacobian
└ @ OrdinaryDiffEqNonlinearSolve ~/.julia/packages/OrdinaryDiffEqNonlinearSolve/doSPx/src/nlsolve.jl:144
┌ Warning: Verbosity toggle: newton_convergence 
│  Newton iteration failed with stale Jacobian, retrying with fresh Jacobian
└ @ OrdinaryDiffEqNonlinearSolve ~/.julia/packages/OrdinaryDiffEqNonlinearSolve/doSPx/src/nlsolve.jl:144
┌ Warning: Verbosity toggle: newton_convergence 
│  Newton iteration failed with stale Jacobian, retrying with fresh Jacobian
└ @ OrdinaryDiffEqNonlinearSolve ~/.julia/packages/OrdinaryDiffEqNonlinearSolve/doSPx/src/nlsolve.jl:144
┌ Warning: Verbosity toggle: dt_epsilon 
│  Initial timestep too small (near machine epsilon), using default: dt = 0.0
└ @ OrdinaryDiffEqCore ~/.julia/packages/OrdinaryDiffEqCore/rnOL4/src/initdt.jl:196
┌ Warning: Verbosity toggle: dt_epsilon 
│  Initial timestep too small (near machine epsilon), using default: dt = 0.0
└ @ OrdinaryDiffEqCore ~/.julia/packages/OrdinaryDiffEqCore/rnOL4/src/initdt.jl:196
┌ Warning: Verbosity toggle: newton_convergence 
│  Newton iteration failed with stale Jacobian, retrying with fresh Jacobian
└ @ OrdinaryDiffEqNonlinearSolve ~/.julia/packages/OrdinaryDiffEqNonlinearSolve/doSPx/src/nlsolve.jl:144
┌ Warning: Verbosity toggle: newton_convergence 
│  Newton iteration diverging: θ = 16.719539843250924 > 2, ndz = 1.4332284865823688, ndzprev = 0.08572176626983616
└ @ OrdinaryDiffEqNonlinearSolve ~/.julia/packages/OrdinaryDiffEqNonlinearSolve/doSPx/src/nlsolve.jl:101
┌ Warning: Verbosity toggle: newton_convergence 
│  Newton iteration failed with stale Jacobian, retrying with fresh Jacobian
└ @ OrdinaryDiffEqNonlinearSolve ~/.julia/packages/OrdinaryDiffEqNonlinearSolve/doSPx/src/nlsolve.jl:144
┌ Warning: Verbosity toggle: newton_convergence 
│  Newton iteration failed with stale Jacobian, retrying with fresh Jacobian
└ @ OrdinaryDiffEqNonlinearSolve ~/.julia/packages/OrdinaryDiffEqNonlinearSolve/doSPx/src/nlsolve.jl:144
┌ Warning: Verbosity toggle: newton_convergence 
│  Newton iteration failed with stale Jacobian, retrying with fresh Jacobian
└ @ OrdinaryDiffEqNonlinearSolve ~/.julia/packages/OrdinaryDiffEqNonlinearSolve/doSPx/src/nlsolve.jl:144
┌ Warning: Verbosity toggle: newton_convergence 
│  Newton iteration failed with stale Jacobian, retrying with fresh Jacobian
└ @ OrdinaryDiffEqNonlinearSolve ~/.julia/packages/OrdinaryDiffEqNonlinearSolve/doSPx/src/nlsolve.jl:144
┌ Warning: Verbosity toggle: newton_convergence 
│  Newton iteration failed with stale Jacobian, retrying with fresh Jacobian
└ @ OrdinaryDiffEqNonlinearSolve ~/.julia/packages/OrdinaryDiffEqNonlinearSolve/doSPx/src/nlsolve.jl:144
┌ Warning: Verbosity toggle: dt_epsilon 
│  Initial timestep too small (near machine epsilon), using default: dt = 0.0
└ @ OrdinaryDiffEqCore ~/.julia/packages/OrdinaryDiffEqCore/rnOL4/src/initdt.jl:196
┌ Warning: Verbosity toggle: dt_epsilon 
│  Initial timestep too small (near machine epsilon), using default: dt = 0.0
└ @ OrdinaryDiffEqCore ~/.julia/packages/OrdinaryDiffEqCore/rnOL4/src/initdt.jl:196
┌ Warning: Verbosity toggle: newton_convergence 
│  Newton iteration failed with stale Jacobian, retrying with fresh Jacobian
└ @ OrdinaryDiffEqNonlinearSolve ~/.julia/packages/OrdinaryDiffEqNonlinearSolve/doSPx/src/nlsolve.jl:144
┌ Warning: Verbosity toggle: newton_convergence 
│  Newton iteration diverging: θ = Dual{ForwardDiff.Tag{PEtab.var"#302#303"{Bool, PEtab.PEtabODEProblemInfo{ODESolver, ODESolver, PEtab.PEtabODEProblemCache{Vector{Float64}, PreallocationTools.DiffCache{Vector{Float64}, Vector{Float64}}, Vector{Float64}, Matrix{Float64}, Dict{Symbol, PreallocationTools.DiffCache}, Dict{Symbol, PreallocationTools.DiffCache}, Dict{Symbol, PreallocationTools.DiffCache}, Vector{Float64}}}, PEtab.PEtabODEProblemInfo{ODESolver, ODESolver, PEtab.PEtabODEProblemCache{Vector{Float64}, PreallocationTools.DiffCache{Vector{Float64}, Vector{Float64}}, Vector{Float64}, Matrix{Float64}, Dict{Symbol, PreallocationTools.DiffCache}, Dict{Symbol, PreallocationTools.DiffCache}, Dict{Symbol, PreallocationTools.DiffCache}, Vector{Float64}}}, Vector{Float64}, Vector{Float64}, Vector{Float64}, PEtab.ModelInfo}, Float64}}(9.804687418565292,0.0,0.0,0.0,0.0,0.0,0.0,0.0,0.0,0.0,0.0,0.0,0.0) > 2, ndz = 0.5549140986827705, ndzprev = 0.05659681690943396
└ @ OrdinaryDiffEqNonlinearSolve ~/.julia/packages/OrdinaryDiffEqNonlinearSolve/doSPx/src/nlsolve.jl:101
┌ Warning: Verbosity toggle: newton_convergence 
│  Newton iteration failed with stale Jacobian, retrying with fresh Jacobian
└ @ OrdinaryDiffEqNonlinearSolve ~/.julia/packages/OrdinaryDiffEqNonlinearSolve/doSPx/src/nlsolve.jl:144
┌ Warning: Verbosity toggle: newton_convergence 
│  Newton iteration failed with stale Jacobian, retrying with fresh Jacobian
└ @ OrdinaryDiffEqNonlinearSolve ~/.julia/packages/OrdinaryDiffEqNonlinearSolve/doSPx/src/nlsolve.jl:144
┌ Warning: Verbosity toggle: newton_convergence 
│  Newton iteration failed with stale Jacobian, retrying with fresh Jacobian
└ @ OrdinaryDiffEqNonlinearSolve ~/.julia/packages/OrdinaryDiffEqNonlinearSolve/doSPx/src/nlsolve.jl:144
┌ Warning: Verbosity toggle: newton_convergence 
│  Newton iteration failed with stale Jacobian, retrying with fresh Jacobian
└ @ OrdinaryDiffEqNonlinearSolve ~/.julia/packages/OrdinaryDiffEqNonlinearSolve/doSPx/src/nlsolve.jl:144
┌ Warning: Verbosity toggle: dt_epsilon 
│  Initial timestep too small (near machine epsilon), using default: dt = 0.0
└ @ OrdinaryDiffEqCore ~/.julia/packages/OrdinaryDiffEqCore/rnOL4/src/initdt.jl:196
┌ Warning: Verbosity toggle: dt_epsilon 
│  Initial timestep too small (near machine epsilon), using default: dt = 0.0
└ @ OrdinaryDiffEqCore ~/.julia/packages/OrdinaryDiffEqCore/rnOL4/src/initdt.jl:196
┌ Warning: Verbosity toggle: newton_convergence 
│  Newton iteration failed with stale Jacobian, retrying with fresh Jacobian
└ @ OrdinaryDiffEqNonlinearSolve ~/.julia/packages/OrdinaryDiffEqNonlinearSolve/doSPx/src/nlsolve.jl:144
┌ Warning: Verbosity toggle: newton_convergence 
│  Newton iteration diverging: θ = Dual{ForwardDiff.Tag{PEtab.var"#302#303"{Bool, PEtab.PEtabODEProblemInfo{ODESolver, ODESolver, PEtab.PEtabODEProblemCache{Vector{Float64}, PreallocationTools.DiffCache{Vector{Float64}, Vector{Float64}}, Vector{Float64}, Matrix{Float64}, Dict{Symbol, PreallocationTools.DiffCache}, Dict{Symbol, PreallocationTools.DiffCache}, Dict{Symbol, PreallocationTools.DiffCache}, Vector{Float64}}}, PEtab.PEtabODEProblemInfo{ODESolver, ODESolver, PEtab.PEtabODEProblemCache{Vector{Float64}, PreallocationTools.DiffCache{Vector{Float64}, Vector{Float64}}, Vector{Float64}, Matrix{Float64}, Dict{Symbol, PreallocationTools.DiffCache}, Dict{Symbol, PreallocationTools.DiffCache}, Dict{Symbol, PreallocationTools.DiffCache}, Vector{Float64}}}, Vector{Float64}, Vector{Float64}, Vector{Float64}, PEtab.ModelInfo}, Float64}}(4.686783963058585,0.0,0.0,0.0,0.0,0.0,0.0,0.0,0.0,0.0,0.0,0.0,0.0) > 2, ndz = 1.610641949206857, ndzprev = 0.34365611086450754
└ @ OrdinaryDiffEqNonlinearSolve ~/.julia/packages/OrdinaryDiffEqNonlinearSolve/doSPx/src/nlsolve.jl:101
┌ Warning: Verbosity toggle: newton_convergence 
│  Newton iteration failed with stale Jacobian, retrying with fresh Jacobian
└ @ OrdinaryDiffEqNonlinearSolve ~/.julia/packages/OrdinaryDiffEqNonlinearSolve/doSPx/src/nlsolve.jl:144
┌ Warning: Verbosity toggle: newton_convergence 
│  Newton iteration failed with stale Jacobian, retrying with fresh Jacobian
└ @ OrdinaryDiffEqNonlinearSolve ~/.julia/packages/OrdinaryDiffEqNonlinearSolve/doSPx/src/nlsolve.jl:144
┌ Warning: Verbosity toggle: newton_convergence 
│  Newton iteration failed with stale Jacobian, retrying with fresh Jacobian
└ @ OrdinaryDiffEqNonlinearSolve ~/.julia/packages/OrdinaryDiffEqNonlinearSolve/doSPx/src/nlsolve.jl:144
┌ Warning: Verbosity toggle: newton_convergence 
│  Newton iteration failed with stale Jacobian, retrying with fresh Jacobian
└ @ OrdinaryDiffEqNonlinearSolve ~/.julia/packages/OrdinaryDiffEqNonlinearSolve/doSPx/src/nlsolve.jl:144
┌ Warning: Verbosity toggle: newton_convergence 
│  Newton iteration failed with stale Jacobian, retrying with fresh Jacobian
└ @ OrdinaryDiffEqNonlinearSolve ~/.julia/packages/OrdinaryDiffEqNonlinearSolve/doSPx/src/nlsolve.jl:144
┌ Warning: Verbosity toggle: dt_epsilon 
│  Initial timestep too small (near machine epsilon), using default: dt = 0.0
└ @ OrdinaryDiffEqCore ~/.julia/packages/OrdinaryDiffEqCore/rnOL4/src/initdt.jl:196
┌ Warning: Verbosity toggle: dt_epsilon 
│  Initial timestep too small (near machine epsilon), using default: dt = 0.0
└ @ OrdinaryDiffEqCore ~/.julia/packages/OrdinaryDiffEqCore/rnOL4/src/initdt.jl:196
┌ Warning: Verbosity toggle: newton_convergence 
│  Newton iteration failed with stale Jacobian, retrying with fresh Jacobian
└ @ OrdinaryDiffEqNonlinearSolve ~/.julia/packages/OrdinaryDiffEqNonlinearSolve/doSPx/src/nlsolve.jl:144
┌ Warning: Verbosity toggle: newton_convergence 
│  Newton iteration diverging: θ = Dual{ForwardDiff.Tag{PEtab.var"#302#303"{Bool, PEtab.PEtabODEProblemInfo{ODESolver, ODESolver, PEtab.PEtabODEProblemCache{Vector{Float64}, PreallocationTools.DiffCache{Vector{Float64}, Vector{Float64}}, Vector{Float64}, Matrix{Float64}, Dict{Symbol, PreallocationTools.DiffCache}, Dict{Symbol, PreallocationTools.DiffCache}, Dict{Symbol, PreallocationTools.DiffCache}, Vector{Float64}}}, PEtab.PEtabODEProblemInfo{ODESolver, ODESolver, PEtab.PEtabODEProblemCache{Vector{Float64}, PreallocationTools.DiffCache{Vector{Float64}, Vector{Float64}}, Vector{Float64}, Matrix{Float64}, Dict{Symbol, PreallocationTools.DiffCache}, Dict{Symbol, PreallocationTools.DiffCache}, Dict{Symbol, PreallocationTools.DiffCache}, Vector{Float64}}}, Vector{Float64}, Vector{Float64}, Vector{Float64}, PEtab.ModelInfo}, Float64}}(13.641461220914788,0.0,0.0,0.0,0.0,0.0,0.0,0.0,0.0,0.0,0.0,0.0,0.0) > 2, ndz = 2.8238946025446467, ndzprev = 0.20700821978037906
└ @ OrdinaryDiffEqNonlinearSolve ~/.julia/packages/OrdinaryDiffEqNonlinearSolve/doSPx/src/nlsolve.jl:101
┌ Warning: Verbosity toggle: newton_convergence 
│  Newton iteration failed with stale Jacobian, retrying with fresh Jacobian
└ @ OrdinaryDiffEqNonlinearSolve ~/.julia/packages/OrdinaryDiffEqNonlinearSolve/doSPx/src/nlsolve.jl:144
┌ Warning: Verbosity toggle: newton_convergence 
│  Newton iteration failed with stale Jacobian, retrying with fresh Jacobian
└ @ OrdinaryDiffEqNonlinearSolve ~/.julia/packages/OrdinaryDiffEqNonlinearSolve/doSPx/src/nlsolve.jl:144
┌ Warning: Verbosity toggle: newton_convergence 
│  Newton iteration failed with stale Jacobian, retrying with fresh Jacobian
└ @ OrdinaryDiffEqNonlinearSolve ~/.julia/packages/OrdinaryDiffEqNonlinearSolve/doSPx/src/nlsolve.jl:144
┌ Warning: Verbosity toggle: newton_convergence 
│  Newton iteration failed with stale Jacobian, retrying with fresh Jacobian
└ @ OrdinaryDiffEqNonlinearSolve ~/.julia/packages/OrdinaryDiffEqNonlinearSolve/doSPx/src/nlsolve.jl:144
┌ Warning: Verbosity toggle: dt_epsilon 
│  Initial timestep too small (near machine epsilon), using default: dt = 0.0
└ @ OrdinaryDiffEqCore ~/.julia/packages/OrdinaryDiffEqCore/rnOL4/src/initdt.jl:196
┌ Warning: Verbosity toggle: dt_epsilon 
│  Initial timestep too small (near machine epsilon), using default: dt = 0.0
└ @ OrdinaryDiffEqCore ~/.julia/packages/OrdinaryDiffEqCore/rnOL4/src/initdt.jl:196
┌ Warning: Verbosity toggle: newton_convergence 
│  Newton iteration failed with stale Jacobian, retrying with fresh Jacobian
└ @ OrdinaryDiffEqNonlinearSolve ~/.julia/packages/OrdinaryDiffEqNonlinearSolve/doSPx/src/nlsolve.jl:144
┌ Warning: Verbosity toggle: newton_convergence 
│  Newton iteration diverging: θ = Dual{ForwardDiff.Tag{PEtab.var"#302#303"{Bool, PEtab.PEtabODEProblemInfo{ODESolver, ODESolver, PEtab.PEtabODEProblemCache{Vector{Float64}, PreallocationTools.DiffCache{Vector{Float64}, Vector{Float64}}, Vector{Float64}, Matrix{Float64}, Dict{Symbol, PreallocationTools.DiffCache}, Dict{Symbol, PreallocationTools.DiffCache}, Dict{Symbol, PreallocationTools.DiffCache}, Vector{Float64}}}, PEtab.PEtabODEProblemInfo{ODESolver, ODESolver, PEtab.PEtabODEProblemCache{Vector{Float64}, PreallocationTools.DiffCache{Vector{Float64}, Vector{Float64}}, Vector{Float64}, Matrix{Float64}, Dict{Symbol, PreallocationTools.DiffCache}, Dict{Symbol, PreallocationTools.DiffCache}, Dict{Symbol, PreallocationTools.DiffCache}, Vector{Float64}}}, Vector{Float64}, Vector{Float64}, Vector{Float64}, PEtab.ModelInfo}, Float64}}(4.623931952911849,0.0,0.0,0.0,0.0,0.0,0.0,0.0,0.0,0.0,0.0,0.0,0.0) > 2, ndz = 2.8927606654909366, ndzprev = 0.6256062361967213
└ @ OrdinaryDiffEqNonlinearSolve ~/.julia/packages/OrdinaryDiffEqNonlinearSolve/doSPx/src/nlsolve.jl:101
┌ Warning: Verbosity toggle: newton_convergence 
│  Newton iteration failed with stale Jacobian, retrying with fresh Jacobian
└ @ OrdinaryDiffEqNonlinearSolve ~/.julia/packages/OrdinaryDiffEqNonlinearSolve/doSPx/src/nlsolve.jl:144
┌ Warning: Verbosity toggle: newton_convergence 
│  Newton iteration failed with stale Jacobian, retrying with fresh Jacobian
└ @ OrdinaryDiffEqNonlinearSolve ~/.julia/packages/OrdinaryDiffEqNonlinearSolve/doSPx/src/nlsolve.jl:144
┌ Warning: Verbosity toggle: newton_convergence 
│  Newton iteration failed with stale Jacobian, retrying with fresh Jacobian
└ @ OrdinaryDiffEqNonlinearSolve ~/.julia/packages/OrdinaryDiffEqNonlinearSolve/doSPx/src/nlsolve.jl:144
┌ Warning: Verbosity toggle: newton_convergence 
│  Newton iteration failed with stale Jacobian, retrying with fresh Jacobian
└ @ OrdinaryDiffEqNonlinearSolve ~/.julia/packages/OrdinaryDiffEqNonlinearSolve/doSPx/src/nlsolve.jl:144
┌ Warning: Verbosity toggle: newton_convergence 
│  Newton iteration failed with stale Jacobian, retrying with fresh Jacobian
└ @ OrdinaryDiffEqNonlinearSolve ~/.julia/packages/OrdinaryDiffEqNonlinearSolve/doSPx/src/nlsolve.jl:144
┌ Warning: Verbosity toggle: dt_epsilon 
│  Initial timestep too small (near machine epsilon), using default: dt = 0.0
└ @ OrdinaryDiffEqCore ~/.julia/packages/OrdinaryDiffEqCore/rnOL4/src/initdt.jl:196
┌ Warning: Verbosity toggle: dt_epsilon 
│  Initial timestep too small (near machine epsilon), using default: dt = 0.0
└ @ OrdinaryDiffEqCore ~/.julia/packages/OrdinaryDiffEqCore/rnOL4/src/initdt.jl:196
┌ Warning: Verbosity toggle: newton_convergence 
│  Newton iteration failed with stale Jacobian, retrying with fresh Jacobian
└ @ OrdinaryDiffEqNonlinearSolve ~/.julia/packages/OrdinaryDiffEqNonlinearSolve/doSPx/src/nlsolve.jl:144
┌ Warning: Verbosity toggle: newton_convergence 
│  Newton iteration diverging: θ = Dual{ForwardDiff.Tag{PEtab.var"#302#303"{Bool, PEtab.PEtabODEProblemInfo{ODESolver, ODESolver, PEtab.PEtabODEProblemCache{Vector{Float64}, PreallocationTools.DiffCache{Vector{Float64}, Vector{Float64}}, Vector{Float64}, Matrix{Float64}, Dict{Symbol, PreallocationTools.DiffCache}, Dict{Symbol, PreallocationTools.DiffCache}, Dict{Symbol, PreallocationTools.DiffCache}, Vector{Float64}}}, PEtab.PEtabODEProblemInfo{ODESolver, ODESolver, PEtab.PEtabODEProblemCache{Vector{Float64}, PreallocationTools.DiffCache{Vector{Float64}, Vector{Float64}}, Vector{Float64}, Matrix{Float64}, Dict{Symbol, PreallocationTools.DiffCache}, Dict{Symbol, PreallocationTools.DiffCache}, Dict{Symbol, PreallocationTools.DiffCache}, Vector{Float64}}}, Vector{Float64}, Vector{Float64}, Vector{Float64}, PEtab.ModelInfo}, Float64}}(4.700482239435004,0.0,0.0,0.0,0.0,0.0,0.0,0.0,0.0,0.0,0.0,0.0,0.0) > 2, ndz = 0.5025818865618297, ndzprev = 0.10692134571754913
└ @ OrdinaryDiffEqNonlinearSolve ~/.julia/packages/OrdinaryDiffEqNonlinearSolve/doSPx/src/nlsolve.jl:101
┌ Warning: Verbosity toggle: newton_convergence 
│  Newton iteration failed with stale Jacobian, retrying with fresh Jacobian
└ @ OrdinaryDiffEqNonlinearSolve ~/.julia/packages/OrdinaryDiffEqNonlinearSolve/doSPx/src/nlsolve.jl:144
┌ Warning: Verbosity toggle: newton_convergence 
│  Newton iteration failed with stale Jacobian, retrying with fresh Jacobian
└ @ OrdinaryDiffEqNonlinearSolve ~/.julia/packages/OrdinaryDiffEqNonlinearSolve/doSPx/src/nlsolve.jl:144
┌ Warning: Verbosity toggle: newton_convergence 
│  Newton iteration failed with stale Jacobian, retrying with fresh Jacobian
└ @ OrdinaryDiffEqNonlinearSolve ~/.julia/packages/OrdinaryDiffEqNonlinearSolve/doSPx/src/nlsolve.jl:144
┌ Warning: Verbosity toggle: newton_convergence 
│  Newton iteration failed with stale Jacobian, retrying with fresh Jacobian
└ @ OrdinaryDiffEqNonlinearSolve ~/.julia/packages/OrdinaryDiffEqNonlinearSolve/doSPx/src/nlsolve.jl:144
┌ Warning: Verbosity toggle: newton_convergence 
│  Newton iteration failed with stale Jacobian, retrying with fresh Jacobian
└ @ OrdinaryDiffEqNonlinearSolve ~/.julia/packages/OrdinaryDiffEqNonlinearSolve/doSPx/src/nlsolve.jl:144
┌ Warning: Verbosity toggle: dt_epsilon 
│  Initial timestep too small (near machine epsilon), using default: dt = 0.0
└ @ OrdinaryDiffEqCore ~/.julia/packages/OrdinaryDiffEqCore/rnOL4/src/initdt.jl:196
┌ Warning: Verbosity toggle: dt_epsilon 
│  Initial timestep too small (near machine epsilon), using default: dt = 0.0
└ @ OrdinaryDiffEqCore ~/.julia/packages/OrdinaryDiffEqCore/rnOL4/src/initdt.jl:196
┌ Warning: Verbosity toggle: newton_convergence 
│  Newton iteration failed with stale Jacobian, retrying with fresh Jacobian
└ @ OrdinaryDiffEqNonlinearSolve ~/.julia/packages/OrdinaryDiffEqNonlinearSolve/doSPx/src/nlsolve.jl:144
┌ Warning: Verbosity toggle: newton_convergence 
│  Newton iteration diverging: θ = 16.787262828527307 > 2, ndz = 1.6067512244015867, ndzprev = 0.09571251971293177
└ @ OrdinaryDiffEqNonlinearSolve ~/.julia/packages/OrdinaryDiffEqNonlinearSolve/doSPx/src/nlsolve.jl:101
┌ Warning: Verbosity toggle: newton_convergence 
│  Newton iteration failed with stale Jacobian, retrying with fresh Jacobian
└ @ OrdinaryDiffEqNonlinearSolve ~/.julia/packages/OrdinaryDiffEqNonlinearSolve/doSPx/src/nlsolve.jl:144
┌ Warning: Verbosity toggle: newton_convergence 
│  Newton iteration failed with stale Jacobian, retrying with fresh Jacobian
└ @ OrdinaryDiffEqNonlinearSolve ~/.julia/packages/OrdinaryDiffEqNonlinearSolve/doSPx/src/nlsolve.jl:144
┌ Warning: Verbosity toggle: newton_convergence 
│  Newton iteration failed with stale Jacobian, retrying with fresh Jacobian
└ @ OrdinaryDiffEqNonlinearSolve ~/.julia/packages/OrdinaryDiffEqNonlinearSolve/doSPx/src/nlsolve.jl:144
┌ Warning: Verbosity toggle: newton_convergence 
│  Newton iteration failed with stale Jacobian, retrying with fresh Jacobian
└ @ OrdinaryDiffEqNonlinearSolve ~/.julia/packages/OrdinaryDiffEqNonlinearSolve/doSPx/src/nlsolve.jl:144
┌ Warning: Verbosity toggle: newton_convergence 
│  Newton iteration failed with stale Jacobian, retrying with fresh Jacobian
└ @ OrdinaryDiffEqNonlinearSolve ~/.julia/packages/OrdinaryDiffEqNonlinearSolve/doSPx/src/nlsolve.jl:144
┌ Warning: Verbosity toggle: dt_epsilon 
│  Initial timestep too small (near machine epsilon), using default: dt = 0.0
└ @ OrdinaryDiffEqCore ~/.julia/packages/OrdinaryDiffEqCore/rnOL4/src/initdt.jl:196
┌ Warning: Verbosity toggle: dt_epsilon 
│  Initial timestep too small (near machine epsilon), using default: dt = 0.0
└ @ OrdinaryDiffEqCore ~/.julia/packages/OrdinaryDiffEqCore/rnOL4/src/initdt.jl:196
┌ Warning: Verbosity toggle: newton_convergence 
│  Newton iteration failed with stale Jacobian, retrying with fresh Jacobian
└ @ OrdinaryDiffEqNonlinearSolve ~/.julia/packages/OrdinaryDiffEqNonlinearSolve/doSPx/src/nlsolve.jl:144
┌ Warning: Verbosity toggle: newton_convergence 
│  Newton iteration diverging: θ = Dual{ForwardDiff.Tag{PEtab.var"#302#303"{Bool, PEtab.PEtabODEProblemInfo{ODESolver, ODESolver, PEtab.PEtabODEProblemCache{Vector{Float64}, PreallocationTools.DiffCache{Vector{Float64}, Vector{Float64}}, Vector{Float64}, Matrix{Float64}, Dict{Symbol, PreallocationTools.DiffCache}, Dict{Symbol, PreallocationTools.DiffCache}, Dict{Symbol, PreallocationTools.DiffCache}, Vector{Float64}}}, PEtab.PEtabODEProblemInfo{ODESolver, ODESolver, PEtab.PEtabODEProblemCache{Vector{Float64}, PreallocationTools.DiffCache{Vector{Float64}, Vector{Float64}}, Vector{Float64}, Matrix{Float64}, Dict{Symbol, PreallocationTools.DiffCache}, Dict{Symbol, PreallocationTools.DiffCache}, Dict{Symbol, PreallocationTools.DiffCache}, Vector{Float64}}}, Vector{Float64}, Vector{Float64}, Vector{Float64}, PEtab.ModelInfo}, Float64}}(2.4431623744991726,0.0,0.0,0.0,0.0,0.0,0.0,0.0,0.0,0.0,0.0,0.0,0.0) > 2, ndz = 0.12368864653913018, ndzprev = 0.05062645357924084
└ @ OrdinaryDiffEqNonlinearSolve ~/.julia/packages/OrdinaryDiffEqNonlinearSolve/doSPx/src/nlsolve.jl:101
┌ Warning: Verbosity toggle: newton_convergence 
│  Newton iteration failed with stale Jacobian, retrying with fresh Jacobian
└ @ OrdinaryDiffEqNonlinearSolve ~/.julia/packages/OrdinaryDiffEqNonlinearSolve/doSPx/src/nlsolve.jl:144
┌ Warning: Verbosity toggle: newton_convergence 
│  Newton iteration failed with stale Jacobian, retrying with fresh Jacobian
└ @ OrdinaryDiffEqNonlinearSolve ~/.julia/packages/OrdinaryDiffEqNonlinearSolve/doSPx/src/nlsolve.jl:144
┌ Warning: Verbosity toggle: newton_convergence 
│  Newton iteration failed with stale Jacobian, retrying with fresh Jacobian
└ @ OrdinaryDiffEqNonlinearSolve ~/.julia/packages/OrdinaryDiffEqNonlinearSolve/doSPx/src/nlsolve.jl:144
┌ Warning: Verbosity toggle: newton_convergence 
│  Newton iteration failed with stale Jacobian, retrying with fresh Jacobian
└ @ OrdinaryDiffEqNonlinearSolve ~/.julia/packages/OrdinaryDiffEqNonlinearSolve/doSPx/src/nlsolve.jl:144
┌ Warning: Verbosity toggle: dt_epsilon 
│  Initial timestep too small (near machine epsilon), using default: dt = 0.0
└ @ OrdinaryDiffEqCore ~/.julia/packages/OrdinaryDiffEqCore/rnOL4/src/initdt.jl:196
┌ Warning: Verbosity toggle: dt_epsilon 
│  Initial timestep too small (near machine epsilon), using default: dt = 0.0
└ @ OrdinaryDiffEqCore ~/.julia/packages/OrdinaryDiffEqCore/rnOL4/src/initdt.jl:196
┌ Warning: Verbosity toggle: newton_convergence 
│  Newton iteration failed with stale Jacobian, retrying with fresh Jacobian
└ @ OrdinaryDiffEqNonlinearSolve ~/.julia/packages/OrdinaryDiffEqNonlinearSolve/doSPx/src/nlsolve.jl:144
┌ Warning: Verbosity toggle: newton_convergence 
│  Newton iteration diverging: θ = Dual{ForwardDiff.Tag{PEtab.var"#302#303"{Bool, PEtab.PEtabODEProblemInfo{ODESolver, ODESolver, PEtab.PEtabODEProblemCache{Vector{Float64}, PreallocationTools.DiffCache{Vector{Float64}, Vector{Float64}}, Vector{Float64}, Matrix{Float64}, Dict{Symbol, PreallocationTools.DiffCache}, Dict{Symbol, PreallocationTools.DiffCache}, Dict{Symbol, PreallocationTools.DiffCache}, Vector{Float64}}}, PEtab.PEtabODEProblemInfo{ODESolver, ODESolver, PEtab.PEtabODEProblemCache{Vector{Float64}, PreallocationTools.DiffCache{Vector{Float64}, Vector{Float64}}, Vector{Float64}, Matrix{Float64}, Dict{Symbol, PreallocationTools.DiffCache}, Dict{Symbol, PreallocationTools.DiffCache}, Dict{Symbol, PreallocationTools.DiffCache}, Vector{Float64}}}, Vector{Float64}, Vector{Float64}, Vector{Float64}, PEtab.ModelInfo}, Float64}}(12.551643159544195,0.0,0.0,0.0,0.0,0.0,0.0,0.0,0.0,0.0,0.0,0.0,0.0) > 2, ndz = 5.572472180952944, ndzprev = 0.443963559999367
└ @ OrdinaryDiffEqNonlinearSolve ~/.julia/packages/OrdinaryDiffEqNonlinearSolve/doSPx/src/nlsolve.jl:101
┌ Warning: Verbosity toggle: newton_convergence 
│  Newton iteration failed with stale Jacobian, retrying with fresh Jacobian
└ @ OrdinaryDiffEqNonlinearSolve ~/.julia/packages/OrdinaryDiffEqNonlinearSolve/doSPx/src/nlsolve.jl:144
┌ Warning: Verbosity toggle: newton_convergence 
│  Newton iteration failed with stale Jacobian, retrying with fresh Jacobian
└ @ OrdinaryDiffEqNonlinearSolve ~/.julia/packages/OrdinaryDiffEqNonlinearSolve/doSPx/src/nlsolve.jl:144
┌ Warning: Verbosity toggle: newton_convergence 
│  Newton iteration failed with stale Jacobian, retrying with fresh Jacobian
└ @ OrdinaryDiffEqNonlinearSolve ~/.julia/packages/OrdinaryDiffEqNonlinearSolve/doSPx/src/nlsolve.jl:144
┌ Warning: Verbosity toggle: newton_convergence 
│  Newton iteration failed with stale Jacobian, retrying with fresh Jacobian
└ @ OrdinaryDiffEqNonlinearSolve ~/.julia/packages/OrdinaryDiffEqNonlinearSolve/doSPx/src/nlsolve.jl:144
┌ Warning: Verbosity toggle: newton_convergence 
│  Newton iteration failed with stale Jacobian, retrying with fresh Jacobian
└ @ OrdinaryDiffEqNonlinearSolve ~/.julia/packages/OrdinaryDiffEqNonlinearSolve/doSPx/src/nlsolve.jl:144
┌ Warning: Verbosity toggle: dt_epsilon 
│  Initial timestep too small (near machine epsilon), using default: dt = 0.0
└ @ OrdinaryDiffEqCore ~/.julia/packages/OrdinaryDiffEqCore/rnOL4/src/initdt.jl:196
┌ Warning: Verbosity toggle: dt_epsilon 
│  Initial timestep too small (near machine epsilon), using default: dt = 0.0
└ @ OrdinaryDiffEqCore ~/.julia/packages/OrdinaryDiffEqCore/rnOL4/src/initdt.jl:196
┌ Warning: Verbosity toggle: newton_convergence 
│  Newton iteration failed with stale Jacobian, retrying with fresh Jacobian
└ @ OrdinaryDiffEqNonlinearSolve ~/.julia/packages/OrdinaryDiffEqNonlinearSolve/doSPx/src/nlsolve.jl:144
┌ Warning: Verbosity toggle: newton_convergence 
│  Newton iteration diverging: θ = Dual{ForwardDiff.Tag{PEtab.var"#302#303"{Bool, PEtab.PEtabODEProblemInfo{ODESolver, ODESolver, PEtab.PEtabODEProblemCache{Vector{Float64}, PreallocationTools.DiffCache{Vector{Float64}, Vector{Float64}}, Vector{Float64}, Matrix{Float64}, Dict{Symbol, PreallocationTools.DiffCache}, Dict{Symbol, PreallocationTools.DiffCache}, Dict{Symbol, PreallocationTools.DiffCache}, Vector{Float64}}}, PEtab.PEtabODEProblemInfo{ODESolver, ODESolver, PEtab.PEtabODEProblemCache{Vector{Float64}, PreallocationTools.DiffCache{Vector{Float64}, Vector{Float64}}, Vector{Float64}, Matrix{Float64}, Dict{Symbol, PreallocationTools.DiffCache}, Dict{Symbol, PreallocationTools.DiffCache}, Dict{Symbol, PreallocationTools.DiffCache}, Vector{Float64}}}, Vector{Float64}, Vector{Float64}, Vector{Float64}, PEtab.ModelInfo}, Float64}}(6.902902987422475,0.0,0.0,0.0,0.0,0.0,0.0,0.0,0.0,0.0,0.0,0.0,0.0) > 2, ndz = 1.0171068044051923, ndzprev = 0.14734479193151417
└ @ OrdinaryDiffEqNonlinearSolve ~/.julia/packages/OrdinaryDiffEqNonlinearSolve/doSPx/src/nlsolve.jl:101
┌ Warning: Verbosity toggle: newton_convergence 
│  Newton iteration failed with stale Jacobian, retrying with fresh Jacobian
└ @ OrdinaryDiffEqNonlinearSolve ~/.julia/packages/OrdinaryDiffEqNonlinearSolve/doSPx/src/nlsolve.jl:144
┌ Warning: Verbosity toggle: newton_convergence 
│  Newton iteration failed with stale Jacobian, retrying with fresh Jacobian
└ @ OrdinaryDiffEqNonlinearSolve ~/.julia/packages/OrdinaryDiffEqNonlinearSolve/doSPx/src/nlsolve.jl:144
┌ Warning: Verbosity toggle: newton_convergence 
│  Newton iteration failed with stale Jacobian, retrying with fresh Jacobian
└ @ OrdinaryDiffEqNonlinearSolve ~/.julia/packages/OrdinaryDiffEqNonlinearSolve/doSPx/src/nlsolve.jl:144
┌ Warning: Verbosity toggle: newton_convergence 
│  Newton iteration failed with stale Jacobian, retrying with fresh Jacobian
└ @ OrdinaryDiffEqNonlinearSolve ~/.julia/packages/OrdinaryDiffEqNonlinearSolve/doSPx/src/nlsolve.jl:144
┌ Warning: Verbosity toggle: dt_epsilon 
│  Initial timestep too small (near machine epsilon), using default: dt = 0.0
└ @ OrdinaryDiffEqCore ~/.julia/packages/OrdinaryDiffEqCore/rnOL4/src/initdt.jl:196
┌ Warning: Verbosity toggle: dt_epsilon 
│  Initial timestep too small (near machine epsilon), using default: dt = 0.0
└ @ OrdinaryDiffEqCore ~/.julia/packages/OrdinaryDiffEqCore/rnOL4/src/initdt.jl:196
┌ Warning: Verbosity toggle: newton_convergence 
│  Newton iteration failed with stale Jacobian, retrying with fresh Jacobian
└ @ OrdinaryDiffEqNonlinearSolve ~/.julia/packages/OrdinaryDiffEqNonlinearSolve/doSPx/src/nlsolve.jl:144
┌ Warning: Verbosity toggle: newton_convergence 
│  Newton iteration diverging: θ = Dual{ForwardDiff.Tag{PEtab.var"#302#303"{Bool, PEtab.PEtabODEProblemInfo{ODESolver, ODESolver, PEtab.PEtabODEProblemCache{Vector{Float64}, PreallocationTools.DiffCache{Vector{Float64}, Vector{Float64}}, Vector{Float64}, Matrix{Float64}, Dict{Symbol, PreallocationTools.DiffCache}, Dict{Symbol, PreallocationTools.DiffCache}, Dict{Symbol, PreallocationTools.DiffCache}, Vector{Float64}}}, PEtab.PEtabODEProblemInfo{ODESolver, ODESolver, PEtab.PEtabODEProblemCache{Vector{Float64}, PreallocationTools.DiffCache{Vector{Float64}, Vector{Float64}}, Vector{Float64}, Matrix{Float64}, Dict{Symbol, PreallocationTools.DiffCache}, Dict{Symbol, PreallocationTools.DiffCache}, Dict{Symbol, PreallocationTools.DiffCache}, Vector{Float64}}}, Vector{Float64}, Vector{Float64}, Vector{Float64}, PEtab.ModelInfo}, Float64}}(3.3988867500478688,0.0,0.0,0.0,0.0,0.0,0.0,0.0,0.0,0.0,0.0,0.0,0.0) > 2, ndz = 2.1472162416932496, ndzprev = 0.6317410374626365
└ @ OrdinaryDiffEqNonlinearSolve ~/.julia/packages/OrdinaryDiffEqNonlinearSolve/doSPx/src/nlsolve.jl:101
┌ Warning: Verbosity toggle: newton_convergence 
│  Newton iteration failed with stale Jacobian, retrying with fresh Jacobian
└ @ OrdinaryDiffEqNonlinearSolve ~/.julia/packages/OrdinaryDiffEqNonlinearSolve/doSPx/src/nlsolve.jl:144
┌ Warning: Verbosity toggle: newton_convergence 
│  Newton iteration failed with stale Jacobian, retrying with fresh Jacobian
└ @ OrdinaryDiffEqNonlinearSolve ~/.julia/packages/OrdinaryDiffEqNonlinearSolve/doSPx/src/nlsolve.jl:144
┌ Warning: Verbosity toggle: newton_convergence 
│  Newton iteration failed with stale Jacobian, retrying with fresh Jacobian
└ @ OrdinaryDiffEqNonlinearSolve ~/.julia/packages/OrdinaryDiffEqNonlinearSolve/doSPx/src/nlsolve.jl:144
┌ Warning: Verbosity toggle: newton_convergence 
│  Newton iteration failed with stale Jacobian, retrying with fresh Jacobian
└ @ OrdinaryDiffEqNonlinearSolve ~/.julia/packages/OrdinaryDiffEqNonlinearSolve/doSPx/src/nlsolve.jl:144
┌ Warning: Verbosity toggle: newton_convergence 
│  Newton iteration failed with stale Jacobian, retrying with fresh Jacobian
└ @ OrdinaryDiffEqNonlinearSolve ~/.julia/packages/OrdinaryDiffEqNonlinearSolve/doSPx/src/nlsolve.jl:144
┌ Warning: Verbosity toggle: dt_epsilon 
│  Initial timestep too small (near machine epsilon), using default: dt = 0.0
└ @ OrdinaryDiffEqCore ~/.julia/packages/OrdinaryDiffEqCore/rnOL4/src/initdt.jl:196
┌ Warning: Verbosity toggle: dt_epsilon 
│  Initial timestep too small (near machine epsilon), using default: dt = 0.0
└ @ OrdinaryDiffEqCore ~/.julia/packages/OrdinaryDiffEqCore/rnOL4/src/initdt.jl:196
┌ Warning: Verbosity toggle: newton_convergence 
│  Newton iteration failed with stale Jacobian, retrying with fresh Jacobian
└ @ OrdinaryDiffEqNonlinearSolve ~/.julia/packages/OrdinaryDiffEqNonlinearSolve/doSPx/src/nlsolve.jl:144
┌ Warning: Verbosity toggle: newton_convergence 
│  Newton iteration diverging: θ = Dual{ForwardDiff.Tag{PEtab.var"#302#303"{Bool, PEtab.PEtabODEProblemInfo{ODESolver, ODESolver, PEtab.PEtabODEProblemCache{Vector{Float64}, PreallocationTools.DiffCache{Vector{Float64}, Vector{Float64}}, Vector{Float64}, Matrix{Float64}, Dict{Symbol, PreallocationTools.DiffCache}, Dict{Symbol, PreallocationTools.DiffCache}, Dict{Symbol, PreallocationTools.DiffCache}, Vector{Float64}}}, PEtab.PEtabODEProblemInfo{ODESolver, ODESolver, PEtab.PEtabODEProblemCache{Vector{Float64}, PreallocationTools.DiffCache{Vector{Float64}, Vector{Float64}}, Vector{Float64}, Matrix{Float64}, Dict{Symbol, PreallocationTools.DiffCache}, Dict{Symbol, PreallocationTools.DiffCache}, Dict{Symbol, PreallocationTools.DiffCache}, Vector{Float64}}}, Vector{Float64}, Vector{Float64}, Vector{Float64}, PEtab.ModelInfo}, Float64}}(13.041118552306816,0.0,0.0,0.0,0.0,0.0,0.0,0.0,0.0,0.0,0.0,0.0,0.0) > 2, ndz = 1.040900845770081, ndzprev = 0.07981683791885767
└ @ OrdinaryDiffEqNonlinearSolve ~/.julia/packages/OrdinaryDiffEqNonlinearSolve/doSPx/src/nlsolve.jl:101
┌ Warning: Verbosity toggle: newton_convergence 
│  Newton iteration failed with stale Jacobian, retrying with fresh Jacobian
└ @ OrdinaryDiffEqNonlinearSolve ~/.julia/packages/OrdinaryDiffEqNonlinearSolve/doSPx/src/nlsolve.jl:144
┌ Warning: Verbosity toggle: newton_convergence 
│  Newton iteration failed with stale Jacobian, retrying with fresh Jacobian
└ @ OrdinaryDiffEqNonlinearSolve ~/.julia/packages/OrdinaryDiffEqNonlinearSolve/doSPx/src/nlsolve.jl:144
┌ Warning: Verbosity toggle: newton_convergence 
│  Newton iteration failed with stale Jacobian, retrying with fresh Jacobian
└ @ OrdinaryDiffEqNonlinearSolve ~/.julia/packages/OrdinaryDiffEqNonlinearSolve/doSPx/src/nlsolve.jl:144
┌ Warning: Verbosity toggle: newton_convergence 
│  Newton iteration failed with stale Jacobian, retrying with fresh Jacobian
└ @ OrdinaryDiffEqNonlinearSolve ~/.julia/packages/OrdinaryDiffEqNonlinearSolve/doSPx/src/nlsolve.jl:144
┌ Warning: Verbosity toggle: newton_convergence 
│  Newton iteration failed with stale Jacobian, retrying with fresh Jacobian
└ @ OrdinaryDiffEqNonlinearSolve ~/.julia/packages/OrdinaryDiffEqNonlinearSolve/doSPx/src/nlsolve.jl:144
┌ Warning: Verbosity toggle: dt_epsilon 
│  Initial timestep too small (near machine epsilon), using default: dt = 0.0
└ @ OrdinaryDiffEqCore ~/.julia/packages/OrdinaryDiffEqCore/rnOL4/src/initdt.jl:196
┌ Warning: Verbosity toggle: dt_epsilon 
│  Initial timestep too small (near machine epsilon), using default: dt = 0.0
└ @ OrdinaryDiffEqCore ~/.julia/packages/OrdinaryDiffEqCore/rnOL4/src/initdt.jl:196
┌ Warning: Verbosity toggle: newton_convergence 
│  Newton iteration failed with stale Jacobian, retrying with fresh Jacobian
└ @ OrdinaryDiffEqNonlinearSolve ~/.julia/packages/OrdinaryDiffEqNonlinearSolve/doSPx/src/nlsolve.jl:144
┌ Warning: Verbosity toggle: newton_convergence 
│  Newton iteration diverging: θ = 3.3210745012386167 > 2, ndz = 0.20773009125910774, ndzprev = 0.06254906090833959
└ @ OrdinaryDiffEqNonlinearSolve ~/.julia/packages/OrdinaryDiffEqNonlinearSolve/doSPx/src/nlsolve.jl:101
┌ Warning: Verbosity toggle: newton_convergence 
│  Newton iteration failed with stale Jacobian, retrying with fresh Jacobian
└ @ OrdinaryDiffEqNonlinearSolve ~/.julia/packages/OrdinaryDiffEqNonlinearSolve/doSPx/src/nlsolve.jl:144
┌ Warning: Verbosity toggle: newton_convergence 
│  Newton iteration failed with stale Jacobian, retrying with fresh Jacobian
└ @ OrdinaryDiffEqNonlinearSolve ~/.julia/packages/OrdinaryDiffEqNonlinearSolve/doSPx/src/nlsolve.jl:144
┌ Warning: Verbosity toggle: newton_convergence 
│  Newton iteration failed with stale Jacobian, retrying with fresh Jacobian
└ @ OrdinaryDiffEqNonlinearSolve ~/.julia/packages/OrdinaryDiffEqNonlinearSolve/doSPx/src/nlsolve.jl:144
┌ Warning: Verbosity toggle: newton_convergence 
│  Newton iteration failed with stale Jacobian, retrying with fresh Jacobian
└ @ OrdinaryDiffEqNonlinearSolve ~/.julia/packages/OrdinaryDiffEqNonlinearSolve/doSPx/src/nlsolve.jl:144
┌ Warning: Verbosity toggle: newton_convergence 
│  Newton iteration failed with stale Jacobian, retrying with fresh Jacobian
└ @ OrdinaryDiffEqNonlinearSolve ~/.julia/packages/OrdinaryDiffEqNonlinearSolve/doSPx/src/nlsolve.jl:144
┌ Warning: Verbosity toggle: dt_epsilon 
│  Initial timestep too small (near machine epsilon), using default: dt = 0.0
└ @ OrdinaryDiffEqCore ~/.julia/packages/OrdinaryDiffEqCore/rnOL4/src/initdt.jl:196
┌ Warning: Verbosity toggle: dt_epsilon 
│  Initial timestep too small (near machine epsilon), using default: dt = 0.0
└ @ OrdinaryDiffEqCore ~/.julia/packages/OrdinaryDiffEqCore/rnOL4/src/initdt.jl:196
┌ Warning: Verbosity toggle: newton_convergence 
│  Newton iteration failed with stale Jacobian, retrying with fresh Jacobian
└ @ OrdinaryDiffEqNonlinearSolve ~/.julia/packages/OrdinaryDiffEqNonlinearSolve/doSPx/src/nlsolve.jl:144
┌ Warning: Verbosity toggle: newton_convergence 
│  Newton iteration diverging: θ = Dual{ForwardDiff.Tag{PEtab.var"#302#303"{Bool, PEtab.PEtabODEProblemInfo{ODESolver, ODESolver, PEtab.PEtabODEProblemCache{Vector{Float64}, PreallocationTools.DiffCache{Vector{Float64}, Vector{Float64}}, Vector{Float64}, Matrix{Float64}, Dict{Symbol, PreallocationTools.DiffCache}, Dict{Symbol, PreallocationTools.DiffCache}, Dict{Symbol, PreallocationTools.DiffCache}, Vector{Float64}}}, PEtab.PEtabODEProblemInfo{ODESolver, ODESolver, PEtab.PEtabODEProblemCache{Vector{Float64}, PreallocationTools.DiffCache{Vector{Float64}, Vector{Float64}}, Vector{Float64}, Matrix{Float64}, Dict{Symbol, PreallocationTools.DiffCache}, Dict{Symbol, PreallocationTools.DiffCache}, Dict{Symbol, PreallocationTools.DiffCache}, Vector{Float64}}}, Vector{Float64}, Vector{Float64}, Vector{Float64}, PEtab.ModelInfo}, Float64}}(12.130310179504953,0.0,0.0,0.0,0.0,0.0,0.0,0.0,0.0,0.0,0.0,0.0,0.0) > 2, ndz = 0.8690219865215506, ndzprev = 0.07164054122785969
└ @ OrdinaryDiffEqNonlinearSolve ~/.julia/packages/OrdinaryDiffEqNonlinearSolve/doSPx/src/nlsolve.jl:101
┌ Warning: Verbosity toggle: newton_convergence 
│  Newton iteration failed with stale Jacobian, retrying with fresh Jacobian
└ @ OrdinaryDiffEqNonlinearSolve ~/.julia/packages/OrdinaryDiffEqNonlinearSolve/doSPx/src/nlsolve.jl:144
┌ Warning: Verbosity toggle: newton_convergence 
│  Newton iteration failed with stale Jacobian, retrying with fresh Jacobian
└ @ OrdinaryDiffEqNonlinearSolve ~/.julia/packages/OrdinaryDiffEqNonlinearSolve/doSPx/src/nlsolve.jl:144
┌ Warning: Verbosity toggle: newton_convergence 
│  Newton iteration failed with stale Jacobian, retrying with fresh Jacobian
└ @ OrdinaryDiffEqNonlinearSolve ~/.julia/packages/OrdinaryDiffEqNonlinearSolve/doSPx/src/nlsolve.jl:144
┌ Warning: Verbosity toggle: newton_convergence 
│  Newton iteration failed with stale Jacobian, retrying with fresh Jacobian
└ @ OrdinaryDiffEqNonlinearSolve ~/.julia/packages/OrdinaryDiffEqNonlinearSolve/doSPx/src/nlsolve.jl:144
┌ Warning: Verbosity toggle: dt_epsilon 
│  Initial timestep too small (near machine epsilon), using default: dt = 0.0
└ @ OrdinaryDiffEqCore ~/.julia/packages/OrdinaryDiffEqCore/rnOL4/src/initdt.jl:196
┌ Warning: Verbosity toggle: dt_epsilon 
│  Initial timestep too small (near machine epsilon), using default: dt = 0.0
└ @ OrdinaryDiffEqCore ~/.julia/packages/OrdinaryDiffEqCore/rnOL4/src/initdt.jl:196
┌ Warning: Verbosity toggle: newton_convergence 
│  Newton iteration failed with stale Jacobian, retrying with fresh Jacobian
└ @ OrdinaryDiffEqNonlinearSolve ~/.julia/packages/OrdinaryDiffEqNonlinearSolve/doSPx/src/nlsolve.jl:144
┌ Warning: Verbosity toggle: newton_convergence 
│  Newton iteration diverging: θ = Dual{ForwardDiff.Tag{PEtab.var"#302#303"{Bool, PEtab.PEtabODEProblemInfo{ODESolver, ODESolver, PEtab.PEtabODEProblemCache{Vector{Float64}, PreallocationTools.DiffCache{Vector{Float64}, Vector{Float64}}, Vector{Float64}, Matrix{Float64}, Dict{Symbol, PreallocationTools.DiffCache}, Dict{Symbol, PreallocationTools.DiffCache}, Dict{Symbol, PreallocationTools.DiffCache}, Vector{Float64}}}, PEtab.PEtabODEProblemInfo{ODESolver, ODESolver, PEtab.PEtabODEProblemCache{Vector{Float64}, PreallocationTools.DiffCache{Vector{Float64}, Vector{Float64}}, Vector{Float64}, Matrix{Float64}, Dict{Symbol, PreallocationTools.DiffCache}, Dict{Symbol, PreallocationTools.DiffCache}, Dict{Symbol, PreallocationTools.DiffCache}, Vector{Float64}}}, Vector{Float64}, Vector{Float64}, Vector{Float64}, PEtab.ModelInfo}, Float64}}(2.242126565664539,0.0,0.0,0.0,0.0,0.0,0.0,0.0,0.0,0.0,0.0,0.0,0.0) > 2, ndz = 0.7268538090271911, ndzprev = 0.32418054366692745
└ @ OrdinaryDiffEqNonlinearSolve ~/.julia/packages/OrdinaryDiffEqNonlinearSolve/doSPx/src/nlsolve.jl:101
┌ Warning: Verbosity toggle: newton_convergence 
│  Newton iteration failed with stale Jacobian, retrying with fresh Jacobian
└ @ OrdinaryDiffEqNonlinearSolve ~/.julia/packages/OrdinaryDiffEqNonlinearSolve/doSPx/src/nlsolve.jl:144
┌ Warning: Verbosity toggle: newton_convergence 
│  Newton iteration failed with stale Jacobian, retrying with fresh Jacobian
└ @ OrdinaryDiffEqNonlinearSolve ~/.julia/packages/OrdinaryDiffEqNonlinearSolve/doSPx/src/nlsolve.jl:144
┌ Warning: Verbosity toggle: newton_convergence 
│  Newton iteration failed with stale Jacobian, retrying with fresh Jacobian
└ @ OrdinaryDiffEqNonlinearSolve ~/.julia/packages/OrdinaryDiffEqNonlinearSolve/doSPx/src/nlsolve.jl:144
┌ Warning: Verbosity toggle: newton_convergence 
│  Newton iteration failed with stale Jacobian, retrying with fresh Jacobian
└ @ OrdinaryDiffEqNonlinearSolve ~/.julia/packages/OrdinaryDiffEqNonlinearSolve/doSPx/src/nlsolve.jl:144
┌ Warning: Verbosity toggle: newton_convergence 
│  Newton iteration failed with stale Jacobian, retrying with fresh Jacobian
└ @ OrdinaryDiffEqNonlinearSolve ~/.julia/packages/OrdinaryDiffEqNonlinearSolve/doSPx/src/nlsolve.jl:144
┌ Warning: Verbosity toggle: dt_epsilon 
│  Initial timestep too small (near machine epsilon), using default: dt = 0.0
└ @ OrdinaryDiffEqCore ~/.julia/packages/OrdinaryDiffEqCore/rnOL4/src/initdt.jl:196
┌ Warning: Verbosity toggle: dt_epsilon 
│  Initial timestep too small (near machine epsilon), using default: dt = 0.0
└ @ OrdinaryDiffEqCore ~/.julia/packages/OrdinaryDiffEqCore/rnOL4/src/initdt.jl:196
┌ Warning: Verbosity toggle: newton_convergence 
│  Newton iteration failed with stale Jacobian, retrying with fresh Jacobian
└ @ OrdinaryDiffEqNonlinearSolve ~/.julia/packages/OrdinaryDiffEqNonlinearSolve/doSPx/src/nlsolve.jl:144
┌ Warning: Verbosity toggle: newton_convergence 
│  Newton iteration diverging: θ = Dual{ForwardDiff.Tag{PEtab.var"#302#303"{Bool, PEtab.PEtabODEProblemInfo{ODESolver, ODESolver, PEtab.PEtabODEProblemCache{Vector{Float64}, PreallocationTools.DiffCache{Vector{Float64}, Vector{Float64}}, Vector{Float64}, Matrix{Float64}, Dict{Symbol, PreallocationTools.DiffCache}, Dict{Symbol, PreallocationTools.DiffCache}, Dict{Symbol, PreallocationTools.DiffCache}, Vector{Float64}}}, PEtab.PEtabODEProblemInfo{ODESolver, ODESolver, PEtab.PEtabODEProblemCache{Vector{Float64}, PreallocationTools.DiffCache{Vector{Float64}, Vector{Float64}}, Vector{Float64}, Matrix{Float64}, Dict{Symbol, PreallocationTools.DiffCache}, Dict{Symbol, PreallocationTools.DiffCache}, Dict{Symbol, PreallocationTools.DiffCache}, Vector{Float64}}}, Vector{Float64}, Vector{Float64}, Vector{Float64}, PEtab.ModelInfo}, Float64}}(3.3175612607108245,0.0,0.0,0.0,0.0,0.0,0.0,0.0,0.0,0.0,0.0,0.0,0.0) > 2, ndz = 0.4586663338537227, ndzprev = 0.1382540661074178
└ @ OrdinaryDiffEqNonlinearSolve ~/.julia/packages/OrdinaryDiffEqNonlinearSolve/doSPx/src/nlsolve.jl:101
┌ Warning: Verbosity toggle: newton_convergence 
│  Newton iteration failed with stale Jacobian, retrying with fresh Jacobian
└ @ OrdinaryDiffEqNonlinearSolve ~/.julia/packages/OrdinaryDiffEqNonlinearSolve/doSPx/src/nlsolve.jl:144
┌ Warning: Verbosity toggle: newton_convergence 
│  Newton iteration failed with stale Jacobian, retrying with fresh Jacobian
└ @ OrdinaryDiffEqNonlinearSolve ~/.julia/packages/OrdinaryDiffEqNonlinearSolve/doSPx/src/nlsolve.jl:144
┌ Warning: Verbosity toggle: newton_convergence 
│  Newton iteration failed with stale Jacobian, retrying with fresh Jacobian
└ @ OrdinaryDiffEqNonlinearSolve ~/.julia/packages/OrdinaryDiffEqNonlinearSolve/doSPx/src/nlsolve.jl:144
┌ Warning: Verbosity toggle: newton_convergence 
│  Newton iteration failed with stale Jacobian, retrying with fresh Jacobian
└ @ OrdinaryDiffEqNonlinearSolve ~/.julia/packages/OrdinaryDiffEqNonlinearSolve/doSPx/src/nlsolve.jl:144
┌ Warning: Verbosity toggle: dt_epsilon 
│  Initial timestep too small (near machine epsilon), using default: dt = 0.0
└ @ OrdinaryDiffEqCore ~/.julia/packages/OrdinaryDiffEqCore/rnOL4/src/initdt.jl:196
┌ Warning: Verbosity toggle: dt_epsilon 
│  Initial timestep too small (near machine epsilon), using default: dt = 0.0
└ @ OrdinaryDiffEqCore ~/.julia/packages/OrdinaryDiffEqCore/rnOL4/src/initdt.jl:196
┌ Warning: Verbosity toggle: newton_convergence 
│  Newton iteration failed with stale Jacobian, retrying with fresh Jacobian
└ @ OrdinaryDiffEqNonlinearSolve ~/.julia/packages/OrdinaryDiffEqNonlinearSolve/doSPx/src/nlsolve.jl:144
┌ Warning: Verbosity toggle: newton_convergence 
│  Newton iteration diverging: θ = Dual{ForwardDiff.Tag{PEtab.var"#302#303"{Bool, PEtab.PEtabODEProblemInfo{ODESolver, ODESolver, PEtab.PEtabODEProblemCache{Vector{Float64}, PreallocationTools.DiffCache{Vector{Float64}, Vector{Float64}}, Vector{Float64}, Matrix{Float64}, Dict{Symbol, PreallocationTools.DiffCache}, Dict{Symbol, PreallocationTools.DiffCache}, Dict{Symbol, PreallocationTools.DiffCache}, Vector{Float64}}}, PEtab.PEtabODEProblemInfo{ODESolver, ODESolver, PEtab.PEtabODEProblemCache{Vector{Float64}, PreallocationTools.DiffCache{Vector{Float64}, Vector{Float64}}, Vector{Float64}, Matrix{Float64}, Dict{Symbol, PreallocationTools.DiffCache}, Dict{Symbol, PreallocationTools.DiffCache}, Dict{Symbol, PreallocationTools.DiffCache}, Vector{Float64}}}, Vector{Float64}, Vector{Float64}, Vector{Float64}, PEtab.ModelInfo}, Float64}}(17.702788951747106,0.0,0.0,0.0,0.0,0.0,0.0,0.0,0.0,0.0,0.0,0.0,0.0) > 2, ndz = 20.155251296962774, ndzprev = 1.1385353659189181
└ @ OrdinaryDiffEqNonlinearSolve ~/.julia/packages/OrdinaryDiffEqNonlinearSolve/doSPx/src/nlsolve.jl:101
┌ Warning: Verbosity toggle: newton_convergence 
│  Newton iteration failed with stale Jacobian, retrying with fresh Jacobian
└ @ OrdinaryDiffEqNonlinearSolve ~/.julia/packages/OrdinaryDiffEqNonlinearSolve/doSPx/src/nlsolve.jl:144
┌ Warning: Verbosity toggle: newton_convergence 
│  Newton iteration failed with stale Jacobian, retrying with fresh Jacobian
└ @ OrdinaryDiffEqNonlinearSolve ~/.julia/packages/OrdinaryDiffEqNonlinearSolve/doSPx/src/nlsolve.jl:144
┌ Warning: Verbosity toggle: newton_convergence 
│  Newton iteration failed with stale Jacobian, retrying with fresh Jacobian
└ @ OrdinaryDiffEqNonlinearSolve ~/.julia/packages/OrdinaryDiffEqNonlinearSolve/doSPx/src/nlsolve.jl:144
┌ Warning: Verbosity toggle: newton_convergence 
│  Newton iteration failed with stale Jacobian, retrying with fresh Jacobian
└ @ OrdinaryDiffEqNonlinearSolve ~/.julia/packages/OrdinaryDiffEqNonlinearSolve/doSPx/src/nlsolve.jl:144
┌ Warning: Verbosity toggle: newton_convergence 
│  Newton iteration failed with stale Jacobian, retrying with fresh Jacobian
└ @ OrdinaryDiffEqNonlinearSolve ~/.julia/packages/OrdinaryDiffEqNonlinearSolve/doSPx/src/nlsolve.jl:144
┌ Warning: Verbosity toggle: dt_epsilon 
│  Initial timestep too small (near machine epsilon), using default: dt = 0.0
└ @ OrdinaryDiffEqCore ~/.julia/packages/OrdinaryDiffEqCore/rnOL4/src/initdt.jl:196
┌ Warning: Verbosity toggle: dt_epsilon 
│  Initial timestep too small (near machine epsilon), using default: dt = 0.0
└ @ OrdinaryDiffEqCore ~/.julia/packages/OrdinaryDiffEqCore/rnOL4/src/initdt.jl:196
┌ Warning: Verbosity toggle: newton_convergence 
│  Newton iteration failed with stale Jacobian, retrying with fresh Jacobian
└ @ OrdinaryDiffEqNonlinearSolve ~/.julia/packages/OrdinaryDiffEqNonlinearSolve/doSPx/src/nlsolve.jl:144
┌ Warning: Verbosity toggle: newton_convergence 
│  Newton iteration diverging: θ = Dual{ForwardDiff.Tag{PEtab.var"#302#303"{Bool, PEtab.PEtabODEProblemInfo{ODESolver, ODESolver, PEtab.PEtabODEProblemCache{Vector{Float64}, PreallocationTools.DiffCache{Vector{Float64}, Vector{Float64}}, Vector{Float64}, Matrix{Float64}, Dict{Symbol, PreallocationTools.DiffCache}, Dict{Symbol, PreallocationTools.DiffCache}, Dict{Symbol, PreallocationTools.DiffCache}, Vector{Float64}}}, PEtab.PEtabODEProblemInfo{ODESolver, ODESolver, PEtab.PEtabODEProblemCache{Vector{Float64}, PreallocationTools.DiffCache{Vector{Float64}, Vector{Float64}}, Vector{Float64}, Matrix{Float64}, Dict{Symbol, PreallocationTools.DiffCache}, Dict{Symbol, PreallocationTools.DiffCache}, Dict{Symbol, PreallocationTools.DiffCache}, Vector{Float64}}}, Vector{Float64}, Vector{Float64}, Vector{Float64}, PEtab.ModelInfo}, Float64}}(14.695216788175134,0.0,0.0,0.0,0.0,0.0,0.0,0.0,0.0,0.0,0.0,0.0,0.0) > 2, ndz = 1.6185225889196255, ndzprev = 0.11013941558330799
└ @ OrdinaryDiffEqNonlinearSolve ~/.julia/packages/OrdinaryDiffEqNonlinearSolve/doSPx/src/nlsolve.jl:101
┌ Warning: Verbosity toggle: newton_convergence 
│  Newton iteration failed with stale Jacobian, retrying with fresh Jacobian
└ @ OrdinaryDiffEqNonlinearSolve ~/.julia/packages/OrdinaryDiffEqNonlinearSolve/doSPx/src/nlsolve.jl:144
┌ Warning: Verbosity toggle: newton_convergence 
│  Newton iteration failed with stale Jacobian, retrying with fresh Jacobian
└ @ OrdinaryDiffEqNonlinearSolve ~/.julia/packages/OrdinaryDiffEqNonlinearSolve/doSPx/src/nlsolve.jl:144
┌ Warning: Verbosity toggle: newton_convergence 
│  Newton iteration failed with stale Jacobian, retrying with fresh Jacobian
└ @ OrdinaryDiffEqNonlinearSolve ~/.julia/packages/OrdinaryDiffEqNonlinearSolve/doSPx/src/nlsolve.jl:144
┌ Warning: Verbosity toggle: newton_convergence 
│  Newton iteration failed with stale Jacobian, retrying with fresh Jacobian
└ @ OrdinaryDiffEqNonlinearSolve ~/.julia/packages/OrdinaryDiffEqNonlinearSolve/doSPx/src/nlsolve.jl:144
┌ Warning: Verbosity toggle: newton_convergence 
│  Newton iteration failed with stale Jacobian, retrying with fresh Jacobian
└ @ OrdinaryDiffEqNonlinearSolve ~/.julia/packages/OrdinaryDiffEqNonlinearSolve/doSPx/src/nlsolve.jl:144
┌ Warning: Verbosity toggle: dt_epsilon 
│  Initial timestep too small (near machine epsilon), using default: dt = 0.0
└ @ OrdinaryDiffEqCore ~/.julia/packages/OrdinaryDiffEqCore/rnOL4/src/initdt.jl:196
┌ Warning: Verbosity toggle: dt_epsilon 
│  Initial timestep too small (near machine epsilon), using default: dt = 0.0
└ @ OrdinaryDiffEqCore ~/.julia/packages/OrdinaryDiffEqCore/rnOL4/src/initdt.jl:196
┌ Warning: Verbosity toggle: newton_convergence 
│  Newton iteration failed with stale Jacobian, retrying with fresh Jacobian
└ @ OrdinaryDiffEqNonlinearSolve ~/.julia/packages/OrdinaryDiffEqNonlinearSolve/doSPx/src/nlsolve.jl:144
┌ Warning: Verbosity toggle: newton_convergence 
│  Newton iteration diverging: θ = 15.97459314995733 > 2, ndz = 1.9434441183749842, ndzprev = 0.12165844226087068
└ @ OrdinaryDiffEqNonlinearSolve ~/.julia/packages/OrdinaryDiffEqNonlinearSolve/doSPx/src/nlsolve.jl:101
┌ Warning: Verbosity toggle: newton_convergence 
│  Newton iteration failed with stale Jacobian, retrying with fresh Jacobian
└ @ OrdinaryDiffEqNonlinearSolve ~/.julia/packages/OrdinaryDiffEqNonlinearSolve/doSPx/src/nlsolve.jl:144
┌ Warning: Verbosity toggle: newton_convergence 
│  Newton iteration failed with stale Jacobian, retrying with fresh Jacobian
└ @ OrdinaryDiffEqNonlinearSolve ~/.julia/packages/OrdinaryDiffEqNonlinearSolve/doSPx/src/nlsolve.jl:144
┌ Warning: Verbosity toggle: newton_convergence 
│  Newton iteration failed with stale Jacobian, retrying with fresh Jacobian
└ @ OrdinaryDiffEqNonlinearSolve ~/.julia/packages/OrdinaryDiffEqNonlinearSolve/doSPx/src/nlsolve.jl:144
┌ Warning: Verbosity toggle: newton_convergence 
│  Newton iteration failed with stale Jacobian, retrying with fresh Jacobian
└ @ OrdinaryDiffEqNonlinearSolve ~/.julia/packages/OrdinaryDiffEqNonlinearSolve/doSPx/src/nlsolve.jl:144
┌ Warning: Verbosity toggle: newton_convergence 
│  Newton iteration failed with stale Jacobian, retrying with fresh Jacobian
└ @ OrdinaryDiffEqNonlinearSolve ~/.julia/packages/OrdinaryDiffEqNonlinearSolve/doSPx/src/nlsolve.jl:144
┌ Warning: Verbosity toggle: dt_epsilon 
│  Initial timestep too small (near machine epsilon), using default: dt = 0.0
└ @ OrdinaryDiffEqCore ~/.julia/packages/OrdinaryDiffEqCore/rnOL4/src/initdt.jl:196
┌ Warning: Verbosity toggle: dt_epsilon 
│  Initial timestep too small (near machine epsilon), using default: dt = 0.0
└ @ OrdinaryDiffEqCore ~/.julia/packages/OrdinaryDiffEqCore/rnOL4/src/initdt.jl:196
┌ Warning: Verbosity toggle: newton_convergence 
│  Newton iteration failed with stale Jacobian, retrying with fresh Jacobian
└ @ OrdinaryDiffEqNonlinearSolve ~/.julia/packages/OrdinaryDiffEqNonlinearSolve/doSPx/src/nlsolve.jl:144
┌ Warning: Verbosity toggle: newton_convergence 
│  Newton iteration diverging: θ = Dual{ForwardDiff.Tag{PEtab.var"#302#303"{Bool, PEtab.PEtabODEProblemInfo{ODESolver, ODESolver, PEtab.PEtabODEProblemCache{Vector{Float64}, PreallocationTools.DiffCache{Vector{Float64}, Vector{Float64}}, Vector{Float64}, Matrix{Float64}, Dict{Symbol, PreallocationTools.DiffCache}, Dict{Symbol, PreallocationTools.DiffCache}, Dict{Symbol, PreallocationTools.DiffCache}, Vector{Float64}}}, PEtab.PEtabODEProblemInfo{ODESolver, ODESolver, PEtab.PEtabODEProblemCache{Vector{Float64}, PreallocationTools.DiffCache{Vector{Float64}, Vector{Float64}}, Vector{Float64}, Matrix{Float64}, Dict{Symbol, PreallocationTools.DiffCache}, Dict{Symbol, PreallocationTools.DiffCache}, Dict{Symbol, PreallocationTools.DiffCache}, Vector{Float64}}}, Vector{Float64}, Vector{Float64}, Vector{Float64}, PEtab.ModelInfo}, Float64}}(9.90318358039488,0.0,0.0,0.0,0.0,0.0,0.0,0.0,0.0,0.0,0.0,0.0,0.0) > 2, ndz = 0.7387617978821618, ndzprev = 0.07459841493241352
└ @ OrdinaryDiffEqNonlinearSolve ~/.julia/packages/OrdinaryDiffEqNonlinearSolve/doSPx/src/nlsolve.jl:101
┌ Warning: Verbosity toggle: newton_convergence 
│  Newton iteration failed with stale Jacobian, retrying with fresh Jacobian
└ @ OrdinaryDiffEqNonlinearSolve ~/.julia/packages/OrdinaryDiffEqNonlinearSolve/doSPx/src/nlsolve.jl:144
┌ Warning: Verbosity toggle: newton_convergence 
│  Newton iteration failed with stale Jacobian, retrying with fresh Jacobian
└ @ OrdinaryDiffEqNonlinearSolve ~/.julia/packages/OrdinaryDiffEqNonlinearSolve/doSPx/src/nlsolve.jl:144
┌ Warning: Verbosity toggle: newton_convergence 
│  Newton iteration failed with stale Jacobian, retrying with fresh Jacobian
└ @ OrdinaryDiffEqNonlinearSolve ~/.julia/packages/OrdinaryDiffEqNonlinearSolve/doSPx/src/nlsolve.jl:144
┌ Warning: Verbosity toggle: newton_convergence 
│  Newton iteration failed with stale Jacobian, retrying with fresh Jacobian
└ @ OrdinaryDiffEqNonlinearSolve ~/.julia/packages/OrdinaryDiffEqNonlinearSolve/doSPx/src/nlsolve.jl:144
┌ Warning: Verbosity toggle: dt_epsilon 
│  Initial timestep too small (near machine epsilon), using default: dt = 0.0
└ @ OrdinaryDiffEqCore ~/.julia/packages/OrdinaryDiffEqCore/rnOL4/src/initdt.jl:196
┌ Warning: Verbosity toggle: dt_epsilon 
│  Initial timestep too small (near machine epsilon), using default: dt = 0.0
└ @ OrdinaryDiffEqCore ~/.julia/packages/OrdinaryDiffEqCore/rnOL4/src/initdt.jl:196
┌ Warning: Verbosity toggle: newton_convergence 
│  Newton iteration failed with stale Jacobian, retrying with fresh Jacobian
└ @ OrdinaryDiffEqNonlinearSolve ~/.julia/packages/OrdinaryDiffEqNonlinearSolve/doSPx/src/nlsolve.jl:144
┌ Warning: Verbosity toggle: newton_convergence 
│  Newton iteration diverging: θ = Dual{ForwardDiff.Tag{PEtab.var"#302#303"{Bool, PEtab.PEtabODEProblemInfo{ODESolver, ODESolver, PEtab.PEtabODEProblemCache{Vector{Float64}, PreallocationTools.DiffCache{Vector{Float64}, Vector{Float64}}, Vector{Float64}, Matrix{Float64}, Dict{Symbol, PreallocationTools.DiffCache}, Dict{Symbol, PreallocationTools.DiffCache}, Dict{Symbol, PreallocationTools.DiffCache}, Vector{Float64}}}, PEtab.PEtabODEProblemInfo{ODESolver, ODESolver, PEtab.PEtabODEProblemCache{Vector{Float64}, PreallocationTools.DiffCache{Vector{Float64}, Vector{Float64}}, Vector{Float64}, Matrix{Float64}, Dict{Symbol, PreallocationTools.DiffCache}, Dict{Symbol, PreallocationTools.DiffCache}, Dict{Symbol, PreallocationTools.DiffCache}, Vector{Float64}}}, Vector{Float64}, Vector{Float64}, Vector{Float64}, PEtab.ModelInfo}, Float64}}(12.765293634003703,0.0,0.0,0.0,0.0,0.0,0.0,0.0,0.0,0.0,0.0,0.0,0.0) > 2, ndz = 5.873445412395809, ndzprev = 0.46011048243734476
└ @ OrdinaryDiffEqNonlinearSolve ~/.julia/packages/OrdinaryDiffEqNonlinearSolve/doSPx/src/nlsolve.jl:101
┌ Warning: Verbosity toggle: newton_convergence 
│  Newton iteration failed with stale Jacobian, retrying with fresh Jacobian
└ @ OrdinaryDiffEqNonlinearSolve ~/.julia/packages/OrdinaryDiffEqNonlinearSolve/doSPx/src/nlsolve.jl:144
┌ Warning: Verbosity toggle: newton_convergence 
│  Newton iteration failed with stale Jacobian, retrying with fresh Jacobian
└ @ OrdinaryDiffEqNonlinearSolve ~/.julia/packages/OrdinaryDiffEqNonlinearSolve/doSPx/src/nlsolve.jl:144
┌ Warning: Verbosity toggle: newton_convergence 
│  Newton iteration failed with stale Jacobian, retrying with fresh Jacobian
└ @ OrdinaryDiffEqNonlinearSolve ~/.julia/packages/OrdinaryDiffEqNonlinearSolve/doSPx/src/nlsolve.jl:144
┌ Warning: Verbosity toggle: newton_convergence 
│  Newton iteration failed with stale Jacobian, retrying with fresh Jacobian
└ @ OrdinaryDiffEqNonlinearSolve ~/.julia/packages/OrdinaryDiffEqNonlinearSolve/doSPx/src/nlsolve.jl:144
┌ Warning: Verbosity toggle: newton_convergence 
│  Newton iteration failed with stale Jacobian, retrying with fresh Jacobian
└ @ OrdinaryDiffEqNonlinearSolve ~/.julia/packages/OrdinaryDiffEqNonlinearSolve/doSPx/src/nlsolve.jl:144
┌ Warning: Verbosity toggle: dt_epsilon 
│  Initial timestep too small (near machine epsilon), using default: dt = 0.0
└ @ OrdinaryDiffEqCore ~/.julia/packages/OrdinaryDiffEqCore/rnOL4/src/initdt.jl:196
┌ Warning: Verbosity toggle: dt_epsilon 
│  Initial timestep too small (near machine epsilon), using default: dt = 0.0
└ @ OrdinaryDiffEqCore ~/.julia/packages/OrdinaryDiffEqCore/rnOL4/src/initdt.jl:196
┌ Warning: Verbosity toggle: newton_convergence 
│  Newton iteration failed with stale Jacobian, retrying with fresh Jacobian
└ @ OrdinaryDiffEqNonlinearSolve ~/.julia/packages/OrdinaryDiffEqNonlinearSolve/doSPx/src/nlsolve.jl:144
┌ Warning: Verbosity toggle: newton_convergence 
│  Newton iteration diverging: θ = Dual{ForwardDiff.Tag{PEtab.var"#302#303"{Bool, PEtab.PEtabODEProblemInfo{ODESolver, ODESolver, PEtab.PEtabODEProblemCache{Vector{Float64}, PreallocationTools.DiffCache{Vector{Float64}, Vector{Float64}}, Vector{Float64}, Matrix{Float64}, Dict{Symbol, PreallocationTools.DiffCache}, Dict{Symbol, PreallocationTools.DiffCache}, Dict{Symbol, PreallocationTools.DiffCache}, Vector{Float64}}}, PEtab.PEtabODEProblemInfo{ODESolver, ODESolver, PEtab.PEtabODEProblemCache{Vector{Float64}, PreallocationTools.DiffCache{Vector{Float64}, Vector{Float64}}, Vector{Float64}, Matrix{Float64}, Dict{Symbol, PreallocationTools.DiffCache}, Dict{Symbol, PreallocationTools.DiffCache}, Dict{Symbol, PreallocationTools.DiffCache}, Vector{Float64}}}, Vector{Float64}, Vector{Float64}, Vector{Float64}, PEtab.ModelInfo}, Float64}}(6.5162759861849695,0.0,0.0,0.0,0.0,0.0,0.0,0.0,0.0,0.0,0.0,0.0,0.0) > 2, ndz = 0.9642089600701454, ndzprev = 0.14796932513514563
└ @ OrdinaryDiffEqNonlinearSolve ~/.julia/packages/OrdinaryDiffEqNonlinearSolve/doSPx/src/nlsolve.jl:101
┌ Warning: Verbosity toggle: newton_convergence 
│  Newton iteration failed with stale Jacobian, retrying with fresh Jacobian
└ @ OrdinaryDiffEqNonlinearSolve ~/.julia/packages/OrdinaryDiffEqNonlinearSolve/doSPx/src/nlsolve.jl:144
┌ Warning: Verbosity toggle: newton_convergence 
│  Newton iteration failed with stale Jacobian, retrying with fresh Jacobian
└ @ OrdinaryDiffEqNonlinearSolve ~/.julia/packages/OrdinaryDiffEqNonlinearSolve/doSPx/src/nlsolve.jl:144
┌ Warning: Verbosity toggle: newton_convergence 
│  Newton iteration failed with stale Jacobian, retrying with fresh Jacobian
└ @ OrdinaryDiffEqNonlinearSolve ~/.julia/packages/OrdinaryDiffEqNonlinearSolve/doSPx/src/nlsolve.jl:144
┌ Warning: Verbosity toggle: newton_convergence 
│  Newton iteration failed with stale Jacobian, retrying with fresh Jacobian
└ @ OrdinaryDiffEqNonlinearSolve ~/.julia/packages/OrdinaryDiffEqNonlinearSolve/doSPx/src/nlsolve.jl:144
┌ Warning: Verbosity toggle: dt_epsilon 
│  Initial timestep too small (near machine epsilon), using default: dt = 0.0
└ @ OrdinaryDiffEqCore ~/.julia/packages/OrdinaryDiffEqCore/rnOL4/src/initdt.jl:196
┌ Warning: Verbosity toggle: dt_epsilon 
│  Initial timestep too small (near machine epsilon), using default: dt = 0.0
└ @ OrdinaryDiffEqCore ~/.julia/packages/OrdinaryDiffEqCore/rnOL4/src/initdt.jl:196
┌ Warning: Verbosity toggle: newton_convergence 
│  Newton iteration failed with stale Jacobian, retrying with fresh Jacobian
└ @ OrdinaryDiffEqNonlinearSolve ~/.julia/packages/OrdinaryDiffEqNonlinearSolve/doSPx/src/nlsolve.jl:144
┌ Warning: Verbosity toggle: newton_convergence 
│  Newton iteration diverging: θ = Dual{ForwardDiff.Tag{PEtab.var"#302#303"{Bool, PEtab.PEtabODEProblemInfo{ODESolver, ODESolver, PEtab.PEtabODEProblemCache{Vector{Float64}, PreallocationTools.DiffCache{Vector{Float64}, Vector{Float64}}, Vector{Float64}, Matrix{Float64}, Dict{Symbol, PreallocationTools.DiffCache}, Dict{Symbol, PreallocationTools.DiffCache}, Dict{Symbol, PreallocationTools.DiffCache}, Vector{Float64}}}, PEtab.PEtabODEProblemInfo{ODESolver, ODESolver, PEtab.PEtabODEProblemCache{Vector{Float64}, PreallocationTools.DiffCache{Vector{Float64}, Vector{Float64}}, Vector{Float64}, Matrix{Float64}, Dict{Symbol, PreallocationTools.DiffCache}, Dict{Symbol, PreallocationTools.DiffCache}, Dict{Symbol, PreallocationTools.DiffCache}, Vector{Float64}}}, Vector{Float64}, Vector{Float64}, Vector{Float64}, PEtab.ModelInfo}, Float64}}(2.5173992497768225,0.0,0.0,0.0,0.0,0.0,0.0,0.0,0.0,0.0,0.0,0.0,0.0) > 2, ndz = 1.5671128517538753, ndzprev = 0.6225126395397178
└ @ OrdinaryDiffEqNonlinearSolve ~/.julia/packages/OrdinaryDiffEqNonlinearSolve/doSPx/src/nlsolve.jl:101
┌ Warning: Verbosity toggle: newton_convergence 
│  Newton iteration failed with stale Jacobian, retrying with fresh Jacobian
└ @ OrdinaryDiffEqNonlinearSolve ~/.julia/packages/OrdinaryDiffEqNonlinearSolve/doSPx/src/nlsolve.jl:144
┌ Warning: Verbosity toggle: newton_convergence 
│  Newton iteration failed with stale Jacobian, retrying with fresh Jacobian
└ @ OrdinaryDiffEqNonlinearSolve ~/.julia/packages/OrdinaryDiffEqNonlinearSolve/doSPx/src/nlsolve.jl:144
┌ Warning: Verbosity toggle: newton_convergence 
│  Newton iteration failed with stale Jacobian, retrying with fresh Jacobian
└ @ OrdinaryDiffEqNonlinearSolve ~/.julia/packages/OrdinaryDiffEqNonlinearSolve/doSPx/src/nlsolve.jl:144
┌ Warning: Verbosity toggle: newton_convergence 
│  Newton iteration failed with stale Jacobian, retrying with fresh Jacobian
└ @ OrdinaryDiffEqNonlinearSolve ~/.julia/packages/OrdinaryDiffEqNonlinearSolve/doSPx/src/nlsolve.jl:144
┌ Warning: Verbosity toggle: newton_convergence 
│  Newton iteration failed with stale Jacobian, retrying with fresh Jacobian
└ @ OrdinaryDiffEqNonlinearSolve ~/.julia/packages/OrdinaryDiffEqNonlinearSolve/doSPx/src/nlsolve.jl:144
┌ Warning: Verbosity toggle: dt_epsilon 
│  Initial timestep too small (near machine epsilon), using default: dt = 0.0
└ @ OrdinaryDiffEqCore ~/.julia/packages/OrdinaryDiffEqCore/rnOL4/src/initdt.jl:196
┌ Warning: Verbosity toggle: dt_epsilon 
│  Initial timestep too small (near machine epsilon), using default: dt = 0.0
└ @ OrdinaryDiffEqCore ~/.julia/packages/OrdinaryDiffEqCore/rnOL4/src/initdt.jl:196
┌ Warning: Verbosity toggle: newton_convergence 
│  Newton iteration failed with stale Jacobian, retrying with fresh Jacobian
└ @ OrdinaryDiffEqNonlinearSolve ~/.julia/packages/OrdinaryDiffEqNonlinearSolve/doSPx/src/nlsolve.jl:144
┌ Warning: Verbosity toggle: newton_convergence 
│  Newton iteration diverging: θ = Dual{ForwardDiff.Tag{PEtab.var"#302#303"{Bool, PEtab.PEtabODEProblemInfo{ODESolver, ODESolver, PEtab.PEtabODEProblemCache{Vector{Float64}, PreallocationTools.DiffCache{Vector{Float64}, Vector{Float64}}, Vector{Float64}, Matrix{Float64}, Dict{Symbol, PreallocationTools.DiffCache}, Dict{Symbol, PreallocationTools.DiffCache}, Dict{Symbol, PreallocationTools.DiffCache}, Vector{Float64}}}, PEtab.PEtabODEProblemInfo{ODESolver, ODESolver, PEtab.PEtabODEProblemCache{Vector{Float64}, PreallocationTools.DiffCache{Vector{Float64}, Vector{Float64}}, Vector{Float64}, Matrix{Float64}, Dict{Symbol, PreallocationTools.DiffCache}, Dict{Symbol, PreallocationTools.DiffCache}, Dict{Symbol, PreallocationTools.DiffCache}, Vector{Float64}}}, Vector{Float64}, Vector{Float64}, Vector{Float64}, PEtab.ModelInfo}, Float64}}(6.691266964666994,0.0,0.0,0.0,0.0,0.0,0.0,0.0,0.0,0.0,0.0,0.0,0.0) > 2, ndz = 0.381378123341002, ndzprev = 0.056996399240212076
└ @ OrdinaryDiffEqNonlinearSolve ~/.julia/packages/OrdinaryDiffEqNonlinearSolve/doSPx/src/nlsolve.jl:101
┌ Warning: Verbosity toggle: newton_convergence 
│  Newton iteration failed with stale Jacobian, retrying with fresh Jacobian
└ @ OrdinaryDiffEqNonlinearSolve ~/.julia/packages/OrdinaryDiffEqNonlinearSolve/doSPx/src/nlsolve.jl:144
┌ Warning: Verbosity toggle: newton_convergence 
│  Newton iteration failed with stale Jacobian, retrying with fresh Jacobian
└ @ OrdinaryDiffEqNonlinearSolve ~/.julia/packages/OrdinaryDiffEqNonlinearSolve/doSPx/src/nlsolve.jl:144
┌ Warning: Verbosity toggle: newton_convergence 
│  Newton iteration failed with stale Jacobian, retrying with fresh Jacobian
└ @ OrdinaryDiffEqNonlinearSolve ~/.julia/packages/OrdinaryDiffEqNonlinearSolve/doSPx/src/nlsolve.jl:144
┌ Warning: Verbosity toggle: newton_convergence 
│  Newton iteration failed with stale Jacobian, retrying with fresh Jacobian
└ @ OrdinaryDiffEqNonlinearSolve ~/.julia/packages/OrdinaryDiffEqNonlinearSolve/doSPx/src/nlsolve.jl:144
┌ Warning: Verbosity toggle: newton_convergence 
│  Newton iteration failed with stale Jacobian, retrying with fresh Jacobian
└ @ OrdinaryDiffEqNonlinearSolve ~/.julia/packages/OrdinaryDiffEqNonlinearSolve/doSPx/src/nlsolve.jl:144
┌ Warning: Verbosity toggle: dt_epsilon 
│  Initial timestep too small (near machine epsilon), using default: dt = 0.0
└ @ OrdinaryDiffEqCore ~/.julia/packages/OrdinaryDiffEqCore/rnOL4/src/initdt.jl:196
┌ Warning: Verbosity toggle: dt_epsilon 
│  Initial timestep too small (near machine epsilon), using default: dt = 0.0
└ @ OrdinaryDiffEqCore ~/.julia/packages/OrdinaryDiffEqCore/rnOL4/src/initdt.jl:196
┌ Warning: Verbosity toggle: newton_convergence 
│  Newton iteration failed with stale Jacobian, retrying with fresh Jacobian
└ @ OrdinaryDiffEqNonlinearSolve ~/.julia/packages/OrdinaryDiffEqNonlinearSolve/doSPx/src/nlsolve.jl:144
┌ Warning: Verbosity toggle: newton_convergence 
│  Newton iteration diverging: θ = 10.435067903272461 > 2, ndz = 0.35876855898935395, ndzprev = 0.03438104690021646
└ @ OrdinaryDiffEqNonlinearSolve ~/.julia/packages/OrdinaryDiffEqNonlinearSolve/doSPx/src/nlsolve.jl:101
┌ Warning: Verbosity toggle: newton_convergence 
│  Newton iteration failed with stale Jacobian, retrying with fresh Jacobian
└ @ OrdinaryDiffEqNonlinearSolve ~/.julia/packages/OrdinaryDiffEqNonlinearSolve/doSPx/src/nlsolve.jl:144
┌ Warning: Verbosity toggle: newton_convergence 
│  Newton iteration failed with stale Jacobian, retrying with fresh Jacobian
└ @ OrdinaryDiffEqNonlinearSolve ~/.julia/packages/OrdinaryDiffEqNonlinearSolve/doSPx/src/nlsolve.jl:144
┌ Warning: Verbosity toggle: newton_convergence 
│  Newton iteration failed with stale Jacobian, retrying with fresh Jacobian
└ @ OrdinaryDiffEqNonlinearSolve ~/.julia/packages/OrdinaryDiffEqNonlinearSolve/doSPx/src/nlsolve.jl:144
┌ Warning: Verbosity toggle: newton_convergence 
│  Newton iteration failed with stale Jacobian, retrying with fresh Jacobian
└ @ OrdinaryDiffEqNonlinearSolve ~/.julia/packages/OrdinaryDiffEqNonlinearSolve/doSPx/src/nlsolve.jl:144
┌ Warning: Verbosity toggle: newton_convergence 
│  Newton iteration failed with stale Jacobian, retrying with fresh Jacobian
└ @ OrdinaryDiffEqNonlinearSolve ~/.julia/packages/OrdinaryDiffEqNonlinearSolve/doSPx/src/nlsolve.jl:144
┌ Warning: Verbosity toggle: dt_epsilon 
│  Initial timestep too small (near machine epsilon), using default: dt = 0.0
└ @ OrdinaryDiffEqCore ~/.julia/packages/OrdinaryDiffEqCore/rnOL4/src/initdt.jl:196
┌ Warning: Verbosity toggle: dt_epsilon 
│  Initial timestep too small (near machine epsilon), using default: dt = 0.0
└ @ OrdinaryDiffEqCore ~/.julia/packages/OrdinaryDiffEqCore/rnOL4/src/initdt.jl:196
┌ Warning: Verbosity toggle: newton_convergence 
│  Newton iteration failed with stale Jacobian, retrying with fresh Jacobian
└ @ OrdinaryDiffEqNonlinearSolve ~/.julia/packages/OrdinaryDiffEqNonlinearSolve/doSPx/src/nlsolve.jl:144
┌ Warning: Verbosity toggle: newton_convergence 
│  Newton iteration diverging: θ = Dual{ForwardDiff.Tag{PEtab.var"#_get_hess_gaussnewton##0#_get_hess_gaussnewton##1"{PEtab.PEtabODEProblemInfo{ODESolver, ODESolver, PEtab.PEtabODEProblemCache{Vector{Float64}, PreallocationTools.DiffCache{Vector{Float64}, Vector{Float64}}, Vector{Float64}, Matrix{Float64}, Dict{Symbol, PreallocationTools.DiffCache}, Dict{Symbol, PreallocationTools.DiffCache}, Dict{Symbol, PreallocationTools.DiffCache}, Vector{Float64}}}, PEtab.ModelInfo}, Float64}}(9.90318358039488,0.0,0.0,0.0,0.0,0.0,0.0,0.0,0.0,0.0,0.0,0.0,0.0) > 2, ndz = 0.7387617978821618, ndzprev = 0.07459841493241352
└ @ OrdinaryDiffEqNonlinearSolve ~/.julia/packages/OrdinaryDiffEqNonlinearSolve/doSPx/src/nlsolve.jl:101
┌ Warning: Verbosity toggle: newton_convergence 
│  Newton iteration failed with stale Jacobian, retrying with fresh Jacobian
└ @ OrdinaryDiffEqNonlinearSolve ~/.julia/packages/OrdinaryDiffEqNonlinearSolve/doSPx/src/nlsolve.jl:144
┌ Warning: Verbosity toggle: newton_convergence 
│  Newton iteration failed with stale Jacobian, retrying with fresh Jacobian
└ @ OrdinaryDiffEqNonlinearSolve ~/.julia/packages/OrdinaryDiffEqNonlinearSolve/doSPx/src/nlsolve.jl:144
┌ Warning: Verbosity toggle: newton_convergence 
│  Newton iteration failed with stale Jacobian, retrying with fresh Jacobian
└ @ OrdinaryDiffEqNonlinearSolve ~/.julia/packages/OrdinaryDiffEqNonlinearSolve/doSPx/src/nlsolve.jl:144
┌ Warning: Verbosity toggle: newton_convergence 
│  Newton iteration failed with stale Jacobian, retrying with fresh Jacobian
└ @ OrdinaryDiffEqNonlinearSolve ~/.julia/packages/OrdinaryDiffEqNonlinearSolve/doSPx/src/nlsolve.jl:144
┌ Warning: Verbosity toggle: dt_epsilon 
│  Initial timestep too small (near machine epsilon), using default: dt = 0.0
└ @ OrdinaryDiffEqCore ~/.julia/packages/OrdinaryDiffEqCore/rnOL4/src/initdt.jl:196
┌ Warning: Verbosity toggle: dt_epsilon 
│  Initial timestep too small (near machine epsilon), using default: dt = 0.0
└ @ OrdinaryDiffEqCore ~/.julia/packages/OrdinaryDiffEqCore/rnOL4/src/initdt.jl:196
┌ Warning: Verbosity toggle: newton_convergence 
│  Newton iteration failed with stale Jacobian, retrying with fresh Jacobian
└ @ OrdinaryDiffEqNonlinearSolve ~/.julia/packages/OrdinaryDiffEqNonlinearSolve/doSPx/src/nlsolve.jl:144
┌ Warning: Verbosity toggle: newton_convergence 
│  Newton iteration diverging: θ = Dual{ForwardDiff.Tag{PEtab.var"#_get_hess_gaussnewton##0#_get_hess_gaussnewton##1"{PEtab.PEtabODEProblemInfo{ODESolver, ODESolver, PEtab.PEtabODEProblemCache{Vector{Float64}, PreallocationTools.DiffCache{Vector{Float64}, Vector{Float64}}, Vector{Float64}, Matrix{Float64}, Dict{Symbol, PreallocationTools.DiffCache}, Dict{Symbol, PreallocationTools.DiffCache}, Dict{Symbol, PreallocationTools.DiffCache}, Vector{Float64}}}, PEtab.ModelInfo}, Float64}}(3.8425971350689,0.0,0.0,0.0,0.0,0.0,0.0,0.0,0.0,0.0,0.0,0.0,0.0) > 2, ndz = 2.29246810243072, ndzprev = 0.5965934033284014
└ @ OrdinaryDiffEqNonlinearSolve ~/.julia/packages/OrdinaryDiffEqNonlinearSolve/doSPx/src/nlsolve.jl:101
┌ Warning: Verbosity toggle: newton_convergence 
│  Newton iteration failed with stale Jacobian, retrying with fresh Jacobian
└ @ OrdinaryDiffEqNonlinearSolve ~/.julia/packages/OrdinaryDiffEqNonlinearSolve/doSPx/src/nlsolve.jl:144
┌ Warning: Verbosity toggle: newton_convergence 
│  Newton iteration failed with stale Jacobian, retrying with fresh Jacobian
└ @ OrdinaryDiffEqNonlinearSolve ~/.julia/packages/OrdinaryDiffEqNonlinearSolve/doSPx/src/nlsolve.jl:144
┌ Warning: Verbosity toggle: newton_convergence 
│  Newton iteration failed with stale Jacobian, retrying with fresh Jacobian
└ @ OrdinaryDiffEqNonlinearSolve ~/.julia/packages/OrdinaryDiffEqNonlinearSolve/doSPx/src/nlsolve.jl:144
┌ Warning: Verbosity toggle: newton_convergence 
│  Newton iteration failed with stale Jacobian, retrying with fresh Jacobian
└ @ OrdinaryDiffEqNonlinearSolve ~/.julia/packages/OrdinaryDiffEqNonlinearSolve/doSPx/src/nlsolve.jl:144
┌ Warning: Verbosity toggle: newton_convergence 
│  Newton iteration failed with stale Jacobian, retrying with fresh Jacobian
└ @ OrdinaryDiffEqNonlinearSolve ~/.julia/packages/OrdinaryDiffEqNonlinearSolve/doSPx/src/nlsolve.jl:144
┌ Warning: Verbosity toggle: dt_epsilon 
│  Initial timestep too small (near machine epsilon), using default: dt = 0.0
└ @ OrdinaryDiffEqCore ~/.julia/packages/OrdinaryDiffEqCore/rnOL4/src/initdt.jl:196
┌ Warning: Verbosity toggle: dt_epsilon 
│  Initial timestep too small (near machine epsilon), using default: dt = 0.0
└ @ OrdinaryDiffEqCore ~/.julia/packages/OrdinaryDiffEqCore/rnOL4/src/initdt.jl:196
┌ Warning: Verbosity toggle: newton_convergence 
│  Newton iteration failed with stale Jacobian, retrying with fresh Jacobian
└ @ OrdinaryDiffEqNonlinearSolve ~/.julia/packages/OrdinaryDiffEqNonlinearSolve/doSPx/src/nlsolve.jl:144
┌ Warning: Verbosity toggle: newton_convergence 
│  Newton iteration diverging: θ = Dual{ForwardDiff.Tag{PEtab.var"#_get_hess_gaussnewton##0#_get_hess_gaussnewton##1"{PEtab.PEtabODEProblemInfo{ODESolver, ODESolver, PEtab.PEtabODEProblemCache{Vector{Float64}, PreallocationTools.DiffCache{Vector{Float64}, Vector{Float64}}, Vector{Float64}, Matrix{Float64}, Dict{Symbol, PreallocationTools.DiffCache}, Dict{Symbol, PreallocationTools.DiffCache}, Dict{Symbol, PreallocationTools.DiffCache}, Vector{Float64}}}, PEtab.ModelInfo}, Float64}}(6.446482550683209,0.0,0.0,0.0,0.0,0.0,0.0,0.0,0.0,0.0,0.0,0.0,0.0) > 2, ndz = 0.6891225390491933, ndzprev = 0.10689900013398143
└ @ OrdinaryDiffEqNonlinearSolve ~/.julia/packages/OrdinaryDiffEqNonlinearSolve/doSPx/src/nlsolve.jl:101
┌ Warning: Verbosity toggle: newton_convergence 
│  Newton iteration failed with stale Jacobian, retrying with fresh Jacobian
└ @ OrdinaryDiffEqNonlinearSolve ~/.julia/packages/OrdinaryDiffEqNonlinearSolve/doSPx/src/nlsolve.jl:144
┌ Warning: Verbosity toggle: newton_convergence 
│  Newton iteration failed with stale Jacobian, retrying with fresh Jacobian
└ @ OrdinaryDiffEqNonlinearSolve ~/.julia/packages/OrdinaryDiffEqNonlinearSolve/doSPx/src/nlsolve.jl:144
┌ Warning: Verbosity toggle: newton_convergence 
│  Newton iteration failed with stale Jacobian, retrying with fresh Jacobian
└ @ OrdinaryDiffEqNonlinearSolve ~/.julia/packages/OrdinaryDiffEqNonlinearSolve/doSPx/src/nlsolve.jl:144
┌ Warning: Verbosity toggle: newton_convergence 
│  Newton iteration failed with stale Jacobian, retrying with fresh Jacobian
└ @ OrdinaryDiffEqNonlinearSolve ~/.julia/packages/OrdinaryDiffEqNonlinearSolve/doSPx/src/nlsolve.jl:144
┌ Warning: Verbosity toggle: newton_convergence 
│  Newton iteration failed with stale Jacobian, retrying with fresh Jacobian
└ @ OrdinaryDiffEqNonlinearSolve ~/.julia/packages/OrdinaryDiffEqNonlinearSolve/doSPx/src/nlsolve.jl:144
┌ Warning: Verbosity toggle: dt_epsilon 
│  Initial timestep too small (near machine epsilon), using default: dt = 0.0
└ @ OrdinaryDiffEqCore ~/.julia/packages/OrdinaryDiffEqCore/rnOL4/src/initdt.jl:196
┌ Warning: Verbosity toggle: dt_epsilon 
│  Initial timestep too small (near machine epsilon), using default: dt = 0.0
└ @ OrdinaryDiffEqCore ~/.julia/packages/OrdinaryDiffEqCore/rnOL4/src/initdt.jl:196
┌ Warning: Verbosity toggle: newton_convergence 
│  Newton iteration failed with stale Jacobian, retrying with fresh Jacobian
└ @ OrdinaryDiffEqNonlinearSolve ~/.julia/packages/OrdinaryDiffEqNonlinearSolve/doSPx/src/nlsolve.jl:144
┌ Warning: Verbosity toggle: newton_convergence 
│  Newton iteration diverging: θ = Dual{ForwardDiff.Tag{PEtab.var"#_get_hess_gaussnewton##0#_get_hess_gaussnewton##1"{PEtab.PEtabODEProblemInfo{ODESolver, ODESolver, PEtab.PEtabODEProblemCache{Vector{Float64}, PreallocationTools.DiffCache{Vector{Float64}, Vector{Float64}}, Vector{Float64}, Matrix{Float64}, Dict{Symbol, PreallocationTools.DiffCache}, Dict{Symbol, PreallocationTools.DiffCache}, Dict{Symbol, PreallocationTools.DiffCache}, Vector{Float64}}}, PEtab.ModelInfo}, Float64}}(9.94138655892153,0.0,0.0,0.0,0.0,0.0,0.0,0.0,0.0,0.0,0.0,0.0,0.0) > 2, ndz = 5.175774828743326, ndzprev = 0.5206290690002914
└ @ OrdinaryDiffEqNonlinearSolve ~/.julia/packages/OrdinaryDiffEqNonlinearSolve/doSPx/src/nlsolve.jl:101
┌ Warning: Verbosity toggle: newton_convergence 
│  Newton iteration failed with stale Jacobian, retrying with fresh Jacobian
└ @ OrdinaryDiffEqNonlinearSolve ~/.julia/packages/OrdinaryDiffEqNonlinearSolve/doSPx/src/nlsolve.jl:144
┌ Warning: Verbosity toggle: newton_convergence 
│  Newton iteration failed with stale Jacobian, retrying with fresh Jacobian
└ @ OrdinaryDiffEqNonlinearSolve ~/.julia/packages/OrdinaryDiffEqNonlinearSolve/doSPx/src/nlsolve.jl:144
┌ Warning: Verbosity toggle: newton_convergence 
│  Newton iteration failed with stale Jacobian, retrying with fresh Jacobian
└ @ OrdinaryDiffEqNonlinearSolve ~/.julia/packages/OrdinaryDiffEqNonlinearSolve/doSPx/src/nlsolve.jl:144
┌ Warning: Verbosity toggle: newton_convergence 
│  Newton iteration diverging: θ = Dual{ForwardDiff.Tag{PEtab.var"#_get_hess_gaussnewton##0#_get_hess_gaussnewton##1"{PEtab.PEtabODEProblemInfo{ODESolver, ODESolver, PEtab.PEtabODEProblemCache{Vector{Float64}, PreallocationTools.DiffCache{Vector{Float64}, Vector{Float64}}, Vector{Float64}, Matrix{Float64}, Dict{Symbol, PreallocationTools.DiffCache}, Dict{Symbol, PreallocationTools.DiffCache}, Dict{Symbol, PreallocationTools.DiffCache}, Vector{Float64}}}, PEtab.ModelInfo}, Float64}}(3.4176934419237672,0.0,0.0,0.0,0.0,0.0,0.0,0.0,0.0,0.0,0.0,0.0,0.0) > 2, ndz = 0.21540428197185252, ndzprev = 0.0630262150869227
└ @ OrdinaryDiffEqNonlinearSolve ~/.julia/packages/OrdinaryDiffEqNonlinearSolve/doSPx/src/nlsolve.jl:101
┌ Warning: Verbosity toggle: newton_convergence 
│  Newton iteration failed with stale Jacobian, retrying with fresh Jacobian
└ @ OrdinaryDiffEqNonlinearSolve ~/.julia/packages/OrdinaryDiffEqNonlinearSolve/doSPx/src/nlsolve.jl:144
┌ Warning: Verbosity toggle: dt_epsilon 
│  Initial timestep too small (near machine epsilon), using default: dt = 0.0
└ @ OrdinaryDiffEqCore ~/.julia/packages/OrdinaryDiffEqCore/rnOL4/src/initdt.jl:196
┌ Warning: Verbosity toggle: dt_epsilon 
│  Initial timestep too small (near machine epsilon), using default: dt = 0.0
└ @ OrdinaryDiffEqCore ~/.julia/packages/OrdinaryDiffEqCore/rnOL4/src/initdt.jl:196
┌ Warning: Verbosity toggle: newton_convergence 
│  Newton iteration failed with stale Jacobian, retrying with fresh Jacobian
└ @ OrdinaryDiffEqNonlinearSolve ~/.julia/packages/OrdinaryDiffEqNonlinearSolve/doSPx/src/nlsolve.jl:144
┌ Warning: Verbosity toggle: newton_convergence 
│  Newton iteration diverging: θ = Dual{ForwardDiff.Tag{PEtab.var"#_get_hess_gaussnewton##0#_get_hess_gaussnewton##1"{PEtab.PEtabODEProblemInfo{ODESolver, ODESolver, PEtab.PEtabODEProblemCache{Vector{Float64}, PreallocationTools.DiffCache{Vector{Float64}, Vector{Float64}}, Vector{Float64}, Matrix{Float64}, Dict{Symbol, PreallocationTools.DiffCache}, Dict{Symbol, PreallocationTools.DiffCache}, Dict{Symbol, PreallocationTools.DiffCache}, Vector{Float64}}}, PEtab.ModelInfo}, Float64}}(2.027045096857472,0.0,0.0,0.0,0.0,0.0,0.0,0.0,0.0,0.0,0.0,0.0,0.0) > 2, ndz = 0.2247724679979593, ndzprev = 0.11088676238452912
└ @ OrdinaryDiffEqNonlinearSolve ~/.julia/packages/OrdinaryDiffEqNonlinearSolve/doSPx/src/nlsolve.jl:101
┌ Warning: Verbosity toggle: newton_convergence 
│  Newton iteration failed with stale Jacobian, retrying with fresh Jacobian
└ @ OrdinaryDiffEqNonlinearSolve ~/.julia/packages/OrdinaryDiffEqNonlinearSolve/doSPx/src/nlsolve.jl:144
┌ Warning: Verbosity toggle: newton_convergence 
│  Newton iteration failed with stale Jacobian, retrying with fresh Jacobian
└ @ OrdinaryDiffEqNonlinearSolve ~/.julia/packages/OrdinaryDiffEqNonlinearSolve/doSPx/src/nlsolve.jl:144
┌ Warning: Verbosity toggle: newton_convergence 
│  Newton iteration diverging: θ = Dual{ForwardDiff.Tag{PEtab.var"#_get_hess_gaussnewton##0#_get_hess_gaussnewton##1"{PEtab.PEtabODEProblemInfo{ODESolver, ODESolver, PEtab.PEtabODEProblemCache{Vector{Float64}, PreallocationTools.DiffCache{Vector{Float64}, Vector{Float64}}, Vector{Float64}, Matrix{Float64}, Dict{Symbol, PreallocationTools.DiffCache}, Dict{Symbol, PreallocationTools.DiffCache}, Dict{Symbol, PreallocationTools.DiffCache}, Vector{Float64}}}, PEtab.ModelInfo}, Float64}}(3.173903786609535,0.0,0.0,0.0,0.0,0.0,0.0,0.0,0.0,0.0,0.0,0.0,0.0) > 2, ndz = 0.5196347703984051, ndzprev = 0.16372102159829346
└ @ OrdinaryDiffEqNonlinearSolve ~/.julia/packages/OrdinaryDiffEqNonlinearSolve/doSPx/src/nlsolve.jl:101
┌ Warning: Verbosity toggle: newton_convergence 
│  Newton iteration failed with stale Jacobian, retrying with fresh Jacobian
└ @ OrdinaryDiffEqNonlinearSolve ~/.julia/packages/OrdinaryDiffEqNonlinearSolve/doSPx/src/nlsolve.jl:144
┌ Warning: Verbosity toggle: newton_convergence 
│  Newton iteration diverging: θ = Dual{ForwardDiff.Tag{PEtab.var"#_get_hess_gaussnewton##0#_get_hess_gaussnewton##1"{PEtab.PEtabODEProblemInfo{ODESolver, ODESolver, PEtab.PEtabODEProblemCache{Vector{Float64}, PreallocationTools.DiffCache{Vector{Float64}, Vector{Float64}}, Vector{Float64}, Matrix{Float64}, Dict{Symbol, PreallocationTools.DiffCache}, Dict{Symbol, PreallocationTools.DiffCache}, Dict{Symbol, PreallocationTools.DiffCache}, Vector{Float64}}}, PEtab.ModelInfo}, Float64}}(5.280334867832044,0.0,0.0,0.0,0.0,0.0,0.0,0.0,0.0,0.0,0.0,0.0,0.0) > 2, ndz = 0.10811599086503927, ndzprev = 0.020475214843604914
└ @ OrdinaryDiffEqNonlinearSolve ~/.julia/packages/OrdinaryDiffEqNonlinearSolve/doSPx/src/nlsolve.jl:101
┌ Warning: Verbosity toggle: newton_convergence 
│  Newton iteration failed with stale Jacobian, retrying with fresh Jacobian
└ @ OrdinaryDiffEqNonlinearSolve ~/.julia/packages/OrdinaryDiffEqNonlinearSolve/doSPx/src/nlsolve.jl:144
┌ Warning: Verbosity toggle: newton_convergence 
│  Newton iteration diverging: θ = Dual{ForwardDiff.Tag{PEtab.var"#_get_hess_gaussnewton##0#_get_hess_gaussnewton##1"{PEtab.PEtabODEProblemInfo{ODESolver, ODESolver, PEtab.PEtabODEProblemCache{Vector{Float64}, PreallocationTools.DiffCache{Vector{Float64}, Vector{Float64}}, Vector{Float64}, Matrix{Float64}, Dict{Symbol, PreallocationTools.DiffCache}, Dict{Symbol, PreallocationTools.DiffCache}, Dict{Symbol, PreallocationTools.DiffCache}, Vector{Float64}}}, PEtab.ModelInfo}, Float64}}(2.1023041997105194,0.0,0.0,0.0,0.0,0.0,0.0,0.0,0.0,0.0,0.0,0.0,0.0) > 2, ndz = 0.11477337848081708, ndzprev = 0.05459408704821168
└ @ OrdinaryDiffEqNonlinearSolve ~/.julia/packages/OrdinaryDiffEqNonlinearSolve/doSPx/src/nlsolve.jl:101
┌ Warning: Verbosity toggle: newton_convergence 
│  Newton iteration failed with stale Jacobian, retrying with fresh Jacobian
└ @ OrdinaryDiffEqNonlinearSolve ~/.julia/packages/OrdinaryDiffEqNonlinearSolve/doSPx/src/nlsolve.jl:144
┌ Warning: Verbosity toggle: newton_convergence 
│  Newton iteration diverging: θ = Dual{ForwardDiff.Tag{PEtab.var"#_get_hess_gaussnewton##0#_get_hess_gaussnewton##1"{PEtab.PEtabODEProblemInfo{ODESolver, ODESolver, PEtab.PEtabODEProblemCache{Vector{Float64}, PreallocationTools.DiffCache{Vector{Float64}, Vector{Float64}}, Vector{Float64}, Matrix{Float64}, Dict{Symbol, PreallocationTools.DiffCache}, Dict{Symbol, PreallocationTools.DiffCache}, Dict{Symbol, PreallocationTools.DiffCache}, Vector{Float64}}}, PEtab.ModelInfo}, Float64}}(2.027728402627545,0.0,0.0,0.0,0.0,0.0,0.0,0.0,0.0,0.0,0.0,0.0,0.0) > 2, ndz = 0.2804662980697661, ndzprev = 0.1383155148916077
└ @ OrdinaryDiffEqNonlinearSolve ~/.julia/packages/OrdinaryDiffEqNonlinearSolve/doSPx/src/nlsolve.jl:101
┌ Warning: Verbosity toggle: newton_convergence 
│  Newton iteration failed with stale Jacobian, retrying with fresh Jacobian
└ @ OrdinaryDiffEqNonlinearSolve ~/.julia/packages/OrdinaryDiffEqNonlinearSolve/doSPx/src/nlsolve.jl:144
┌ Warning: Verbosity toggle: newton_convergence 
│  Newton iteration failed with stale Jacobian, retrying with fresh Jacobian
└ @ OrdinaryDiffEqNonlinearSolve ~/.julia/packages/OrdinaryDiffEqNonlinearSolve/doSPx/src/nlsolve.jl:144
┌ Warning: Verbosity toggle: dt_epsilon 
│  Initial timestep too small (near machine epsilon), using default: dt = 0.0
└ @ OrdinaryDiffEqCore ~/.julia/packages/OrdinaryDiffEqCore/rnOL4/src/initdt.jl:196
┌ Warning: Verbosity toggle: dt_epsilon 
│  Initial timestep too small (near machine epsilon), using default: dt = 0.0
└ @ OrdinaryDiffEqCore ~/.julia/packages/OrdinaryDiffEqCore/rnOL4/src/initdt.jl:196
